<?xml version="1.0" encoding="utf-8"?>
<COLLADA xmlns="http://www.collada.org/2005/11/COLLADASchema" version="1.4.1" xmlns:xsi="http://www.w3.org/2001/XMLSchema-instance">
  <asset>
    <contributor>
      <author>Blender User</author>
      <authoring_tool>Blender 4.3.2 commit date:2024-12-16, commit time:21:10, hash:32f5fdce0a0a</authoring_tool>
    </contributor>
    <created>2025-01-28T16:55:59</created>
    <modified>2025-01-28T16:55:59</modified>
    <unit name="meter" meter="1"/>
    <up_axis>Z_UP</up_axis>
  </asset>
  <library_cameras>
    <camera id="Camera-camera" name="Camera">
      <optics>
        <technique_common>
          <perspective>
            <xfov sid="xfov">39.59775</xfov>
            <aspect_ratio>1.777778</aspect_ratio>
            <znear sid="znear">0.1</znear>
            <zfar sid="zfar">100</zfar>
          </perspective>
        </technique_common>
      </optics>
      <extra>
        <technique profile="blender">
          <shiftx sid="shiftx" type="float">0</shiftx>
          <shifty sid="shifty" type="float">0</shifty>
          <dof_distance sid="dof_distance" type="float">10</dof_distance>
        </technique>
      </extra>
    </camera>
  </library_cameras>
  <library_lights>
    <light id="Light-light" name="Light">
      <technique_common>
        <point>
          <color sid="color">1000 1000 1000</color>
          <constant_attenuation>1</constant_attenuation>
          <linear_attenuation>0</linear_attenuation>
          <quadratic_attenuation>0</quadratic_attenuation>
        </point>
      </technique_common>
      <extra>
        <technique profile="blender">
          <type sid="type" type="int">0</type>
          <flag sid="flag" type="int">0</flag>
          <mode sid="mode" type="int">2097153</mode>
          <red sid="red" type="float">1</red>
          <green sid="green" type="float">1</green>
          <blue sid="blue" type="float">1</blue>
          <energy sid="blender_energy" type="float">1000</energy>
          <spotsize sid="spotsize" type="float">75</spotsize>
          <spotblend sid="spotblend" type="float">0.15</spotblend>
          <clipsta sid="clipsta" type="float">0.04999995</clipsta>
          <clipend sid="clipend" type="float">40</clipend>
          <radius sid="radius" type="float">0.1</radius>
          <area_shape sid="area_shape" type="int">1</area_shape>
          <area_size sid="area_size" type="float">0.1</area_size>
          <area_sizey sid="area_sizey" type="float">0.1</area_sizey>
          <area_sizez sid="area_sizez" type="float">1</area_sizez>
        </technique>
      </extra>
    </light>
  </library_lights>
  <library_effects>
    <effect id="Material_001-effect">
      <profile_COMMON>
        <technique sid="common">
          <lambert>
            <emission>
              <color sid="emission">0 0 0 1</color>
            </emission>
            <diffuse>
              <color sid="diffuse">0.578 0.578 0.578 1</color>
            </diffuse>
            <index_of_refraction>
              <float sid="ior">1.5</float>
            </index_of_refraction>
          </lambert>
        </technique>
      </profile_COMMON>
    </effect>
    <effect id="Material_002-effect">
      <profile_COMMON>
        <technique sid="common">
          <lambert>
            <emission>
              <color sid="emission">0 0 0 1</color>
            </emission>
            <diffuse>
              <color sid="diffuse">1 0.376 0.02499998 1</color>
            </diffuse>
            <index_of_refraction>
              <float sid="ior">1.5</float>
            </index_of_refraction>
          </lambert>
        </technique>
      </profile_COMMON>
    </effect>
  </library_effects>
  <library_images/>
  <library_materials>
    <material id="Material_001-material" name="Material.001">
      <instance_effect url="#Material_001-effect"/>
    </material>
    <material id="Material_002-material" name="Material.002">
      <instance_effect url="#Material_002-effect"/>
    </material>
  </library_materials>
  <library_geometries>
    <geometry id="link_4-mesh" name="link_4">
      <mesh>
        <source id="link_4-mesh-positions">
          <float_array id="link_4-mesh-positions-array" count="9798">0.04164361 -0.03329223 -0.05339753 0.02931529 -0.03138947 -0.06049877 0.04193109 5e-4 -0.05449146 0.04176813 -0.03331661 -0.05330651 0.01566332 -0.03016597 -0.06506198 0.02904373 5e-4 -0.06185346 6.69206e-4 -0.0297001 -0.06680339 0.01498782 5e-4 -0.06640553 1.19841e-4 5e-4 -0.06799924 -0.01435685 -0.03009134 -0.06534326 -0.01472842 5e-4 -0.06647509 -0.02871376 -0.03131693 -0.06076675 -0.02896952 5e-4 -0.06190443 -0.04164367 -0.03329223 -0.05339759 -0.04193109 5e-4 -0.05449146 -0.04176753 -0.03331649 -0.05330705 0.04206877 5e-4 -0.05438625 0.04209768 -0.03339028 -0.0530315 -0.04206877 5e-4 -0.05438625 -0.04209709 -0.03339016 -0.05303204 -0.03432524 -0.07118409 0.1278063 -0.03475701 -0.07087993 0.127861 -0.03425753 -0.07249641 0.1243888 -0.02800887 -0.07637536 0.1236448 -0.02806347 -0.07504642 0.1271101 -0.02800399 -0.07649582 0.1233343 -0.03425151 -0.07261556 0.1240827 -0.03468841 -0.07219094 0.1244474 -0.03468227 -0.07230997 0.1241416 -0.03423655 -0.07291191 0.1233243 -0.02799195 -0.07679522 0.122565 -0.03466713 -0.07260602 0.123384 -0.02716189 -0.07911646 0.1176207 -0.03414279 -0.07481348 0.118538 -0.03457212 -0.07450634 0.1186033 -0.03401303 -0.07755768 0.1118034 -0.03410989 -0.07550203 0.1168337 -0.03453874 -0.07519459 0.116901 -0.03478467 -0.07036238 0.1292356 -0.04093903 -0.06750941 0.1243783 -0.04078972 -0.0676459 0.1243517 -0.03476488 -0.07073158 0.1282534 -0.04067605 -0.06952506 0.1196612 -0.04063606 -0.07020783 0.1179921 -0.04033994 -0.07571333 0.1049201 -0.04052048 -0.07225519 0.1130692 -0.04042267 -0.07568591 0.1048178 0.04194706 -0.05424308 0.1845 0.02913951 -0.06173425 0.1845 0.02913695 -0.06172895 0.1844836 0.04176038 -0.05579543 0.1650267 0.04164373 -0.05588686 0.1650197 0.0150218 -0.06639224 0.1845 0.01897132 -0.06541305 0.1844757 0.01502108 -0.06638896 0.1844735 0.02981507 -0.06334936 0.1644539 0.02904325 -0.0637269 0.1644254 0.04150915 -0.05906003 0.1494823 0.04137617 -0.05917757 0.1494486 2.791e-4 -0.06800097 0.1845 0.008672535 -0.06746697 0.1844712 0.04119533 -0.06377488 0.134303 0.04126274 -0.06067645 0.1441595 2.78897e-4 -0.06800115 0.1844701 0.0189107 -0.06763678 0.1641302 -7.96298e-4 -0.06799721 0.1844701 0.01497316 -0.06867128 0.1640522 0.02962845 -0.06715571 0.1485002 0.02886176 -0.06755852 0.1484522 0.04103225 -0.06392061 0.1342794 -0.01450926 -0.06648808 0.1845 -0.01026731 -0.06725162 0.1844717 0.02954947 -0.06880176 0.1430777 0.008644878 -0.06981337 0.1639662 0.02878493 -0.06921178 0.1430231 0.0409305 -0.06544125 0.1300987 0.0409069 -0.06580293 0.1291336 0.04089742 -0.06594842 0.1287481 -0.01451122 -0.06649756 0.1844733 0.018794 -0.07172673 0.1479567 0.04081529 -0.06723695 0.1253956 0.04080796 -0.06735426 0.1250955 0.04078984 -0.06764614 0.1243518 2.77997e-4 -0.07037883 0.1639236 -0.01955753 -0.06524747 0.184476 -0.02864831 -0.06193637 0.1845 -7.93778e-4 -0.07037466 0.1639239 0.01488113 -0.07282853 0.1478257 0.02938908 -0.07225501 0.1329284 0.02862888 -0.07267528 0.1328601 0.01874464 -0.07345336 0.1424577 0.04067611 -0.0695253 0.1196613 0.0404213 -0.07568639 0.1048197 0.04063612 -0.07020801 0.1179922 0.02931833 -0.07383924 0.1286248 0.01484221 -0.07457423 0.1423083 0.02856004 -0.07426255 0.1285504 0.02930188 -0.07421362 0.1276305 0.02929526 -0.07436394 0.1272333 0.008591949 -0.07404416 0.1476812 0.028544 -0.07463753 0.1275546 0.02853763 -0.07478809 0.1271568 -0.02787792 -0.06228297 0.1844824 -0.02865236 -0.06194567 0.1844832 -0.01023465 -0.06958532 0.1639834 0.02911341 -0.07871502 0.1161292 0.04034 -0.07571333 0.1049202 0.0405206 -0.07225537 0.1130694 0.02923816 -0.07569003 0.1237764 0.02923303 -0.07581025 0.1234667 0.02848207 -0.07611596 0.1236947 0.01854962 -0.08051717 0.1228483 0.0292204 -0.07610911 0.1226993 0.02847707 -0.0762363 0.1233845 0.02846479 -0.07653552 0.1226159 0.008569538 -0.07581079 0.1421434 0.01864451 -0.07702034 0.1321541 -0.01446497 -0.06878638 0.1640435 2.76286e-4 -0.07464557 0.1476097 -0.03549414 -0.05846041 0.1845 -0.0350539 -0.05871653 0.1844902 -7.88935e-4 -0.07464116 0.1476103 0.01476317 -0.07816803 0.1319674 0.02914124 -0.07802343 0.1178548 -0.03549557 -0.05846291 0.1844907 0.01860034 -0.07863867 0.1277801 0.02838784 -0.07845151 0.1177636 0.01859003 -0.07901978 0.1267691 0.01858597 -0.07917273 0.1263652 -0.01949506 -0.06746125 0.1641434 2.75564e-4 -0.07642239 0.1420618 0.0147283 -0.07979434 0.1275765 -7.86887e-4 -0.07641786 0.1420624 0.0147202 -0.08017706 0.1265615 0.008499026 -0.08145046 0.1263314 0.01471698 -0.08033055 0.126156 0.008524119 -0.07943373 0.1317615 -0.04194706 -0.05424308 0.1845 -0.04176026 -0.05579555 0.1650267 -0.04177981 -0.05436563 0.1844997 -0.01017189 -0.07380145 0.14771 0.008504033 -0.08106881 0.1273519 -0.0277884 -0.06431531 0.1643809 -0.02856028 -0.06395703 0.164408 -0.01437604 -0.07295107 0.1478112 2.74099e-4 -0.0800597 0.1316596 -0.01014536 -0.0755639 0.1421763 -7.82731e-4 -0.08005505 0.1316604 -0.01937472 -0.07153975 0.147979 -0.01433849 -0.07469892 0.1422917 -7.80913e-4 -0.0816943 0.1272415 2.73453e-4 -0.08169895 0.1272407 -0.0349406 -0.06052362 0.1646678 -0.03538078 -0.06025373 0.1646882 -0.01932382 -0.0732631 0.1424831 -0.01009154 -0.07918107 0.1318026 -0.04164361 -0.05588698 0.1650197 -0.02761501 -0.06818634 0.1483777 -0.02838188 -0.06780415 0.1484231 -0.01426219 -0.07829558 0.1319466 -0.01006782 -0.08081442 0.1273967 -0.01006007 -0.08135247 0.1259711 -0.01006227 -0.08119845 0.1263781 -0.02754169 -0.06985074 0.142938 -0.02830642 -0.06946176 0.1429898 -0.01422852 -0.07992279 0.1275539 -0.01922053 -0.07682538 0.1321858 -0.01422071 -0.08030563 0.1265384 -0.03471976 -0.06413817 0.1488589 -0.01911973 -0.08044278 0.1225719 -0.01421761 -0.08045923 0.1261327 -0.03515696 -0.06384968 0.1488932 -0.04141569 -0.06054419 0.1441771 -0.01917493 -0.07844233 0.1278147 -0.01916438 -0.07882314 0.1268044 -0.01916015 -0.07897597 0.1264007 -0.03462624 -0.06572949 0.143487 -0.03506213 -0.06543576 0.1435261 -0.02739274 -0.07332992 0.1327538 -0.01912331 -0.08032101 0.1228866 -0.02815312 -0.07293128 0.1328185 -0.027327 -0.0749219 0.1284343 -0.02808547 -0.0745204 0.1285049 -0.04126262 -0.06067657 0.1441595 -0.02731174 -0.07529777 0.1274363 -0.02730566 -0.07544875 0.1270375 -0.02806979 -0.07489573 0.1275083 -0.03443628 -0.0691052 0.1334394 -0.03486961 -0.0688039 0.1334882 -0.02725255 -0.0767793 0.1235672 -0.02724784 -0.07689988 0.1232563 -0.0272361 -0.07719963 0.1224858 -0.03435248 -0.07066589 0.1291823 -0.03433299 -0.07103556 0.1281991 -0.05534482 -0.05736815 0.07136756 -0.05548447 -0.05390065 0.08162558 -0.05540221 -0.05663937 0.07203108 -0.06510651 -0.02543658 -0.01149368 -0.0647549 -0.02771079 -0.01161074 -0.06489098 -0.02757257 -0.0109083 -0.06528502 -0.02526146 -0.01053345 -0.05560046 -0.05510628 0.06993818 -0.05557453 -0.05369681 0.07470822 -0.05565094 -0.05098813 0.0771712 -0.0652889 -0.02522206 -0.01054382 -0.05604052 -0.05518758 0.06034547 -0.05800461 -0.04066801 0.1199659 -0.05802035 -0.04060465 0.120085 -0.05813014 -0.04006659 0.1202133 -0.0516799 -0.05108314 0.1372202 -0.05183804 -0.04981392 0.141152 -0.05202686 -0.04953819 0.1412089 -0.06511032 -0.02539688 -0.01150393 -0.05559194 -0.05533659 0.06971484 -0.05556422 -0.05393069 0.07449549 -0.06261003 -0.03368639 -0.01722043 -0.06219905 -0.03750699 -0.01589518 -0.06278502 -0.0335437 -0.01659488 -0.05546975 -0.05566418 0.07291859 -0.05627197 -0.04246705 0.1426427 -0.05583882 -0.04403072 0.1388955 -0.05349946 -0.06617659 0.07175457 -0.05389827 -0.06135869 0.08498412 -0.05457782 -0.06081092 0.07609617 -0.05824494 -0.0371173 0.1156575 -0.05902892 -0.03325837 0.1211803 -0.05835199 -0.03610563 0.1161303 -0.06088191 -0.03861016 -0.02022409 -0.06151705 -0.04312759 -0.01349389 -0.05340927 -0.06671279 0.07132959 -0.05516117 -0.05932748 0.06958228 -0.05527484 -0.05590367 0.08002859 -0.06496864 -0.02556407 -0.01219284 -0.05892175 -0.03426778 0.1207566 -0.05883377 -0.03502172 0.1204392 -0.04989093 -0.05251652 0.1405906 -0.05059671 -0.04916876 0.1505689 -0.05151748 -0.0502761 0.1410563 -0.04782968 -0.05251485 0.1501647 -0.06497246 -0.02552419 -0.01220309 -0.05803948 -0.04019403 0.1182369 -0.05836594 -0.03886568 0.1207053 -0.05889248 -0.03572171 0.1219802 -0.05551028 -0.05704355 0.06805944 -0.06563264 -0.02231389 -0.01080399 -0.06536567 -0.02514296 -0.01010918 -0.06591033 -0.02448081 -0.006465613 -0.06618666 -0.02172362 -0.007180511 -0.05856287 -0.03704684 0.1195824 -0.0554496 -0.05800402 0.06712788 -0.06299805 -0.03142565 -0.01724326 -0.06426894 -0.03209292 -0.01021552 -0.06450146 -0.03007131 -0.01089555 -0.05149507 -0.05135822 0.1371536 -0.05539727 -0.05872184 0.06643152 -0.05478763 -0.06237894 0.0667966 -0.05480676 -0.05939239 0.07723623 -0.05486297 -0.05902075 0.07753443 -0.05796861 -0.04056882 0.1180754 -0.05829453 -0.03924006 0.1205523 -0.05118131 -0.05181932 0.1370418 -0.06555461 -0.02238434 -0.01123613 -0.05473577 -0.062743 0.06646376 -0.05467706 -0.06021326 0.07657688 -0.06282097 -0.03155881 -0.01786559 -0.05461567 -0.06354719 0.06572794 -0.05815732 -0.03787285 0.1153034 -0.05483889 -0.06402218 0.06128823 -0.05780559 -0.04139626 0.1177179 -0.05452334 -0.06413275 0.06519168 -0.0599327 -0.03929722 -0.02290797 -0.0653733 -0.02254015 -0.01219087 -0.05522638 -0.06065213 0.06455814 -0.0576812 -0.04199826 0.1174569 -0.05487096 -0.0636596 0.06163609 -0.0578891 -0.0399025 0.1143478 -0.0675829 -0.01019734 -0.002476274 -0.0667507 -0.02063751 -4.93531e-4 -0.06765389 -0.009912669 6.93142e-4 -0.0667389 -0.02068251 -7.71269e-4 -0.0560438 -0.05770379 0.05745387 -0.06523329 -0.02265363 -0.01288598 -0.04958945 -0.05405509 0.1364974 -0.05603998 -0.05792123 0.05720424 -0.04726147 -0.05582749 0.1398995 -0.0675702 -0.01022189 -0.002749979 -0.0666204 -0.02101653 -0.00282979 -0.04183936 -0.05877661 0.1494191 -0.0416401 -0.05896693 0.149397 -0.04194974 -0.05563908 0.165 -0.04650354 -0.05400317 0.1499853 -0.05599135 -0.05953329 0.05535435 -0.05929458 -0.05523729 0.02846574 -0.05766403 -0.05813491 0.0392574 -0.05904036 -0.05376601 0.03302711 -0.06323027 -0.02895605 -0.01792317 -0.05666816 -0.04598701 0.11784 -0.05986142 -0.03434246 0.14107 -0.0609501 -0.04923075 0.02313542 -0.05617719 -0.05797398 0.05528575 -0.05968981 -0.034868 0.1409559 -0.06126272 -0.03466659 -0.0215066 -0.05617415 -0.05818861 0.05503183 -0.05665314 -0.04605066 0.1177151 -0.06305086 -0.02907848 -0.01854187 -0.05594801 -0.06044089 0.0543136 -0.04671192 -0.05647873 0.1397636 -0.04725092 -0.0531727 0.1500853 -0.05590808 -0.06111937 0.05353581 -0.05605328 -0.06134587 0.05130076 -0.05651348 -0.04651236 0.1176171 -0.05838018 -0.0384528 0.1401664 -0.05880081 -0.04003465 -0.02577471 -0.05825811 -0.04035741 -0.02702635 -0.06148087 -0.04434168 -0.01214635 -0.06744372 -0.01040428 -0.004778563 -0.06652933 -0.02120459 -0.003988027 -0.0561307 -0.05977994 0.05315029 -0.05635273 -0.0582118 0.05277878 -0.05738246 -0.05594283 0.04464507 -0.05649858 -0.04657602 0.1174917 -0.06145805 -0.03247356 -0.02212893 -0.05737441 -0.04305678 0.1128485 -0.05635046 -0.05842292 0.05252003 -0.05609005 -0.06067591 0.05209171 -0.05627536 -0.06086987 0.0495243 -0.05631262 -0.05998849 0.05060285 -0.05758213 -0.03844541 0.1091873 -0.05937826 -0.02841281 0.1231967 -0.05653679 -0.04232203 0.09794497 -0.06342619 -0.02671307 -0.01847487 -0.05853319 -0.03406333 0.1170807 -0.04600256 -0.0573011 0.1395924 -0.06342971 -0.0266714 -0.01848459 -0.05743968 -0.05815923 0.04142141 -0.06734728 -0.01050692 -0.005919754 -0.05744004 -0.05835086 0.04114311 -0.06644976 -0.02134519 -0.004853487 -0.05730497 -0.04343247 0.1126686 -0.05766737 -0.05794775 0.03953886 -0.06029307 -0.03527683 -0.02416276 -0.05756324 -0.03868889 0.1090557 -0.05851405 -0.03430622 0.1169679 -0.06082659 -0.05127167 0.0204609 -0.06324476 -0.02682602 -0.01909053 -0.06082499 -0.05140781 0.02016377 -0.06077831 -0.05241632 0.0179609 -0.05714535 -0.04426181 0.1122705 -0.06098985 -0.05077528 0.01969379 -0.06324827 -0.02678418 -0.01910012 -0.060988 -0.05090892 0.0193966 -0.06726324 -0.01058363 -0.006772398 -0.05634462 -0.04738736 0.1150835 -0.06215858 -0.04681301 0.01459532 -0.06278419 -0.04312288 0.01550114 -0.06167089 -0.0299192 -0.02277964 -0.04701751 -0.05736011 0.1356893 -0.06215476 -0.04692888 0.01429921 -0.0570237 -0.04486531 0.11198 -0.06047791 -0.0330429 -0.02477025 -0.06209897 -0.0477885 0.01210469 -0.05619192 -0.04791343 0.1148481 -0.0620464 -0.04827302 0.01086974 -0.06366866 -0.02367579 -0.01912987 -0.05740433 -0.04049265 0.1080784 -0.06279081 -0.04435408 0.01208972 -0.05913788 -0.03593152 -0.02699881 -0.06199711 -0.04863542 0.009946763 -0.0618093 -0.04960882 0.007464289 -0.04648023 -0.05801033 0.1355305 -0.0669865 -0.0107901 -0.009064316 -0.05534386 -0.05009931 0.1160765 -0.05744957 -0.04066079 0.1396695 -0.06278586 -0.04446059 0.0117951 -0.06348484 -0.02377623 -0.01974153 -0.06272107 -0.04525083 0.009611368 -0.05859166 -0.03621923 -0.02823996 -0.06185036 -0.02760136 -0.02330613 -0.06325608 -0.04238867 0.01034444 -0.05729997 -0.0415067 0.1075271 -0.06325018 -0.04248839 0.01005119 -0.06266301 -0.04569619 0.008382558 -0.05532968 -0.0501632 0.1159471 -0.04578685 -0.05883151 0.1353301 -0.06185358 -0.02755838 -0.02331537 -0.06067913 -0.03044229 -0.02540433 -0.06260949 -0.04602938 0.00746411 -0.05721479 -0.0422641 0.1071145 -0.06457245 -0.01268428 0.1545492 -0.06625288 -0.004904508 0.165 -0.06341791 -0.01370096 0.1478347 -0.06317865 -0.0432282 0.007877707 -0.05931061 -0.03365355 -0.02758985 -0.05452102 -0.05231171 0.1151096 -0.05635291 -0.04300725 0.1391326 -0.06456178 -0.01293087 0.1545249 -0.06311655 -0.04364508 0.006654679 -0.06445193 -0.01475828 0.1543442 -0.06798976 5e-4 1.44849e-5 -0.0643661 -0.01578611 0.154242 -0.0651462 -0.01731491 0.165 -0.06242185 -0.04692673 0.004993975 -0.05875885 -0.03392195 -0.02882355 -0.06429058 -0.01655393 0.1541655 -0.05450737 -0.05237579 0.1149776 -0.06305986 -0.04395693 0.005740582 -0.05503827 -0.0515058 0.1132206 -0.06640619 -0.01111185 -0.01263117 -0.06435656 -0.0362755 0.009942233 -0.06403821 -0.01861691 0.1539585 -0.05695515 -0.0442987 0.1060016 -0.06632465 -0.0111503 -0.01305639 -0.06410288 -0.03842383 0.0073632 -0.04158365 -0.06203126 0.13862 -0.04131519 -0.06371694 0.1341543 -0.06333667 -0.01651674 0.1473599 -0.06084883 -0.02808374 -0.02591645 -0.06409543 -0.03851121 0.007073044 -0.05572062 -0.05026882 0.1093403 -0.05557209 -0.0507965 0.1090787 -0.06332403 -0.01675987 0.1473187 -0.06085187 -0.02803999 -0.02592539 -0.06286311 -0.04479688 0.00328207 -0.06207245 -0.02446562 -0.02392923 -0.05355697 -0.0546661 0.1140666 -0.05949866 -0.03100329 -0.02820539 -0.06433314 -0.03724706 0.006593525 -0.06350028 -0.02182346 0.1536329 -0.06342417 -0.02220529 0.1535938 -0.06432527 -0.0373311 0.006304323 -0.05354398 -0.05473041 0.113932 -0.06613522 -0.01123511 -0.01399558 -0.06401163 -0.03915965 0.00492227 -0.05422717 -0.05372208 0.1121996 -0.06324678 -0.02304822 0.1535071 -0.06598907 -0.01129698 -0.01467925 -0.05645942 -0.04746133 0.1042576 -0.06320196 -0.01856184 0.1470123 -0.06394207 -0.03952503 0.003711998 -0.05894082 -0.03124976 -0.02943074 -0.05965709 -0.02860093 -0.02870148 -0.06423819 -0.03795456 0.004160523 -0.05310666 -0.05569428 0.1136066 -0.06387954 -0.03979831 0.002807497 -0.06310969 -0.02366143 0.1534438 -0.063111 -0.01957523 0.1468391 -0.05965989 -0.02855634 -0.02871012 -0.06242692 -0.04610919 -5.49598e-4 -0.06236416 -0.04626607 -0.00100696 -0.05309396 -0.05575865 0.1134709 -0.06282335 -0.01816999 0.1444072 -0.06105864 -0.02489441 -0.0265212 -0.05909413 -0.02882808 -0.02991956 -0.0641666 -0.03830587 0.002954125 -0.05639266 -0.04783803 0.1040486 -0.04147136 -0.06355667 0.1341922 -0.0406537 -0.07560157 0.104503 -0.06280982 -0.01841235 0.1443591 -0.05909687 -0.0287832 -0.02992808 -0.06221723 -0.04661297 -0.002017617 -0.06208986 -0.04686361 -0.002749025 -0.05623942 -0.04866975 0.1035861 -0.06303244 -0.02033233 0.1467092 -0.05985283 -0.02535396 -0.02928578 -0.06410247 -0.03856861 0.002052545 -0.06366616 -0.04053425 3.74826e-4 -0.05327737 -0.05608111 0.1110987 -0.05928343 -0.02555584 -0.03049463 -0.06268197 -0.020208 0.144001 -0.05612266 -0.04927504 0.1032487 -0.06517416 -0.03250628 0.003923952 -0.06572723 -0.02850109 0.005701184 -0.0643602 -0.01185321 -0.02081358 -0.05445104 -0.0544008 0.1072716 -0.06277561 -0.02236628 0.1463581 -0.06388461 -0.03927618 -3.72212e-4 -0.05283379 -0.05711144 0.1106134 -0.06258851 -0.02121782 0.1437986 -0.06416916 -0.01190781 -0.02141386 -0.0651648 -0.03257781 0.003638446 -0.06250846 -0.02197217 0.1436468 -0.05418854 -0.03580868 -0.03736317 -0.0565201 -0.04425686 0.09788942 -0.06157112 -0.02914601 0.1528666 -0.0614584 -0.02921563 0.165 -0.06320089 -0.04168385 -0.003416121 -0.053981 -0.03588372 -0.03769665 -0.0536279 -0.03600984 -0.03825545 -0.05181539 -0.03662556 -0.04095733 -0.06506592 -0.03310853 0.001522183 -0.06139028 -0.02968072 0.1528092 -0.05432313 -0.03298181 -0.03790783 -0.06224101 -0.02552747 0.1458055 -0.05650287 -0.04449987 0.09773081 -0.06313443 -0.0418213 -0.003868579 -0.05411356 -0.03305071 -0.03823864 -0.05366367 -0.05662554 0.106139 -0.062249 -0.02399885 0.1432366 -0.05375695 -0.0331664 -0.03879308 -0.06498718 -0.0334075 3.3138e-4 -0.06216615 -0.02590388 0.1457391 -0.05635744 -0.04630011 0.09655392 -0.06297916 -0.0421251 -0.004868328 -0.0627039 -0.01228237 -0.02551913 -0.06341147 -0.04038137 -0.004150688 -0.05638355 -0.04513442 0.09606027 -0.06199216 -0.02673488 0.1455919 -0.06644123 2.4557e-4 -0.01463156 -0.06644272 5e-4 -0.01463544 -0.06185805 -0.02733945 0.1454844 -0.05636674 -0.04537719 0.09589731 -0.06567978 -0.02923768 0.002423465 -0.0544362 -0.03042393 -0.03834211 -0.05626147 -0.04731231 0.09589058 -0.06000387 -0.03332775 0.1524116 -0.06334394 -0.04051345 -0.004601597 -0.06285881 -0.04234653 -0.005596578 -0.06171464 -0.02714866 0.1425909 -0.05443817 -0.03037649 -0.03834968 -0.06491744 -0.03363114 -5.58594e-4 -0.05487525 -0.05469721 0.1001878 -0.06566959 -0.0293014 0.002140343 -0.06164014 -0.02752369 0.1425133 -0.0662921 2.33687e-4 -0.01531231 -0.05274212 -0.05899465 0.1049187 -0.05422484 -0.03048735 -0.03867071 -0.0631864 -0.04080551 -0.005598068 -0.05618298 -0.0480684 0.09539431 -0.06146728 -0.02835172 0.1423414 -0.06306433 -0.04101836 -0.006323814 -0.05473327 -0.05522704 0.09988492 -0.05422681 -0.03043985 -0.03867822 -0.06133419 -0.02895408 0.1422157 -0.06593871 -0.02740448 0.001685202 -0.05386531 -0.03059393 -0.03922122 -0.05622434 -0.0471754 0.09468817 -0.06556397 -0.02977389 4.19897e-5 -0.05901414 -0.03557306 0.1521616 -0.05386722 -0.03054624 -0.03922867 -0.06036716 -0.03274708 0.1445037 -0.05193156 -0.03373199 -0.04147601 -0.06468319 -0.03423321 -0.00295192 -0.04948735 -0.06280201 0.1103665 -0.06165403 -0.01251512 -0.02805638 -0.06019294 -0.03327447 0.1444061 -0.0659281 -0.02746403 0.001403391 -0.05457538 -0.02697283 -0.03884756 -0.04947727 -0.06286722 0.1102228 -0.06548106 -0.03004002 -0.001138746 -0.05784481 -0.03795808 0.1518916 -0.04932725 -0.06308019 0.1102381 -0.05729579 -0.03899806 0.1517724 -0.05363255 -0.04275763 0.165 -0.06540805 -0.03023904 -0.002021133 -0.05231183 -0.0600298 0.104381 -0.05436187 -0.02702915 -0.03917318 -0.0520249 -0.03111469 -0.04188501 -0.0493173 -0.06314539 0.110094 -0.05613011 -0.04818648 0.09400683 -0.0658192 -0.0279054 -6.85515e-4 -0.06622046 -0.02525728 9.05544e-4 -0.06681376 -0.0201165 0.002722203 -0.05399864 -0.02712374 -0.0397188 -0.04905563 -0.06354665 0.1100225 -0.06620943 -0.02531206 6.25123e-4 -0.05886143 -0.03687155 0.1437304 -0.05202656 -0.03106623 -0.04189211 -0.0604071 -0.01276433 -0.03075915 -0.0490458 -0.06361192 0.1098779 -0.05594283 -0.05009979 0.09405714 -0.05791383 -0.03908669 0.1433051 -0.0657342 -0.02815401 -0.001860916 -0.0598188 -0.0128737 -0.0319398 -0.06418132 -0.03517317 -0.006680727 -0.05605298 -0.04894173 0.09349709 -0.06463146 1.26808e-4 -0.02141362 -0.06187909 5e-4 -0.02860718 -0.04926991 -0.06423777 0.1071963 -0.05679619 -0.04144048 0.1428456 -0.04892557 -0.03458279 -0.04541313 -0.06411015 -0.03528553 -0.007125735 -0.06443691 1.1632e-4 -0.0220099 -0.04911231 -0.06451678 0.107061 -0.053662 -0.05884796 0.09779506 -0.05284166 -0.04615664 0.150931 -0.06565952 -0.02833992 -0.00273931 -0.05213963 -0.0275858 -0.04235792 -0.05581659 -0.05097103 0.0921238 -0.04828894 -0.03475236 -0.04618138 -0.04746121 -0.03496742 -0.04714596 -0.06516426 -0.03077483 -0.004393994 -0.04899477 -0.03189784 -0.04579228 -0.04767972 -0.06581145 0.1089738 -0.05264329 -0.04643553 0.1508976 -0.06609702 -0.02571827 -0.00145334 -0.05955243 -0.02983862 0.1244071 -0.04899597 -0.03184807 -0.04579883 -0.04884493 -0.06498473 0.1068338 -0.04835307 -0.03205388 -0.04655444 -0.06645768 -0.02329927 2.68335e-4 -0.06646192 -0.02326279 2.57117e-4 -0.04767096 -0.06587707 0.1088266 -0.0483542 -0.03200387 -0.04656088 -0.05548226 -0.05325871 0.09196531 -0.05953657 -0.0299015 0.1242994 -0.04752057 -0.03225195 -0.04751276 -0.06394428 -0.03553384 -0.008108854 -0.05953383 -0.03008073 0.1243118 -0.05542016 -0.05363512 0.09171491 -0.0664463 -0.02334982 -1.0889e-5 -0.04752159 -0.0322017 -0.04751908 -0.06645053 -0.02331334 -2.20863e-5 -0.05527728 -0.0544663 0.09116101 -0.06294566 4.43956e-5 -0.02608472 -0.06168115 -0.04293859 -0.01285308 -0.04907935 -0.02828025 -0.04622691 -0.06381589 -0.0357148 -0.008824825 -0.05951797 -0.03014355 0.1242038 -0.05290985 -0.06108492 0.09648716 -0.05230653 -0.04690307 0.1508416 -0.05516844 -0.05507129 0.09075707 -0.04843133 -0.02841866 -0.04698127 -0.06600987 -0.02594703 -0.002622842 -0.05937445 -0.03187417 0.1236034 -0.04749059 -0.06725716 0.1057286 -0.0618785 -2.68928e-7 -0.02859973 -0.0553624 -0.05412685 0.08997601 -0.06541097 -0.02884042 -0.005101382 -0.04759067 -0.02859419 -0.04792964 -0.05530107 -0.05450296 0.08971899 -0.06593346 -0.02611809 -0.003496825 -0.05516004 -0.05533343 0.08915042 -0.05935853 -0.03193712 0.1234935 -0.0549646 -0.01364034 -0.04007792 -0.06633108 -0.02372485 -0.00208044 -0.04546529 -0.06916975 0.1074194 -0.05920863 -0.03122061 0.1220315 -0.05474478 -0.01367074 -0.04039442 -0.05437088 -0.01372182 -0.0409246 -0.06633526 -0.02368777 -0.002091526 -0.04545813 -0.06923598 0.1072684 -0.06464534 -0.0316112 -0.008090436 -0.05202937 -0.06346893 0.09507972 -0.05926775 -0.03288251 0.1232032 -0.05505251 -0.05593788 0.08873581 -0.06061232 -4.80836e-5 -0.03127586 -0.06001538 -6.90637e-5 -0.03244388 -0.05449795 5e-4 -0.04131895 -0.04885619 -0.06719696 0.1006006 -0.05918979 -0.03146296 0.1219305 -0.06457197 -0.0317111 -0.00853151 -0.04222971 -0.0334149 -0.05290645 -0.04500406 -0.06983202 0.1071141 -0.04221004 -0.03341895 -0.05292451 -0.05925178 -0.03294545 0.1230924 -0.04223001 -0.03336274 -0.05291187 -0.06624215 -0.02393609 -0.003244936 -0.04499727 -0.06989836 0.1069624 -0.04870337 -0.06747788 0.100451 -0.0524581 -0.01397114 -0.04348689 -0.04833662 -0.07175654 0.09011822 -0.04844415 -0.06794905 0.1001999 -0.04931157 -0.01434534 -0.04723614 -0.05161815 -0.06451123 0.09446012 -0.0513572 -0.06931364 0.0810337 -0.06624627 -0.02389872 -0.003255903 -0.04864543 -0.01441979 -0.04796612 -0.05917984 -0.03363561 0.1229035 -0.04440975 -0.07066911 0.1067293 -0.06567972 -0.02657854 -0.005846858 -0.04778134 -0.01451426 -0.04888337 -0.04440337 -0.07073557 0.1065767 -0.0550993 -2.15977e-4 -0.04047864 -0.06440109 -0.03193199 -0.009505867 -0.05576574 -0.05014491 0.08461087 -0.05916386 -0.03369861 0.1227918 -0.05487698 -2.218e-4 -0.04079055 -0.06616431 -0.02409404 -0.004115164 -0.05575209 -0.05038428 0.08442085 -0.05449891 -2.31578e-4 -0.04131299 -0.06616842 -0.02405637 -0.004126012 -0.0589084 -0.03565859 0.122094 -0.05256569 -2.79304e-4 -0.04383629 -0.04871577 5e-4 -0.04824662 -0.04531139 -0.07062834 0.1040914 -0.06488341 -0.02962148 -0.008780598 -0.04938787 -3.50883e-4 -0.04752427 -0.04485762 -0.07129335 0.1037699 -0.0450285 -0.07364505 0.09717553 -0.04871541 -3.65121e-4 -0.04824185 -0.05400145 -0.06049567 0.08710086 -0.04784309 -3.83177e-4 -0.04914325 -0.04229843 -4.88867e-4 -0.05419826 -0.0648089 -0.02971476 -0.009219586 -0.05563282 -0.05215793 0.0830121 -0.04713129 -0.07023829 0.09897941 -0.06463545 -0.02992105 -0.01018935 -0.05386829 -0.06102627 0.08673977 -0.04427289 -0.07213401 0.1033648 -0.04072988 -0.07557094 0.1043887 -0.06590634 -0.02451908 -0.006454944 -0.0555517 -0.05315542 0.08221882 -0.06236994 -0.03734642 -0.01526361 -0.05376636 -0.06188899 0.08461368 -0.05286139 -0.06465572 0.08425211 -0.04073315 -0.07550334 0.1045466 -0.06514286 -0.02729701 -0.00950706 -0.052769 -0.0655173 0.08206248 -0.05215257 -0.06690108 0.08269846 -0.05838179 -0.03880244 0.1208224 -0.06506717 -0.02738285 -0.009943664 -0.05831032 -0.03917682 0.1206698 -0.05206626 -0.06776255 0.0804696 -0.06536173 -0.02518224 -0.01009875 -0.05814588 -0.04000329 0.1203318 0.05547702 -0.0542047 0.07938957 0.05541044 -0.05496817 0.07875835 0.05541825 -0.05901569 0.06530398 0.06629031 -0.02287685 -0.004513561 0.06612169 -0.02314895 -0.006085634 0.06703561 -0.0115211 -0.00827831 0.05924963 -0.03566527 0.1276286 0.05847984 -0.03905355 0.1264485 0.05749928 -0.04288077 0.1191454 0.0582503 -0.03948432 0.1205458 0.05748355 -0.04294538 0.1190217 0.0554164 -0.05903971 0.06528031 0.05823421 -0.03954875 0.1204258 0.06376117 -0.02522057 -0.01800197 0.06365174 -0.02652877 -0.01770424 0.06298965 -0.02566963 -0.02057045 0.05540812 -0.05499315 0.07873773 0.0628848 -0.02700072 -0.02028006 0.05527567 -0.05633568 0.0776267 0.05977475 -0.03862428 -0.02380269 0.05871725 -0.03928208 -0.02641355 0.06025451 -0.03294384 -0.02543854 0.05576604 -0.05392152 0.06685334 0.05561667 -0.05540221 0.0688591 0.05573844 -0.05653476 0.06411141 0.05949437 -0.03043848 0.1240872 0.05925178 -0.03294551 0.1230922 0.05805265 -0.03796613 0.1141155 0.05829715 -0.03544944 0.1153255 0.06147754 -0.03224784 -0.02218943 0.05530738 -0.06033504 0.06400549 0.05916112 -0.03372102 0.1227828 0.05492889 -0.06382936 0.06056767 0.06288146 -0.02704268 -0.02027058 0.06185042 -0.02760136 -0.02330607 0.05559831 -0.0559017 0.06836766 0.05572396 -0.05702459 0.06359773 0.04992312 -0.05124431 0.1452859 0.04857563 -0.05292797 0.1450052 0.04829788 -0.05445116 0.1405599 0.04961502 -0.05277371 0.1409043 0.05547106 -0.05827933 0.06602853 0.06185358 -0.02755856 -0.02331525 0.05561429 -0.05935674 0.06115311 0.05796265 -0.03874462 0.1137394 0.05556643 -0.06007915 0.06039601 0.06638479 -0.01191806 -0.01243776 0.06550496 -0.02388322 -0.01032036 0.05556476 -0.06010276 0.06037127 0.05795961 -0.03877007 0.1137271 0.05915808 -0.03374636 0.1227726 0.05604708 -0.06135934 0.05135089 0.0589801 -0.0351094 0.1222264 0.0554642 -0.06137377 0.05903929 0.06636518 -0.01192808 -0.01254242 0.06548637 -0.02390176 -0.01042693 0.05778425 -0.0401383 0.1130638 0.05765026 -0.03988385 -0.02879649 0.0591678 -0.03349763 -0.02801042 0.05617243 -0.05797475 0.05534684 0.0561648 -0.05844229 0.05479431 0.05685871 -0.04531937 0.1181238 0.06195259 -0.02620041 -0.0235967 0.057819 -0.0414856 0.1255867 0.05639177 -0.05584567 0.05493825 0.05684334 -0.04538416 0.1179974 0.05635267 -0.05822032 0.05276817 0.05627536 -0.06086987 0.04952424 0.0560851 -0.06066912 0.05216491 0.05624842 -0.04624903 0.1238591 0.05613899 -0.04511862 0.1308924 0.05518305 -0.0489605 0.1228511 0.05516666 -0.04725271 0.1302355 0.06621485 -0.01200228 -0.01331889 0.06534337 -0.02403914 -0.01121801 0.05634683 -0.05868011 0.05220478 0.06060212 -0.02819532 -0.02651858 0.05723685 -0.0560221 0.04591429 0.05641788 -0.05828243 0.05191195 0.05565613 -0.04354691 0.1427646 0.05368345 -0.04690957 0.1420964 0.0523684 -0.05254006 0.1285687 0.05420511 -0.04919332 0.1296299 0.05641257 -0.05873948 0.0513451 0.05187106 -0.0496689 0.1415387 0.0606051 -0.02815163 -0.02652746 0.0562058 -0.04751724 0.1171907 0.05808019 -0.0340057 -0.0303564 0.05714309 -0.04367685 0.1247988 0.05794119 -0.05763041 0.03736609 0.05989629 -0.05414897 0.02443814 0.05840474 -0.05483341 0.03700715 0.06069731 -0.02676463 -0.0267989 0.05985289 -0.05206537 0.02850466 0.05990445 -0.05382299 0.02508729 0.06148165 -0.04764163 0.02077221 0.05990821 -0.05381357 0.02506738 0.06450253 -0.02472501 -0.01516085 0.06533277 -0.01237255 -0.01718652 0.05619084 -0.04758208 0.1170617 0.05425125 -0.05109864 0.1220436 0.06151229 -0.04909843 0.0173211 0.06155419 -0.0489574 0.01713776 0.05949395 -0.02866774 -0.02906024 0.05838322 -0.03877365 0.1207427 0.05720353 -0.04381692 0.1112645 0.06150519 -0.04937195 0.01667439 0.06154698 -0.0492295 0.01649111 0.05836594 -0.03886568 0.1207052 0.05718684 -0.04390937 0.1112191 0.05949676 -0.02862328 -0.02906882 0.06139689 -0.05094021 0.01242876 0.06141561 -0.05067604 0.01359635 0.0614565 -0.05052697 0.01341342 0.05958318 -0.02721333 -0.02933192 0.06140965 -0.05092948 0.01246029 0.0570597 -0.04459512 0.1108806 0.05596822 -0.03489279 -0.03441274 0.05068486 -0.05528944 0.1276833 0.05838561 -0.02910101 -0.03137749 0.06332719 -0.04095131 0.01349115 0.06304281 -0.04331004 0.0111218 0.04983776 -0.05248099 0.1409643 0.04194986 -0.05563896 0.165 0.04153019 -0.06056475 0.143746 0.04170995 -0.06038922 0.1437743 0.05838823 -0.02905583 -0.03138583 0.0630297 -0.04353398 0.01048183 0.06455713 -0.01263982 -0.01997023 0.06332314 -0.04209661 0.01008659 0.05333101 -0.0530439 0.1212995 0.06330889 -0.0423116 0.009448587 0.05534416 -0.05009812 0.1160788 0.06290888 -0.0446015 0.007435679 0.05846911 -0.02762478 -0.03164106 0.06798976 5e-4 1.44849e-5 0.06750953 -0.01101744 -0.002987682 0.06740361 3.43179e-4 -0.009026467 0.06730401 -0.01128751 -0.005825936 0.05532974 -0.0501632 0.115947 0.06721758 -0.01137119 -0.006704568 0.06721454 -0.01137387 -0.006733238 0.06285184 -0.04493266 0.006492257 0.06740599 5e-4 -0.009028971 0.06284981 -0.04494345 0.006461441 0.06375157 -0.01288187 -0.02248424 0.06318217 -0.04333662 0.006411492 0.05717581 -0.03859591 0.105239 0.05833977 -0.03492021 0.1155789 0.05723226 -0.04022157 0.1058714 0.05399322 -0.03563302 -0.03774738 0.06272619 -0.04552668 0.00480175 0.06312316 -0.04365462 0.005470931 0.05623483 -0.02985697 -0.03538161 0.0562371 -0.02981066 -0.03538948 0.05719107 -0.04075187 0.1055675 0.06312108 -0.04366505 0.005440235 0.06673777 2.71087e-4 -0.01316857 0.05633878 -0.04800641 0.1091819 0.06566292 5e-4 -0.01789665 0.06299376 -0.04422503 0.00378555 0.06671774 2.69272e-4 -0.0132727 0.06430315 -0.03740483 0.006680071 0.04879987 -0.05809462 0.1267713 0.06518733 -0.03182864 0.007307946 0.05630761 -0.0283426 -0.03563028 0.05432045 -0.0528202 0.1148873 0.06428492 -0.03758877 0.00604999 0.06267076 -0.01316767 -0.02544254 0.06224697 -0.04710286 3.27629e-4 0.05430668 -0.05288547 0.1147524 0.06210458 -0.04743516 -6.19657e-4 0.06223213 -0.04714262 2.14955e-4 0.0665639 2.55797e-4 -0.01404541 0.04859364 -0.0583868 0.126676 0.05148679 -0.0364803 -0.04149043 0.0517385 -0.03640007 -0.04113972 0.06250357 -0.04573827 -6.74994e-4 0.04159456 -0.06188893 0.1390484 0.04106247 -0.067649 0.1236782 0.0542249 -0.03048735 -0.03867059 0.06248843 -0.04577648 -7.87323e-4 0.05700647 -0.04142719 0.1035564 0.06413769 -0.03846567 0.003050923 0.05157589 -0.05640095 0.1199966 0.05422687 -0.03044009 -0.0386781 0.06346631 -0.01354205 0.1481124 0.06625288 -0.004904508 0.165 0.06393074 -0.01465791 0.1507902 0.06136506 -0.01347112 -0.02856832 0.06237161 -0.04606002 -0.001621246 0.0639041 -0.01519042 0.150718 0.05695611 -0.04327368 0.1041176 0.06407171 -0.03873765 0.002122104 0.05428808 -0.02894103 -0.03890627 0.0651462 -0.01731485 0.165 0.06371551 -0.01772397 0.1503727 0.05696606 -0.04195737 0.1032404 0.06338578 -0.0163688 0.1476436 0.06566208 1.88587e-4 -0.01789188 0.06406939 -0.03874653 0.002091765 0.05686998 -0.04405379 0.1036674 0.06363612 -0.01850801 0.1502652 0.06020796 -0.01371222 -0.03103733 0.06392925 -0.03922545 4.57882e-4 0.06363338 -0.01853358 0.1502616 0.06335717 -0.01689851 0.1475554 0.0519315 -0.03114014 -0.04201382 0.05686706 -0.04407924 0.1036527 0.06514853 -0.03266322 0.003989398 0.05193316 -0.03109186 -0.04202085 0.05572718 -0.05045682 0.1079448 0.06512701 -0.03281986 0.003367424 0.05167782 -0.03120875 -0.04236084 0.06346863 -0.01991182 0.1500717 0.06316149 -0.01941871 0.1471329 0.05342638 -0.05496793 0.1139336 0.05167943 -0.03116035 -0.04236781 0.0652821 -0.03183931 0.003584325 0.0630806 -0.02019858 0.1470014 0.06486976 1.40099e-4 -0.02065724 0.06526011 -0.03199154 0.002963721 0.04737478 -0.06006205 0.126129 0.0649625 -0.03356635 4.06962e-4 0.0630778 -0.02022403 0.146997 0.05198395 -0.02956062 -0.04223549 0.05341327 -0.05503338 0.1137963 0.0634005 -0.04051929 -0.003946065 0.06291127 -0.02159488 0.1467647 0.05172908 -0.02962577 -0.04258096 0.05669963 -0.04545044 0.1028591 0.0590524 -0.01393312 -0.0332852 0.06286686 -0.02361762 0.1495549 0.06338429 -0.04055196 -0.00405699 0.05673485 -0.04447871 0.1017333 0.06284868 -0.02371072 0.1495417 0.05016756 -0.03160429 -0.04434323 0.06489074 -0.03379786 -5.09848e-4 0.04996937 -0.05916136 0.1189104 0.05016899 -0.03155529 -0.04434996 0.06270921 -0.02440148 0.1494442 0.06043988 5e-4 -0.03162699 0.06404763 9.62058e-5 -0.02315211 0.06488817 -0.03380542 -5.3979e-4 0.06230986 -0.02528083 0.1461322 0.0566501 -0.0452587 0.1012654 0.06509298 -0.03271687 9.7554e-6 0.05021196 -0.0300011 -0.04455459 0.05664718 -0.04528421 0.1012502 0.0622918 -0.02537339 0.1461162 0.0632596 -0.04079425 -0.004880189 0.05681371 -0.01431798 -0.0371617 0.05254441 -0.05692297 0.1130556 0.06294572 4.43969e-5 -0.02608466 0.06502026 -0.03294181 -9.05039e-4 0.06188887 -0.02783542 0.1489534 0.06161612 -1.05916e-5 -0.02917897 0.06215327 -0.0260604 0.1459969 0.0650177 -0.03294914 -9.34915e-4 0.05472522 -0.01463836 -0.04033845 0.05510568 -0.05266636 0.1068162 0.0647372 -0.03421306 -0.002152502 0.06145846 -0.02921557 0.165 0.0611667 -0.03029912 0.1485946 0.06043928 -5.42581e-5 -0.03162002 0.05253189 -0.05698865 0.1129161 0.06161916 -0.02221971 0.1373935 0.05648231 -0.04665517 0.1004256 0.06069481 -0.02324324 0.1317985 0.04221004 -0.03341895 -0.05292451 0.04222995 -0.03341484 -0.05290627 0.0666536 -0.02155554 0.003139138 0.06596404 -0.02721768 0.001601517 0.05614739 -0.04913771 0.1007097 0.04223024 -0.03336292 -0.05291169 0.06158387 -0.02274537 0.1372527 0.06486499 -0.03334522 -0.002544045 0.0561316 -0.04923039 0.1006554 0.0659396 -0.02734631 9.88134e-4 0.05234497 -0.01496952 -0.04356032 0.06134164 -0.02947592 0.1453962 0.06251829 -0.04200541 -0.008987247 0.05208182 -0.01500427 -0.04389435 0.05428725 -0.05526268 0.1054735 0.06041741 -0.03251755 0.1482661 0.0641753 -0.03531378 -0.006498694 0.05926513 -9.42424e-5 -0.03383994 0.0560109 -0.04991799 0.1002517 0.05051571 -0.0152046 -0.04580074 0.0613631 -0.0252456 0.1365793 0.04817289 -0.0619803 0.1177923 0.05699348 -1.63877e-4 -0.0376628 0.05246698 5e-4 -0.04396384 0.06062972 -0.03192657 0.144957 0.0641582 -0.0353415 -0.006608128 0.0548771 -2.21798e-4 -0.04079043 0.05246764 -2.81631e-4 -0.04395818 0.06575942 -0.0279594 -0.001931548 0.04797643 -0.06227415 0.1176755 0.06127673 -0.02601921 0.1363697 0.05220139 -2.8791e-4 -0.04428625 0.05086404 -0.06029963 0.1115196 0.06402671 -0.03554761 -0.00742042 0.05061733 -3.2408e-4 -0.04615837 0.06429791 -0.03441464 -0.006880521 0.05085277 -0.06036567 0.1113762 0.06127375 -0.02604448 0.1363628 0.05593818 -0.0503422 0.09819304 0.06568223 -0.02814948 -0.002835631 0.05941474 -0.03511959 0.1478741 0.05592256 -0.05043488 0.0981366 0.06428068 -0.03444159 -0.006989657 0.04681622 -0.06395912 0.1170054 0.0611003 -0.02740418 0.1359925 0.06567949 -0.02815574 -0.002865195 0.05578666 -0.04845184 0.08413463 0.05631428 -0.04560381 0.09507894 0.05989265 -0.03413337 0.1445549 0.06115257 -0.04367464 -0.0146315 0.06185704 -0.04288184 -0.01195091 0.06054604 -0.02605044 0.1308729 0.05580365 -0.05112248 0.0977174 0.06645721 -0.0233013 2.57022e-4 0.05331647 -0.05800324 0.1040368 0.06646144 -0.02326506 2.45858e-4 0.05820983 -0.03785943 0.147453 0.06050711 -0.02657628 0.1306986 0.06414806 -0.0346418 -0.007800102 0.05627745 -0.04613196 0.09471899 0.0664311 -0.02341145 -3.51001e-4 0.05532789 -0.0533396 0.09822779 0.0589078 -0.036722 0.1440749 0.06049704 -0.03105968 0.134985 0.06643533 -0.02337503 -3.62119e-4 0.04932749 -0.06307899 0.1102406 0.06551831 -0.0284903 -0.004455447 0.06047928 -0.03115153 0.1349595 0.0493173 -0.06314539 0.1100939 0.04120069 -0.06750708 0.123726 0.06659209 -0.02211368 -9.72031e-5 0.05246955 -0.06016749 0.1028885 0.0603432 -0.03183287 0.1347694 0.06656557 -0.0222184 -7.03737e-4 0.06324857 -0.0365774 -0.01147168 0.05606442 -0.04864382 0.09300315 0.05714929 -0.04001724 0.1471154 0.06624215 -0.02393609 -0.003244876 0.06027293 -0.02907723 0.1298654 0.05474907 -0.055799 0.09675657 0.05513006 -0.05454456 0.0956164 0.06018376 -0.02985095 0.129606 0.06624627 -0.02389889 -0.003255784 0.05598568 -0.04942101 0.09247088 0.06018072 -0.02987623 0.1295975 0.06336414 -0.03564214 -0.01184201 0.06616181 -0.02409875 -0.004140973 0.0577259 -0.03944808 0.1435593 0.0560975 -0.04197806 0.146804 0.055983 -0.0494464 0.09245347 0.05363261 -0.04275757 0.165 0.066159 -0.02410405 -0.004170238 0.05163455 -0.06213921 0.1018326 0.0476107 -0.06592023 0.1089254 0.06000387 -0.03123617 0.1291396 0.06616592 -0.02406126 -0.004151821 0.0595569 -0.03522044 0.1338132 0.06616312 -0.02406656 -0.004181027 0.05582922 -0.05081254 0.09151589 0.0566864 -0.04159539 0.1431459 0.04760181 -0.06598711 0.1087754 0.0663743 -0.02271717 -0.003590524 0.04742306 -0.06621658 0.108788 0.05955195 -0.02984738 0.124405 0.06492507 -0.02939361 -0.008740186 0.0474143 -0.06628346 0.1086377 0.0595358 -0.02991133 0.1242954 0.05887639 -0.03765153 0.1331143 0.06490713 -0.02941638 -0.008848011 0.05416113 -0.05801814 0.09541636 0.05455905 -0.05700474 0.0940898 0.06629317 -0.02287179 -0.004484355 0.05951052 -0.03037446 0.1241974 0.04631525 -0.06791669 0.1080005 0.04072988 -0.07557094 0.1043887 0.04574269 -0.0732634 0.09577578 0.04630732 -0.06798386 0.1078483 0.06599193 -0.02439028 -0.005746304 0.05397874 -0.0592249 0.09269964 0.05408245 -0.04535597 0.1462585 0.0533868 -0.06062781 0.09382432 0.06599599 -0.02435237 -0.005756974 0.05940145 -0.03489202 0.1278948 0.05004429 -0.06554883 0.09998822 0.06255787 -0.03732216 -0.01439392 0.05531775 -0.054488 0.08898025 0.06476908 -0.02958542 -0.009648621 0.05938386 -0.03498387 0.1278632 0.05530303 -0.05458045 0.08891618 0.0626688 -0.03636556 -0.01475721 0.05519068 -0.0552662 0.08844059 0.04095631 -0.07146155 0.114064 0.04065245 -0.07560205 0.1045049 0.05817717 -0.03984135 0.1324748 0.0618363 -0.03799778 -0.0170384 0.06194263 -0.03702181 -0.01739513 0.05926799 -0.03288137 0.1232051 0.06538021 -0.02516281 -0.009991884 0.05321425 -0.06183642 0.09104883 0.05246812 -0.06338542 0.0921238 0.04859066 -0.06835973 0.09845501 0.04938066 -0.0710054 0.08734995 0.06395548 -0.03042978 -0.01364034 0.05917739 -0.03365683 0.1228965 0.05455237 -0.05868029 0.08605933 0.06538408 -0.02512371 -0.01000225 0.05166602 -0.06556552 0.09076666 0.06536173 -0.0251823 -0.01009875 0.05917429 -0.03368216 0.1228864 0.06536561 -0.02514314 -0.01010906 0.05569571 -0.05099719 0.08244037 0.06521981 -0.02532684 -0.01089185 0.05230683 -0.06459671 0.08928614 0.05566668 -0.05151629 0.08201569 0.06522369 -0.0252875 -0.01090216 0.05223006 -0.04812711 0.1458035 0.05567955 -0.05121952 0.08185368 0.05899631 -0.03504514 0.1223416 0.05565088 -0.05173802 0.08142608 0.04696696 -0.07123774 0.09688097 0.05724835 -0.04241108 0.1317117 0.05400902 -0.06113654 0.08433163 0.04678952 -0.0715382 0.0967167 0.06086289 -0.03879714 -0.02015757 0.05087471 -0.06755369 0.08952039 0.05189049 -0.06874483 0.07891327 0.05151426 -0.06677949 0.08788001 0.06096345 -0.0377981 -0.02050632 0.05015093 -0.05095046 0.1453349 0.06323629 -0.03104007 -0.01651811 0.05549085 -0.05398589 0.07999318 0.06760972 -0.01065832 7.91414e-4 0.06753849 -0.01096075 -0.002391278 0.05542367 -0.05475026 0.07936632 0.06438487 -0.02604854 -0.01484537 0.05542135 -0.05477523 0.07934588 0.06438851 -0.02600812 -0.01485532 0.05839931 -0.03870928 0.120862 0.04073339 -0.07550197 0.1045494 0.05968087 -0.03964793 -0.02346271 0.05365443 -0.06630569 0.06981861 0.05345541 -0.06335479 0.08276015 0.05838209 -0.03880131 0.1208245 0.06248664 -0.03159344 -0.01912105 0.05073201 -0.06877064 0.08658897 0.05528783 -0.05611932 0.07824236 0.05272406 -0.06596618 0.08089619 0.06364822 -0.02657002 -0.01769453 0.05483138 -0.05973798 0.07526236 0.05481803 -0.05982899 0.0751872 0.05482184 -0.05995041 0.07462632 0.05480855 -0.0600413 0.07455068 0.05471605 -0.06050467 0.074629 0.05470705 -0.06071627 0.07398867 0.05412948 -0.06387132 0.07183772 0.0541228 -0.06407952 0.07117867 -0.06799846 -3.96506e-6 0.1845 -0.06771928 -7.52984e-4 0.1777844 -0.06609922 -0.01614004 0.1845 -0.06708788 -0.002503275 0.1712761 -0.06049829 -0.03140705 0.1845 -0.05248671 -0.04376804 0.1845 -0.04755097 -0.04923856 0.1845 -0.04205036 -0.05416363 0.1845 0.06743681 -0.001527965 0.1745001 0.06799846 -3.96506e-6 0.1845 0.06760841 -0.007370173 0.1845 0.06644034 -0.01463824 0.1845 0.0618292 -0.0286287 0.1845 0.0534389 -0.04256635 0.1845 0.04205036 -0.05416363 0.1845 -0.04467761 -0.01740747 0.07916164 -0.04395294 -0.01217913 0.08917415 -0.03757762 -0.003265857 0.09460645 -0.03077548 -0.008786618 0.07624626 -0.03000909 -0.007307708 0.08106374 -0.02658128 -0.006750047 0.07919037 -0.02003657 -0.006016612 0.0754649 -0.01966434 -0.005163609 0.07955342 -0.01406836 -0.004897952 0.07818889 -0.0141102 -0.005058705 0.07743376 -0.02705907 -0.007536351 0.07582312 -0.01922893 -0.003525614 0.08366286 -0.01959115 -0.004929006 0.08027464 -0.01427817 -0.00535649 0.07379245 -0.01009345 -0.004459738 0.07896441 -0.01022219 -0.005061805 0.07510364 -0.04585301 -0.01911717 0.0777688 -0.04509383 -0.01407098 0.08800989 -0.01029169 -0.004795312 0.07210069 -0.01023286 -0.005069077 0.07470762 0 -0.004735291 0.07384765 -0.05030333 -0.02470886 0.08135747 -0.0450899 -0.006792366 0.09911167 -0.05020338 -0.01823681 0.09387212 -0.01429188 -0.005335986 0.07342249 -0.02009189 -0.006073534 0.07475888 -0.02715504 -0.007632315 0.07511991 -0.03746873 -0.01240849 0.07500743 -0.03708374 -0.01180946 0.0772348 -0.03963416 -0.01392871 0.07486283 -0.03899806 -0.01267427 0.07877707 -0.03649312 -0.01036453 0.08102726 -0.05399435 -0.03208589 0.08725255 -0.05190926 -0.01042926 0.1084283 -0.0509622 -0.020419 0.09285503 -0.05491775 -0.02281445 0.1044386 -0.05553376 -0.026762 0.1030921 -0.05108189 -0.02673482 0.08006519 -0.01031923 -0.004222214 0.07039862 0 -0.004296898 0.07177031 -0.01032763 -0.003871977 0.06973093 0 -0.00353527 0.07017379 -0.01436632 -0.004905402 0.07100147 -0.0400483 -0.01439815 0.07257044 -0.05653691 -0.0423187 0.09794634 -0.05839681 -0.03262537 0.116003 -0.05812364 -0.02235603 0.1188498 -0.05625516 -0.03241986 0.1017627 -0.05618441 -0.03288668 0.1009023 -0.03131967 -0.009193599 0.07286578 -0.01033461 -0.003434956 0.06908464 0 -0.002690434 0.06915062 -0.05646812 -0.04276537 0.09702962 -0.05462503 -0.03580993 0.08538597 -0.03142863 -0.009204804 0.07216769 -0.02031022 -0.005901098 0.07141178 -0.01034206 -0.002620518 0.06822603 0 -0.001802921 0.06849122 -0.02032774 -0.005837261 0.07107698 -0.04573166 -0.01990747 0.07154124 -0.03814107 -0.009319067 0.08563482 -0.01439958 -0.004263341 0.06943053 -0.02763843 -0.00767678 0.07123184 -0.01034581 -0.001777946 0.06765574 0 -9.53209e-4 0.06813484 -0.01440936 -0.003895998 0.06881451 -0.01033908 0.06720858 0.1844936 -0.01033914 0.06720912 0.1845 0 0.06799966 0.1845 -0.01440668 0.06645536 0.1844894 -0.02043408 0.06485509 0.1845 -0.03842222 -0.01297771 0.0699265 -0.01031482 0.06715369 0.1803268 -0.02770942 -0.00759387 0.07057833 -0.01438361 0.06638073 0.1802896 -0.01023983 0.06699013 0.1759937 0 0.06700229 0.1662443 -0.01034736 -9.6522e-4 0.06733602 -0.01441693 -0.003448724 0.06821686 -0.02043437 0.06485521 0.1844813 -0.01428973 0.06617939 0.1759296 -0.04694753 -0.02143061 0.06998139 -0.01014983 0.06668853 0.1716695 -0.0103476 -2.66009e-4 0.06721687 0 -2.3279e-4 0.06800794 0 5e-4 0.06799995 -0.02041977 0.06473714 0.1802178 -0.01442223 5e-4 0.06645327 -0.02809059 0.06192404 0.1844677 -0.0324645 0.05974692 0.1845 -0.02042025 -0.005156397 0.06890934 -0.01417285 0.06583017 0.1715827 -0.0144242 -0.002631485 0.06741809 -0.02030462 0.0644561 0.1758029 -0.05530482 -0.04159969 0.0823822 -0.01004463 0.06601881 0.166055 -0.01442682 -0.001794517 0.06688165 -0.04107224 -0.01461368 0.06737166 -0.03246557 0.05974572 0.1844582 -0.02809113 0.06172573 0.1800962 -0.04650557 -0.0205512 0.06722348 -0.05125373 -0.02869755 0.06978845 -0.02015274 0.06400775 0.1714096 -0.01403301 0.06509071 0.1659311 -0.0319758 -0.008757591 0.06836652 -0.03247302 0.05948913 0.1800099 -0.02795308 0.06130307 0.1755842 -0.01442676 -9.87606e-4 0.06657695 -0.02045899 -0.004395365 0.06751871 -0.009955048 0.06459724 0.1591346 0 0.06511968 0.1572998 -0.01996415 0.06312644 0.1656927 -0.03205579 -0.008589804 0.06773829 -0.01442527 -2.91104e-4 0.06646174 -0.03909528 -0.01262211 0.06647175 -0.009932219 0.06391394 0.1567596 -0.04051101 0.05461031 0.1844365 -0.04333317 0.05240118 0.1845 -0.03232008 0.05896532 0.1754273 -0.02046936 -0.003994226 0.06697422 -0.02775847 0.06068062 0.1711081 -0.01390981 0.06357085 0.1589275 -0.04774945 -0.02194309 0.0655753 -0.02798551 -0.006784737 0.06755638 -0.04333484 0.05239707 0.1844273 -0.05206733 -0.03051698 0.06823563 -0.01442253 4.47489e-4 0.06645327 -0.01387733 0.06284791 0.1565104 -0.04051965 0.05422586 0.179813 -0.05422228 -0.03756922 0.0729618 -0.02800726 -0.006661415 0.06726127 -0.03209823 0.05821949 0.1708903 -0.03922969 -0.01246416 0.06577312 -0.01978832 0.06142002 0.1585679 -0.02750432 0.05955404 0.1652876 -0.02047663 -0.003522515 0.06644457 -0.04333817 0.05196243 0.1797298 -0.04700738 -0.02061069 0.06471383 -0.04032748 0.05348008 0.1750661 -0.0204817 -0.00268644 0.06573092 -0.04826903 -0.02191531 0.0630179 -0.01973962 0.06062811 0.1560933 -0.03180032 0.05692028 0.1649979 -0.04179424 -0.01396572 0.0638743 -0.009798824 0.05896955 0.1456837 0 0.06083977 0.1470668 -0.02048099 -0.001845836 0.06524437 -0.05488711 -0.04103159 0.07060593 -0.04312652 0.05112832 0.1749126 -0.05111908 0.04483377 0.1843965 -0.05255997 0.04313576 0.1845 -0.02811926 -0.005628705 0.0653811 -0.04004198 0.05246317 0.1703865 -0.0272485 0.05754178 0.1580067 -0.04193842 -0.01374316 0.06317222 -0.02047717 -0.001038849 0.06496316 -0.05256408 0.04313021 0.1843895 -0.01368939 0.0576393 0.1451541 -0.0323655 -0.007392883 0.06487953 -0.02717322 0.05664509 0.1554653 -0.03238976 -0.007232964 0.06460469 -0.02047204 -3.40756e-4 0.06485509 -0.02813845 5e-4 0.0619052 -0.04281246 0.05000311 0.1701715 -0.02816283 -0.004686415 0.06419807 -0.009691655 0.05589258 0.1410787 0 0.05498766 0.138618 -0.05256253 -0.0299319 0.0610361 -0.05108606 0.04425311 0.1794488 -0.055651 -0.05098432 0.07717341 -0.0399031 -0.01103991 0.06207823 -0.03148752 0.05469906 0.1576237 -0.05252003 0.04252219 0.1793859 -0.0281732 -0.004227876 0.06373697 -0.03964233 0.05078649 0.1643314 -0.01354354 0.05440765 0.1404127 -0.04824459 -0.01972317 0.05910795 -0.03139275 0.05373394 0.1550459 -0.01946318 0.05502372 0.1443631 -0.04000139 -0.01070398 0.06148767 -0.02817928 -0.003708958 0.06328767 -0.05079823 0.04315137 0.174392 -0.009541392 0.05214053 0.1364676 -0.03251367 -0.005979835 0.06287312 -0.05341351 -0.03154003 0.05929559 -0.04236799 0.04817557 0.1640477 -0.05561828 -0.0464217 0.06683158 -0.05221366 0.04136735 0.1742751 -0.05945044 0.03299659 0.1843485 -0.06053036 0.03097879 0.1845 -0.02818042 -0.002823829 0.06267726 -0.01926124 0.05158483 0.1394355 -0.04954957 -0.02079612 0.05732059 -0.01334148 0.05048382 0.1356692 -0.04266113 -0.01194792 0.05949723 -0.05038219 0.04169368 0.1694397 -0.03919273 0.04811692 0.1567702 -0.03256082 -0.004917681 0.06179887 -0.02817457 -0.001958072 0.06225413 -0.06053149 0.03096878 0.1843402 -0.02676087 0.05053013 0.1433178 -0.05351036 -0.02969479 0.05612343 -0.05537933 -0.04022502 0.05970233 -0.05177402 0.0398426 0.1692751 -0.03905016 0.04700988 0.1541264 -0.04276674 -0.01154822 0.05891704 -0.04185754 0.04532873 0.1564136 -0.03257155 -0.004418551 0.06138211 -0.05933105 0.03226655 0.1790122 -0.02816522 -0.001136064 0.0620054 -0.03257739 -0.003864228 0.06097602 -0.01898765 0.04744023 0.1345033 -0.02815485 -4.26281e-4 0.0619089 -0.06039643 0.03022241 0.1789374 -0.04911649 -0.01817613 0.05544072 -0.0497809 0.03940063 0.1630828 -0.04038196 -0.008735418 0.05888611 -0.04169368 0.04416698 0.1537463 -0.03088486 0.04732316 0.1426826 -0.0264858 0.04686439 0.1381749 -0.05438643 -0.03115773 0.05428528 -0.0511372 0.0374549 0.1628655 -0.02814185 3.39327e-4 0.06190478 -0.04041177 -0.008501946 0.05864417 -0.05891287 0.03084838 0.1735793 -0.04929089 -0.01775634 0.05471885 -0.009128034 0.04188764 0.1265047 0 0.0453794 0.1288383 -0.05412238 -0.02917408 0.05329185 -0.05995666 0.0287618 0.1734398 -0.03257697 -0.002937912 0.06042253 -0.00910902 0.041359 0.126048 -0.03056466 0.0435456 0.1374242 -0.05609142 -0.04332053 0.05687731 -0.06508797 0.01966542 0.1842941 -0.05045235 -0.01906257 0.05361199 -0.06610721 0.01591783 0.1845 -0.02612584 0.04249507 0.1330097 -0.03256875 -0.00204724 0.06003594 -0.05063301 -0.01860207 0.05288445 -0.05833637 0.02898097 0.1682919 -0.04905819 0.03601056 0.1552163 -0.05501431 -0.03054243 0.05140113 -0.03255659 -0.00120902 0.05980712 -0.01279014 0.03988051 0.1254496 -0.04317694 -0.009286344 0.05639207 -0.01276481 0.03933846 0.1249817 -0.04320925 -0.009024739 0.05616027 -0.03831881 0.0400477 0.1413962 -0.04056489 -0.006798982 0.05715626 -0.03254359 -4.87495e-4 0.05971854 -0.04057341 5e-4 0.05456066 -0.05935442 0.02683693 0.1680942 -0.05604052 -0.05518448 0.06034785 -0.05036652 0.03395467 0.1549487 -0.04062396 -0.005480527 0.05626374 -0.04882001 0.03468406 0.1524792 -0.05689817 -0.04008483 0.04974454 -0.06610721 0.015908 0.1842787 -0.06487399 0.01887083 0.1785194 -0.05016964 -0.01483154 0.05104476 -0.03015542 0.03907543 0.1321261 -0.05688643 -0.04813313 0.05236172 -0.04337626 -0.007147371 0.05474853 -0.05011153 0.03259521 0.1521973 -0.04086536 0.03700935 0.1408933 -0.04063779 -0.004890322 0.05592232 -0.05562925 -0.02676212 0.04706317 -0.05749517 0.02610301 0.1615669 -0.01825195 0.03640973 0.123879 -0.05029916 -0.01423823 0.05048424 -0.03790432 0.03609895 0.1359342 -0.01821833 0.03585225 0.1233921 -0.04064559 -0.004253208 0.05559068 -0.05154472 -0.01544487 0.04920053 -0.04344213 -0.005726218 0.05391401 -0.06587243 0.01511168 0.17838 -0.05847489 0.02387517 0.1613051 -0.04064601 -0.003223896 0.05513781 -0.06726425 0.009940803 0.1842542 -0.0643289 0.01723146 0.1726585 -0.05656003 -0.02788549 0.04506957 -0.05765342 -0.04279565 0.04659157 -0.0404129 0.03301149 0.1353609 -0.05167949 -0.01481175 0.04864203 -0.06530004 0.01343291 0.1723971 -0.04345816 -0.005098283 0.05359691 -0.04063647 -0.002265632 0.05481886 -0.008805751 0.03014898 0.1168785 -0.05798411 -0.03890967 0.04421448 -0.06700426 0.009154021 0.1781577 -0.03740012 0.03149616 0.1303854 -0.04346793 -0.004425942 0.05328983 -0.06360173 0.01504909 0.1669838 -0.04062199 -0.001381695 0.0546289 -0.0406062 -6.27981e-4 0.05455672 -0.05644917 0.02203094 0.1533537 -0.05669486 -0.02400141 0.04309904 -0.02518284 0.03107649 0.1218164 -0.04347038 -0.003351151 0.05287086 -0.02514028 0.03050678 0.1213007 -0.05081003 -0.011083 0.0481286 -0.04766035 0.02698427 0.1392901 -0.04058665 1.82744e-4 0.05456119 -0.05085122 -0.01073515 0.0479204 -0.05737733 0.01970487 0.1530322 -0.05609798 0.02050256 0.1505212 -0.05690902 -0.02331769 0.0423336 -0.03987282 0.02837902 0.1297203 -0.01236218 0.02793991 0.1155856 -0.05868303 -0.0377826 0.04105216 -0.0645402 0.01118725 0.1666108 -0.04346197 -0.002361714 0.05257558 -0.05876648 -0.04136043 0.0408982 -0.04887813 0.02479451 0.1389437 -0.06639856 0.007431328 0.1719798 -0.05700808 0.0181477 0.1501837 -0.05765384 -0.0249328 0.04105389 -0.04344785 -0.00145626 0.05239975 -0.02910351 0.02751207 0.1205725 -0.05221289 -0.01147276 0.04631012 -0.05850136 -0.04699528 0.04156559 -0.02905642 0.02693921 0.1200376 -0.062536 0.01170146 0.1598286 -0.0522561 -0.01110702 0.04610556 -0.04708576 0.02288395 0.1335598 -0.04343217 -6.87575e-4 0.05233377 -0.05117809 5e-4 0.0447719 -0.0578739 -0.02420759 0.0402804 -0.06771886 -7.50314e-4 0.1777845 -0.01768654 0.02426081 0.1135957 -0.05738246 -0.05594021 0.04464781 -0.05107069 -0.008316993 0.04668992 -0.06559801 0.005106568 0.1660135 -0.04827737 0.02068108 0.1331749 -0.05948221 -0.04006713 0.03764992 -0.06342506 0.007740497 0.1593296 -0.05248814 -0.008576035 0.04490345 -0.008744835 0.02125418 0.1097338 0 0.009438455 0.09898471 -0.05116569 -0.006567895 0.04599714 -0.04643607 0.01821959 0.1276471 -0.05799967 -0.01889264 0.03854548 -0.06118535 0.007074415 0.1512112 -0.06708782 -0.002499818 0.1712764 -0.05964583 -0.04514735 0.03562378 -0.03615808 0.0198152 0.118085 -0.05119222 -0.00581628 0.0457409 -0.03610354 0.01924377 0.1175086 -0.0604031 -0.033818 0.03417831 -0.05444639 0.01222127 0.1369248 -0.05816316 -0.01804316 0.03798753 -0.04760521 0.01601982 0.1272071 -0.06441992 0.001530945 0.1585264 -0.05121171 -0.005026042 0.04549586 -0.0525906 -0.00675702 0.04423356 -0.01228362 0.01902002 0.108257 -0.05899626 -0.01954776 0.03646498 -0.06072741 0.005384802 0.1482698 -0.02447217 0.01881879 0.1108732 -0.05261987 -0.005978465 0.04398745 -0.05122679 -0.003794848 0.04516535 -0.05527877 0.009791195 0.1365227 -0.06038081 -0.04359203 0.03224647 -0.06200611 0.00299412 0.1505909 -0.059165 -0.01865822 0.03590542 -0.03856533 0.01670426 0.1171261 -0.0526421 -0.005162239 0.0437529 -0.05122715 -0.002694845 0.04493385 -0.03850841 0.01613563 0.1165329 -0.06124359 -0.0356841 0.03061002 -0.06625288 -0.004900693 0.1650003 -0.05904036 -0.05376356 0.03303027 -0.06152397 0.001270174 0.1476162 -0.05266088 -0.003895938 0.04343771 -0.05370217 0.008078038 0.1309515 -0.0512191 -0.001711785 0.04479724 -0.02832293 0.01527184 0.1091797 -0.05120742 -8.89398e-4 0.04474824 -0.05266398 -0.002770543 0.04321765 -0.01758897 0.0153678 0.1059344 -0.06162482 -0.02985394 0.02988505 -0.058824 -0.01370149 0.03572595 -0.05450862 0.005649447 0.1305114 -0.008866906 0.01353055 0.1031322 -0.0629118 -0.003373146 0.1495851 -0.05119097 -1.78604e-5 0.04475957 -0.05887919 -0.01323795 0.03553414 -0.06501585 -0.008615672 0.1571502 -0.06239783 -0.005142211 0.1465534 -0.05265802 -0.001769483 0.04308813 -0.05291062 0.003480195 0.1246829 -0.06187152 -0.02891141 0.02906632 -0.05264788 -9.34675e-4 0.04304212 -0.01245194 0.0113812 0.1014898 -0.05948603 5e-4 0.03293979 -0.0449469 0.006701767 0.1141278 -0.0598492 -0.01413106 0.03364694 -0.04488396 0.006147801 0.1134808 -0.05990666 -0.01364934 0.03345632 -0.06020432 -0.05122071 0.02670723 -0.05861759 -0.003289699 0.13424 -0.06249576 -0.03140163 0.02623105 -0.06218922 -0.03855562 0.02496105 -0.05369627 0.001070737 0.1241863 -0.02436411 0.01007378 0.1026754 -0.05918598 -0.01008367 0.03443819 -0.06274896 -0.03039115 0.02539801 -0.04608166 0.004556119 0.1134923 -0.0609501 -0.04922884 0.02313864 -0.03527164 0.007763147 0.1057048 -0.06022775 -0.01037847 0.03237169 -0.05933451 -0.00787127 0.03385877 -0.04601764 0.004006147 0.1128335 -0.06313997 -0.02302718 0.02508258 -0.00907588 0.008120059 0.09797722 -0.06341761 -0.01369822 0.1478353 -0.05931127 -0.007476925 0.1334531 -0.05938178 -0.006938934 0.03365373 -0.06333285 -0.02192962 0.02450811 -0.01782649 0.007910132 0.09886538 -0.05942153 -0.005972564 0.03346294 -0.03764837 0.004768729 0.1043419 -0.02821689 0.006671488 0.100611 -0.06038534 -0.00809139 0.03180289 -0.0634765 -0.03378123 0.02045643 -0.05772405 -0.007394611 0.1280205 -0.06287038 -0.01551795 0.1446936 -0.06043618 -0.007129549 0.03160303 -0.01273792 0.006130695 0.09622472 -0.05946505 -0.004500031 0.03321385 -0.009236216 0.005244255 0.09491801 -0.06373709 -0.0326662 0.01960235 -0.05838555 -0.01156204 0.1271621 -0.06005001 -0.01397562 0.1321592 -0.06047952 -0.006134033 0.0314179 -0.06405287 -0.02412593 0.02135723 -0.00934267 0.003629088 0.09305208 -0.01295673 0.003400146 0.09311974 -0.05948734 -0.003223419 0.03304469 -0.0568161 -0.011846 0.1213893 -0.06425166 -0.02296394 0.02077662 -0.02469509 0.002949118 0.09511685 -0.06052809 -0.004621028 0.03117781 -0.05949628 -0.002113938 0.0329467 -0.01822406 0.00293672 0.09339064 -0.05949723 -0.001203894 0.03291213 -0.05121946 -0.007588624 0.1098707 -0.06278425 -0.04312133 0.01550447 -0.06055438 -0.003314316 0.03101587 -0.05115097 -0.008112907 0.1091464 -0.06412756 -0.01643705 0.02222615 -0.05949276 -2.58261e-4 0.03292185 -0.035187 -4.48696e-4 0.09631067 -0.01310157 0.001893281 0.09123718 -0.06419581 -0.01586049 0.02203696 -0.0519784 -0.009910285 0.1091652 -0.06056654 -0.002183079 0.03092217 -0.05908352 -0.01802486 0.1257481 -0.06056988 -0.001257836 0.03088873 -0.04396414 -0.004761695 0.100031 -0.06056773 -2.99473e-4 0.03089714 -0.06509524 5e-4 0.01963406 -0.06508231 -0.02581739 0.0154758 -0.05745398 -0.01596713 0.1204292 -0.06507402 -0.01717203 0.01847732 -0.02860653 -2.05831e-4 0.09271293 -0.0645858 -0.01197892 0.02097558 -0.06528812 -0.02455681 0.01488548 -0.06514489 -0.01656603 0.01828724 -0.0640915 -0.03755557 0.01082926 -0.06435644 -0.03627371 0.009947001 -0.01852673 4.43788e-4 0.09018886 -0.009613454 1.57171e-4 0.08847689 0 4.99267e-4 0.0886721 -0.06478786 -0.009296357 0.02043598 -0.06038242 -0.0244255 0.1298369 -0.06485646 -0.008176624 0.02025175 -0.02523523 -0.001594781 0.08929157 -0.06555253 -0.01249414 0.01722323 -0.06491762 -0.007024645 0.02008509 -0.0187264 -8.89114e-4 0.08826369 -0.06614309 -0.01830792 0.01255506 -0.01346844 -0.001254498 0.08666896 -0.06621724 -0.01765692 0.01236289 -0.009811818 -0.001987755 0.08497309 -0.009852349 -0.002390623 0.08421009 0 -0.003241598 0.08197224 -0.06499171 -0.005292236 0.01987636 -0.06576615 -0.009687364 0.016685 -0.05937784 -0.02840995 0.1231975 -0.0292313 -0.004459261 0.08664101 -0.0658394 -0.008517742 0.01650232 -0.06503838 -0.003820657 0.01974034 -0.0256434 -0.003740847 0.08591574 -0.06590521 -0.007315993 0.01633805 -0.0357005 -0.00674802 0.08765399 -0.06506675 -0.002569019 0.01966112 -0.06572711 -0.02849978 0.005705952 -0.05498874 -0.02232462 0.1052432 -0.0650826 -0.001559376 0.0196281 -0.01373547 -0.003109216 0.08322423 -0.06664592 -0.01329416 0.01128894 -0.06593739 -0.02708381 0.005102276 -0.06598609 -0.00551331 0.01613414 -0.06509256 -5.29925e-4 0.01962465 -0.06603813 -0.003988444 0.01600247 -0.01378971 -0.003445982 0.08248066 -0.02591145 -0.00482589 0.08390551 -0.06687349 -0.01029711 0.01074767 -0.06607085 -0.002697467 0.0159251 -0.06609004 -0.001659989 0.01589041 -0.0669524 -0.009050786 0.0105651 -0.06610321 -6.06885e-4 0.01588165 -0.06726253 5e-4 0.009935617 -0.06702387 -0.007772624 0.01040202 -0.02970129 -0.006380438 0.08313864 -0.06681376 -0.02011591 0.002725481 -0.05560487 -0.02628135 0.1039184 -0.06689012 -0.01939427 0.00252974 -0.06711292 -0.005861461 0.01020193 -0.01006174 -0.004231452 0.07975685 -0.06717157 -0.004253864 0.0100739 -0.06720954 -0.002901494 0.009997069 -0.06723272 -0.001820206 0.009958386 -0.06733345 -0.01457476 0.001434683 -0.06724983 -7.29553e-4 0.009940326 -0.06726092 3.58531e-4 0.009935379 -0.06757092 -0.01127904 8.82304e-4 -0.06765389 -0.009912371 6.96462e-4 -0.06772947 -0.008513987 5.31318e-4 -0.06782442 -0.006431937 3.30618e-4 -0.06788766 -0.004692852 2.02681e-4 -0.0679292 -0.003241539 1.22315e-4 -0.06795513 -0.002088844 7.45826e-5 -0.06797486 -9.35592e-4 4.01651e-5 -0.06798851 2.12504e-4 1.82295e-5 0 -0.004651248 0.07699203 0.01885497 -0.001731693 0.08693188 0.01851123 4.52355e-4 0.09019744 0.02882015 -0.007019281 0.08065569 0.0657562 -0.009682953 0.0167278 0.06681114 -0.01025348 0.0111764 0.06684798 -0.009689927 0.01109057 0.06579059 -0.009152173 0.01664197 0.06483918 -0.001538038 0.02042126 0.0648241 -0.00254178 0.02045398 0.06607979 -0.001658797 0.01593315 0.03746712 -2.6436e-4 0.09837543 0.04486155 -0.01122814 0.09240084 0.04512786 -0.01578527 0.08464568 0.03763848 -0.005445361 0.09157311 0.06606066 -0.002696037 0.01596778 0.01000195 -0.003569841 0.0816273 0.009833931 -0.001993894 0.08496373 0.01543438 -0.004720687 0.07933056 0.06589519 -0.007312715 0.01638078 0.06696087 -0.007739841 0.01083076 0.01519066 -0.003544628 0.08253079 0.06609296 -6.06004e-4 0.01592445 0.06484836 -5.13626e-4 0.02041882 0.04521828 -0.01593321 0.08454537 0.06593739 -0.02708381 0.005102276 0.0666536 -0.02155494 0.003142297 0.04495048 -0.01138538 0.0923146 0.06592756 -0.01951682 0.01339113 0.03788799 -0.00868535 0.08652263 0.0380097 -0.008819639 0.08641904 0.03847336 -0.01147091 0.08133566 0.06609988 5e-4 0.01592946 0.06609934 2.66364e-4 0.01592743 0.02951169 -0.005834937 0.08418875 0.02893805 -0.003061234 0.08879292 0.06597596 -0.005510807 0.01617687 0.0670495 -0.005836427 0.01063054 0.03859746 -0.01159548 0.08122283 0.0665844 -0.01323705 0.01171725 0.06615698 -0.01757925 0.01279038 0.06689012 -0.01939427 0.00252974 0.06602799 -0.003986537 0.01604521 0.06710773 -0.004234731 0.01050239 0.02831453 -0.005454778 0.08411961 0.03018331 -0.007819354 0.0796718 0.02965497 -0.006349086 0.08317196 0.01022219 -0.00501585 0.07588887 0.0671454 -0.002886712 0.01042562 0.01011615 -0.004462897 0.07895636 0.05552768 -0.0267173 0.1031076 0.05624777 -0.02224612 0.1105431 0.05615001 -0.03244924 0.1010633 0.05687105 -0.02809125 0.1087709 0.06716835 -0.001808583 0.01038724 0.06733345 -0.01457476 0.001434683 0.05114012 -0.01711827 0.0982787 0.0547648 -0.02196729 0.104722 0.05402511 -0.02832967 0.09358626 0.04526042 -0.003170907 0.1038601 0.05061012 -0.01553714 0.09892159 0.05035954 -0.02298372 0.08586645 0.06718522 -7.20661e-4 0.01036989 0.06757092 -0.01127904 8.82304e-4 0.06760972 -0.01065802 7.94809e-4 0.01559799 -0.005297183 0.07681405 0.01025581 -0.005070447 0.07470095 0.06772947 -0.008513987 5.31318e-4 0.06782442 -0.006431937 3.30618e-4 0.01957494 -0.004923701 0.08028346 0.01987534 -0.005761206 0.07717359 0.06788766 -0.004692852 2.02681e-4 0.05089884 -0.02446484 0.08502727 0.0679292 -0.003241539 1.22315e-4 0.05808854 -0.02190011 0.1189666 0.05717587 -0.03859239 0.1052403 0.05839681 -0.03262537 0.116003 0.06795513 -0.002088844 7.45826e-5 0.0456196 -0.01856577 0.07877469 0.06797486 -9.35592e-4 4.01651e-5 0.06798654 1.63833e-5 2.11667e-5 0.04571175 -0.01870489 0.0786637 0.03924953 -0.01345282 0.07617783 0.01936328 -0.004149854 0.08229053 0.02955901 -0.008360981 0.07589673 0.03937649 -0.01356536 0.07605618 0.05479496 -0.03291273 0.09157663 0.01031476 -0.004795789 0.07209515 0.01574748 -0.005512118 0.07397407 0.02007532 -0.006070494 0.07476699 0.03944224 -0.0137639 0.07504856 0.03095424 -0.00900048 0.07488459 0.03956991 -0.01387339 0.07492512 0.01579397 -0.005449056 0.07288855 0.01034229 -0.004222333 0.0703938 0.01590847 0.06611126 0.1845 0.01030409 0.06708335 0.1781577 0.02986299 -0.008611559 0.073915 0.01590859 0.06611168 0.1844876 0.03096771 0.06053745 0.1845 0.02041774 0.06486046 0.1844813 0.01034635 -0.00407207 0.07008689 0.01584327 0.06593614 0.1780841 0.03127104 -0.00917387 0.07290148 0.01017254 0.06668448 0.1716691 0.01035773 -0.003434956 0.06908047 0.02035361 0.06462228 0.1780059 0.0507369 -0.0268253 0.07703053 0.01566123 0.0654385 0.1715446 0.03096824 0.06053566 0.1844616 0.02025574 -0.005999326 0.07209378 0.05646812 -0.04276537 0.09702962 0.01006716 0.0660144 0.1660544 0.03241556 0.0597729 0.1844583 0.05543082 -0.0384503 0.0890513 0.04311794 0.05257493 0.1845 0.04637253 -0.02061206 0.07287466 0.02013617 0.06401371 0.1714102 0.01550912 0.06466799 0.1658779 0.04646694 -0.02074038 0.07275325 0.03091287 0.06008428 0.1777545 0.01587331 -0.004958152 0.07053303 0.04014909 -0.01444637 0.07120448 0.009979546 0.06464731 0.1593428 0.01036512 -0.002620518 0.06822222 0.03236025 0.05928516 0.1777117 0.04027932 -0.01454412 0.07107549 0.01994776 0.06313288 0.1656935 0.009954512 0.06390887 0.1567583 0.05129033 -0.02821463 0.07605147 0.02031099 -0.005835711 0.07108426 0.01537662 0.06316572 0.1590577 0.04312127 0.05257296 0.184428 0.01036888 -0.001778006 0.0676521 0.04326331 0.05245614 0.1844276 0.0523855 0.04335147 0.1845 0.03028976 -0.008597254 0.07095009 0.03061395 0.0591107 0.170969 0.0159083 -0.004288315 0.06900858 0.01533699 0.06236714 0.156412 0.01591312 -0.004125773 0.06873381 0.03204864 0.05825012 0.1708931 0.0538572 -0.03497153 0.07892447 0.01977652 0.06149113 0.1587862 0.01037043 -9.65319e-4 0.06733244 0.03171527 -0.009034872 0.06994938 0.01972335 0.06063532 0.1560946 0.03033173 0.05787318 0.1651023 0.01037067 -2.66132e-4 0.06721329 0.04303914 0.05176967 0.1773183 0.01592594 -0.003461122 0.06783062 0.0204035 -0.005155563 0.0689159 0.04318034 0.05164813 0.177312 0.01036924 5e-4 0.06720042 0.01036995 4.68492e-4 0.06720471 0.009845733 0.05978012 0.1470977 0.05135446 -0.02892732 0.07034254 0.03175127 0.05695301 0.1650015 0.03056943 -0.008237779 0.06875044 0.009820818 0.058963 0.1456807 0.05238765 0.04334437 0.1843904 0.01593279 -0.002640843 0.06705343 0.0597285 0.03249496 0.1845 0.05250179 0.04320603 0.1843898 0.04735553 -0.02168589 0.06704813 0.0151658 0.05793499 0.1464307 0.04260331 0.05019819 0.1701886 0.04745274 -0.02180117 0.066917 0.03004747 0.05580353 0.1579853 0.02044224 -0.004394829 0.06752485 0.0159347 -0.001804292 0.06652945 0.04274243 0.05006861 0.1701772 0.05192297 -0.03022885 0.06925743 0.01512801 0.05706042 0.1449583 0.03144776 0.05481374 0.1578542 0.02044731 -0.004219532 0.06727445 0.05465978 -0.0392732 0.07632857 0.02995187 0.05478525 0.155195 0.01949572 0.05595034 0.1458785 0.03200614 -0.008577883 0.0677728 0.03134465 0.05377006 0.155051 0.04117256 -0.01431185 0.06610995 0.0194472 0.05503207 0.1443653 0.04759818 -0.02176976 0.06578135 0.0522167 0.04221999 0.1768254 0.04130637 -0.01439034 0.06597572 0.05232918 0.0420776 0.1768181 0.04769605 -0.02188175 0.06564819 0.04216247 0.0483824 0.1640702 0.01593387 -9.98349e-4 0.06623047 0.02045989 -0.003522217 0.06645029 0.04229915 0.04824501 0.1640553 0.02044671 5e-4 0.06485134 0.0159316 -3.02072e-4 0.06611686 0.009562849 0.05213201 0.1364631 0.05578666 -0.0484482 0.08413648 0.059731 0.03248584 0.1843464 0.03081673 -0.007447957 0.06641042 0.01474779 0.04979217 0.1353776 0.02046489 -0.002686262 0.06573647 0.06483942 0.0204721 0.1845 0.06049066 0.03104847 0.1843405 0.05160433 0.04007494 0.1692957 0.0415908 -0.01386117 0.06407809 0.05171412 0.03992486 0.1692823 0.04172611 -0.01393061 0.06394267 0.04167133 0.04564625 0.1566753 0.05434536 -0.03806638 0.06893366 0.03226286 -0.007682979 0.0654726 0.02955538 0.04948675 0.1445009 0.02046424 -0.001845657 0.06524974 0.03089082 -0.007028639 0.06555604 0.0418049 0.04549998 0.1566567 0.03091937 0.04838496 0.1442975 0.05227059 -0.03014636 0.06364524 0.009310901 0.04608088 0.130283 0.02046042 -0.00103867 0.06496846 0.05533623 -0.04448008 0.07308691 0.02947843 0.04847604 0.1429041 0.01897203 0.04744964 0.1345065 0.04848539 -0.02158761 0.06150674 0.04149472 0.04439181 0.1537762 0.04162704 0.0442425 0.1537563 0.04858571 -0.02168738 0.06136733 0.03083795 0.04736262 0.1426901 0.03233969 -0.00722599 0.06463724 0.02045536 -3.40598e-4 0.0648604 0.05942338 0.03110551 0.1762481 0.05285799 -0.03134059 0.06245726 0.05097198 0.03769892 0.1628929 0.02044838 4.07232e-4 0.06485313 0.0310105 -0.005852699 0.06377488 0.05107885 0.03754127 0.1628752 0.06016474 0.02964353 0.1761717 0.04217576 -0.01271992 0.06116515 0.01438254 0.04343807 0.1289741 0.04231309 -0.01277494 0.06102955 0.009129643 0.04134827 0.1260419 0.06484174 0.02046245 0.1842974 0.05518448 -0.04209989 0.06591117 0.05860096 0.02844011 0.1682422 0.03246349 -0.005975484 0.062904 0.03105628 -0.004832983 0.06266421 0.01852315 0.04089057 0.1279149 0.03106164 -0.00461781 0.06246572 0.05022972 0.03432744 0.1552234 0.05507624 -0.0394451 0.06136929 0.05344909 -0.03022611 0.057078 0.0503329 0.03416126 0.1552018 0.05931603 0.02692097 0.168102 0.03251057 -0.00491476 0.06182855 0.02878177 0.04029738 0.1324322 0.04255813 -0.01148223 0.05911928 0.06609684 0.01595091 0.1842789 0.06719613 0.01038062 0.1845 0.01412093 0.03852587 0.1245877 0.03251606 -0.004692971 0.06163668 0.03107267 -0.003806948 0.06181186 0.04079544 0.03834909 0.1426125 0.04269689 -0.0115261 0.05898493 0.04976588 -0.02005356 0.05597901 0.04092329 0.03819084 0.1425874 0.03010964 0.03911715 0.1321364 0.05373853 -0.03006565 0.05565917 0.04995441 0.03285694 0.1522327 0.04986971 -0.02013391 0.05583298 0.05005609 0.03268784 0.1522098 0.05405879 -0.03129237 0.05579543 0.04067409 0.03724896 0.1409326 0.03107267 -0.002895772 0.06123906 0.04080128 0.03708976 0.1409065 0.03252714 -0.003862261 0.06100475 0.06439375 0.01893657 0.1756066 0.05590146 -0.04698359 0.06214499 0.05774998 0.02554059 0.161501 0.05435353 -0.03110074 0.05435723 0.03106516 -0.002014517 0.06083995 0.01820325 0.03586274 0.1233965 0.008906066 0.03399753 0.1199572 0.05594962 -0.04321223 0.05802285 0.0557661 -0.05391776 0.0668559 0.06719905 0.01037234 0.184256 0.058438 0.02396237 0.1613154 0.03252673 -0.002936422 0.06045055 0.06560754 0.0144025 0.1753646 0.05028963 -0.01895219 0.05384069 0.028158 0.03339952 0.1253626 0.05039489 -0.01902353 0.05369293 0.06337428 0.0158717 0.1670626 0.0310539 -0.001182556 0.06060421 0.02946329 0.03218811 0.1249958 0.01379919 0.0309875 0.1182942 0.04289633 -0.009745061 0.0570687 0.0325185 -0.002046108 0.0600636 0.0567224 0.02157527 0.1535221 0.0430364 -0.009776771 0.05693709 0.03247243 5e-4 0.0597462 0.03104174 -4.65454e-4 0.06051284 0.06667083 0.00881654 0.1750642 0.05613011 -0.03977507 0.05382722 0.04890006 0.02622294 0.1407271 0.0325064 -0.001208126 0.05983453 0.04899644 0.02604651 0.1406998 0.05479454 -0.0289691 0.05090457 0.05737507 0.01992976 0.1532952 0.04299807 -0.008983612 0.05635625 0.03968733 0.02862411 0.1297719 0.0431385 -0.00901097 0.05622607 0.03249341 -4.86739e-4 0.05974584 0.03981071 0.02846127 0.1297376 0.05633509 0.01990753 0.1504364 0.03247737 2.92076e-4 0.05974441 0.04873025 0.02506852 0.1389871 0.05542862 -0.02988851 0.04954165 0.05670213 -0.04776859 0.05385839 0.06453067 0.01123124 0.1666151 0.04882597 0.02489149 0.1389591 0.05102539 -0.01677745 0.05087077 0.01781111 0.02821493 0.1169031 0.05113273 -0.01683461 0.05072164 0.04316395 -0.007119774 0.05493891 0.02772092 0.02820521 0.120477 0.05697393 0.01823985 0.150197 0.05704241 -0.04321086 0.05017244 0.06231993 0.01254689 0.1599338 0.04330515 -0.007138133 0.05481243 0.05746704 -0.0387988 0.04649281 0.02901184 0.0269823 0.1200525 0.05639177 -0.05584263 0.05494081 0.04322928 -0.005706667 0.05410015 0.008765399 0.02460587 0.1124558 0.0655387 0.005544245 0.1660569 0.04337084 -0.005719661 0.05397653 0.06341612 0.007785558 0.1593353 0.04323726 -0.00542593 0.05395317 0.06743663 -0.001524865 0.1745002 0.03887736 0.02158164 0.1220481 0.05151128 -0.01474022 0.0488727 0.04337894 -0.00543797 0.05383008 0.03899854 0.0214188 0.1220052 0.05162012 -0.01478648 0.04872369 0.05631852 -0.02599573 0.04486674 0.01359897 0.02150458 0.1105244 0.05779391 -0.03838258 0.04491859 0.06102496 0.00809288 0.1516001 0.05488538 0.0127924 0.1386169 0.04325467 -0.004412114 0.05347234 0.04339647 -0.004421293 0.0533511 0.02719253 0.02045142 0.1133962 0.05698025 -0.02673572 0.04343801 0.04746335 0.01629477 0.1272619 0.05783259 -0.0473563 0.04563266 0.04325699 -0.003341019 0.05305087 0.06436449 0.001976788 0.158585 0.04755514 0.01611709 0.1272265 0.04339891 -0.003347754 0.0529313 0.0584219 -0.04184287 0.0425648 0.06053245 0.006265461 0.1484072 0.05547559 0.01107424 0.1383383 0.05694437 -0.02423757 0.04258245 0.008786857 0.01852154 0.1074666 0.04324841 -0.002354085 0.05275374 0.05466365 0.01160669 0.1368236 0.0519495 -0.01213812 0.04696679 0.02846753 0.0192306 0.1128762 0.04339045 -0.002359151 0.05263543 0.05205982 -0.01217252 0.04681903 0.01757037 0.01870888 0.108869 0.05875861 -0.04133272 0.04093611 0.0620405 0.00319004 0.1508603 0.0552476 0.009886145 0.1365385 0.05761778 -0.0248965 0.04113394 0.04323428 -0.0014503 0.05257689 0.03832805 0.01637905 0.1166087 0.04337632 -0.001454234 0.05245923 0.05898457 -0.03634321 0.03967541 0.03844803 0.01621729 0.1165583 0.05723679 -0.05601936 0.04591697 0.06625288 -0.004900693 0.1650003 0.0520848 -0.01106053 0.04633301 0.06151598 0.001316845 0.1476237 0.05219566 -0.01109057 0.04618608 0.0136342 0.01545363 0.1053541 0.04321855 -6.82851e-4 0.05251044 0.008870482 0.01412397 0.1036655 0.04336065 -6.85988e-4 0.05239313 0.04333162 5e-4 0.0524078 0.04319876 1.40511e-4 0.05251687 0.06290727 -0.002763509 0.149926 0.0465061 0.009336531 0.1189144 0.0433408 1.38099e-4 0.05239969 0.05783015 -0.02103012 0.03948205 0.04659599 0.009161114 0.1188701 0.06501585 -0.008615672 0.1571502 0.05925095 -0.04550337 0.03769892 0.06235003 -0.004683375 0.1466314 0.05231523 -0.00854355 0.04512757 0.01761883 0.01271778 0.1035196 0.05242711 -0.008564531 0.04498279 0.05998456 -0.03895014 0.03552377 0.05871486 -0.001194775 0.1362524 0.05852103 -0.02156245 0.03801375 0.05311596 0.0028705 0.1245577 0.01376056 0.01113808 0.1014195 0.05959647 -0.04487746 0.03600627 0.02688419 0.01107484 0.1045629 0.05241674 -0.006733238 0.04445493 0.05252921 -0.006748616 0.04431194 0.0584461 -0.002391695 0.1344045 0.05243086 -0.006383061 0.04434043 0.0584048 -0.0548309 0.03701013 0.0376833 0.008772432 0.1085944 0.05842363 -0.01819896 0.03746181 0.03780215 0.008614242 0.1085311 0.0525434 -0.006397426 0.04419779 0.009012699 0.009939134 0.09978348 0.06070417 -0.03192538 0.0331093 0.05366683 0.001164853 0.1242058 0.05246758 -0.005145072 0.04397183 0.028153 0.009892523 0.1039113 0.05912721 -0.01863425 0.03598695 0.04588013 0.004273533 0.1129143 0.05258047 -0.005156159 0.04383039 0.05248588 -0.003883183 0.04365473 0.05259907 -0.003891408 0.04351454 0.06085371 -0.04207485 0.03039723 0.04596912 0.004100799 0.1128621 0.05958706 -0.006232559 0.1353318 0.0614134 -0.02952045 0.03066283 0.01777994 0.008492588 0.09945213 0.05248862 -0.002761006 0.04343336 0.06346595 -0.01353937 0.1481129 0.05930435 -0.00742948 0.1334623 0.05897188 -0.01473659 0.03560602 0.01397401 0.007099032 0.09741294 0.05260205 -0.002767145 0.04329407 0.009207844 0.00605005 0.09580677 0.06175559 -0.03401678 0.02877593 0.06287038 -0.01551795 0.1446936 0.05248242 -0.001762211 0.04330295 0.05259603 -0.00176692 0.04316419 0.05968874 -0.0150668 0.03413176 0.02697485 0.005345344 0.09866917 0.05203163 -0.003864645 0.1155633 0.05914622 -0.01334202 0.0350098 0.0603075 -0.01231694 0.1341534 0.05247205 -9.28984e-4 0.04325658 0.009257197 0.005234181 0.09490823 0.05258578 -9.3266e-4 0.04311805 0.05985289 -0.05206328 0.02850776 0.02825105 0.004213094 0.09792762 0.05255746 5e-4 0.04314297 0.05245673 -4.81469e-5 0.04326826 0.05257064 -5.09585e-5 0.0431298 0.05256879 -0.005536198 0.1151302 0.05986791 -0.01363325 0.03353774 0.06001073 -0.01351165 0.1322549 0.06020432 -0.05122071 0.02670723 0.01805031 0.004594922 0.09531873 0.06248694 -0.03138417 0.02627271 0.05665755 -0.01096153 0.1215903 0.06242436 -0.0253067 0.02739161 0.01426577 0.00344032 0.09333598 0.04517209 -0.003003537 0.1039263 0.05945664 -0.01015812 0.033917 0.06267029 -0.03651779 0.02344143 0.06018847 -0.01036697 0.0324527 0.0596075 -0.007926821 0.03334045 0.05963039 -0.007501006 0.0332455 0.03734821 -1.14235e-4 0.09845697 0.06311005 -0.02170705 0.02530246 0.06148159 -0.04763978 0.02077555 0.009441316 0.00254935 0.09172761 0.06353151 -0.02681887 0.02293843 0.01433932 0.002689182 0.09242081 0.0603457 -0.008082807 0.03188353 0.02722257 0.001423358 0.09419566 0.06342142 -0.03361219 0.02087342 0.06036978 -0.007647395 0.03179019 0.05969631 -0.006013274 0.03294748 0.05134922 -0.008699357 0.1089652 0.05744767 -0.01592046 0.1204403 0.05974113 -0.004530489 0.03270083 0.0285117 3.43794e-4 0.09338688 0.06043964 -0.006127715 0.03149819 0.05188089 -0.0103389 0.1084564 0.05976438 -0.003246307 0.03253352 0.01841861 0.001145899 0.09113252 0.06375586 -0.01741206 0.02342581 0.06069487 -0.02323955 0.1317993 0.06424236 -0.02295225 0.02081918 0.06048798 -0.00461626 0.03125774 0.01461297 2.71208e-4 0.08920586 0.06038242 -0.0244255 0.1298369 0.05977416 -0.002131342 0.03243666 0.05547994 -0.01739966 0.1119348 0.06051409 -0.003310739 0.0310955 0.009717345 -7.71544e-4 0.08705437 0.06396591 -0.01570898 0.02283471 0.06449621 -0.02862757 0.01746618 0.02762931 -0.002051115 0.08966755 0.05977571 -0.001217484 0.03240239 0.06052613 -0.002180337 0.03100168 0.0605219 5e-4 0.03099441 0.05977183 -2.68638e-4 0.03241181 0.03751838 -0.005303323 0.09166723 0.06052941 -0.001255691 0.03096818 0.06332719 -0.0409497 0.01349496 0.06052714 -2.97853e-4 0.03097665 0.06491523 -0.01836836 0.01892459 0.06435179 -0.01186853 0.02177345 0.06522995 -0.02444362 0.01531046 0.0651353 -0.01655805 0.01833003 0.0640915 -0.03755557 0.01082926 0.06455117 -0.009212791 0.02123308 0.064583 -0.00870949 0.02114647 0.01502013 -0.002564489 0.0845679 0.06467878 -0.006962537 0.02088099 0.06554269 -0.0124883 0.01726603 0.02817744 -0.004916608 0.08512425 0.06475132 -0.005245149 0.02067095 0.06518715 -0.03182703 0.007313191 0.06479668 -0.003785014 0.02053374 -0.01469463 5e-4 -0.0202254 0.02377641 5e-4 0.007725417 0.02110815 5e-4 0.01339566 -0.009203076 5e-4 -0.02324438 -0.01711362 5e-4 0.01822417 -0.02110815 5e-4 0.01339566 0.02495062 5e-4 0.001569747 -0.01204383 5e-4 0.02190762 -0.003133296 5e-4 -0.02480286 0.02455717 5e-4 -0.004684507 -0.02377641 5e-4 0.007725417 0.003133296 5e-4 -0.02480286 -0.006217241 5e-4 0.02421456 0.009203076 5e-4 -0.02324438 -0.02495062 5e-4 0.001569747 0.02262067 5e-4 -0.01064443 0 5e-4 0.02499997 0.01469463 5e-4 -0.0202254 -0.02455717 5e-4 -0.004684507 0.01926279 5e-4 -0.01593559 0.006217241 5e-4 0.02421456 -0.02262067 5e-4 -0.01064443 0.01204383 5e-4 0.02190762 -0.01926279 5e-4 -0.01593559 0.01711362 5e-4 0.01822417 0.01593559 0.01926279 0.1845 -0.01822417 -0.01711362 0.1845 -0.02190762 -0.01204383 0.1845 -0.02421456 -0.006217241 0.1845 0.01064443 0.02262067 0.1845 0.01593559 -0.01926279 0.1845 -0.02499997 0 0.1845 0.0202254 -0.01469463 0.1845 0.004684507 0.02455717 0.1845 0.01064443 -0.02262067 0.1845 0.02324438 -0.009203076 0.1845 -0.001569747 0.02495062 0.1845 -0.007725417 0.02377641 0.1845 0.004684507 -0.02455717 0.1845 -0.02421456 0.006217241 0.1845 0.02480286 -0.003133296 0.1845 -0.02190762 0.01204383 0.1845 -0.001569747 -0.02495062 0.1845 -0.01339566 0.02110815 0.1845 -0.01822417 0.01711362 0.1845 0.02480286 0.003133296 0.1845 -0.007725417 -0.02377641 0.1845 0.02324438 0.009203076 0.1845 -0.01339566 -0.02110815 0.1845 0.0202254 0.01469463 0.1845 0.01593559 -0.01926279 0.1745 0.0202254 -0.01469463 0.1745 0.02324438 -0.009203076 0.1745 0.004684507 -0.02455717 0.1745 0.01064443 -0.02262067 0.1745 -0.001569747 -0.02495062 0.1745 0.02480286 -0.003133296 0.1745 0.02480286 0.003133296 0.1745 -0.007725417 -0.02377641 0.1745 0.02324438 0.009203076 0.1745 0.0202254 0.01469463 0.1745 -0.01339566 -0.02110815 0.1745 -0.01822417 -0.01711362 0.1745 -0.02190762 -0.01204383 0.1745 -0.02421456 -0.006217241 0.1745 -0.02499997 0 0.1745 0.01064443 0.02262067 0.1745 0.004684507 0.02455717 0.1745 -0.001569747 0.02495062 0.1745 0.01593559 0.01926279 0.1745 -0.02421456 0.006217241 0.1745 -0.02190762 0.01204383 0.1745 -0.007725417 0.02377641 0.1745 -0.01339566 0.02110815 0.1745 -0.01822417 0.01711362 0.1745 0.02495062 0.01049995 0.001569747 0.02110815 0.01049995 0.01339566 0.02377641 0.01049995 0.007725417 0.02262067 0.01049995 -0.01064443 0.02455717 0.01049995 -0.004684507 0.01469463 0.01049995 -0.0202254 0 0.01049995 0.02499997 0.006217241 0.01049995 0.02421456 0.01204383 0.01049995 0.02190762 0.01711362 0.01049995 0.01822417 0.01926279 0.01049995 -0.01593559 0.009203076 0.01049995 -0.02324438 -0.02377641 0.01049995 0.007725417 -0.02110815 0.01049995 0.01339566 -0.01711362 0.01049995 0.01822417 0.003133296 0.01049995 -0.02480286 -0.009203076 0.01049995 -0.02324438 -0.003133296 0.01049995 -0.02480286 -0.01204383 0.01049995 0.02190762 -0.006217241 0.01049995 0.02421456 -0.02262067 0.01049995 -0.01064443 -0.02455717 0.01049995 -0.004684507 -0.02495062 0.01049995 0.001569747 -0.01926279 0.01049995 -0.01593559 -0.01469463 0.01049995 -0.0202254 -0.04040515 -0.08701437 0.07627463 -0.04035377 -0.0956549 0.04978483 -0.0394929 -0.09247809 0.06316149 -0.03933739 -0.09844607 0.04250091 -0.04048329 -0.09979826 0.02947884 -0.03937315 -0.1017661 0.02182829 -0.04074472 -0.1008307 0.01055371 -0.0395354 -0.1016823 0.003925919 -0.04103428 -0.09907174 -0.003902196 -0.03975766 -0.09870117 -0.01075994 -0.04134845 -0.09488511 -0.01660764 -0.03998446 -0.09399753 -0.02162885 -0.04164415 -0.08860731 -0.0270769 -0.04027491 -0.08663964 -0.03172188 -0.04191237 -0.08012044 -0.03588771 -0.0405395 -0.07903772 -0.03848749 -0.04081946 -0.07015198 -0.04392039 -0.04214227 -0.06741082 -0.04395604 -0.04113095 -0.05886173 -0.04848766 -0.04223507 -0.05393028 -0.04902529 -0.04148405 -0.04294925 -0.05218011 -0.06034523 -0.05522918 0.01427704 -0.05920195 -0.05775767 0.02386158 -0.06049603 -0.05405277 0.01677411 -0.04708915 -0.09093892 0.01315617 -0.04694396 -0.09118533 0.01638734 -0.04870325 -0.08804106 0.01654732 -0.05341881 -0.07774764 0.01017886 -0.05261659 -0.0798096 0.0197457 -0.05585551 -0.07107698 0.02000308 -0.05603897 -0.07062947 0.01832771 -0.05224281 -0.08071976 0.01856631 -0.04382801 -0.09624856 0.01514858 -0.04346209 -0.09543466 0.03083503 -0.04438006 -0.09386652 0.03227752 -0.04051929 -0.1001291 0.02667534 -0.04478436 -0.09472286 0.01673996 -0.06053864 -0.05455756 0.01330322 -0.06069284 -0.05340778 0.01580148 -0.04905962 -0.0872299 0.01023274 -0.05303108 -0.07859367 0.008942127 -0.05731528 -0.06664502 0.009721517 -0.05615824 -0.07021385 0.01895815 -0.05713307 -0.06600034 0.02536267 -0.05835032 -0.062909 0.01634472 -0.0449233 -0.0945459 0.01266509 -0.05358278 -0.07718771 0.008428931 -0.05718892 -0.06701374 0.009069621 -0.0574578 -0.06611824 0.008709907 -0.05850178 -0.06244248 0.01535069 -0.0531919 -0.07801967 0.007182776 -0.05733042 -0.06648105 0.008056282 -0.05993878 -0.0572797 0.009936869 -0.05870342 -0.0614748 0.01710432 -0.05907046 -0.05911296 0.02139365 -0.04395341 -0.09605342 0.01103532 -0.04504531 -0.09425932 0.009364426 -0.06012547 -0.05656158 0.008961021 -0.0597189 -0.05812001 0.008162558 -0.0474081 -0.09003984 0.006722569 -0.05990254 -0.05738288 0.007185935 -0.04668951 -0.07481539 0.08826822 -0.04406344 -0.09574949 0.0077039 -0.04810398 -0.07411473 0.08438724 -0.0509727 -0.07034951 0.08030933 -0.0453127 -0.09326279 0.002796292 -0.04971885 -0.08465361 2.02353e-4 -0.04465371 -0.07826918 0.08619236 -0.04648965 -0.07719051 0.08241009 -0.05859476 -0.06131219 0.001444339 -0.04369252 -0.0798009 0.08528155 -0.04782086 -0.07765972 0.0751608 -0.0545929 -0.07283622 -0.001164078 -0.04449295 -0.08066719 0.08019322 -0.0584585 -0.06162732 7.83246e-4 -0.04354989 -0.08221036 0.07922118 -0.05101716 -0.07430821 0.06667506 -0.04985171 -0.08398008 -0.001623332 -0.04430443 -0.0947104 0.001076042 -0.04624927 -0.08075797 0.07298213 -0.05876529 -0.0605027 4.64813e-4 -0.05458652 -0.06489706 0.06215423 -0.05064851 -0.07534182 0.06583738 -0.05471539 -0.07221013 -0.00220406 -0.05418032 -0.07357549 -0.002452135 -0.05100023 -0.07494008 0.06457281 -0.06134915 -0.05131393 0.003137528 -0.05463361 -0.06539565 0.05995136 -0.0586276 -0.06081068 -1.96574e-4 -0.05063331 -0.07597237 0.06371891 -0.04430204 -0.08426612 0.07054215 -0.04056221 -0.0867846 0.07641237 -0.05429995 -0.07293754 -0.003495454 -0.04799473 -0.08727431 -0.003480672 -0.05358499 -0.07012271 0.05718147 -0.06110507 -0.05201262 0.00136888 -0.05346721 -0.07063621 0.05669122 -0.06173467 -0.04945814 0.001485466 -0.04338127 -0.08582562 0.06947308 -0.04811239 -0.08655846 -0.005334675 -0.06148362 -0.05011898 -2.775e-4 -0.05364131 -0.07058995 0.05488133 -0.04103738 -0.09906786 -0.003897905 -0.05352425 -0.07110047 0.0543816 -0.04580205 -0.09028416 -0.007603049 -0.05571556 -0.06284701 0.05238902 -0.04589974 -0.08952027 -0.009489119 -0.05987715 -0.05466628 -0.005325794 -0.04760444 -0.08265954 0.05990231 -0.0447449 -0.09163749 -0.00941044 -0.04759943 -0.08328467 0.05767029 -0.05972969 -0.05492818 -0.005984365 -0.0559194 -0.06315344 0.04916733 -0.05568045 -0.06660383 -0.009591042 -0.0553565 -0.06604641 0.04876899 -0.05623918 -0.06152892 0.04871839 -0.05065637 -0.07887619 -0.01155436 -0.05524104 -0.0672357 -0.01089614 -0.0460751 -0.08577448 0.05739742 -0.05582362 -0.06567418 -0.01057422 -0.05516678 -0.06735467 0.04728859 -0.04483276 -0.09085226 -0.01131081 -0.04607319 -0.08639931 0.05511832 -0.05075246 -0.07815372 -0.0126208 -0.0602259 -0.05262875 -0.00695008 -0.0561093 -0.0633074 0.04654455 -0.05113977 -0.0786845 0.04897898 -0.06007522 -0.05287641 -0.007606446 -0.05538046 -0.06629168 -0.01187956 -0.05556881 -0.06629729 0.04545891 -0.04882097 -0.08117169 -0.01539117 -0.05078017 -0.07969778 0.04800641 -0.05671113 -0.06098806 0.04436641 -0.04890501 -0.08041274 -0.01646739 -0.0607835 -0.0491442 -0.009378969 -0.04417192 -0.08931255 0.05459612 -0.04130995 -0.09571677 -0.01464307 -0.05120414 -0.07910621 0.04652202 -0.06062757 -0.04936927 -0.01003056 -0.04136425 -0.09486794 -0.01658582 -0.05538165 -0.0675832 0.04394245 -0.04648423 -0.0838105 -0.01968777 -0.05667847 -0.06162267 0.04353195 -0.05674946 -0.05906212 -0.01631152 -0.05084478 -0.08011466 0.04553109 -0.05576443 -0.06640172 0.04276615 -0.04655301 -0.08300983 -0.0207749 -0.05149924 -0.07176703 -0.02011495 -0.04417246 -0.0899387 0.05226475 -0.04326927 -0.09088927 0.05337005 -0.05628103 -0.0595867 -0.01760953 -0.05421394 -0.07230925 0.04167884 -0.04535633 -0.08499801 -0.02157264 -0.05160856 -0.07071971 -0.02109962 -0.055579 -0.06766766 0.04122126 -0.05703753 -0.05678474 -0.01789551 -0.0565555 -0.06333589 0.04128086 -0.04541766 -0.0841785 -0.0226646 -0.05409955 -0.07279694 0.04112637 -0.05656093 -0.0572806 -0.01918834 -0.0432704 -0.09151661 0.05101591 -0.04955428 -0.07372939 -0.02399909 -0.05443429 -0.07245498 0.0381971 -0.0496487 -0.0726372 -0.02498376 -0.05749636 -0.05291956 -0.0202409 -0.05432003 -0.07293474 0.03763139 -0.05700641 -0.0533697 -0.02152305 -0.04168379 -0.08858084 -0.02703511 -0.05621862 -0.06631797 0.03736853 -0.05764299 -0.05952876 0.03717142 -0.0417205 -0.08770489 -0.02814126 -0.0477752 -0.08690088 0.04112869 -0.0470792 -0.07598543 -0.02834773 -0.05603498 -0.06753844 0.03576898 -0.05230724 -0.0633459 -0.02676981 -0.0403971 -0.09558701 0.04983437 -0.0471549 -0.07484155 -0.0293321 -0.05463409 -0.07246524 0.03536844 -0.04588437 -0.07700067 -0.03025519 -0.05761373 -0.06030911 0.03600531 -0.05806738 -0.04764318 -0.02287608 -0.05451977 -0.07293784 0.03479212 -0.04595106 -0.07583343 -0.03123939 -0.05783814 -0.05928117 0.0356273 -0.052522 -0.06083261 -0.02830886 -0.05758321 -0.0608955 0.03512972 -0.05756038 -0.04803651 -0.02414149 -0.05824542 -0.04587358 -0.02363759 -0.04783672 -0.08728766 0.03852498 -0.05024802 -0.0649724 -0.03062438 -0.04039841 -0.09622019 0.04741501 -0.05773305 -0.04624903 -0.02489709 -0.05780893 -0.0600478 0.03445231 -0.05043089 -0.06236881 -0.03214496 -0.05777841 -0.06062394 0.03356999 -0.05286169 -0.05659264 -0.03056281 -0.04624676 -0.08998423 0.03823173 -0.04199117 -0.08006411 -0.03578305 -0.05746418 -0.06247925 0.03276783 -0.04763025 -0.06684106 -0.03493624 -0.05178904 -0.08046472 0.03244602 -0.04202842 -0.07882642 -0.03676611 -0.04636704 -0.06768155 -0.03682625 -0.05765897 -0.06217998 0.03119003 -0.05071896 -0.05798542 -0.03436148 -0.05142629 -0.08143347 0.03135275 -0.04777348 -0.06413322 -0.03643453 -0.0463038 -0.09036052 0.03557443 -0.05328083 -0.05084997 -0.03305459 -0.05508905 -0.07216668 0.02970999 -0.04649126 -0.06492668 -0.03831422 -0.0549739 -0.07262283 0.02911353 -0.05341082 -0.04893398 -0.03376549 -0.04799735 -0.05958425 -0.03860652 -0.05712753 -0.06523752 0.02866291 -0.05107229 -0.05206429 -0.03679513 -0.05200189 -0.08048224 0.02874398 -0.04225015 -0.07021611 -0.04229819 -0.04668444 -0.06030291 -0.04046565 -0.04433071 -0.09350031 0.03499466 -0.05118143 -0.05009239 -0.03748548 -0.0569415 -0.06636708 0.02698475 -0.0423125 -0.06731867 -0.04375416 -0.05913239 -0.05574691 0.02913379 -0.05380392 -0.04264479 -0.03574568 -0.04826903 -0.05345714 -0.04097104 -0.05732029 -0.06489032 0.02705371 -0.0483523 -0.05142062 -0.041637 -0.04691714 -0.05408281 -0.04279839 -0.05163675 -0.08143651 0.02762478 -0.05929458 -0.05539667 0.02817386 -0.05151027 -0.04363024 -0.03939706 -0.04341715 -0.09507226 0.03357845 -0.04240572 -0.06246834 -0.04584205 -0.04698807 -0.05201715 -0.04345321 -0.05219191 -0.08037632 0.02574032 -0.04860138 -0.04475903 -0.04346722 -0.04251128 -0.05596637 -0.04807662 -0.04719901 -0.04526555 -0.045246 -0.05910843 -0.05695861 0.02696037 -0.04254192 -0.05381238 -0.04869699 -0.0488317 -0.0375567 -0.04494225 -0.05182439 -0.08131742 0.02460056 -0.04739248 -0.03797394 -0.04668122 -0.05907589 -0.05763709 0.02574533 -0.05926942 -0.05658859 0.02599471 -0.05904239 -0.05814701 0.0248329 -0.0592361 -0.05725604 0.02477645 -0.04835873 -0.08834594 0.02362769 -0.05597388 -0.07065415 0.02062875 -0.05891287 -0.05952465 0.02237153 -0.04049152 -0.09977543 0.02949476 -0.04854166 -0.08825075 0.01971697 -0.04677915 -0.09131973 0.02037525 -0.05855 -0.06192541 0.01809364 -0.06057828 -0.05303812 0.01893234 -0.06053674 -0.05361735 0.01769977 -0.06073468 -0.05298227 0.01672756 0.03970021 -0.08740186 0.07701385 0.03939312 -0.0955761 0.05339723 0.04035061 -0.09136039 0.06407767 0.04039835 -0.09802514 0.03976976 0.03933298 -0.1002559 0.03357046 0.04057437 -0.1006009 0.02168643 0.0394082 -0.1020706 0.01664662 0.04087066 -0.1003318 0.003793537 0.03955775 -0.101486 0.00216639 0.03973919 -0.0990231 -0.009723663 0.04120272 -0.09710174 -0.01097571 0.03990155 -0.09584939 -0.01803976 0.04150497 -0.09189301 -0.02227759 0.04018473 -0.08905518 -0.02893298 0.04177165 -0.08502823 -0.03130513 0.04051423 -0.07979357 -0.03792136 0.04198282 -0.07710206 -0.03821587 0.04090297 -0.0672807 -0.04528552 0.04214835 -0.06676274 -0.04426795 0.04223501 -0.05431973 -0.04891318 0.0412411 -0.05440199 -0.04978698 0.04224437 -0.04396176 -0.05135637 0.05804109 -0.06400954 0.006669104 0.05637645 -0.06970822 0.01214629 0.05748921 -0.06545209 0.003919959 0.05814075 -0.06360489 0.006030976 0.05758559 -0.06503009 0.003278851 0.06096905 -0.05248385 0.01439476 0.06045758 -0.055247 0.008196473 0.06086456 -0.05356186 0.006235361 0.05275756 -0.07876867 0.004937529 0.05225372 -0.0805661 0.0107693 0.05120915 -0.08157676 7.3251e-4 0.05074596 -0.08352369 0.006671369 0.05431497 -0.07544499 0.009969949 0.05318379 -0.07688969 4.67095e-4 0.05477809 -0.0737279 0.00558418 0.06034368 -0.05567824 0.00723195 0.06074696 -0.05397105 0.005271673 0.04082095 -0.1005893 0.006428539 0.04057866 -0.1005945 0.02169209 0.04522889 -0.09306693 0.02873092 0.04569756 -0.09329676 0.01413542 0.0468555 -0.09133595 0.01269674 0.04753631 -0.08880102 -4.77532e-4 0.05922675 -0.05987167 0.01326894 0.05917692 -0.05894047 -4.10537e-5 0.05579513 -0.06899029 -0.002789437 0.05159866 -0.07956212 -0.003808677 0.04645711 -0.09036797 -0.002542853 0.04583239 -0.09301912 0.01076686 0.05588257 -0.06852585 -0.003437697 0.05858629 -0.06018584 -0.002805769 0.05954903 -0.05706602 -0.001994848 0.06176733 -0.04917782 7.48769e-4 0.04790872 -0.08659189 -0.00660485 0.05894488 -0.05824744 -0.004756808 0.05411106 -0.07177466 -0.008019924 0.05042386 -0.07233619 0.07747668 0.05419027 -0.07127684 -0.008673608 0.0463013 -0.07706165 0.0835185 0.05037796 -0.07291865 0.07588458 0.04679769 -0.08808225 -0.008725464 0.04529428 -0.07882481 0.08240723 0.0482189 -0.08433741 -0.0112704 0.0489667 -0.07581651 0.07497632 0.05678498 -0.06324028 -0.00955075 0.05313634 -0.06849926 0.06798219 0.05243933 -0.07412898 -0.01238965 0.04892748 -0.07640033 0.07334297 0.05363863 -0.06739014 0.06614619 0.06048721 -0.05185717 -0.006465733 0.05312782 -0.06957215 0.06424403 0.05161494 -0.07383435 0.06348437 0.05251073 -0.07360297 -0.01304769 0.04708063 -0.08575713 -0.01342737 0.05482453 -0.06457287 0.05983412 0.04121363 -0.09709858 -0.01096898 0.04598599 -0.08191937 0.07059782 0.05710643 -0.06114464 -0.01149374 0.04595828 -0.08250814 0.06889367 0.05500882 -0.06437206 0.05788046 0.0607962 -0.04997903 -0.007808685 0.04501277 -0.08370351 0.06933122 0.05984747 -0.05287957 -0.009206771 0.05500376 -0.0656436 -0.01480597 0.05490797 -0.06510913 0.0571298 0.05162185 -0.0748822 0.05958747 0.06014442 -0.05094963 -0.01053911 0.04498833 -0.08429443 0.0676068 0.05529195 -0.06342387 -0.01674145 0.05016261 -0.07798367 0.05996406 0.04138916 -0.09449028 -0.01738423 0.05381923 -0.07017552 0.054295 0.04887843 -0.07833808 -0.02001458 0.05017906 -0.07901567 0.05594515 0.05324071 -0.06767529 -0.01919418 0.05604583 -0.061387 0.0513184 0.04875904 -0.08145558 0.05701637 0.0489338 -0.0777617 -0.02067995 0.05791205 -0.05538558 -0.0158891 0.0533266 -0.0723024 0.05218505 0.04767924 -0.07959002 -0.02221888 0.05391448 -0.07066279 0.05146205 0.04772925 -0.07899862 -0.02288633 0.0561878 -0.06150954 0.04936349 0.05817615 -0.05332827 -0.01719421 0.05618619 -0.06153672 0.04933059 0.05623799 -0.06154847 0.04869431 0.05349791 -0.06535035 -0.02112227 0.04153341 -0.09186536 -0.02223938 0.05623638 -0.06157553 0.04866123 0.05601125 -0.05735564 -0.02109003 0.05342501 -0.07277202 0.04930365 0.04878151 -0.08247715 0.05289667 0.05624622 -0.05519765 -0.0223723 0.04044693 -0.09121316 0.06417524 0.04949378 -0.07130664 -0.02684652 0.05561888 -0.06587439 0.04602885 0.05413699 -0.0590198 -0.02542859 0.04043555 -0.09181684 0.0623697 0.05552494 -0.06657314 0.04520559 0.04823315 -0.07238644 -0.02905768 0.04968845 -0.06879276 -0.0287593 0.05185449 -0.07748889 0.04702669 0.0590704 -0.04562228 -0.02116733 0.05908232 -0.0455107 -0.02121585 0.05434501 -0.05677628 -0.02669048 0.0557667 -0.06597 0.04396373 0.04586082 -0.08757311 0.05186873 0.04182845 -0.08497965 -0.0312283 0.04185223 -0.08432376 -0.03190416 0.05581921 -0.06598985 0.04326874 0.04840731 -0.06981617 -0.03096544 0.05567353 -0.06666046 0.04312849 0.05703932 -0.04715096 -0.02624571 0.05704987 -0.0470348 -0.02629274 0.05572628 -0.06667745 0.04242956 0.05016666 -0.06199067 -0.03298377 0.05195713 -0.07791793 0.0440281 0.04490804 -0.08936941 0.05038255 0.05032062 -0.05959349 -0.03420692 0.05042612 -0.0815379 0.04299813 0.04883301 -0.06287324 -0.03516411 0.04588806 -0.08858335 0.04757547 0.05504441 -0.04844033 -0.03047549 0.05456799 -0.07184571 0.03899359 0.05505365 -0.04832035 -0.03052121 0.0572732 -0.06067723 0.03890067 0.04208195 -0.07703375 -0.03809016 0.04896932 -0.0604301 -0.03637516 0.04493504 -0.0903781 0.04603958 0.05724138 -0.06129968 0.0380128 0.04215675 -0.07421964 -0.03997391 0.0508328 -0.05073755 -0.0378248 0.05723994 -0.06132447 0.03797739 0.05083954 -0.0506106 -0.0378679 0.04232829 -0.06666678 -0.04405528 0.05052828 -0.08193802 0.03990918 0.05471968 -0.07187169 0.03682661 0.04942065 -0.05141878 -0.03994131 0.04942655 -0.05128967 -0.03998363 0.05408513 -0.073852 0.03662985 0.04237973 -0.06402456 -0.04521214 0.05477321 -0.07186704 0.03609782 0.05122077 -0.04283052 -0.04012513 0.04903101 -0.08493751 0.03963005 0.05130022 -0.0410313 -0.040551 0.05794119 -0.05803012 0.03674542 0.05423665 -0.07385528 0.03442889 0.04975998 -0.0433889 -0.04219156 0.04982924 -0.04156345 -0.04260611 0.04253721 -0.05434012 -0.04854685 0.05428993 -0.07384264 0.03368878 0.04253911 -0.05420207 -0.04858565 0.04264217 -0.04577916 -0.05057406 0.04912978 -0.08531546 0.03646612 0.05789273 -0.05992543 0.03380703 0.04266208 -0.04384058 -0.05093806 0.04270666 -0.03895056 -0.05172431 0.05684244 -0.06537753 0.03220796 0.05786108 -0.06051421 0.03289574 0.05785971 -0.06053769 0.03285938 0.05675065 -0.0660094 0.0313102 0.05849474 -0.05718147 0.0328145 0.04040569 -0.09697347 0.04434329 0.05261522 -0.07875686 0.03085684 0.05844449 -0.0589807 0.02982616 0.04611611 -0.0909568 0.03375667 0.0527625 -0.07870614 0.02857327 0.05841195 -0.05953967 0.02889937 0.05841046 -0.05956196 0.02886241 0.0404219 -0.0979861 0.03979951 0.05281418 -0.07867449 0.02780574 0.05745762 -0.06437289 0.0269379 0.04514962 -0.09273183 0.03206223 0.05736422 -0.06497102 0.02601647 0.0462014 -0.0913006 0.03046286 0.0511651 -0.08259963 0.02635312 0.05578911 -0.07078403 0.02453815 0.05130541 -0.08250838 0.02400553 0.05135446 -0.08246237 0.02321666 0.05529451 -0.07260429 0.0219624 0.05799752 -0.06320416 0.02284002 0.05978113 -0.0544393 0.02506023 0.05790168 -0.06377232 0.02190285 0.04973381 -0.08583635 0.02258998 0.05971747 -0.05601972 0.02200388 0.05638211 -0.06949269 0.01906633 0.0498653 -0.08571231 0.02018898 0.05983018 -0.0557112 0.02138286 0.05967998 -0.0565108 0.02105593 0.05967831 -0.05653041 0.02101814 0.0499112 -0.08565455 0.01938235 0.0597921 -0.05619639 0.02043384 0.05979037 -0.05621576 0.02039599 0.05587589 -0.07121753 0.01642298 0.05377143 -0.0770632 0.01567381 0.04053723 -0.100289 0.025177 0.05689501 -0.06806874 0.01483446 0.04670894 -0.0915926 0.016029 0.05922371 -0.05973142 0.01485764 0.05933129 -0.05937814 0.01422864 0.05911999 -0.06023091 0.01389902 0.04681766 -0.09141343 0.01353448 0.06097102 -0.05246692 0.01443278 0.04579758 -0.09310209 0.01161366 -0.04026496 -0.08664268 -0.03172802 -0.04045701 -0.07980644 -0.03795778 0.01855605 -0.09379881 -0.03791064 0.01535999 -0.09416651 -0.03860843 0.01538902 -0.09141975 -0.04134035 -0.009821474 -0.1024412 0.07084757 -0.01376736 -0.1015916 0.07119745 -0.009793102 -0.1070713 0.05604928 -0.03451651 -0.08119469 -0.04118627 -7.59687e-4 -0.1079152 0.05563586 -0.02760827 -0.06947952 -0.05168479 -0.02757686 -0.07244247 -0.05026334 -0.02849662 -0.06936615 -0.05135405 -7.70359e-4 -0.1078256 -0.02115678 -0.009877145 -0.1114385 -0.008423686 -0.009930849 -0.1073338 -0.02051526 6.39493e-4 -0.1105905 0.04517769 6.40102e-4 -0.1079166 0.05563515 -7.58979e-4 -0.110589 0.04517847 -7.70764e-4 -0.1073449 -0.02219682 -0.02846413 -0.07232391 -0.04993438 -0.01384598 -0.110863 -0.007808804 -0.04047536 -0.07905399 -0.03852725 -0.03453177 -0.08042168 -0.04175424 -0.009936094 -0.1068618 -0.02155488 0.02799296 -0.1075119 0.02855604 0.01807302 -0.1101133 0.03524619 0.01808863 -0.1114326 0.02583515 -0.03351587 -0.1057925 0.01345282 -0.03919774 -0.1018956 0.02172464 0.01496219 -0.1109958 0.03469508 -0.03468471 -0.07135999 -0.04726225 -0.03346735 -0.1056612 0.01871126 -0.03338813 -0.1044843 0.0306515 -0.01428812 -0.06192702 -0.05874657 -0.01941603 -0.06160306 -0.05764716 -0.01943832 -0.05694276 -0.05912619 0.03919881 -0.1018949 0.02172523 0.03910315 -0.1004382 0.03344416 0.0285682 -0.1082406 0.01664161 -0.01430439 -0.05724471 -0.06024158 0.008443534 -0.1006857 -0.03250795 6.51897e-4 -0.1033707 -0.02942639 6.53266e-4 -0.1009642 -0.03296279 0.03925716 -0.1021755 0.01655542 -7.73801e-4 -0.10337 -0.02942526 0.02850192 -0.1072555 0.02873373 6.68065e-4 -0.04556792 -0.06448531 -7.93079e-4 -0.04556769 -0.06448411 6.68806e-4 -0.03539842 -0.06614583 0.02805787 -0.1084793 0.01644986 0.008645534 -0.0353167 -0.06564831 0.008482456 -0.0947141 -0.03964787 -0.0102027 -0.05741739 -0.06087976 -0.01022452 -0.04542428 -0.06380665 -7.93973e-4 -0.03539818 -0.06614458 0.01496177 -0.1086421 0.04624909 0.008264303 -0.1100039 0.04550051 0.008264482 -0.1123086 0.03387451 -0.03472506 -0.06844401 -0.04866749 -7.75431e-4 -0.1009635 -0.03296166 -0.01891016 -0.08889746 0.1013114 -0.02694529 -0.0853331 0.1022895 -0.02664601 -0.09663003 0.07323724 -0.01870238 -0.100104 0.07180953 -0.01936376 -0.07033705 -0.05418789 -0.02768427 -0.06084787 -0.05508732 -0.0188108 -0.1098551 -0.006732821 -0.01392167 -0.1068511 -0.01988619 -0.02666729 -0.1091134 0.01059556 -0.0275231 -0.1087505 0.01090812 -0.02678656 -0.1078354 -0.002434492 6.68966e-4 -0.03229737 -0.06652581 -0.01879739 -0.1102418 -0.004930973 -0.01372748 -0.1062431 0.05645471 0.04098337 -0.05891865 -0.04856997 6.68971e-4 -0.0321834 -0.06653875 0.04086518 -0.06728917 -0.04530984 -0.02750074 -0.09616982 0.07342612 -0.02857524 -0.06074804 -0.05474913 -0.02764654 -0.1075165 -0.002104103 -0.02781009 -0.08486121 0.1024188 -7.94166e-4 -0.03229719 -0.06652456 0.01497501 -0.1122806 0.02524578 0.0408262 -0.05894762 -0.04866766 0.04070854 -0.06732207 -0.04540544 0.0394417 -0.101741 0.00386399 -7.94172e-4 -0.03218322 -0.06653749 6.6905e-4 -0.03040289 -0.06673181 -0.013929 -0.1063876 -0.02092546 0.02860879 -0.1082697 0.01132225 -0.01433515 -0.04528367 -0.06314325 0.0294618 -0.08136266 -0.04397785 0.02893418 -0.08144986 -0.04418414 0.02959012 -0.07216697 -0.04949891 -0.04065895 -0.07018733 -0.04401797 0.04066002 -0.07018709 -0.04401731 0.02809774 -0.1084989 0.01112484 -0.02771663 -0.05623883 -0.05652916 0.0289216 -0.08223831 -0.04361706 0.01867455 -0.08359539 -0.04678308 0.01859128 -0.09107589 -0.04064679 0.03947174 -0.101538 0.002111017 -0.02860873 -0.05614572 -0.05618607 -0.01864802 -0.1047928 0.05716401 -0.02680599 -0.1075005 -0.004222333 -0.04070746 -0.06732231 -0.0454061 0.02906 -0.07224178 -0.04970645 -0.01948052 -0.0450378 -0.06198382 -0.009783864 -0.1097658 0.04563146 -0.03482288 -0.05993586 -0.05200225 6.39498e-4 -0.1128739 0.03352075 0.01868247 -0.08278703 -0.04734909 0.00849843 -0.09193187 -0.04237365 -0.03348469 -0.09242045 0.07496327 -0.01023608 -0.03528356 -0.06544667 -0.03386574 -0.0810185 0.1034711 -0.03966653 -0.07633149 0.1047515 -0.04015892 -0.07588112 0.1048743 -0.01023852 -0.03219151 -0.06582111 -0.02766662 -0.1071885 -0.003890097 0.008271455 -0.1135418 0.0243684 -0.01023864 -0.03207784 -0.06583386 0.02962398 -0.06921595 -0.05091619 -7.59001e-4 -0.1128726 0.03352159 0.01812934 -0.1121286 0.01351368 -0.01435142 -0.03517115 -0.06476324 -0.0348646 -0.05538862 -0.05339944 -0.009975373 -0.1029487 -0.02878427 -0.04082512 -0.05894786 -0.04866832 -0.01371461 -0.1089577 0.0460757 0.01545763 -0.08388966 -0.04747009 -0.01435494 -0.03208792 -0.0651322 0.0150085 -0.1129179 0.0128777 -0.01891434 -0.106006 -0.01878565 -0.014355 -0.03197455 -0.06514477 -0.02777814 -0.04446452 -0.05928444 0.02909326 -0.06928753 -0.05112487 -0.02656805 -0.1014049 0.05881881 -0.01435679 -0.03020435 -0.06533187 -0.02867245 -0.04438871 -0.05892783 0.01815444 -0.1120039 0.008102238 -0.01950287 -0.03497457 -0.06356889 0.04103386 -0.0544402 -0.04991763 0.04087644 -0.0544672 -0.05001676 -0.02742022 -0.100956 0.05903774 -0.03494411 -0.04377192 -0.05603152 -0.0186305 -0.1075425 0.046853 -0.02781087 -0.03451621 -0.06078821 0.01546412 -0.08307695 -0.04803591 -0.01892447 -0.1055575 -0.0198242 6.4003e-4 -0.1140848 0.02399009 -0.02870631 -0.03445559 -0.06042087 0.02859306 -0.07901269 0.1160638 6.56267e-4 -0.09495025 -0.04009646 -0.02781796 -0.03148412 -0.06112557 0.02873754 -0.107094 -0.001666426 0.03981924 -0.07619279 0.1047893 -0.0278182 -0.03137266 -0.06113702 0.0396676 -0.07633048 0.1047517 -0.03366935 -0.1049176 5.85382e-4 -0.0287137 -0.03142821 -0.06075537 0.02822399 -0.1072954 -0.001875042 -0.04097133 -0.04302126 -0.05251675 0.01854705 -0.08064025 0.1225335 -7.79005e-4 -0.09494966 -0.04009538 0.02903294 -0.08077889 0.1110352 -0.03498661 -0.03396236 -0.05743759 0.03970354 -0.09904068 -0.009746611 -0.009996414 -0.1005726 -0.03232347 -0.04102289 -0.03336197 -0.05381757 -7.59645e-4 -0.1140835 0.02399104 -0.04153645 -0.03330439 -0.05347079 -0.01398432 -0.1025353 -0.02815586 -0.009784102 -0.112079 0.03401809 -0.03369438 -0.1046457 -0.001185655 0.02851414 -0.08107703 0.1109639 0.02875852 -0.1067751 -0.003449976 0.0153563 -0.08150058 0.1226598 6.57494e-4 -0.09215277 -0.04281967 0.01502919 -0.1127619 0.00744754 0.01535367 -0.0816226 0.1223435 0.008535981 -0.08432793 -0.04849398 0.01848977 -0.08287507 0.11682 0.03972607 -0.09871673 -0.01078045 -7.80466e-4 -0.09215223 -0.04281854 0.02824455 -0.1069722 -0.003659725 0.008497536 -0.0816074 0.1259251 0.008539557 -0.08350878 -0.04905951 0.008289813 -0.1140918 0.01193088 -0.01401394 -0.1001892 -0.03169786 0.01847237 -0.08357119 0.1150622 -0.01371496 -0.1113001 0.034505 0.01876187 -0.07338887 -0.05289173 -0.03338581 -0.09729796 0.06081992 0.029706 -0.06061577 -0.05430144 -0.02654314 -0.1042363 0.04866653 0.01530635 -0.0838617 0.1166093 0.008481323 -0.08296281 0.1223783 -0.02695631 -0.1040325 -0.01621848 0.008301079 -0.1138893 0.006472826 -0.01900011 -0.1018117 -0.02705657 0.008479893 -0.08308535 0.1220604 -0.02739453 -0.1037982 0.04890656 0.02890717 -0.08423602 0.1025902 0.03989517 -0.09585577 -0.01803582 0.02917367 -0.06067883 -0.05451482 -0.009792447 -0.1133213 0.02452188 -0.02782213 -0.1037711 -0.01587879 0.01529204 -0.08455866 0.114845 -0.01863116 -0.1099358 0.03535699 -0.03944063 -0.1017416 0.003863334 0.02839076 -0.08453404 0.1025086 -0.02697098 -0.1036191 -0.01725554 0.01842218 -0.08564245 0.1098706 -0.02783727 -0.1033624 -0.01691567 0.01823401 -0.1103758 -0.005070149 6.57704e-4 -0.08208107 0.1262196 0.01878285 -0.07038486 -0.0543276 6.41436e-4 -0.1145973 0.01152271 -0.03909677 -0.09282881 0.06299126 6.5756e-4 -0.08223557 0.1258114 0.01552957 -0.07363766 -0.0535832 -7.80471e-4 -0.08207952 0.1262199 -0.03947067 -0.1015386 0.002110302 -7.61331e-4 -0.114596 0.01152366 -7.803e-4 -0.08223402 0.1258117 0.0411303 -0.04299908 -0.05241304 0.018247 -0.1099862 -0.006872713 0.04097241 -0.04302114 -0.05251604 0.008453905 -0.08533054 0.1162955 -0.01004266 -0.09461832 -0.03946596 0.02892071 -0.1034247 -0.0154289 0.01525056 -0.08663129 0.1096335 0.03998589 -0.09399765 -0.02162826 -0.0190407 -0.09951806 -0.03060358 0.02840352 -0.1035898 -0.01564335 6.56308e-4 -0.08359342 0.1222568 0.02974092 -0.05602246 -0.05573183 0.008446037 -0.08602869 0.1145213 0.01509469 -0.1110421 -0.005762279 0.02920794 -0.05608123 -0.05594831 -0.01372671 -0.1125729 0.02504253 6.56196e-4 -0.08371609 0.1219382 0.01554679 -0.0706228 -0.05502289 -7.7882e-4 -0.08359187 0.1222571 0.0289365 -0.1030222 -0.01646548 6.60389e-4 -0.084517 -0.048936 -7.78687e-4 -0.08371454 0.1219385 0.01834362 -0.08909606 0.1012568 0.02841901 -0.1031844 -0.01668012 -0.03335464 -0.1002274 0.05085998 6.60664e-4 -0.08369511 -0.04950141 0.008423268 -0.08810323 0.1092803 -7.83914e-4 -0.08451652 -0.04893493 0.01510536 -0.1106382 -0.007568776 -0.01006156 -0.09184229 -0.04219275 6.54185e-4 -0.08596384 0.11616 6.42304e-4 -0.1143749 0.006052613 -0.01407903 -0.09429335 -0.03884911 0.01518577 -0.09008389 0.1009854 -0.0338875 -0.1016414 -0.01311457 -7.62368e-4 -0.1143737 0.006053686 -7.76309e-4 -0.08596229 0.1161604 -0.02654457 -0.1067481 0.03734499 -7.84242e-4 -0.08369469 -0.04950034 6.53575e-4 -0.08666253 0.1143817 -0.02708071 -0.1001228 -0.02449309 -0.01864731 -0.1112621 0.02595365 -0.02739608 -0.1063257 0.03760808 -0.03390634 -0.1012708 -0.01414996 -7.75589e-4 -0.08666098 0.114382 0.008575439 -0.07400816 -0.05461382 0.00833702 -0.1120333 -0.006792724 0.03936445 -0.08770632 0.07689088 0.03921473 -0.08784091 0.07683593 -0.02795082 -0.09989911 -0.024154 -0.009814202 -0.1138865 0.01209652 0.01883351 -0.06164515 -0.05779004 -0.01004093 -0.08270698 0.1224276 0.02905488 -0.09960287 -0.02370488 -0.01003921 -0.08282941 0.12211 -0.01410561 -0.09153836 -0.0415796 0.02853512 -0.09974408 -0.02391892 0.008584916 -0.07097727 -0.0560593 6.51812e-4 -0.08873778 0.1091279 -0.02713954 -0.09795188 -0.02805227 0.008342862 -0.1116082 -0.008605003 0.008387625 -0.09155422 0.1005812 0.01834732 -0.1061159 -0.01892876 -0.01912975 -0.09372484 -0.03777045 -7.73504e-4 -0.08873623 0.1091282 -0.02801173 -0.09774458 -0.02771478 -0.01407581 -0.08183926 0.1225946 0.01835715 -0.1056655 -0.01996743 0.01558852 -0.06185472 -0.05850118 -0.01407337 -0.08196145 0.122278 -0.03970247 -0.09904122 -0.009747266 -0.01375734 -0.1131899 0.01265835 0.01885503 -0.05698204 -0.05927115 -0.01000845 -0.08507353 0.1163504 0.02911835 -0.09746992 -0.02726781 -0.039725 -0.09871727 -0.0107811 -0.009999096 -0.0857715 0.114578 -0.01403009 -0.08420193 0.1165367 0.02859741 -0.09760081 -0.02748084 0.02980738 -0.04428827 -0.0584557 -0.0333572 -0.1028822 0.0397498 6.49053e-4 -0.092188 0.1004068 -0.009827613 -0.1136922 0.006643354 -0.01010608 -0.08425122 -0.04831475 0.02927303 -0.04433614 -0.05868071 0.01518803 -0.1066626 -0.01964068 -0.03404724 -0.09807795 -0.0213952 0.02858507 -0.09556013 0.07367634 -0.02656829 -0.1081993 0.02807956 -0.01916611 -0.09100675 -0.04050737 -0.01401698 -0.08489918 0.11477 6.45066e-4 -0.1124602 -0.007237017 0.02807468 -0.09585076 0.07355707 6.63424e-4 -0.07416808 -0.05505895 -0.02742063 -0.1077934 0.02836096 -7.70244e-4 -0.09218645 0.1004072 -0.01011037 -0.08343321 -0.04888027 0.01519614 -0.1062025 -0.02067977 -0.009972095 -0.08784574 0.1093421 -7.65664e-4 -0.1124591 -0.007235944 -7.87532e-4 -0.07416766 -0.05505788 0.01560622 -0.05717736 -0.05999261 6.45517e-4 -0.1120259 -0.009051799 0.03924703 -0.09269648 0.06305551 -0.01377624 -0.1130232 0.007221758 0.03909784 -0.09282791 0.06299173 -0.01906096 -0.08267676 0.1168624 6.64151e-4 -0.07113021 -0.05650693 -0.01416832 -0.08399111 -0.04770714 -0.01868939 -0.11197 0.01364153 -0.01904302 -0.08337271 0.1151059 -0.01397901 -0.08697229 0.1095517 -7.66201e-4 -0.1120249 -0.009050726 0.01843047 -0.1019058 -0.0271995 -0.03412288 -0.09605652 -0.02496981 0.008607745 -0.06216686 -0.05956125 -0.009929895 -0.09129703 0.1006519 -0.01899123 -0.08544367 0.1099182 -0.01417434 -0.08317697 -0.0482729 -0.03906434 -0.09867298 0.04236024 -0.02726864 -0.09239876 -0.03525632 0.02925759 -0.09199082 -0.03448367 0.0181421 -0.1002975 0.07172995 -7.88399e-4 -0.07112985 -0.05650579 0.008388221 -0.1074761 -0.02070075 0.03921049 -0.09573447 0.05331093 -0.02814525 -0.09222322 -0.03492385 0.03906136 -0.09586286 0.05324101 0.04045814 -0.07980614 -0.03795713 -0.0398941 -0.09585624 -0.01803654 -0.01391965 -0.09042453 0.1008918 0.02873396 -0.09210163 -0.03469347 0.02850121 -0.1003612 0.05932784 -0.02732145 -0.08976686 -0.03800874 0.02984279 -0.0343753 -0.05993461 0.008392632 -0.1070016 -0.02174049 0.01501941 -0.1012598 0.071334 0.04047644 -0.07905369 -0.03852653 -0.019252 -0.08353626 -0.04664498 0.00861746 -0.05746829 -0.06106805 -0.01871526 -0.1118514 0.008233845 0.02799236 -0.1006448 0.05918955 -0.02706211 -0.08187657 0.1107726 -0.02819985 -0.08960282 -0.03767842 0.01525652 -0.1023738 -0.02791059 0.01846981 -0.09960532 -0.03074586 0.02930772 -0.03441357 -0.06016635 -0.02793079 -0.08140438 0.1108856 -0.01926022 -0.0827288 -0.04721105 0.02931451 -0.0893855 -0.03724098 0.01889592 -0.04506981 -0.0621345 0.008296072 -0.1026916 0.07074439 0.02878981 -0.0894891 -0.03744947 0.03921449 -0.09854823 0.04243743 -0.01015287 -0.07394331 -0.0544334 -0.009870171 -0.11186 -0.00661242 0.03906536 -0.09867209 0.04236078 6.65908e-4 -0.06230157 -0.06001907 0.02847456 -0.1032177 0.04922443 -0.02662962 -0.1091191 0.01593571 -0.03428864 -0.09079521 -0.0322209 -0.02748411 -0.1087413 0.01623934 0.02796614 -0.1034944 0.04907292 -7.90496e-4 -0.06230121 -0.06001794 0.01528894 -0.1000394 -0.03145372 0.0156399 -0.04522883 -0.06288444 0.01808935 -0.1049814 0.0570718 -0.01016408 -0.07091522 -0.05587786 6.49006e-4 -0.1078265 -0.02115792 0.01497584 -0.1059196 0.05661296 -0.01423418 -0.07372343 -0.0538218 -0.03435647 -0.0882681 -0.03499293 -0.0138362 -0.1112718 -0.006000995 6.66654e-4 -0.05759382 -0.06153261 6.41966e-4 -0.1033084 0.07049012 0.008425712 -0.1030705 -0.02896958 -7.61878e-4 -0.103307 0.07049071 -0.02744603 -0.08247578 -0.04417073 6.49347e-4 -0.1073458 -0.02219796 0.03925246 -0.1003192 0.03352618 -0.01424998 -0.07070487 -0.05526286 -7.91388e-4 -0.05759352 -0.06153148 0.02847623 -0.1057659 0.03795665 -0.02745795 -0.08168387 -0.04473757 -0.02832877 -0.08233553 -0.04384374 0.01807236 -0.1077266 0.04675191 -0.02834105 -0.08154571 -0.0444107 0.008272111 -0.1073154 0.05592978 0.04081648 -0.07015269 -0.04392218 0.01891756 -0.03500014 -0.0637241 0.02796775 -0.1060328 0.03779047 -0.01934218 -0.07333886 -0.05275279 0.008635878 -0.0454657 -0.06400239 -0.0101912 -0.06211221 -0.05937564 0.02944898 -0.08214974 -0.04341071 0.0393486 -0.1017841 0.02181375 0.01565766 -0.03512734 -0.06449663 0.01566147 -0.03204745 -0.0648635 0.01566159 -0.03193426 -0.06487596</float_array>
          <technique_common>
            <accessor source="#link_4-mesh-positions-array" count="3266" stride="3">
              <param name="X" type="float"/>
              <param name="Y" type="float"/>
              <param name="Z" type="float"/>
            </accessor>
          </technique_common>
        </source>
        <source id="link_4-mesh-normals">
          <float_array id="link_4-mesh-normals-array" count="19584">0.4951161 -0.03231757 -0.8682256 0.5857183 -0.03120076 -0.809914 0.3137542 -0.03763335 -0.9487581 0.4957642 -0.032646 -0.8678434 0.1140113 -0.04097759 -0.992634 0.3079112 -0.03487277 -0.9507758 0.1065062 -0.03740638 -0.9936082 -0.09566861 -0.03796279 -0.9946891 -0.1020261 -0.04121237 -0.9939277 -0.3006776 -0.03649312 -0.9530274 -0.3053625 -0.03890937 -0.9514409 -0.4911658 -0.03235489 -0.870465 -0.585815 -0.03119772 -0.8098442 -0.4961565 -0.03500753 -0.8675271 0.63652 -0.03026509 -0.7706662 0.6067384 -0.03075516 -0.7943064 -0.6364097 -0.03026735 -0.7707571 -0.6067621 -0.0307542 -0.7942883 -0.5246708 -0.7981508 0.296101 -0.4748767 -0.8241794 0.3085781 -0.4740148 -0.823383 0.3120102 -0.4741848 -0.8235759 0.3112421 -0.5254428 -0.7977527 0.2958046 -0.5243264 -0.7969613 0.2998908 -0.5243962 -0.7969512 0.2997955 -0.4739364 -0.8233146 0.3123096 -0.47384 -0.8231453 0.312902 -0.5240828 -0.7967287 0.3009328 -0.524179 -0.7966948 0.3008552 -0.469141 -0.8270953 0.3095481 -0.4726564 -0.8221151 0.3173683 -0.5227711 -0.7956981 0.3059001 -0.5227038 -0.7957389 0.3059091 -0.4650022 -0.8226197 0.327215 -0.4652433 -0.8238183 0.3238397 -0.5212125 -0.7947392 0.3110098 -0.5199234 -0.7941937 0.3145411 -0.5209364 -0.7948644 0.3111524 -0.6017938 -0.7239316 0.337294 -0.5743306 -0.7700119 0.2778957 -0.574804 -0.769146 0.2793114 -0.5758176 -0.7670378 0.2829967 -0.5751859 -0.7661104 0.2867682 -0.5749762 -0.7658823 0.2877961 -0.5735509 -0.7650838 0.2927219 -0.6205417 -0.7330072 0.2786187 -0.5720753 -0.7642408 0.2977682 -0.5736422 -0.7650628 0.2925981 -0.4706904 -0.8205107 0.3243652 -0.5715241 -0.7642042 0.2989186 -0.5628421 -0.7653008 0.3122875 -0.611127 -0.7334203 0.2976887 -0.1407806 -0.9147642 0.3786651 -0.5676892 -0.767677 0.2973229 -0.2485461 -0.8964117 0.3669753 -0.5699107 -0.7633647 0.3040986 0.4752126 -0.8124634 -0.3377517 0.6138671 -0.7873575 0.05687934 0.02469402 -0.07484459 0.9968895 0.3209694 -0.8849323 -0.3374513 0.2379833 -0.963037 -0.1261894 0.5025626 -0.8601923 0.08660268 0.5303486 -0.8454297 0.06308019 0.4351173 -0.8961385 0.08722728 0.339223 -0.9362289 0.09166842 0.6334393 -0.7592675 0.1492231 0.5202245 -0.8373385 0.1680201 0.6037941 -0.7819496 0.1548787 0.00819385 -0.07508939 0.9971432 0.166118 -0.9779974 -0.1261972 -0.249662 -0.923277 0.291939 0.6195439 -0.7586066 0.201696 0.06351029 -0.9979658 0.005535304 0.2384636 -0.9654786 0.1048142 0.3556301 -0.9292076 0.1005008 -0.00367242 -0.9999753 0.006003856 0.1663722 -0.9800047 0.1091378 0.2506728 -0.9621466 0.1069441 0.5411727 -0.8193603 0.1891583 0.423877 -0.8820989 0.2054988 0.4452983 -0.8718165 0.204072 0.3461121 -0.9131962 0.2151255 0.6301641 -0.7419492 0.2289206 -0.008746802 -0.08549964 0.9962998 -0.02726501 -0.3483618 0.9369636 0.4371268 -0.8623699 0.2554178 0.5322914 -0.8121835 0.2387965 0.5425449 -0.8111802 0.2182468 0.5357342 -0.8058711 0.2521124 0.1750196 -0.9782081 0.1117001 0.4426983 -0.8595079 0.2554687 0.6240308 -0.739088 0.2536423 0.4675816 -0.8314477 0.3001037 0.4081305 -0.8573736 0.3135921 -0.1644002 -0.9259543 0.3399723 0.3573257 -0.8948695 0.2674452 0.2425435 -0.9409483 0.236197 0.3631176 -0.9039276 0.2259654 0.2170548 -0.9129408 0.3455811 -0.1065103 -0.925226 0.36416 -0.1924513 -0.9118647 0.3625813 0.06307709 -0.9913929 0.1147225 0.06641995 -0.9913327 0.1133483 -0.2259634 -0.9129287 0.3398556 -0.02001512 -0.06217288 0.9978648 -0.003848969 -0.9933635 0.1149535 -0.003646671 -0.9933655 0.1149432 0.255803 -0.9368311 0.238563 0.1690375 -0.9550033 0.243711 0.5411628 -0.7986692 0.2631927 0.4374282 -0.8534099 0.2834573 0.4444594 -0.8499742 0.2828425 0.250611 -0.924266 0.2879694 0.3574702 -0.8856622 0.2963402 0.3607397 -0.8907514 0.2764577 -0.5443095 -0.7740761 0.3233162 -0.7386567 -0.6180437 0.2690877 0.791211 0.5591503 -0.2476611 0.5378967 -0.7936537 0.28422 0.5399863 -0.7951118 0.2760651 0.536132 -0.7949863 0.2838296 0.2539003 -0.9226841 0.2901527 0.4397996 -0.8450109 0.3041924 0.4415457 -0.844331 0.30355 0.537718 -0.7930803 0.2861518 0.4400386 -0.8427678 0.3100134 0.536843 -0.7924669 0.289475 0.5364756 -0.7920504 0.2912902 0.5365704 -0.7921171 0.2909344 0.1784327 -0.9524795 0.2468696 0.1747201 -0.939102 0.2959061 0.06400507 -0.9659368 0.2507379 0.4402494 -0.8425918 0.3101927 0.4399358 -0.8422678 0.3115147 0.4399845 -0.8421693 0.3117125 -0.08049035 -0.2280094 0.9703263 -0.341611 -0.7854263 0.5161466 -0.08205336 -0.9900234 0.1145468 -0.1738203 -0.9784818 0.1111744 -0.07796162 -0.9905654 0.1127038 0.5304167 -0.7845495 0.3211544 0.6111359 -0.7334204 0.2976699 0.5302409 -0.787186 0.3149327 -0.001059889 -0.9233241 0.3840203 0.5359476 -0.7907043 0.2958832 0.5363163 -0.7909532 0.2945467 0.4390901 -0.8412452 0.3154461 0.5356397 -0.7904421 0.2971389 0.5354046 -0.7902831 0.2979843 0.4387726 -0.8401011 0.3189183 0.3589493 -0.8733714 0.3292078 0.4396247 -0.8409537 0.3154791 0.5352349 -0.7900582 0.298884 0.3581781 -0.8723232 0.3328074 0.438565 -0.8398483 0.3198677 0.4387823 -0.840066 0.3189975 0.3580051 -0.8720387 0.3337379 0.4385951 -0.8398181 0.319906 0.1770296 -0.9378573 0.2984699 0.3624169 -0.881818 0.3017464 0.2509051 -0.9155011 0.3144907 -0.1829687 -0.977052 0.1090496 -0.003709256 -0.9674516 0.2530289 0.06615608 -0.9506879 0.3030112 0.06764364 -0.9652441 0.2524441 -0.1444685 -0.284526 0.9477204 -0.3854453 -0.7652425 0.5155928 -0.07904809 -0.9644396 0.2522056 -0.00391215 -0.9674541 0.2530162 0.1749465 -0.93043 0.322015 0.255065 -0.9139432 0.3156732 0.5340312 -0.789246 0.3031524 0.5325089 -0.7886167 0.3074377 0.5339753 -0.7892456 0.3032519 0.532094 -0.7880448 0.309615 -0.4744848 -0.8270289 0.3014755 0.3587997 -0.8765881 0.3207118 0.3608146 -0.8770228 0.3172442 0.3595007 -0.8751792 0.32376 0.3399035 -0.8930365 0.2948753 0.437276 -0.8388127 0.3243193 0.3575153 -0.8705653 0.3380813 0.4361263 -0.8377162 0.3286721 0.4375003 -0.8387262 0.3242404 0.3592596 -0.8744549 0.3259774 0.3593985 -0.8746493 0.325302 0.3590701 -0.8740562 0.3272528 0.3584769 -0.8732253 0.3301087 -0.2390814 -0.9653739 0.1043712 -0.2512957 -0.9619553 0.1072035 0.0670799 -0.9502081 0.3043106 0.2534983 -0.9080583 0.3334197 0.2524187 -0.9080266 0.3343241 0.2526528 -0.9062142 0.3390315 -0.003878414 -0.9523433 0.3050036 -0.003823041 -0.9523466 0.3049941 0.2526009 -0.9057421 0.3403294 0.2527194 -0.9059994 0.3395557 0.1782557 -0.9489926 0.2600729 0.2522016 -0.9047478 0.3432576 0.1757008 -0.9211422 0.3473132 0.2525801 -0.9055693 0.3408045 0.1778615 -0.9293482 0.3235387 0.1761171 -0.9235383 0.3406754 -0.5900242 -0.8052608 0.05853593 -0.01321482 -0.02022022 0.9997082 -0.5205361 -0.7990385 0.3009644 -0.08367836 -0.9647213 0.2496213 -0.176477 -0.9530094 0.2462292 0.1760594 -0.9223021 0.3440377 0.1762013 -0.9215323 0.3460223 0.1766914 -0.9231272 0.3414914 -0.3341014 -0.9379041 0.09333831 -0.3503686 -0.9312247 0.1003111 -0.4167215 -0.9046072 0.08960378 -0.3976432 -0.9131482 0.08966755 -0.2428637 -0.9399467 0.2398276 -0.1866874 -0.9518443 0.2431877 0.06622016 -0.9418885 0.3293341 0.06741827 -0.9421041 0.3284735 -0.08178126 -0.9497612 0.3021016 -0.08290404 -0.9490835 0.3039199 -0.1823983 -0.9371079 0.2975895 -0.08184409 -0.9408028 0.328925 -0.003828287 -0.943953 0.3300577 -0.003908753 -0.9439502 0.3300649 -0.2568291 -0.9375404 0.2346416 -0.3396436 -0.9125698 0.2277247 -0.1852101 -0.9372096 0.2955256 -0.004461586 -0.9536209 -0.3009774 -0.003895163 -0.9375577 0.3478079 -0.003867685 -0.9375557 0.3478137 0.06684172 -0.9346616 0.3491991 0.06694942 -0.9356132 0.3466202 0.06668639 -0.9354791 0.347033 -0.4694043 -0.8787955 0.08589643 -0.448913 -0.8901135 0.07858151 -0.5187534 -0.8516563 0.07467621 -0.4964494 -0.8647912 0.07532775 -0.5446543 -0.8355296 0.072402 -0.2512962 -0.9242279 0.2874943 -0.2545139 -0.9224443 0.2903779 -0.1826919 -0.928648 0.3228569 -0.08334618 -0.9410942 0.3277121 -0.5687713 -0.8202981 0.06008535 -0.6138624 -0.7873383 0.05719596 -0.4054554 -0.8894853 0.2107651 -0.3590819 -0.9080259 0.2157521 -0.4575507 -0.8656473 0.2032298 -0.4265258 -0.8804377 0.2071356 -0.1860319 -0.9284791 0.3214324 -0.08245611 -0.9345947 0.3460257 -0.08273416 -0.9343611 0.3465896 -0.08258098 -0.9322078 0.3523765 -0.08249574 -0.9326584 0.3512018 -0.3554183 -0.8928189 0.2766808 -0.3517645 -0.8964406 0.2695478 -0.4183819 -0.8703463 0.259719 -0.4237687 -0.8677157 0.2597876 -0.1840448 -0.9221711 0.3401883 -0.184677 -0.9218388 0.3407459 -0.1840963 -0.9200363 0.3458927 -0.2556959 -0.9137267 0.3157897 -0.2515803 -0.9154295 0.3141598 -0.184067 -0.9196041 0.3470556 -0.1842458 -0.9201563 0.3454935 -0.4819189 -0.8556128 0.188894 -0.5074115 -0.8415401 0.1853204 -0.1930415 -0.9457306 0.261397 -0.1841339 -0.9197054 0.3467516 -0.5317291 -0.8273841 0.1808313 -0.5597718 -0.8099107 0.1752147 -0.6053331 -0.7829977 0.1431311 -0.5566074 -0.8117205 0.1769127 -0.253206 -0.9081791 0.3333127 -0.2540171 -0.9076056 0.3342566 -0.2533644 -0.9058191 0.339556 -0.25332 -0.9060892 0.3388678 -0.2532238 -0.9053909 0.3408005 -0.2532641 -0.905602 0.3402092 -0.5226272 -0.8198833 0.2337781 -0.4776492 -0.8421435 0.2502912 -0.4731791 -0.8468928 0.2426401 -0.5292161 -0.8161962 0.2318492 -0.3519555 -0.8873187 0.2979812 -0.3570469 -0.883858 0.3021799 -0.4185715 -0.8612729 0.2881091 -0.2546615 -0.9028485 0.3464277 -0.2527993 -0.9044721 0.3435443 -0.4255953 -0.8583975 0.2863956 -0.3536731 -0.8764771 0.3266548 -0.3547834 -0.8780734 0.3211167 -0.3539471 -0.879294 0.3186902 -0.4210712 -0.8532321 0.3077238 -0.4225956 -0.852466 0.3077577 -0.6074697 -0.7406632 0.2870516 -0.5793966 -0.7843556 0.2215535 -0.3542493 -0.8769214 0.3248328 -0.3536148 -0.8760148 0.3279553 -0.4211785 -0.8508877 0.3140046 -0.354018 -0.8764542 0.3263422 -0.4214863 -0.8508322 0.3137416 -0.421092 -0.8503952 0.3154514 -0.4212301 -0.8504055 0.3152391 -0.479683 -0.8326398 0.2767943 -0.4732815 -0.8377054 0.2724964 -0.5229166 -0.8109366 0.2625646 -0.5311828 -0.8062641 0.2603519 -0.5614601 -0.7847467 0.2625548 -0.6282522 -0.7526876 0.1968768 -0.5731639 -0.7801248 0.2507757 -0.4202983 -0.8493724 0.3192425 -0.3534358 -0.8748794 0.3311636 -0.3532247 -0.8753219 0.3302178 -0.3529104 -0.8741497 0.3336414 -0.3528204 -0.873991 0.3341516 -0.4208716 -0.8491742 0.3190144 -0.352257 -0.8725763 0.3384163 -0.3527328 -0.8738695 0.3345618 -0.4200368 -0.848244 0.32257 -0.420029 -0.8482689 0.3225142 -0.4198162 -0.8480067 0.3234794 -0.418919 -0.8469784 0.3273141 -0.4198734 -0.8480002 0.3234223 -0.4756391 -0.8288737 0.2945096 -0.4766868 -0.8272776 0.2972902 -0.5729851 -0.7731553 0.2718803 -0.5256741 -0.8020825 0.2834262 -0.5275849 -0.8008965 0.2832298 -0.4754598 -0.8257477 0.3034448 -0.4757156 -0.8263975 0.301267 -0.5257996 -0.7995771 0.2901919 -0.4755928 -0.8258676 0.3029095 -0.4751965 -0.8253601 0.3049083 -0.5261943 -0.7994174 0.2899161 -0.5257083 -0.7990596 0.2917782 -0.5258592 -0.7990266 0.2915964 -0.4745886 -0.8248113 0.3073305 -0.9952704 -0.09533095 0.01867777 -0.976567 -0.1426829 -0.1611164 -0.9775923 -0.1413757 -0.1559687 -0.9987971 -0.04528236 0.01881027 -0.9779776 -0.1378846 -0.1566768 -0.9945151 -0.09372669 0.04642212 -0.9806648 -0.1939631 -0.02597874 -0.7998873 -0.5797904 0.154995 -0.9781973 -0.1356987 -0.1572126 -0.9974313 -0.06694757 0.02547198 -0.9570006 -0.1814519 -0.2263293 -0.9980057 -0.05885636 0.02281689 -0.9962465 -0.08131176 0.02968931 -0.8419963 -0.5255142 0.1219716 -0.8377541 -0.529771 0.132328 -0.968367 -0.2424315 0.05909675 -0.9932509 -0.05823451 -0.1003066 -0.9482447 -0.2149223 -0.2337528 -0.9521458 -0.1864343 -0.2421995 -0.9791552 -0.1985543 0.04279249 -0.9911731 -0.1287949 0.03142857 -0.97574 -0.1422833 -0.1663942 -0.9928284 -0.116702 0.02593499 -0.9932973 -0.06544005 -0.09527856 -0.9930118 -0.07902944 -0.08764666 -0.9761945 -0.1381052 -0.1672459 -0.7858775 -0.6008952 0.1460188 -0.7508071 -0.6404089 0.1617565 -0.9763416 -0.1365675 -0.1676495 -0.9881601 -0.1438788 -0.05327695 -0.9939695 -0.1030312 0.03754198 -0.9844704 -0.1235325 -0.1247301 -0.9828606 -0.1318905 -0.1288017 -0.9965814 -0.07691854 0.03015124 -0.9885091 -0.139188 -0.05896091 -0.980266 -0.1292399 -0.1495848 -0.9923265 -0.1163043 0.0419687 -0.9944109 -0.09883558 0.03712707 -0.9657302 -0.1754167 -0.191296 -0.8025034 -0.5764786 0.1538206 -0.7958902 -0.5845904 0.157521 -0.992778 -0.1125884 0.04142254 -0.9693459 -0.15569 -0.1900768 -0.980243 -0.1906358 0.05274248 -0.9850589 -0.1662154 0.04507142 -0.9847823 -0.1693298 -0.03913348 -0.9865271 -0.1583355 0.04116123 -0.9842843 -0.1726978 -0.03687703 -0.7984772 -0.5813023 0.1565943 -0.9792828 -0.1296569 -0.1555451 -0.9783897 -0.1991794 0.05550783 -0.7813059 -0.6017031 0.1658748 -0.9810109 -0.1869399 0.05168378 -0.9589496 -0.1650074 -0.2306256 -0.9760598 -0.2093952 0.05882889 -0.9932419 -0.07276421 -0.09042078 -0.9569515 -0.1685843 -0.2362691 -0.9790004 -0.1963536 0.05480456 -0.9748409 -0.2110916 0.07159155 -0.9826388 -0.183043 -0.03026831 -0.9728664 -0.2197421 0.07241779 -0.9293766 -0.2598795 -0.2621485 -0.9661247 -0.2480972 0.07106947 -0.9649916 -0.252202 0.07201009 -0.983219 -0.1793934 -0.03314483 -0.9705169 -0.2271296 0.08068019 -0.9789581 -0.1282703 -0.1587065 -0.976519 -0.2073921 0.05830192 -0.9892894 -0.1374658 0.04908752 -0.9804968 -0.195197 -0.02289462 -0.9769569 -0.1305301 -0.1688706 -0.981135 -0.1916357 -0.02549427 -0.9776024 -0.1316176 -0.1642265 -0.9899532 -0.1333273 0.04708003 -0.9829183 -0.1742883 0.05911993 -0.9921525 -0.1022996 -0.07189136 -0.9832102 -0.1728956 0.05834996 -0.9964982 -0.08226847 -0.01493793 -0.9778794 -0.1987755 0.06511527 -0.9959939 -0.08478754 -0.02841341 -0.9887616 -0.1393545 0.05413788 -0.9924578 -0.09424483 -0.07839256 -0.9975866 -0.05182427 0.04620802 -0.9758583 -0.1303564 -0.1752359 -0.9945989 -0.08876758 0.05378836 -0.7834338 -0.5985419 0.1672696 -0.993108 -0.1025469 0.0567488 -0.7558003 -0.6342335 0.1628304 -0.9957405 -0.07650262 0.05146247 -0.9952515 -0.08725172 -0.0431469 -0.6755849 -0.7236854 0.1409415 -0.7004638 -0.7005879 0.1361141 -0.995526 -0.08636313 -0.03833413 -0.9906028 -0.1221876 0.06145113 -0.981692 -0.1583897 0.1057999 -0.9657223 -0.1645115 -0.200789 -0.9711456 -0.2380663 -0.01416122 -0.9939516 -0.09439021 0.05613046 -0.9789063 -0.1721224 0.1100741 -0.96723 -0.1515542 -0.2037093 -0.9692113 -0.1457701 -0.1984459 -0.9941992 -0.08058524 0.07123142 -0.9484306 -0.3157541 0.02790391 -0.9920396 -0.1020532 0.07377386 -0.9696234 -0.2445907 0.002397596 -0.9499123 -0.175764 -0.2584059 -0.9921034 -0.1014402 0.07376152 -0.9688779 -0.2473466 0.009761393 -0.9405736 -0.183709 -0.2856085 -0.9563188 -0.1576902 -0.2461466 -0.9912645 -0.1170327 0.06081199 -0.988888 -0.1341893 0.06398218 -0.7351353 -0.6559998 0.1709985 -0.7288094 -0.6622259 0.1740511 -0.958499 -0.1542189 -0.2397837 -0.9853306 -0.1511036 0.0793181 -0.9842228 -0.1598266 0.07589912 -0.9346876 -0.3521478 0.0484873 -0.9859604 -0.1527481 0.06745564 -0.8847758 -0.3652478 -0.2894232 -0.980847 -0.1823766 0.06839531 -0.9543353 -0.2964944 0.03653836 -0.8955747 -0.3422459 -0.2842774 -0.9857153 -0.1486901 0.07909846 -0.9088376 -0.3100305 -0.2790973 -0.9893302 -0.1310934 0.0635631 -0.9576761 -0.2875488 0.01312792 -0.9940065 -0.08882015 -0.06373441 -0.9902802 -0.1167013 0.0756703 -0.9876294 -0.1362094 0.07768571 -0.9903439 -0.1162822 0.07547962 -0.9881189 -0.1242694 0.09043312 -0.9925186 -0.09362423 0.07836663 -0.9542732 -0.2966136 0.03718942 -0.9947224 -0.08712351 -0.0541926 -0.9516314 -0.1593195 -0.2627069 -0.9883851 -0.145204 -0.04484075 -0.9909359 -0.1081848 0.07963687 -0.9909078 -0.1084166 0.07967275 -0.987609 -0.1364311 0.07755661 -0.9481347 -0.1745567 -0.2656512 -0.9850074 -0.1514893 0.08253085 -0.9892595 -0.1362161 -0.0530166 -0.9860333 -0.1468561 0.07855868 -0.9892024 -0.1223674 0.08065265 -0.9937429 -0.09427618 -0.05989241 -0.9575915 -0.144892 -0.2490479 -0.9675306 -0.136781 -0.2125453 -0.9865071 -0.1416792 0.08204096 -0.966536 -0.146619 -0.2105017 -0.9864798 -0.1419414 0.08191585 -0.9891033 -0.1229991 0.08090627 -0.9944907 -0.04769676 -0.09334552 -0.7273151 -0.6637204 0.1746078 -0.9680378 -0.1310965 -0.2138143 -0.9893014 -0.1114252 0.09416574 -0.7207453 -0.6699946 0.1778579 -0.6912299 -0.6977296 0.1880815 -0.987614 -0.1256746 0.09393835 -0.9673512 -0.1384037 -0.2123112 -0.9930807 -0.08963054 -0.07587605 -0.985948 -0.138403 0.09354728 -0.9840797 -0.152759 0.09083938 -0.9865232 -0.1341847 0.09362912 -0.9930036 -0.08977508 -0.07670915 -0.9886564 -0.1072425 0.1051557 -0.9843776 -0.1736943 -0.02882623 -0.9838064 -0.1470454 0.102482 -0.9814981 -0.1646515 0.09773135 -0.9855199 -0.1662577 -0.03330183 -0.9862947 -0.1272673 0.1050044 -0.9368425 -0.1779497 -0.3010981 -0.980894 -0.1672092 0.0994389 -0.982667 -0.1472328 0.1126414 -0.9942639 -0.03078037 -0.1024301 -0.9945046 -0.04574018 -0.09417265 -0.9781333 -0.184635 0.09573417 -0.99378 -0.01761502 -0.1099599 -0.9295713 -0.1831709 -0.3199149 -0.9560297 -0.1444694 -0.2552173 -0.9756515 -0.2013406 0.08698326 -0.9728431 -0.2175748 0.0789771 -0.9564456 -0.1399672 -0.2561658 -0.9839712 -0.1762025 -0.02744787 -0.9793805 -0.1798485 0.09202408 -0.9805411 -0.1956678 -0.01591151 -0.98268 -0.1839601 -0.02232956 -0.9565646 -0.138298 -0.2566279 -0.9778668 -0.1921622 0.08276575 -0.9918245 -0.09093809 -0.08952414 -0.9909984 -0.09221714 -0.09704768 -0.9758406 -0.2057494 0.07349956 -0.9773544 -0.1952241 0.08164453 -0.9702482 -0.2420901 0.003289401 -0.9685561 -0.2484737 0.01264995 -0.9806487 -0.1741334 0.0894739 -0.9786418 -0.1869172 0.08557075 -0.9471972 -0.1630704 -0.2760897 -0.7540279 -0.6312069 0.1817136 -0.9485056 -0.1496573 -0.2791767 -0.9792271 -0.1871607 0.07800751 -0.7497448 -0.634588 0.1875658 -0.9770079 -0.2025481 0.06655675 -0.7287599 -0.6559524 0.1965589 -0.969238 -0.2458171 0.01232063 -0.9507451 -0.1485328 -0.2720692 -0.9818395 -0.1887536 -0.01906329 -0.9351459 -0.1712988 -0.3100951 -0.9384775 -0.1607476 -0.3056471 -0.9756274 -0.211603 0.05809873 -0.9538365 -0.2976579 0.03994745 -0.9551093 -0.2938964 0.03729879 -0.9789583 -0.1946176 0.06135636 -0.9717231 -0.2309336 0.04923182 -0.967038 -0.1249395 -0.2218727 -0.9945601 -0.03436726 -0.09833157 -0.957108 -0.1319198 -0.2579565 -0.9807729 -0.1829481 0.06792956 -0.9799764 -0.1894171 0.06138002 -0.9185513 -0.1803911 -0.3517422 -0.9251605 -0.1762845 -0.3361575 -0.9666157 -0.2548267 0.02678495 -0.9944776 -0.06780731 -0.08010244 -0.9721514 -0.2311171 0.03881251 -0.7318736 -0.6526229 0.1960722 -0.989565 -0.09155803 -0.1112571 -0.9862036 -0.09544599 -0.1352497 -0.9120416 -0.4023092 0.07954555 -0.9792107 -0.1955093 0.05406028 -0.9451737 -0.3243852 0.03769624 -0.9550903 -0.1317183 -0.2654294 -0.9802808 -0.191184 0.04998189 -0.9418584 -0.3312696 0.05624198 -0.9778555 -0.2043949 0.04496008 -0.9150801 -0.1796433 -0.3610494 -0.9470718 -0.1444311 -0.2866962 -0.9824503 -0.1748319 0.06500369 -0.9475535 -0.1387735 -0.2878962 -0.9947732 -0.05594843 -0.08541661 -0.9811993 -0.1862273 0.05067104 -0.9804133 -0.1916065 0.04557061 -0.9792899 -0.1991564 0.03644305 -0.9409155 -0.3330297 0.06139355 -0.9772253 -0.2100743 0.02999287 -0.7242561 -0.6601291 0.1992049 -0.9479981 -0.1327356 -0.2892764 -0.7204757 -0.6634783 0.201771 -0.9477378 -0.1360757 -0.2885769 -0.9346979 -0.1459968 -0.3240754 -0.9370754 -0.1494563 -0.3155193 -0.9786622 -0.2036056 0.02766132 -0.933562 -0.1595517 -0.3209445 -0.9766569 -0.2138144 0.02060419 -0.9941257 -0.08230239 -0.07028704 -0.9848956 0.01852566 -0.1721552 -0.9945325 -0.06912648 -0.07827395 -0.9812946 -0.188498 0.03910499 -0.9793235 -0.1991511 0.03555595 -0.9928877 -0.1035493 -0.05875104 -0.9229521 -0.1702269 -0.3452279 -0.9266382 -0.1586911 -0.3408207 -0.8919581 -0.4403384 0.1025326 -0.9900886 -0.02936226 -0.1373407 -0.9786998 -0.2043248 0.01995486 -0.9911853 -0.04735553 -0.1237311 -0.998656 -0.02779996 -0.04374122 -0.9803045 -0.1959382 0.02472412 -0.9252938 -0.3733276 0.06676852 -0.9992511 -0.03349494 -0.01937997 -0.9979141 -0.02355134 -0.06010645 -0.9206903 -0.3804685 0.08702379 -0.9964578 -0.01340746 -0.08301794 -0.9952157 -0.005501925 -0.09754687 -0.9924815 -0.08850246 -0.08454477 -0.9768018 -0.2139131 0.009971916 -0.9131737 -0.1658388 -0.3723053 -0.974892 -0.222574 0.006820142 -0.9166571 -0.1597741 -0.3663497 -0.9922828 -0.07286369 -0.1003282 -0.9924103 -0.08920735 -0.08463972 -0.9199792 -0.3814442 0.09021335 -0.9796624 -0.2000578 0.01543861 -0.9404166 -0.33396 0.06393158 -0.978134 -0.2077271 0.0101602 -0.9427853 -0.3285192 0.05684173 -0.9840634 -0.09270513 -0.1517398 -0.9823027 -0.09423553 -0.1618676 -0.9828172 -0.1726255 0.06535142 -0.9899217 -0.1124544 -0.08607602 -0.9937378 -0.09270972 -0.06236928 -0.9791418 -0.09611755 -0.1790047 -0.9829941 -0.1789519 0.04121625 -0.980723 -0.09489834 -0.1708112 -0.853212 -0.502836 0.1385111 -0.6972309 -0.6907464 0.1916725 -0.9835879 -0.173899 0.04810494 -0.6918154 -0.6900204 0.2127516 -0.9875177 -0.02750182 -0.1550885 -0.9855335 1.36126e-4 -0.1694805 -0.6648344 -0.7194176 0.2010805 -0.9328719 -0.1392363 -0.3322097 -0.9327604 -0.14074 -0.331889 -0.9821296 -0.1856715 0.0307812 -0.9821376 -0.1856169 0.03085649 -0.9702158 -0.2417222 0.0158621 -0.9562146 -0.2897146 0.04146212 -0.9873813 -0.02482908 -0.1564025 -0.933268 -0.1330044 -0.3336476 -0.9536225 -0.2974413 0.04618227 -0.9791229 -0.2032685 -5.14302e-4 -0.988284 -0.04499435 -0.145843 -0.9764195 -0.2158375 -0.004382431 -0.946091 -0.1261566 -0.2983225 -0.9333156 -0.1322934 -0.333797 -0.9070188 -0.4113276 0.09014767 -0.9208428 -0.1581707 -0.3564136 -0.9852893 -0.1658465 0.04122984 -0.8757705 -0.4676216 0.1198171 -0.9018294 -0.4179089 0.1098001 -0.924753 -0.1471338 -0.3509752 -0.9843342 -0.1569831 -0.08026432 -0.9797853 -0.1884549 -0.06712275 -0.9218654 -0.1443927 -0.359604 -0.9843677 -0.1740107 0.0272116 -0.9839971 -0.17648 0.02458548 -0.9009391 -0.4189091 0.1132431 -0.977378 -0.09596139 -0.1884775 -0.9816501 -0.1901037 0.01495748 -0.9194183 -0.3822444 0.0925154 -0.9787763 -0.09495824 -0.1816031 -0.9218229 -0.3776246 0.08742082 -0.9779524 -0.1993589 -0.06217074 -0.9820483 -0.1877369 0.01832795 -0.9688695 -0.1002259 -0.2263772 -0.9751067 -0.09642428 -0.1996729 -0.9845049 -0.1746883 -0.01529926 -0.9886676 -0.1471182 -0.02987772 -0.9882894 -0.04201102 -0.1466939 -0.9811777 -0.1930435 0.004961669 -0.9903162 -0.1326554 -0.0409457 -0.9808444 -0.1947771 0.00244069 -0.9144254 -0.1478864 -0.3767702 -0.9106137 -0.15371 -0.3836089 -0.9114909 -0.1399708 -0.3867719 -0.984317 -0.1758 0.01464074 -0.9827154 -0.1851218 -5.81615e-4 -0.9830495 -0.1828624 0.01322883 -0.8347361 -0.5287677 0.1536897 -0.9195116 -0.1390179 -0.3676581 -0.8926277 -0.4382325 0.1056792 -0.9800425 -0.1986371 -0.007752954 -0.9756089 -0.2124482 -0.05525386 -0.9888015 -0.06941455 -0.1321108 -0.9196633 -0.1366666 -0.3681597 -0.919994 -0.1303775 -0.3696117 -0.8863984 -0.4451146 0.1271648 -0.9797124 -0.2001586 -0.01000249 -0.9887359 -0.06571906 -0.1344709 -0.9731293 -0.2279216 -0.03273004 -0.9886242 -0.08489429 -0.1241575 -0.9618255 -0.2708598 -0.03907239 -0.8860321 -0.4454321 0.1285977 -0.9879729 -0.01328355 -0.1540555 -0.9851784 4.9243e-4 -0.1715328 -0.9307571 -0.126182 -0.3431757 -0.9088045 -0.1345917 -0.3949168 -0.9821376 -0.1878328 -0.01116228 -0.9863915 -0.1630594 -0.02105885 -0.9086609 -0.1371107 -0.3943806 -0.9829193 -0.1839764 -0.004727005 -0.6577278 -0.7041372 0.2675537 -0.9871052 -0.02373343 -0.1583034 -0.9089635 -0.1306193 -0.3958837 -0.6703131 -0.7066817 0.2264537 -0.9572029 -0.2865338 -0.04075336 -0.6936836 -0.6862375 0.2188177 -0.9871688 -0.02458536 -0.1577764 -0.9480819 -0.3126922 -0.05800306 -0.9827014 -0.1849968 -0.008616864 -0.9805168 -0.1964181 -0.002591848 -0.9887453 -0.08100438 -0.1257811 -0.9655751 -0.2570803 -0.03967988 -0.916458 -0.1318002 -0.3778008 -0.9091884 -0.1261155 -0.3968265 -0.9848675 -0.1725651 -0.01603966 -0.9821585 -0.1874381 -0.01522082 -0.9204303 -0.1222068 -0.3713134 -0.9791779 -0.2014673 -0.02493262 -0.9003646 -0.4195845 0.1152933 -0.9055231 -0.1236092 -0.4058926 -0.9767805 -0.2106514 -0.03906059 -0.9031456 -0.4149962 0.1100286 -0.9881379 -0.04181843 -0.147766 -0.9826891 -0.1850926 -0.007928073 -0.9691264 -0.2454006 0.02392971 -0.9886911 -0.06565338 -0.1348319 -0.9880086 -0.04065483 -0.1489503 -0.9874452 -0.1532883 0.03814244 -0.9575517 -0.09477961 -0.2722343 -0.9644645 -0.09170234 -0.2477878 -0.9402254 -0.3334001 0.0694307 -0.9879661 -0.1051884 -0.1133946 -0.9873653 -0.1538991 0.03774899 -0.9201399 -0.3801051 0.09414184 -0.9441329 -0.3239718 0.06045961 -0.9800116 -0.1965565 -0.03070706 -0.8878569 -0.4421764 0.1272402 -0.9878545 -0.1098086 -0.1099334 -0.9817596 -0.1878586 -0.02927613 -0.9839285 -0.1562973 -0.08634799 -0.9887006 -0.08093148 -0.126179 -0.9509899 -0.09624266 -0.2938633 -0.9864591 -0.1627187 0.02052026 -0.9477962 -0.09743416 -0.3036263 -0.8854433 -0.4460405 0.1305291 -0.9887347 -0.06439334 -0.1351193 -0.9855457 -0.1691043 0.0101732 -0.9887604 -0.07948911 -0.1266269 -0.8792617 -0.1979362 -0.4332668 -0.9965233 -0.03688508 -0.07470554 -0.8836565 -0.1746437 -0.4343395 -0.9551658 -0.2959848 0.007174193 -0.9756324 -0.2105728 -0.06164842 -0.8406517 -0.2888901 -0.4580909 -0.976549 -0.207645 -0.05688101 -0.9958758 -0.006005108 -0.09052878 -0.8356869 -0.2993191 -0.4604731 -0.9632031 -0.2678179 -0.02265912 -0.8144997 -0.3423416 -0.4683935 -0.9845539 -0.1750689 -0.002100288 -0.9863809 -0.1642969 0.007694125 -0.9470396 -0.3210415 0.006954848 -0.8859063 -0.1280781 -0.4458318 -0.9849458 -0.1726719 -0.008139133 -0.9797192 -0.1882998 -0.0685085 -0.8801303 -0.1613861 -0.4464585 -0.9962009 -0.01440495 -0.08588492 -0.9746419 -0.2130216 -0.06852 -0.9846633 -0.1513462 -0.08679062 -0.8494156 -0.1385518 -0.5092118 -0.9729292 -0.2179996 -0.07671314 -0.9014299 -0.4170939 0.1160036 -0.988143 -0.1055352 -0.1115154 -0.8545906 -0.1358718 -0.5012124 -0.9226719 -0.3740957 0.0934292 -0.9881142 -0.1034985 -0.1136594 -0.8511312 -0.1345592 -0.5074146 -0.9841606 -0.1760458 -0.02087801 -0.977927 -0.1992908 -0.06278371 -0.9965462 -0.05333393 -0.06364816 -0.972125 -0.2187101 -0.08449316 -0.8458539 -0.1381423 -0.5152164 -0.9703181 -0.2234607 -0.09245496 -0.9806228 -0.1825476 -0.0710994 -0.9404721 -0.09146279 -0.3273329 -0.9323543 -0.09388816 -0.3491424 -0.9965022 -0.02936005 -0.07823944 -0.9765189 -0.2063386 -0.06193 -0.9756458 -0.2036625 -0.08146679 -0.9974337 -0.006570696 -0.07129418 -0.9789538 -0.1934266 -0.06508237 -0.994458 -8.0801e-4 -0.1051314 -0.9792491 -0.1930605 -0.06163501 -0.9944418 -0.007625877 -0.1050112 -0.9977382 -0.03197956 -0.05912607 -0.9756092 -0.2124491 -0.05524545 -0.9869899 -0.03083807 -0.1577973 -0.9928443 -0.01093339 -0.1189146 -0.9977645 -0.0284456 -0.06047046 -0.9820864 -0.03562015 -0.1850336 -0.9893097 -0.1446914 0.01818811 -0.98023 -0.0368945 -0.1943906 -0.9886024 -0.1504527 0.005399703 -0.9767379 -0.2062263 -0.05876934 -0.8770798 -0.1477618 -0.457053 -0.8819891 -0.1165158 -0.4566391 -0.9958871 -0.07434618 -0.05178421 -0.9965629 -0.05253016 -0.06405472 -0.9344021 -0.3561218 0.008363842 -0.9750887 -0.2044504 -0.08603543 -0.8497164 -0.1245439 -0.512319 -0.9612562 -0.2442224 -0.1278365 -0.9951636 -0.08714509 -0.0453341 -0.9703185 -0.2234602 -0.09245383 -0.9807272 -0.1830685 -0.06826549 -0.9847838 -0.1517255 -0.08473676 -0.8773723 -0.1406496 -0.4587325 -0.9848936 -0.1489916 -0.08823853 -0.9847409 -0.1729157 -0.01963692 -0.8784362 -0.1114149 -0.4646898 -0.9710131 -0.2376823 0.02531343 -0.98289 -0.1814898 -0.0314427 -0.9536927 -0.295713 0.05499118 -0.9878153 -0.1554656 -0.007168829 -0.988259 -0.1527838 -0.001154065 -0.9790352 -0.1939449 -0.06225186 -0.9762852 -0.03782898 -0.2131575 -0.976839 -0.009174227 -0.2137789 -0.9041675 -0.4112463 0.115575 -0.9811196 -0.1805542 -0.06931585 -0.9779264 -0.03698945 -0.2056496 -0.8861871 -0.443961 0.1325557 -0.8461311 -0.1240994 -0.5183256 -0.9750954 -0.2027975 -0.08978986 -0.9962244 -0.06792294 -0.05406981 -0.8452805 -0.1242885 -0.5196663 -0.9736818 -0.2080984 -0.09294575 -0.8453764 -0.1189479 -0.5207592 -0.9794895 -0.1914083 -0.06295377 -0.9653379 -0.223345 -0.1350548 -0.9738211 -0.2047609 -0.09871882 -0.9725017 -0.2092639 -0.1022201 -0.9571703 -0.28516 0.05008858 -0.8453149 -0.1177573 -0.5211296 -0.9768249 -0.2070463 -0.05426698 -0.9414095 -0.3293139 0.07280468 -0.9909051 -0.1336454 0.01568263 -0.8416372 -0.1229707 -0.5258564 -0.9773195 -0.2041594 -0.05626094 -0.9968535 -0.06920021 -0.03865784 -0.8417084 -0.1184977 -0.5267688 -0.9976406 -0.04306703 -0.05346494 -0.9869993 -0.1587011 -0.02542054 -0.9976319 -0.04913854 -0.04812508 -0.9136034 -0.4057112 0.02696609 -0.987924 -0.1542119 -0.01499611 -0.8416512 -0.116374 -0.5273333 -0.9632067 -0.2677432 -0.02337819 -0.8321357 -0.1392536 -0.5368041 -0.9650022 -0.2603501 -0.03144258 -0.8368548 -0.1289696 -0.532016 -0.9838734 -0.1749186 -0.03736823 -0.8518926 -0.5019294 0.1494854 -0.947234 -0.3205383 0.001655399 -0.981011 -0.1877158 -0.04878675 -0.7936171 -0.5787224 0.1877558 -0.9182401 -0.09193485 -0.3852052 -0.9648944 -0.2613967 -0.02550727 -0.9231215 -0.09073656 -0.3736488 -0.9338427 -0.3571423 0.0196765 -0.9897507 -0.1426324 -0.007039427 -0.8728976 -0.1328809 -0.4694597 -0.9900213 -0.1408643 -0.003899097 -0.844318 -0.5078483 0.1709305 -0.9495955 -0.3134754 -0.001243054 -0.9866687 -0.1592825 -0.03337973 -0.8482217 -0.5048039 0.1602904 -0.878503 -0.1036239 -0.4663631 -0.986301 -0.1607721 -0.03691542 -0.8453978 -0.1105124 -0.5225798 -0.8945497 -0.4442021 0.04965388 -0.8166243 -0.5503457 0.1739089 -0.8084189 -0.5553664 0.1950052 -0.8617295 -0.4979883 0.09710901 -0.9846197 -0.1659553 -0.0546137 -0.7895128 -0.5834214 0.1904969 -0.8785415 -0.4721047 0.07267618 -0.9857604 -0.1620043 -0.04506766 -0.8897042 -0.4375268 0.1303713 -0.8398166 -0.1103885 -0.5315283 -0.8324071 -0.114421 -0.5422236 -0.8275301 -0.1259157 -0.547119 -0.8083728 -0.5553084 0.195361 -0.9655553 -0.2592889 -0.02173358 -0.8276171 -0.1191115 -0.5485094 -0.9960602 -0.08313131 -0.03087413 -0.9491518 -0.3147526 0.006451249 -0.9896903 -0.1421117 -0.01780951 -0.9888757 -0.1473345 -0.02043265 -0.9970115 -0.06702423 -0.03841489 -0.9923871 -0.1215478 0.01984554 -0.950251 -0.3114405 0.005281686 -0.8417221 -0.1080663 -0.5289854 -0.8360152 -0.111082 -0.5373447 -0.9921766 -0.1234594 0.01853084 -0.8127259 -0.5551113 0.1769976 -0.8045868 -0.5599506 0.1977254 -0.9908203 -0.1345947 -0.01262378 -0.7746224 -0.6001225 0.1995317 -0.9364135 -0.3503403 0.01978254 -0.8275864 -0.1088782 -0.550678 -0.9121627 -0.4072169 0.04619133 -0.9067348 -0.08817738 -0.4123796 -0.9910912 -0.1328703 -0.009150981 -0.8044316 -0.5599581 0.1983351 -0.90756 -0.08800512 -0.4105969 -0.9950811 -0.08898222 -0.04353976 -0.9153194 -0.4002007 0.0450536 -0.9885255 -0.146611 -0.03636628 -0.9934608 -0.1099394 -0.03080552 -0.9878397 -0.1503461 -0.03960704 -0.8929903 -0.4452546 0.06570208 -0.9141892 -0.4015751 0.0547313 -0.8948155 -0.087655 -0.4377463 -0.9355599 -0.3519081 0.02980905 -0.8740574 -0.09127163 -0.4771721 -0.9777941 -0.188762 -0.09103614 -0.9962488 -0.08076071 -0.03108304 -0.6635808 0.7160176 -0.2167475 -0.9812744 -0.1792722 -0.07044208 -0.966701 -0.03458827 -0.2535606 -0.9770475 -0.1966347 -0.08193325 -0.8499754 -0.5018771 0.1601919 -0.9373043 -0.3476908 0.02391231 -0.8438999 -0.5080856 0.1722844 -0.8964704 -0.4383368 0.06482076 -0.9566069 0.1263074 -0.2625829 -0.8776758 -0.4725047 0.08015286 -0.9643124 -0.03971272 -0.261772 -0.801388 -0.1365682 -0.5823456 -0.801416 -0.1201431 -0.5859163 -0.9766909 -0.1907064 -0.09851896 -0.8483694 -0.5031749 0.1645734 -0.9155324 -0.3983866 0.05557483 -0.9502241 -0.03700983 -0.3093616 -0.7507604 0.6090992 -0.2556501 -0.9750661 -0.1944935 -0.1068565 -0.8105991 -0.5523226 0.1945991 -0.9532399 -0.03609853 -0.3000508 -0.8078648 -0.5556015 0.1966254 -0.9443616 -0.320936 0.07198041 -0.8419058 -0.5334274 0.08154642 -0.9208239 -0.376887 0.1001967 -0.9869863 -0.1522711 -0.0516873 -0.8215222 -0.1116096 -0.5591464 -0.8275675 -0.1007866 -0.5522447 -0.9876616 -0.149016 -0.04815465 -0.9941817 -0.106372 -0.01695996 -0.7624861 -0.2401078 -0.6008021 -0.9809033 -0.1732763 -0.08834064 -0.9946245 -0.1012856 -0.02152377 -0.7753396 -0.2056512 -0.5971233 -0.881562 -0.4655733 0.07803887 -0.7959258 -0.1047022 -0.5962714 -0.7435522 -0.6320171 0.2183678 -0.9844219 -0.1636903 -0.06417882 -0.8057196 -0.5844795 0.09591448 -0.9899477 -0.1389517 -0.02637863 -0.7960003 -0.1141939 -0.5944268 -0.7979434 -0.5723041 0.1890883 -0.7908671 -0.576084 0.2065345 -0.9888716 -0.02618664 -0.1464489 -0.7957392 -0.09837973 -0.5975958 -0.9878344 -0.01103794 -0.1551173 -0.8039212 -0.5602439 0.1995932 -0.9907004 -0.1340452 -0.02333581 -0.7711576 -0.1018406 -0.628446 -0.9930289 -0.1175721 0.008385956 -0.7769629 -0.1042822 -0.6208493 -0.8068299 -0.5568748 0.1972711 -0.9920597 -0.1249224 -0.01456135 -0.7712765 -0.1084337 -0.627196 -0.9934493 -0.114205 0.003957748 -0.7895287 -0.5766716 0.2099864 -0.7709861 -0.09868609 -0.6291593 -0.9911718 -0.1310087 -0.02037864 -0.9885278 -0.1508557 -0.007431983 -0.9894988 -0.001846611 -0.1445295 -0.7614395 -0.1064822 -0.6394307 -0.9740479 -0.1948652 -0.1151447 -0.9896879 -0.04324525 -0.1365571 -0.9823517 -0.1867583 0.01031994 -0.990992 -0.02416867 -0.1317222 -0.7660592 -0.102464 -0.6345506 -0.9868952 -0.1613449 -0.002355158 -0.9919425 -0.1254543 -0.01764345 -0.9924805 -0.1210009 -0.01847189 -0.7611868 -0.09996104 -0.6407827 -0.7611858 -0.09577912 -0.6414224 -0.9840861 -0.177595 0.005876183 -0.9925072 -0.1207696 -0.01854848 -0.9851117 -0.1718713 0.003902733 -0.9882149 -0.01587432 -0.1522478 -0.9053903 0.2596608 -0.3359234 -0.9386307 -0.03789424 -0.342836 -0.9422411 -0.03377008 -0.3332285 -0.967145 -0.2101355 -0.1430858 -0.79558 -0.09046411 -0.5990565 -0.9679335 -0.205379 -0.1446517 -0.9800096 -0.1982562 0.0166068 -0.9910174 -0.02415603 -0.1315337 -0.9721568 -0.1988213 -0.1240218 -0.9758597 -0.1894933 -0.108583 -0.9246179 -0.3681108 0.09785836 -0.8019524 -0.5893848 0.09745806 -0.789063 -0.1065958 -0.6049933 -0.982945 -0.1836211 0.01011621 -0.7707717 -0.09052783 -0.630647 -0.9888344 -0.1417524 -0.0459637 -0.9893186 -0.03172206 -0.1422759 -0.9686189 -0.2453355 0.03984677 -0.989502 -0.1381911 -0.04229813 -0.7636467 -0.09447234 -0.6386852 -0.7932733 -0.5729493 0.2060256 -0.957535 -0.2265293 -0.1783567 -0.7890744 -0.5768982 0.2110688 -0.9902359 -0.06712675 -0.1221756 -0.9201915 -0.03593403 -0.3898159 -0.9898588 -0.1420536 -5.98909e-4 -0.9205788 -0.006923317 -0.3904954 -0.9245828 -0.03306239 -0.3795436 -0.9850738 -0.1570822 -0.07039052 -0.9863227 -0.1504293 -0.06736844 -0.7535523 -0.09252542 -0.650844 -0.9890792 -0.1473103 0.00469911 -0.894454 -0.4401365 0.07894325 -0.760829 -0.08774435 -0.6429932 -0.8968022 -0.4361458 0.07431513 -0.9851202 -0.1711798 0.01535475 -0.9846526 -0.1737151 0.0167967 -0.8793207 -0.4672236 0.09217983 -0.9886026 -0.1404005 -0.05433714 -0.9879288 -0.1435196 -0.05830091 -0.9833549 -0.1806055 0.0198701 -0.9916616 -0.03960293 -0.1226329 -0.8398111 -0.07414507 -0.5377917 -0.9828025 -0.1833733 0.02175903 -0.9916567 -0.1255837 -0.02908349 -0.9918565 -0.04044348 -0.1207677 -0.8595697 -0.0717836 -0.5059515 -0.9901639 -0.1313878 -0.04809021 -0.720947 -0.6526288 0.2330476 -0.9910255 -0.1298771 -0.03163057 -0.9897511 -5.4077e-4 -0.1428027 -0.8359739 -0.07367753 -0.5438008 -0.8224207 -0.07512623 -0.5638973 -0.7686641 -0.6041387 0.210171 -0.7622976 -0.6068345 0.2250652 -0.8213415 -0.07370758 -0.5656549 -0.9916229 -0.1249819 -0.03261286 -0.7600491 -0.6076317 0.2304545 -0.9920089 -0.1217317 -0.0331614 -0.978553 -0.1722091 -0.1130399 -0.8879688 -0.439482 0.1355245 -0.9018473 -0.4141737 0.1230102 -0.9901537 -0.05345374 -0.1293773 -0.8183149 -0.07401311 -0.569985 -0.9901742 -0.08238118 -0.1129969 -0.9076914 -0.4034307 0.1154989 -0.9921656 -0.06195729 -0.1084843 -0.9805113 -0.1945744 0.0271753 -0.9086726 -0.0315814 -0.4163132 -0.9036201 -0.03474354 -0.4269235 -0.9808405 -0.1672833 -0.09984052 -0.9810402 -0.1921027 0.02562654 -0.9039524 -0.00745511 -0.4275683 -0.9965102 -0.08325177 -0.006060361 -0.8957578 -0.03121054 -0.4434455 -0.9939496 -0.1098242 -0.001704931 -0.7566867 0.4841233 -0.4393745 -0.9931864 -0.1148692 -0.01964324 -0.8492414 -0.4995923 0.1708704 -0.9912489 -0.0229215 -0.130001 -0.8762567 0.169988 -0.450864 -0.8094693 -0.5530099 0.1973309 -0.9914007 -0.02543616 -0.1283655 -0.8902157 -0.03282928 -0.4543547 -0.9773094 -0.1738525 -0.1210024 -0.7212515 -0.1081879 -0.6841723 -0.7414008 -0.6267784 0.2397367 -0.7210122 -0.1004962 -0.685596 -0.9769306 -0.1745854 -0.1229901 -0.6817004 -0.2517649 -0.686949 -0.7128748 -0.6598579 0.2374806 -0.9922523 -0.0622648 -0.10751 -0.7498173 -0.6238002 0.220561 -0.6772057 -0.07645404 -0.731811 -0.6824489 -0.07948547 -0.7265987 -0.7205791 -0.0920093 -0.687241 -0.9900945 -0.1304316 -0.05196684 -0.741072 -0.6267857 0.2407323 -0.7198344 -0.07584977 -0.6899894 -0.9892727 -0.1329711 -0.06048315 -0.8145074 -0.5465894 0.1944676 -0.8811705 -0.463821 0.09169882 -0.7884348 -0.06913089 -0.6112214 -0.9904665 -0.1273334 -0.05255728 -0.8130036 -0.547597 0.1978957 -0.7922533 -0.5734993 0.2084068 -0.8026506 -0.06791681 -0.5925701 -0.7878286 -0.607058 0.1039553 -0.8095991 -0.5519286 0.1998102 -0.9930343 -0.115498 -0.02330845 -0.8109866 -0.5510188 0.1966696 -0.8054649 -0.5576824 0.2005409 -0.7675426 -0.05901724 -0.6382753 -0.892766 -0.430708 0.1321346 -0.7625584 -0.05936259 -0.64419 -0.8514465 -0.4977124 0.1652908 -0.8611757 -0.4836903 0.1562691 -0.855154 -0.489517 0.170543 -0.9906825 -0.1254663 -0.0529766 -0.8907415 -0.4331729 0.1376254 -0.7523518 -0.05767601 -0.6562318 -0.9893752 -0.106671 -0.09878271 -0.7425181 -0.6307895 0.2253254 -0.9859557 -0.1479578 -0.07745975 -0.7403804 -0.05843645 -0.6696432 -0.9871557 -0.1416534 -0.07387858 -0.9921094 -0.07613289 -0.09961289 -0.6840186 -0.6850656 0.2506065 -0.990359 -0.06740909 -0.1210164 -0.7296141 -0.05604916 -0.6815583 -0.7344378 -0.6333376 0.2438946 -0.6746249 -0.04117083 -0.7370117 -0.7335929 -0.63371 0.245465 -0.7065568 -0.05734711 -0.7053289 -0.8595677 -0.02386146 -0.5104646 -0.9759224 -0.1745185 -0.1308389 -0.9987583 -0.02589917 -0.0425592 -0.9757868 -0.1747654 -0.1315197 -0.9959997 -0.08920156 -0.005261242 -0.8527905 -0.03361052 -0.5211706 -0.99217 -0.07635074 -0.09884005 -0.847808 0.1010621 -0.5205844 -0.998352 -0.04661303 -0.03347247 -0.9919176 -0.03833228 -0.1209551 -0.8143466 -0.025478 -0.5798195 -0.9890872 -0.1324869 -0.0644499 -0.9895161 -0.128898 -0.06513965 -0.9921895 -0.04165095 -0.1175802 -0.8222377 -0.02483075 -0.5686023 -0.9987927 -0.02233898 -0.04375004 -0.8143581 0.002817511 -0.5803559 -0.8101425 -0.003689765 -0.5862213 -0.9977779 -0.06098365 -0.0268352 -0.8180723 -0.02430719 -0.5746015 -0.9896777 -0.1274787 -0.06547772 -0.9901925 -0.09013867 -0.1067414 -0.8100817 -0.02521705 -0.5857744 -0.7573184 0.1640923 -0.6320938 -0.7651106 -0.6035544 0.2243387 -0.8021616 -0.02152937 -0.5967188 -0.9741565 -0.1761455 -0.1413928 -0.7596865 -0.6077733 0.2312747 -0.9856995 -0.1525347 -0.07162129 -0.7938348 -0.003889024 -0.608121 -0.7937851 -0.02502912 -0.6076831 -0.9827544 -0.153406 -0.103249 -0.7564272 0.0434525 -0.6526329 -0.7667233 -0.01739478 -0.6417419 -0.7431684 -0.6239044 0.2417517 -0.7445217 -0.623416 0.2388306 -0.9925188 -0.06360328 -0.1042166 -0.7575833 -0.0225988 -0.6523472 -0.7407091 -0.626905 0.2415369 -0.980798 -0.163798 -0.1058561 -0.7296753 -0.004121661 -0.6837813 -0.9710553 -0.2355598 0.0395348 -0.7394333 -0.01688218 -0.6730181 -0.9694544 -0.2406182 0.04755043 -0.992433 -0.06048977 -0.1068543 -0.9927155 -0.1154686 -0.03439521 -0.9914001 -0.09837406 -0.08630406 -0.7297005 -0.01805335 -0.6835286 -0.9921163 -0.1195052 -0.03773349 -0.6765999 0.0750873 -0.7325124 -0.9912261 -0.1206954 -0.05388224 -0.7186504 -0.004181206 -0.6953591 -0.9915004 -0.0994687 -0.083862 -0.7286037 -0.0157755 -0.6847538 -0.7186806 -0.01721262 -0.6951273 -0.6738045 -0.01652836 -0.7387247 -0.5440482 -0.03304761 -0.8384029 -0.9789792 -0.15986 -0.1266672 -0.6539595 -0.03079581 -0.7559025 -0.9986171 -0.04077106 -0.03319096 -0.673474 0.01589769 -0.73904 -0.9964669 -0.08259415 -0.01523488 -0.9923877 -0.07768464 -0.0955612 -0.9923889 -0.07461273 -0.0979653 -0.9779014 -0.1625967 -0.1314197 -0.7696921 -0.5961066 0.2285411 -0.7643453 -0.6038879 0.2260439 -0.7795997 -0.5909749 0.2072994 -0.9765002 -0.164072 -0.1397414 -0.7963501 -0.5677993 0.2084 -0.7570338 -0.6411904 0.1255972 -0.7975993 -0.5670485 0.2056483 -0.8371948 -0.5345159 0.1157491 -0.95752 -0.2818523 0.06094944 -0.8429187 -0.5275146 0.1059081 -0.9418758 -0.3258562 0.0817793 -0.9778184 -0.1599456 -0.1352354 -0.953534 -0.2937735 0.06685829 -0.7105116 -0.6587047 0.2475506 -0.710144 -0.6556261 0.2566123 -0.9878908 -0.1325151 -0.08069431 -0.7334397 -0.6336432 0.2460948 -0.7371382 -0.6302119 0.2438449 -0.7374994 -0.6300891 0.2430686 -0.7994812 -0.5849286 0.1367054 -0.9868714 -0.138119 -0.08371418 -0.7955902 -0.5897453 0.1386966 -0.8045516 -0.5786092 0.1338216 -0.9953464 -0.09599775 -0.008370995 -0.9880284 -0.1283329 -0.08561956 -0.9977375 -0.06345897 -0.02220422 -0.9875022 -0.1328327 -0.08482229 -0.9689471 -0.2418725 0.05137318 -0.7322974 -0.6641567 0.1504537 -0.9910525 -0.1199992 -0.05843931 -0.7333487 -0.6632419 0.1493651 -0.9550196 -0.2879567 0.07084095 -0.9916438 -0.1006615 -0.08068358 -0.9968464 -0.07788532 -0.01520472 -0.9902859 -0.1221105 -0.06650501 -0.9916914 -0.09681731 -0.08470308 -0.9676487 -0.1863495 -0.170088 -0.961837 -0.1992872 -0.1874946 -0.9932016 -0.1164023 0.001058995 -0.9924322 -0.0272963 -0.1197213 -0.9668653 -0.1917387 -0.1685463 -0.9748911 -0.1646113 -0.1499676 -0.9911866 -0.004951894 -0.1323811 -0.9525631 -0.293384 0.0809285 -0.9553533 -0.2868958 0.07064574 -0.9877182 -0.1550861 0.01900309 -0.9761996 -0.1611089 -0.1451836 -0.992179 -0.02104973 -0.1230362 -0.9899905 -0.1218448 -0.07122182 -0.9948167 -0.1016368 -0.003112494 -0.9567651 -0.2044687 -0.2068649 -0.9225291 -0.3714391 0.1047523 -0.9450141 -0.3170669 0.08010601 -0.7810794 -0.6070582 0.1462717 -0.6842574 -0.6754251 0.2749414 -0.8005536 -0.58349 0.1365774 -0.7055929 -0.6566166 0.2664458 -0.7147535 -0.6546751 0.2460243 -0.98149 -0.1541069 -0.1137038 -0.7102285 -0.6557572 0.256043 -0.9833645 -0.1442661 -0.1103706 -0.6936855 -0.6738952 0.2542943 -0.9431527 -0.3209135 0.08647167 -0.9416499 -0.3237103 0.09223407 -0.9441357 -0.3186534 0.08407056 -0.9254226 -0.3643022 0.1042928 -0.9815146 -0.184297 -0.0516107 -0.9056121 -0.4062885 0.1216403 -0.9783408 -0.152841 -0.1396026 -0.9878658 -0.1331384 -0.07997089 -0.9260961 -0.3631487 0.1023185 -0.9794889 -0.1501938 -0.1343258 -0.9171295 -0.3816608 0.1149278 -0.982703 -0.1823536 0.03227967 -0.9881668 -0.1410053 -0.06036567 -0.9893741 -0.1443859 0.01707726 -0.9881548 -0.1427175 -0.05640691 -0.9808718 -0.1912816 0.03608042 -0.9768745 -0.15419 -0.1481273 -0.9782577 -0.1502049 -0.143005 -0.9847521 -0.1716562 0.02823954 -0.9847403 -0.1619469 -0.06371688 -0.9828333 -0.1815726 0.0327146 -0.9843764 -0.1713728 -0.04042851 -0.9785145 -0.2020921 0.0408442 -0.9877261 -0.1269258 -0.09103351 -0.9254562 -0.3640491 0.1048758 -0.9287315 -0.3582915 0.09531521 -0.9797319 -0.1951359 -0.04524761 -0.9887549 -0.1216404 -0.08699077 -0.9185049 -0.3794784 0.1111081 -0.9177765 -0.3866598 0.0904473 -0.984384 -0.1714164 -0.04005861 -0.9751781 -0.1546136 -0.1584998 -0.9765646 -0.151236 -0.1531314 -0.9997821 -0.01580399 -0.01363855 -0.7263728 -0.6713624 0.1471563 -0.9797305 -0.1411522 -0.1421411 -0.9804665 -0.1930577 0.03760713 -0.9673248 -0.2466379 0.05875784 -0.9833828 -0.1723023 -0.05718499 -0.9838433 -0.134779 -0.117843 -0.9822407 -0.1436901 -0.1206495 -0.9827896 -0.1814926 -0.03442138 -0.9829149 -0.1379233 -0.1218822 -0.9992232 -0.03905022 -0.005289793 -0.9837302 -0.1307241 -0.1232319 -0.9982746 -0.05868083 0.002076029 -0.9773898 -0.2081267 -0.03731554 -0.9827713 -0.1817808 -0.03341132 -0.9782759 -0.1423449 -0.1507126 -0.9971413 -0.07490682 0.009910285 -0.9789717 -0.1413961 -0.1470427 -0.9794796 -0.1368466 -0.1479614 -0.9927688 -0.03613299 -0.1144749 -0.9984766 -0.05516952 8.17591e-4 -0.9931359 -0.04363727 -0.1085213 -0.9795755 -0.1358299 -0.1482636 -0.9649409 -0.2623903 -0.006358325 -0.9601395 -0.1797502 -0.2140607 -0.9815714 -0.184475 -0.04986667 -0.9939773 -0.1073323 0.02211457 -0.9967641 -0.07955098 0.01152968 -0.9952976 -0.09518873 0.01794242 -0.9675462 -0.170812 -0.1862192 -0.9806792 -0.1937906 -0.02671414 0.9926245 -0.1159297 0.03545069 0.991419 -0.09487849 -0.08992421 0.9763364 -0.2154942 -0.01815551 0.9775556 -0.2101798 -0.01448088 0.9935539 -0.1083942 0.03318428 0.9778947 -0.2082241 -0.0190925 0.9548158 -0.1395643 -0.2623903 0.9919123 -0.1213802 0.03710645 0.956376 -0.1321652 -0.2605329 0.9906036 -0.1308022 0.03993886 0.9272078 -0.173843 -0.3317593 0.9980518 -0.04987049 0.03749132 0.9932724 -0.0558722 -0.1014316 0.9928832 -0.04309409 -0.1110215 0.9337599 -0.1696149 -0.3151559 0.9919836 -0.1206055 0.03772133 0.9928744 -0.08121573 -0.08720386 0.9870105 -0.1535128 0.04737174 0.9448834 -0.1426997 -0.2946732 0.9445608 -0.1464264 -0.2938777 0.9956557 -0.08130812 0.04537415 0.7554368 -0.6328777 0.1696501 0.9353229 -0.1518542 -0.3195488 0.758632 -0.6298806 0.1665176 0.9962387 -0.07497906 0.04343438 0.9934375 -0.1026968 0.05035078 0.9455376 -0.1341134 -0.2966011 0.9935921 -0.1006494 0.05142378 0.9932267 -0.06999182 -0.09274625 0.9901371 -0.1277232 0.05757951 0.9840457 -0.1044952 -0.1439958 0.9905356 -0.124991 0.05671322 0.9872932 -0.09512442 -0.1272932 0.9893391 -0.1332488 0.05876082 0.993089 -0.07615584 -0.08930075 0.987852 -0.1429982 0.06082707 0.9926925 -0.08784425 -0.08273428 0.9865084 -0.1464591 0.07315003 0.9921523 -0.09887212 -0.07653802 0.9896512 -0.1311164 0.05829995 0.9829734 -0.1680967 0.07420748 0.9827274 -0.1724634 0.06710547 0.9794488 -0.1027364 -0.1735664 0.9849696 -0.155892 0.07438176 0.987991 -0.142003 0.0609005 0.9829899 -0.09943169 -0.1544157 0.9928084 -0.08779203 -0.08138906 0.9145388 -0.1722627 -0.3659841 0.9952644 -0.07516944 0.06163102 0.920418 -0.169003 -0.3525174 0.9930244 -0.09803462 0.06551206 0.9667444 -0.2557102 0.004207909 0.9936513 -0.09227514 0.06436157 0.9439823 -0.1395866 -0.2990201 0.9637721 -0.2664175 0.01284605 0.9458032 -0.1305376 -0.2973485 0.9937459 -0.0895878 0.06665629 0.9658647 -0.2587522 0.01235926 0.9654063 -0.2602641 0.01591801 0.993136 -0.08739948 0.07773232 0.9850032 -0.1515434 0.08248287 0.9179316 -0.3892271 0.0768367 0.9875698 -0.1395987 0.07223552 0.8927202 -0.4385842 0.1034149 0.9904451 -0.1192346 0.06929516 0.978288 -0.1035256 -0.1795411 0.9873425 -0.1411483 0.07233226 0.9820828 -0.09908169 -0.1602999 0.9908819 -0.1161271 0.06831836 0.9879709 -0.1316164 0.081182 0.9906758 -0.1104423 0.07977539 0.9310612 -0.1443817 -0.3350804 0.9906957 -0.1102874 0.07974171 0.9879421 -0.1316196 0.08152806 0.9312856 -0.1414378 -0.3357118 0.9897196 -0.1071109 0.09477549 0.8426889 -0.5211971 0.1350156 0.8528185 -0.5073039 0.1238682 0.9924064 -0.09148669 0.08221799 0.9870435 -0.1361464 0.08490723 0.989826 -0.1150842 0.08366554 0.8108388 -0.5641041 0.1559706 0.9319118 -0.1318895 -0.3378546 0.9897928 -0.1153114 0.08374696 0.9885427 -0.121875 0.08905059 0.9547368 -0.296014 0.02921295 0.9077098 -0.1683816 -0.3843311 0.9509798 -0.3069365 0.03778135 0.9875085 -0.1186383 0.1036908 0.9874883 -0.134276 0.08268553 0.9828681 -0.1489765 0.1085188 0.9535111 -0.2990505 0.03722184 0.9301174 -0.1382812 -0.3402349 0.9776269 -0.1806921 0.1076849 0.9681532 -0.2284386 0.1024456 0.9321439 -0.1282388 -0.3386188 0.9787027 -0.1761869 0.1053527 0.9767041 -0.09703022 -0.1914005 0.9757988 -0.2001236 0.08813154 0.9799187 -0.1709192 0.1026932 0.9530634 -0.3000778 0.04029208 0.9715206 -0.1072201 -0.2113092 0.8974254 -0.4293793 0.1012966 0.9781967 -0.1880756 0.0880838 0.8732665 -0.4712868 0.1236709 0.9828252 -0.1489076 0.1090001 0.9798774 -0.1806199 0.08495151 0.9224974 -0.1404492 -0.3595448 0.9887533 -0.1417691 -0.04762953 0.9160825 -0.1515148 -0.3712627 0.9776639 -0.1926169 0.08409559 0.9755195 -0.2061733 0.07651335 0.9092112 -0.1461377 -0.3898445 0.9900911 -0.1272577 -0.05937349 0.9777751 -0.1969352 0.07191854 0.9782817 -0.1945353 0.07156074 0.9845903 -0.1721323 -0.03086274 0.916961 -0.1382482 -0.3742592 0.9174947 -0.130163 -0.3758473 0.9604881 -0.2743736 0.04670977 0.9729949 -0.2213546 0.06544578 0.9760324 -0.2093167 0.05955845 0.986471 -0.159491 -0.03791564 0.9782463 -0.1997104 0.05612289 0.9155821 -0.1349993 -0.3787937 0.2736321 -0.9390553 0.2080878 0.9835214 -0.1788439 -0.02647089 0.9176386 -0.1265687 -0.3767226 0.975627 -0.2151989 0.04291152 0.888265 -0.1774043 -0.4236899 0.9855645 -0.1657763 -0.03436321 0.8199155 -0.551513 0.1535314 0.9031318 -0.1406872 -0.4056601 0.9789026 -0.1909786 0.07264077 0.981752 -0.171694 0.0817576 0.780128 -0.6001566 0.1766704 0.903438 -0.1352693 -0.4068194 0.6779945 -0.7189189 0.1532287 0.9037597 -0.127769 -0.4085261 0.7161073 -0.6828225 0.1447196 0.977778 -0.2033248 0.05108141 0.9669824 -0.09798616 -0.2352529 0.7067812 -0.68161 0.1893886 0.9805047 -0.1847998 0.06678068 0.9824559 -0.1771125 0.0584101 0.9604042 -0.1067497 -0.2573487 0.8785249 -0.4620195 0.1213754 0.9814944 -0.1861306 0.04498922 0.9807783 -0.1904913 0.04227328 0.935124 -0.3485399 0.06374293 0.9806504 -0.1890412 0.05087518 0.9017684 -0.1320924 -0.4115402 0.9758603 -0.2152827 0.03674334 0.9398406 -0.3372456 0.05445283 0.9039258 -0.1240844 -0.4092934 0.9383521 -0.340053 0.06212323 0.9976248 -0.02484804 -0.06424522 0.9971922 -0.02768754 -0.0695796 0.93765 -0.3412817 0.06587296 0.9949163 -0.03455114 -0.09459275 0.993052 -0.03783172 -0.1114304 0.9752215 -0.2204631 0.01840919 0.9792226 -0.199545 0.03612363 0.9977923 -0.01619702 -0.06440615 0.99428 -0.03574115 -0.1006473 0.8806016 -0.4239649 -0.2116473 0.9751948 -0.2209263 0.01366293 0.9577326 -0.09756261 -0.2706102 0.9792471 -0.2008706 0.02694475 0.9498544 -0.1061151 -0.2941363 0.9940012 -0.007913112 -0.1090825 0.8592692 -0.2265059 -0.4586409 0.9814491 -0.1897306 0.02756726 0.9735758 -0.228235 0.007685065 0.9798554 -0.1994194 0.01074182 0.8907823 -0.1308802 -0.435175 0.8826388 -0.1478497 -0.4461942 0.9787157 -0.2050687 0.007894992 0.8832626 -0.1341218 -0.4492865 0.9949825 -0.03522187 -0.0936442 0.9944426 -0.01771789 -0.1037781 0.9793013 -0.202292 0.006852209 0.8838451 -0.1203312 -0.4520379 0.9786846 -0.2053467 0.003013849 0.9872195 -0.01753562 -0.1583989 0.9878216 -0.03765577 -0.1509652 0.9767211 -0.2144876 -0.003313183 0.8326687 0.5290311 -0.1636739 0.9792516 -0.2026409 -0.001731812 0.9866214 -0.04056274 -0.157902 0.977575 -0.2105511 -0.003945767 0.979771 -0.1995549 -0.01505976 0.9813429 -0.03969585 -0.1881232 0.9846135 -0.1659766 0.05466151 0.7900298 -0.5876622 0.1746599 0.8697549 0.4612659 -0.1753854 0.9833274 -0.1778395 0.03795272 0.9816941 -0.03952777 -0.1863178 0.9828355 -0.03919875 -0.1802716 0.9850798 -0.1625562 0.05650925 0.7624276 -0.6188519 0.1890145 0.8813434 -0.1307827 -0.4540149 0.9147602 -0.3934734 0.09161078 0.8838864 -0.1167315 -0.4529003 0.9824647 -0.1846987 0.02548605 0.9204788 -0.382084 0.08204007 0.946676 -0.09573954 -0.3076339 0.918739 -0.3846256 0.0893414 0.9665601 -0.2560944 -0.0133118 0.9178546 -0.385823 0.09318602 0.9372714 -0.1055655 -0.3322321 0.9478499 -0.3169279 -0.03372436 0.9571477 -0.2885813 -0.02427482 0.9801302 -0.03943324 -0.194396 0.7739019 -0.6061202 0.1835594 0.9020006 0.389459 -0.1863241 0.7927523 -0.37027 -0.484194 0.9740165 -0.2243557 -0.03092485 0.8241628 -0.3010631 -0.4797048 0.7077981 -0.6781241 0.1979127 0.9777851 -0.2071925 -0.03174114 0.8782985 -0.4569034 0.1408225 0.6657992 -0.7157142 0.2108669 0.8655689 -0.1259374 -0.484696 0.8565638 -0.1408565 -0.4964453 0.9741846 -0.2199795 -0.05072712 0.9954077 -0.002654194 -0.09568983 0.9731144 -0.223595 -0.05525994 0.980553 -0.1960396 0.009176909 0.9962298 -0.03086704 -0.08107721 0.9835718 -0.1794567 0.01953685 0.8534567 -0.501388 0.1422031 0.8572788 -0.1151756 -0.5018044 0.8569448 -0.1270899 -0.4994935 0.8137072 -0.554464 0.1744999 0.9858733 0.008952617 -0.1672536 0.8451961 -0.5122192 0.1525614 0.9212858 -0.1038483 -0.3747642 0.9695669 -0.2359193 -0.06543856 0.9895685 -0.03045755 -0.1408064 0.9324402 -0.09329849 -0.3490711 0.9723254 -0.225964 -0.05935955 0.9952123 -0.05937141 -0.07763677 0.9821407 -0.1881377 0.001956164 0.854644 -0.1237492 -0.5042518 0.9950472 -0.04054963 -0.09075647 0.9915888 -0.08842313 -0.09451431 0.9797694 -0.1998239 -0.0110653 0.9909078 -0.05715644 -0.1217986 0.8572584 -0.1114932 -0.5026702 0.9962354 -0.02691829 -0.08240371 0.9853082 2.43164e-4 -0.170785 0.9729308 -0.04118424 -0.2273972 0.9874126 -0.02834421 -0.155605 0.9736025 -0.006229937 -0.2281655 0.9816417 -0.1907228 -0.002134621 0.9806758 -0.1954185 -0.009305715 0.9750456 -0.03784656 -0.2187551 0.9944196 -0.084279 -0.06345683 0.9916724 -0.08744269 -0.09454989 0.9950226 -0.06751346 -0.07329362 0.9796512 -0.2000496 -0.01624053 0.904644 -0.1005626 -0.4141335 0.9174046 -0.09137797 -0.3873226 0.979442 -0.2001299 -0.02532833 0.9911478 -0.09377145 -0.09398382 0.9873793 -0.02728593 -0.156005 0.839101 -0.1189987 -0.5308001 0.9948593 -0.07437604 -0.06872624 0.8291826 -0.1346722 -0.5425125 0.9867532 -0.1596819 0.02862745 0.9884334 -0.05427169 -0.1416124 0.9940887 -0.09036159 -0.0601865 0.8193833 -0.1231065 -0.5598712 0.8293432 -0.1209211 -0.545498 0.968219 -0.2496081 0.01574003 0.8295122 -0.1081078 -0.5479254 0.9641321 -0.2641234 0.02623105 0.9863745 -0.1633967 0.01915335 0.984969 -0.1727181 0.002141296 0.8125306 -0.1234978 -0.5696862 0.9900661 -0.1055409 -0.09289938 0.9852941 -0.1706371 0.008863329 0.9885458 -0.05308228 -0.1412782 0.9886006 -0.08285796 -0.1257117 0.9001138 -0.4222713 0.1071543 0.812572 -0.1096665 -0.5724509 0.8124817 -0.1110838 -0.5723058 0.9886971 -0.1477256 0.02559787 0.9886735 -0.08124238 -0.1261925 0.8937882 -0.4332777 0.1158152 0.9884968 -0.08964753 -0.1218087 0.9635498 -0.03780859 -0.2648442 0.987712 -0.1562002 0.005143702 0.9607173 -0.04060345 -0.2745425 0.9526635 -0.03950989 -0.3014488 0.7637689 -0.6172936 0.1886948 0.961331 -0.006919682 -0.2753089 0.9873926 -0.1582454 0.003769516 0.7510485 -0.6301788 0.1969795 0.9842754 -0.1756739 -0.01845711 0.9880667 -0.1022273 -0.1152121 0.9885318 -0.08831912 -0.1224931 0.8266811 -0.1174903 -0.5502675 0.8983339 -0.4243167 0.1138057 0.8294252 -0.1044316 -0.5487693 0.8973382 -0.4255279 0.1170908 0.9850361 -0.1719728 -0.01136165 0.986221 -0.1649051 -0.01320964 0.9800054 -0.1945537 -0.0416935 0.9765273 -0.2064085 -0.06156134 0.9882225 -0.1004843 -0.1154088 0.8124625 -0.1059287 -0.5733096 0.9745768 -0.2176797 -0.05306315 0.8096191 -0.1077286 -0.576985 0.9943905 -0.08488368 -0.06310617 0.9934108 -0.1018402 -0.05256962 0.88898 -0.09765309 -0.447413 0.9853095 -0.1481499 -0.08495235 0.973213 -0.2160593 -0.07857996 0.9954495 -0.0798372 -0.05202156 0.9808566 -0.1814399 -0.07070946 0.9031947 -0.08890187 -0.4199236 0.9963685 -0.05595439 -0.06417751 0.8010889 -0.1256462 -0.5852091 0.9962754 -0.04890692 -0.0710166 0.983188 -0.1798424 -0.03158974 0.7830407 -0.5900902 0.196573 0.8010109 -0.1115537 -0.5881644 0.8198235 -0.5455645 0.173922 0.8010427 -0.1035468 -0.5895834 0.9797782 -0.1882782 -0.06772077 0.6986615 0.6642569 -0.2657721 0.9492866 -0.03771972 -0.3121415 0.9841552 -0.1757167 -0.02370959 0.8933771 0.3342452 -0.3002625 0.9850717 -0.1476053 -0.08858019 0.9397704 -0.03891491 -0.339584 0.9825767 -0.1822711 -0.03633785 0.9956694 -0.07654231 -0.05276083 0.9851331 -0.1449024 -0.09228199 0.9852405 -0.167592 -0.03484368 0.7980137 -0.108175 -0.5928509 0.800902 -0.09990113 -0.5904031 0.9808207 -0.1813227 -0.07150393 0.987074 -0.159392 -0.01670473 0.9951047 -0.08658438 -0.04764163 0.9953463 -0.08254498 -0.04972058 0.9943941 -0.09685164 -0.0424273 0.9812102 -0.1786895 -0.07277804 0.9762883 -0.205935 -0.06672382 0.9722865 -0.2186024 -0.08289748 0.8660786 -0.09581261 -0.4906404 0.8745442 -0.4655913 0.1356364 0.8823733 -0.08243155 -0.4632734 0.7589555 0.5802593 -0.2954415 0.9233694 -0.03778231 -0.382049 0.8794668 -0.4567942 0.1337054 0.9356807 -0.03652727 -0.3509522 0.9853522 -0.1663758 -0.03741723 0.9850281 -0.1676311 -0.04024261 0.8814276 -0.4548259 0.1273531 0.9730116 -0.2253218 -0.04978495 0.906256 -0.03601223 -0.4211926 0.9797921 -0.1883298 -0.06737434 0.8985891 0.2016852 -0.3896931 0.918437 -0.03500646 -0.3940153 0.9801788 -0.1856191 -0.06924694 0.9847971 -0.1684745 -0.04232025 0.8549494 -0.07748949 -0.5128907 0.9563955 -0.289348 0.03981876 0.936574 -0.3431816 0.07110333 0.981437 -0.1864849 -0.04477375 0.9514559 -0.3037067 0.04993808 0.8363665 -0.08924335 -0.5408574 0.9551876 -0.29599 0.002563357 0.9600072 -0.2797403 -0.0114668 0.9839973 -0.1713603 -0.04883605 0.9008087 -0.006437003 -0.4341684 0.9838944 -0.1757026 -0.03287035 0.8786522 -0.4575263 0.1365286 0.9854618 9.14901e-5 -0.1698966 0.8902062 -0.03445696 -0.4542529 0.9005053 -0.03374743 -0.4335336 0.9946553 -0.09424829 -0.04216682 0.9868918 -0.0112102 -0.1609935 0.666709 -0.378263 -0.6421964 0.7401177 -0.1790044 -0.6482154 0.9911665 -0.1290321 0.03065329 0.7404585 -0.1118602 -0.6627281 0.9904923 -0.1351631 0.02560746 0.9893273 -0.1457089 6.26257e-4 0.9913406 -0.1249772 -0.04030543 0.7390097 -0.07394385 -0.6696245 0.9876323 -0.0275765 -0.1543436 0.9843443 -0.168421 -0.05196678 0.677217 -0.07650232 -0.7317954 0.9893532 -0.1430279 -0.02689301 0.6824883 -0.0796045 -0.7265486 0.740255 -0.1078636 -0.6636174 0.9850019 -0.1721475 -0.01168489 0.9874186 -0.0244469 -0.1562271 0.9887259 -0.05332392 -0.13992 0.9881456 -0.1524034 -0.01848143 0.9889197 -0.1482155 -0.008368551 0.8055933 -0.08335942 -0.5865754 0.8263422 -0.07117247 -0.5586529 0.9873483 -0.1573672 -0.01946347 0.9736332 -0.2225968 -0.04989099 0.9730758 -0.2259495 -0.04549992 0.9674427 -0.2293639 -0.1069898 0.7870101 -0.07507544 -0.6123552 0.940937 -0.3317133 0.06785231 0.9168326 -0.3872381 0.0972861 0.8090544 -0.07191449 -0.5833175 0.9472187 -0.3205592 0.004327774 0.9781815 -0.1884612 -0.08742678 0.8837518 -0.0323019 -0.4668396 0.8840031 -0.0068385 -0.4674311 0.9838798 -0.1786692 -0.007604181 0.9773602 -0.1973123 -0.07638663 0.86692 -0.03326559 -0.4973361 0.7355663 -0.07183229 -0.6736337 0.9887418 -0.04926162 -0.1412903 0.6723709 -0.01699948 -0.7400193 0.7743749 -0.07511413 -0.6282527 0.9818011 -0.1782543 -0.06551331 0.9863939 -0.1636065 -0.01612621 0.7652083 -0.6085899 0.2099397 0.6860134 -0.02847856 -0.7270314 0.7971625 -0.06689947 -0.6000469 0.8595418 -0.02897971 -0.5102431 0.7281687 0.4983127 -0.4705898 0.7897404 -0.5811656 0.1963586 0.9601459 -0.2789871 -0.01691687 0.8383684 0.2123155 -0.5020564 0.9610861 -0.2754635 -0.02082008 0.9753428 -0.1952419 -0.1028926 0.8280858 -0.03033393 -0.5597802 0.9472571 -0.3204554 0.003538548 0.7956468 0.2677986 -0.5433508 0.8365116 -0.02597224 -0.5473334 0.786406 -0.02328485 -0.617271 0.9881849 -0.1504228 -0.02938753 0.7737857 -0.5991179 0.205702 0.7959507 -0.003766417 -0.6053498 0.9890401 -0.07612574 -0.1265087 0.7958731 -0.02734732 -0.6048455 0.8052255 -0.02277195 -0.5925313 0.9871233 -0.1547724 -0.04041111 0.7736853 -0.02314829 -0.6331471 0.8474644 -0.5057144 0.1614219 0.7765008 -0.02307915 -0.6296934 0.9778014 -0.1878736 -0.09277844 0.7765226 -0.003962337 -0.6300769 0.9743901 -0.1974261 -0.1076428 0.8558636 -0.4946413 0.1510881 0.9890263 -0.08181458 -0.1230177 0.7634267 -0.02072858 -0.6455617 0.692191 -0.02206474 -0.7213771 0.7633078 0.00700736 -0.6459969 0.679575 0.2801715 -0.6779984 0.9819287 -0.1695884 -0.08399873 0.8520697 -0.4977234 0.1620141 0.9890071 -0.08305984 -0.1223354 0.988893 -0.08893555 -0.1190846 0.9797888 -0.1818766 -0.08327597 0.8539368 -0.4961542 0.1569167 0.9901505 -0.1391197 -0.0157383 0.985877 -0.1674609 -0.001818895 0.9868821 -0.1547921 -0.04586172 0.9909386 -0.1323351 -0.02297973 0.9323616 -0.3612828 0.0132879 0.9864191 -0.1642143 -0.003327429 0.9862865 -0.1568821 -0.05125373 0.9780133 -0.1786957 -0.1075071 0.7638642 -0.609897 0.2110378 0.9775074 -0.1799923 -0.1099189 0.7537426 -0.6197547 0.2185782 0.9887405 -0.09455072 -0.1159853 0.9885857 -0.1011672 -0.1116405 0.9856984 -0.1588009 -0.05640012 0.9960575 -0.08483141 -0.02594399 0.9971621 -0.01589477 -0.07358682 0.9482585 -0.3174724 0.004135549 0.9859057 -0.1581251 -0.05464887 0.9344813 -0.322809 -0.1501306 0.9314596 -0.3628941 0.02628701 0.9527811 -0.2736356 -0.1316508 0.9865787 0.001565098 -0.1632788 0.9499508 -0.2821409 -0.1341266 0.9854083 -0.1702067 -3.77906e-4 0.9847319 -0.1740644 0.002181947 0.9924243 -0.1226755 0.006681561 0.9887918 -0.02705615 -0.1468288 0.9218 -0.3759977 0.09439593 0.896296 -0.4266457 0.1209421 0.9933689 -0.1149544 0.001940369 0.9131777 -0.4063718 0.03112131 0.9898493 -0.0517649 -0.1323587 0.9774566 -0.1783683 -0.112975 0.9973396 -0.03966248 -0.0611608 0.9766317 -0.1816365 -0.1148864 0.9972531 -0.02124917 -0.07095623 0.988639 -0.0240181 -0.1483777 0.9911714 -0.1312524 -0.01876103 0.9804432 -0.1967938 0.001811385 0.9326007 -0.3598719 0.02734929 0.9769005 -0.2132567 0.0136739 0.9113176 -0.408567 0.05072796 0.9916683 -0.1281929 -0.01267808 0.9856264 -0.1463305 -0.08442831 0.9923445 -0.1217725 -0.02058708 0.986253 -0.1374896 -0.09166026 0.9924561 -0.1208401 -0.020702 0.8241956 -0.5375914 0.1780366 0.8221736 -0.5389081 0.1833268 0.8151513 -0.5481209 0.1873284 0.9821527 -0.1665658 -0.08736091 0.9804005 -0.1868328 -0.06251674 0.9814554 -0.1798602 -0.06629925 0.9850842 -0.1587262 -0.06644666 0.8206599 -0.5397901 0.1874672 0.982784 -0.1703587 -0.07150852 0.6991503 -0.6768955 0.23022 0.9936403 -0.112599 5.30718e-4 0.6514721 -0.7175604 0.2463558 0.7175126 -0.6634767 0.2120712 0.9020674 -0.4153109 0.1174356 0.981861 -0.1773222 -0.06712514 0.9927764 -0.1180785 -0.02127373 0.8775771 -0.4585656 0.1399136 0.992582 -0.1194242 -0.02277833 0.9692817 -0.2064401 -0.1336997 0.9972802 -0.04437309 -0.05884838 0.8926517 -0.4473648 0.05511504 0.9749705 -0.1865392 -0.1209776 0.9968939 -0.06386882 -0.0460807 0.9955735 -0.08730733 -0.03479701 0.9909426 -0.1299481 -0.03385704 0.9890248 -0.1368482 -0.05569952 0.9899172 -0.04833966 -0.1331436 0.9687368 -0.2462124 0.03047221 0.9897492 -0.13717 -0.03976041 0.9644682 -0.2610989 0.04035443 0.9778357 -0.2082148 0.02199989 0.9900576 -0.08622121 -0.111139 0.9791067 -0.2026968 0.01625061 0.9901849 -0.07936072 -0.1150462 0.9901844 -0.07448589 -0.1182656 0.9910123 -0.1270941 -0.04173326 0.991563 -0.1224437 -0.04254871 0.9964949 -0.07309317 -0.04068595 0.9897037 -0.09779894 -0.1045094 0.9716144 -0.1895588 -0.1415376 0.9901574 -0.08127748 -0.1139395 0.9739493 -0.1766706 -0.1421629 0.9884491 -0.1375431 -0.06364232 0.9126064 -0.4055161 0.05202144 0.9886982 -0.1368166 -0.06129634 0.8730334 -0.4810252 0.08017158 0.996152 -0.07905423 -0.03783768 0.9951046 -0.09394401 -0.03068351 0.9942402 -0.104008 -0.02585649 0.8618719 -0.4980693 0.09541481 0.9876698 -0.1396684 -0.07071864 0.987834 -0.1392253 -0.06928378 0.8839147 -0.4473399 0.1363155 0.8520537 -0.4976639 0.1622812 0.7848616 -0.5832235 0.2093862 0.9899703 -0.09288525 -0.1064472 0.794869 -0.5728684 0.2000128 0.9896776 -0.1274219 -0.06558936 0.9736874 -0.2245872 -0.03864657 0.9895009 -0.128897 -0.06537091 0.7928878 -0.5739066 0.2048417 0.9758752 -0.2130322 -0.04780018 0.9890766 -0.1290078 -0.07130444 0.9953688 -0.09119158 -0.0304144 0.8902586 -0.44927 0.07480746 0.8716407 -0.4818261 0.08992189 0.9890854 -0.1289614 -0.07126694 0.8923974 -0.4456447 0.07090646 0.7911906 -0.5746865 0.2091722 0.9912181 -0.1246552 -0.04413449 0.7687851 -0.6009461 0.2187079 0.9918755 -0.1196767 -0.04313248 0.9886367 -0.002824187 -0.1502982 0.7776621 -0.5913386 0.2134485 0.9797381 -0.1646274 -0.1140663 0.77591 -0.5920465 0.217818 0.7755725 -0.5922903 0.2183563 0.9909716 -0.02377188 -0.1319478 0.9817492 -0.1604479 -0.1021037 0.9606536 -0.2776336 -0.008012533 0.9788942 -0.1660758 -0.1191011 0.9521707 -0.2992908 0.06161135 0.9476355 -0.3190498 0.01393616 0.9569984 -0.2852922 0.05255937 0.9670976 -0.250834 0.04247903 0.9774035 -0.168866 -0.1271487 0.9641154 -0.264928 -0.017165 0.9657912 -0.2551153 0.04651385 0.9896386 -0.1264707 -0.06797409 0.9900187 -0.1244038 -0.06623166 0.9900802 -0.0231617 -0.138581 0.7577121 -0.6119192 0.2267756 0.7678895 -0.6019138 0.2191929 0.9911088 -0.02646708 -0.1303951 0.9904137 -0.0285322 -0.1351538 0.72307 -0.6446783 0.2481123 0.9892244 -0.1264384 -0.07381296 0.7237349 -0.6444959 0.2466431 0.9911662 -0.02656716 -0.1299371 0.7661581 -0.6025469 0.2234699 0.7648204 -0.603197 0.2262807 0.9894362 -0.1258783 -0.0719062 0.9880018 -0.1316041 -0.08082622 0.8732901 -0.4787191 0.09051239 0.9539743 -0.2925553 0.06591272 0.9553424 -0.2888169 0.062496 0.8484578 -0.5210975 0.09261113 0.9871024 -0.1390221 -0.07938355 0.9372007 -0.3386417 0.08352655 0.940329 -0.3298848 0.08341079 0.9883332 -0.1286893 -0.0814653 0.9427067 -0.3251863 0.07455247 0.9874466 -0.1345433 -0.08274924 0.8206803 -0.5397772 0.1874149 0.9597942 -0.2051677 -0.1915756 0.8582802 -0.4873157 0.1608681 0.9683773 -0.1920484 -0.1592571 0.9869647 -0.1419882 -0.07576394 0.9622577 -0.2091505 -0.1741157 0.9893931 -0.1452572 -0.001262485 0.9830099 -0.1742414 -0.05771976 0.9915008 -0.1295229 -0.01224499 0.9767133 -0.1685067 -0.1328027 0.9840048 -0.1671416 -0.06163054 0.9848424 -0.1730608 0.0116356 0.9740203 -0.1730348 -0.1460937 0.9664084 -0.1812644 -0.1822038 0.9643832 -0.1914613 -0.1825038 0.9868147 -0.1617301 0.006324231 0.9830931 -0.1736943 -0.05795103 0.9836683 -0.1793544 0.01512026 0.9820003 -0.1812584 -0.05311053 0.9881067 -0.1290208 -0.08365923 0.9886748 -0.1256577 -0.08205133 0.9857652 -0.1678739 0.009241521 0.6399399 -0.7167051 0.2771475 0.855286 -0.4848337 0.1828178 0.9517362 -0.3067607 0.009792804 0.9564639 -0.2037822 -0.2089245 0.7025336 -0.6646755 0.2542697 0.7190732 -0.6538928 0.2352827 0.9315554 -0.3615507 0.03854751 0.9572607 -0.1928628 -0.2155361 0.9914417 -0.05310803 -0.1192593 0.9592983 -0.183115 -0.2149783 0.982138 -0.149449 -0.1143242 0.9405522 -0.3289062 0.08474898 0.9910967 -0.04650521 -0.124758 0.9846484 -0.1376694 -0.107307 0.9182622 -0.3812804 0.1068637 0.9243735 -0.368602 0.0983166 0.9224093 -0.3717929 0.104552 0.992186 -0.05090361 -0.113912 0.8279099 -0.5293153 0.1854468 0.9919334 -0.04972225 -0.1166011 0.8281104 -0.5291647 0.1849807 0.9724689 -0.1665602 -0.1629788 0.9667112 -0.1743038 -0.1873168 0.991479 -0.07286745 -0.1079789 0.9793962 -0.2004187 0.02481126 0.9835209 -0.1381125 -0.1166683 0.9766235 -0.2124254 0.03289276 0.9914348 -0.07955306 -0.1035785 0.9844754 -0.1297093 -0.1182527 0.9053079 -0.4075537 0.1196563 0.9787688 -0.1474207 -0.1424044 0.8989481 -0.4192135 0.1270918 0.9805492 -0.1445117 -0.1328147 0.9914402 -0.07928144 -0.103734 0.9800679 -0.136136 -0.1446855 0.9988847 -0.004407405 -0.04700881 0.9912711 -0.08617597 -0.09977704 0.9921677 -0.07667726 -0.09860956 0.9800446 -0.1362811 -0.1447069 0.9921122 -0.07620811 -0.09952801 0.9798205 -0.14413 -0.1384862 0.9225963 -0.3709459 0.1059021 0.9920157 -0.08277624 -0.09514731 0.9777724 -0.1486573 -0.1478583 0.9039872 -0.4093758 0.1233639 0.9989613 -0.02441525 -0.03847438 0.9920144 -0.08280181 -0.09513759 0.9983101 -0.05199122 -0.02596122 0.9792788 -0.1354761 -0.1505301 0.819868 -0.5641224 0.09789019 0.9790436 -0.1374999 -0.1502246 0.8449885 -0.5224867 0.1140264 0.9995539 -0.02321261 -0.01879262 0.8477954 -0.519012 0.1089473 0.9909353 -0.09786415 -0.09203183 0.9988409 -0.04714518 -0.009702265 0.9835244 -0.1354176 -0.1197577 0.9987581 -0.04913282 -0.008246898 0.99113 -0.09054166 -0.09728008 0.9848128 -0.1264467 -0.118974 0.8066917 -0.5593741 0.1906541 0.9916068 -0.09400975 -0.08875817 0.8015711 -0.5627223 0.2020579 0.7901056 -0.5752316 0.2117588 0.991693 -0.09452664 -0.08723276 0.9109734 -0.407289 0.06514054 0.980443 -0.1325734 -0.1454504 0.9673891 -0.2484986 0.04906123 0.9799498 -0.1334128 -0.1479845 0.9646055 -0.2579305 0.05484735 0.7749427 -0.5915844 0.2224673 0.7651988 -0.6029451 0.2256727 0.9464706 -0.2157819 -0.2400659 0.7917558 -0.5818548 0.1859241 0.7973129 -0.5735619 0.187933 0.9365315 -0.3488502 0.03481882 0.9495475 -0.1936475 -0.2466986 0.7851691 -0.5809325 0.214539 0.7747112 -0.5925836 0.2206068 0.8580563 -0.4875208 0.1614404 0.8879777 -0.4391067 0.1366778 0.9772067 -0.2089494 -0.03751504 0.9796096 -0.1321971 -0.151291 0.8813462 -0.4501323 0.1435608 0.9789388 -0.1345084 -0.1535788 0.8654125 -0.4749563 0.1596174 0.9029952 -0.4102038 0.1277984 0.9498091 -0.183935 -0.2530429 0.9043352 -0.4083592 0.1241798 0.9754659 -0.2182216 -0.02907902 0.8873344 -0.4398882 0.1383329 0.7914784 -0.6011578 0.1103237 0.9595158 -0.1751661 -0.2205592 0.9638653 -0.170405 -0.2047584 0.99844 -0.04866337 -0.02737796 0.8131485 -0.5659119 0.1361372 0.8161034 -0.5626766 0.1317965 0.9991942 -0.03535264 -0.01900696 0.9970419 -0.07577967 -0.01284092 0.9958177 -0.09032779 -0.01370751 0.9655078 -0.2603117 -0.005716204 0.9628077 -0.2701774 0.002367556 0.9502059 -0.3106387 0.02474606 0.9975461 -0.07001101 -3.6317e-4 0.99722 -0.07439702 0.00415039 0.9963368 -0.08541297 -0.004208981 0.7745821 -0.6207017 0.1214575 0.9968949 -0.07782524 -0.01199448 0.9753737 -0.1420013 -0.1687657 0.8896828 -0.4478177 0.08901625 0.9719868 -0.1545634 -0.1770648 0.9950629 -0.09921944 -0.002328276 0.9169006 -0.3943238 0.06165915 0.9944933 -0.1047998 -9.6017e-6 0.9733527 -0.1425123 -0.1796521 0.9963228 -0.08530086 -0.008041977 0.9886172 -0.131708 -0.07272511 0.6861471 -0.6752349 0.270666 0.9743189 -0.1333681 -0.1814266 0.6841481 -0.6755285 0.2749595 0.7081033 -0.6557513 0.2618777 0.872366 -0.3733288 -0.3155997 0.7166326 -0.646459 0.2617797 0.9304712 -0.2491079 -0.2686421 0.7253146 -0.6441935 0.2427621 0.9517543 -0.295686 0.08205819 0.987933 -0.1409112 -0.06428384 0.9384597 -0.1941732 -0.2856397 0.9530246 -0.2941972 0.07205647 0.9396559 -0.3306362 0.08790087 0.9839422 -0.1722986 -0.04659289 0.9985156 -0.02973693 -0.045632 0.9557807 -0.286266 0.06734269 0.9851217 -0.1640092 -0.05134612 0.9951941 -0.09712857 0.01243716 0.9950132 -0.09878838 0.01376938 0.9887714 -0.136992 -0.05970275 0.9955804 -0.08962547 -0.0280534 0.9949249 -0.09254932 -0.03948563 0.988755 -0.1350467 -0.06423282 0.9943625 -0.1048232 0.01597517 0.9849715 -0.1673303 -0.04279947 0.9944741 -0.1038194 0.01558458 0.9557804 -0.1716896 -0.2387605 0.8674119 -0.480498 0.129299 0.867851 -0.4723971 0.153869 0.9506629 -0.1764009 -0.2551916 0.8901537 -0.4358542 0.1328818 0.9849442 -0.1675472 -0.0425772 0.887743 -0.4388595 0.1389777 0.9842143 -0.17045 -0.04763418 0.9829263 -0.1791184 -0.04210329 0.9953898 -0.09584194 -0.003689765 0.9385402 -0.1832323 -0.2925203 0.9932562 -0.1157959 0.005784034 0.9839576 -0.1742815 -0.03812223 0.9731025 -0.139651 -0.1832183 0.984009 -0.1737763 -0.03908842 0.9932975 -0.1139669 0.01927489 0.9746291 -0.1300015 -0.1822023 0.9930266 -0.1159814 0.02112638 0.9347504 -0.3439654 0.08904778 0.9629648 -0.1550405 -0.2205931 0.9408087 -0.3270342 0.08903771 0.9298155 -0.3530635 0.1038715 0.9224092 -0.371248 0.1064714 0.9530125 -0.3020901 0.02255952 0.9414218 -0.3257985 0.08706605 0.9667415 -0.1446088 -0.2109481 0.9877921 -0.1539356 0.02388954 0.9905142 -0.1366707 0.01424163 0.9343856 -0.3526872 0.05035066 0.7636849 -0.6326413 0.1286481 0.9649739 -0.1353945 -0.2247083 0.964243 -0.1427571 -0.2232841 0.7320588 -0.6639379 0.1525659 0.98298 -0.1804873 0.03427511 0.9946088 -0.09072583 -0.05022156 0.9851621 -0.1690266 0.02975827 0.9877675 -0.1521914 0.03395628 0.9929849 -0.05454802 -0.1049075 0.9928112 -0.08887833 -0.08016681 0.9924969 -0.03131014 -0.118194 0.9933515 -0.09651321 -0.06275314 0.9872227 -0.1549928 0.03699457 0.9842526 -0.1683371 0.05393981 0.9462057 -0.1709463 -0.2747219 0.9392446 -0.1763026 -0.2945111 0.9821878 -0.1821413 0.04617047 0.8965851 -0.4346531 0.08492273 0.9822603 -0.1817883 0.0460177 0.9791635 -0.1937245 0.06090581 0.8702654 -0.4805662 0.1081399 0.98402 -0.1751246 0.03218817 0.992822 -0.09406369 -0.07386827 0.9817667 -0.1864582 0.03698033 0.9809668 -0.1880492 0.04838985 0.9810912 -0.187506 0.04797613 0.9780181 -0.198989 0.06232213 0.9686838 -0.2404405 0.06196767 0.9912813 -0.09788399 -0.08820462 0.9771428 -0.2077222 0.04520434 0.9920933 -0.02054488 -0.12381 0.9747883 -0.217375 0.05035775 0.9634444 -0.2596222 0.06611579 0.9671887 -0.2448731 0.06769967 0.7665036 -0.6213021 0.1626522 0.9907179 -0.09785038 -0.0943579 0.9717122 -0.2260197 0.06848782 0.9672175 -0.2447968 0.06756484 0.9739537 -0.2188549 0.05930203 0.9741981 -0.2180117 0.05838644 0.9922874 -0.09507697 -0.07953661 0.7862913 -0.5992578 0.150453 0.92537 -0.1931912 -0.3261404 0.7830708 -0.6023521 0.1548291 0.8987839 -0.2893107 -0.3293735 0.9988309 -0.04721659 0.01036816 0.9637855 -0.139737 -0.2271369 0.7690923 -0.6183314 0.161751 0.998848 -0.04687863 0.01025927 0.9652528 -0.1320423 -0.2255035 0.9973624 -0.0702182 0.0183714 0.9542546 -0.1551991 -0.2555613 0.9955618 -0.09074932 0.02492505 0.877897 -0.4674292 0.1039562 0.9585496 -0.1451016 -0.2452107 0.9480055 -0.1527701 -0.2791898 0.9972084 -0.07152193 0.02144515 0.9561091 -0.1357082 -0.2596895 0.9968832 -0.07558435 0.0226047 0.913986 -0.3981371 0.07820731 0.9377246 -0.343949 0.04869979 0.955477 -0.142508 -0.2583702 0.9894419 -0.09978312 -0.1051094 0.9943848 -0.101346 0.0304622 0.9783776 -0.2049887 -0.02751225 0.6419597 -0.7523894 0.1476409 0.8864249 -0.4469149 0.1204899 0.9385946 -0.3277571 0.1077755 0.6432185 -0.7120227 0.2815915 0.7841405 0.6009758 -0.1547641 -0.7090283 -0.6596136 0.249377 -0.6419568 -0.7523749 0.1477279 0.3836213 -0.8793179 0.2821961 -0.6428282 -0.7126398 0.2809207 0.5921749 -0.7433167 0.3111419 -0.9404628 -0.3344452 0.06063169 -0.9235861 -0.3680827 0.1072553 -0.9927481 -0.1168492 -0.0282424 -0.9924992 -0.1007934 -0.06918013 -0.9912474 -0.08839243 -0.09805899 -0.9916371 -0.1223406 -0.04109281 -0.9387895 -0.3444092 0.007519364 -0.954793 -0.2958692 -0.02883744 -0.838972 -0.5437642 0.02112394 -0.7424346 -0.6698594 0.008917927 -0.8657414 -0.5003069 -0.01359695 -0.666127 -0.7439633 0.05285346 -0.7407068 -0.6717839 0.007739424 0.9974513 -0.05281358 -0.0479747 0.9863863 -0.1585318 -0.04370111 0.9918079 -0.08844268 -0.09216862 0.9922753 -0.09894144 -0.07483494 0.949709 -0.3130149 -0.008636057 0.9549434 -0.2959143 -0.02275693 0.8566634 -0.5156974 0.01356506 0.8658211 -0.5003517 -0.001402974 0.7126312 -0.6998063 0.04927283 0.7406582 -0.6717373 0.01394259 -0.6797451 0.6691811 -0.3002386 -0.2823711 0.9287481 -0.2401949 -0.09393316 0.9762696 -0.1951266 -0.09030216 0.9750896 -0.2025976 -0.3315348 0.9280591 -0.1696793 -0.1007905 0.9229447 -0.3715028 -0.3038713 0.9363992 -0.1755523 -0.1188681 0.9900366 -0.07548499 -0.02220916 0.987926 -0.1533266 -0.6603755 0.6918595 -0.2919497 -0.02360892 0.9941976 0.1049476 -0.7099888 0.5890389 -0.3859394 -0.8384292 0.4868087 -0.2450588 -0.09867155 0.9894432 0.1061419 -0.09110051 0.9941283 0.05839258 -0.06034153 0.998038 -0.01670694 -0.13682 0.988193 -0.06895577 -0.2786817 0.9559293 -0.0923888 -0.1379033 0.9458978 -0.2937007 -0.4705479 0.8691128 -0.1524064 -0.4375116 0.8767887 -0.1995625 -0.5648288 0.8161597 -0.1218684 -0.5886873 0.7926968 -0.158364 -0.4714843 0.846017 -0.2489131 -0.8829597 0.3689 -0.2903358 -0.9328287 0.2937901 -0.2086097 -0.9648257 0.2061984 -0.1630755 -0.8447808 0.4780365 -0.2404715 -0.89679 0.3999969 -0.1891297 -0.05972778 0.9457364 0.319398 -0.02035993 0.9782456 0.2064488 -0.05532526 0.8839204 0.4643529 -0.04783362 0.901522 0.4300814 -0.07423025 0.9814373 0.1768351 -0.5704795 0.8187645 -0.06463605 -0.9886062 0.06405544 -0.1362157 -0.9942458 0.008193731 -0.1068085 -0.9829599 0.08981305 -0.1603854 -0.9896454 0.07528346 -0.1222057 -0.3079552 0.9473934 -0.08723115 -0.3245286 0.9438818 -0.06138658 -0.05951029 0.7697403 0.6355772 -0.05096852 0.8270561 0.559804 -0.9974005 -0.0063591 -0.07177573 -0.891544 -0.4302719 0.1414759 -0.9914683 0.07125884 -0.1091461 -0.9521139 0.2496843 -0.1764563 -0.3710427 0.9276186 0.04302388 -0.1942997 0.9789105 0.06310266 -0.1128684 0.9918522 0.0590766 -0.05880099 0.9951647 -0.07867425 -0.06757026 0.5950482 0.8008445 -0.05655294 0.7241021 0.6873703 -0.1497853 0.9726384 0.1775918 -0.1554108 0.9688366 0.192881 -0.7209361 0.6818237 -0.1239659 -0.50568 0.7982087 -0.3273388 -0.1185662 0.8787003 0.4624154 -0.1266569 0.9172668 0.3775971 -0.08524042 0.9438541 0.3191764 -0.3288897 0.9438886 0.03009808 -0.1050214 0.9753775 -0.193931 -0.3662582 0.9298583 0.03490477 -0.06538838 0.559126 0.8265002 -0.07333564 0.3856577 0.9197227 -0.1194927 0.8518983 0.509893 -0.0759595 0.9934791 -0.08502578 -0.01264894 0.0542438 0.9984476 -0.1813296 0.979712 -0.08534646 -0.47452 0.8801928 -0.009562969 -0.6286073 0.7771087 0.03090268 -0.07627236 0.9969946 -0.01357662 -0.1598549 0.9848721 -0.0668838 -0.2906521 0.944769 0.1514359 -0.1820302 0.9831196 -0.01846414 -0.1864886 0.982357 -0.01402467 -0.05305022 0.9971049 -0.05447494 -0.07208383 0.3650288 0.9282014 -0.06607854 0.9970603 -0.03878617 -0.1211563 0.8216792 0.5569241 -0.2565816 0.9664804 0.00903058 -0.2565131 0.9663622 -0.01857578 -0.1381491 0.7921016 0.5945501 -0.1955135 0.9798695 -0.04037684 -0.795925 0.6016899 -0.06687772 -0.7048931 0.6970762 -0.1311889 -0.1859686 0.9813168 -0.04932576 -0.06862354 0.9951248 -0.07083427 -0.1946748 0.9782012 -0.07227849 -0.07563519 0.1729774 0.9820174 -0.07626253 0.01088732 0.9970284 -0.2623261 0.9645841 -0.02761417 -0.09817409 0.3902857 0.9154447 -0.261846 0.9638058 -0.05015075 -0.0760799 0.167503 0.9829316 -0.04252058 0.1001411 0.9940642 -0.3575364 0.9338389 0.01060658 -0.1434807 0.9424042 0.3021386 -0.2062013 0.9749084 -0.08387327 -0.152711 0.6900731 0.707445 -0.1632595 0.5525061 0.8173637 -0.2734558 0.9594632 -0.0682078 -0.1369822 0.7180769 0.6823499 -0.2728019 0.9583666 -0.08433544 -0.9706628 0.1902477 -0.1470357 -0.9955481 0.0577811 -0.0744673 -0.9826263 0.1455559 -0.1151483 -0.09450948 0.9883066 -0.119658 -0.1598477 0.5323192 0.8313153 -0.1752657 0.3601427 0.9162855 -0.5785157 0.8117092 0.08029812 -0.4456453 0.8951048 -0.01369649 -0.4452741 0.8944771 -0.04051601 -0.3648964 0.9306558 -0.02702581 -0.677206 0.7352507 -0.02825373 -0.3571552 0.9330878 -0.04227793 -0.8080814 0.5862631 0.05744528 -0.5880609 0.7931145 -0.1585996 -0.7489894 0.661624 0.03561836 -0.8689076 0.4855693 -0.09603136 -0.2870015 0.9519284 -0.1070629 -0.736359 0.6269657 -0.2543413 -0.9185581 0.3908151 -0.05928361 -0.204119 0.9700115 -0.1319584 -0.3336349 0.9300006 0.1542289 -0.2214863 0.9678027 -0.1195908 -0.4532501 0.8899478 -0.0505706 -0.3355281 0.9287599 0.1575628 -0.4509666 0.8872628 -0.09692227 -0.1733495 0.3479417 0.9213504 -0.3622992 0.9269037 -0.09792238 -0.3785511 0.9230325 -0.06863105 -0.1995828 0.8572213 0.4746982 -0.1780529 0.8439195 0.5060604 -0.08896088 0.9746797 -0.2051472 -0.09168237 0.9751866 -0.2015081 -0.138957 0.9156492 0.3771967 -0.3069365 0.9426815 -0.130926 -0.3864099 0.8776526 0.2835722 -0.1805709 0.1651937 0.9695902 -0.2838661 0.946215 -0.1552321 -0.1814051 0.1608849 0.9701589 -0.5907346 0.7827857 0.1956506 -0.6479734 0.7344366 0.201825 -0.1010258 0.9558414 -0.2759729 -0.1377977 0.2038838 0.9692488 -0.5379918 0.8428929 -0.009816586 -0.3661507 0.9290507 -0.05290132 -0.4655317 0.8774184 -0.1158327 -0.1903138 0.7886943 0.5845869 -0.3949316 0.9124855 -0.1067677 -0.1917732 0.7845898 0.5896117 -0.37366 0.9163723 -0.1436663 -0.4632142 0.8748316 -0.1417825 -0.3000373 0.9311215 -0.2073408 -0.7840473 0.6166294 0.07098007 -0.143994 0.9877411 0.06027626 -0.215335 0.9535357 -0.2107147 -0.228452 0.9350169 -0.271207 -0.2364538 0.9511616 -0.1984469 -0.6165384 0.7867416 -0.03030258 -0.3297827 0.9039743 0.272165 -0.8858771 0.4581886 -0.07269752 -0.1840203 9.00601e-4 0.982922 -0.1821476 0.01189386 0.9831992 -0.2336899 0.9306684 -0.2815057 -0.5459727 0.836465 -0.04733031 -0.9508041 0.2940014 -0.09764569 -0.5366247 0.841001 -0.06892824 -0.9071621 0.3805966 -0.1794524 -0.2478886 0.9211906 0.2999319 -0.2949004 0.8737243 0.3868329 -0.4802662 0.8614425 -0.1651089 -0.1992934 0.9606227 0.1936131 -0.572692 0.7689654 0.2841058 -0.3222255 0.9187945 -0.2280072 -0.4203624 0.905918 0.05106991 -0.3153529 0.9080053 -0.2758241 -0.3869802 0.9019854 -0.1914908 -0.2129466 0.6819669 0.6996964 -0.4165158 0.8963453 -0.1519203 -0.1999366 0.730311 0.6532008 -0.6237323 0.7790452 -0.06361389 -0.6151276 0.785115 -0.07219719 -0.8190572 0.55358 0.1506469 -0.7312104 0.6721895 0.1161578 -0.5384277 0.8288459 -0.1520199 -0.5580849 0.8221085 -0.1126 -0.7389386 0.6606982 0.1320897 -0.2328957 0.524258 0.819093 -0.5527613 0.8175528 -0.1614385 -0.6167567 0.7734046 -0.1464804 -0.2129176 0.6335827 0.7438004 -0.8098123 0.5613355 0.1706069 -0.3200277 0.9004808 -0.2944766 -0.5045042 0.8432988 -0.1852639 -0.4739803 0.8545408 -0.2123739 -0.6218248 0.7369889 0.2649177 -0.08823913 0.9091877 -0.4069294 -0.1207255 0.915812 -0.3830326 -0.2480011 0.3422574 0.9062865 -0.231794 0.4874778 0.8418058 -0.9684483 0.2374501 -0.07566583 -0.6299331 0.7601358 -0.1593045 -0.357337 0.3558477 0.8635292 -0.9802796 0.1911469 -0.05014848 -0.6965935 0.7170469 -0.02452355 -0.2694529 0.8372044 0.4759032 -0.6234793 0.7552515 -0.2021601 -0.5652602 0.79827 -0.2079564 -0.4369248 0.8722569 -0.2196923 -0.6635095 0.6631255 0.3464388 -0.4941856 0.8333303 -0.2476716 -0.6189701 0.7320168 0.2846531 -0.4024756 0.8786246 -0.2569676 -0.2466979 0.3198841 0.9147756 -0.7625958 0.6468633 -0.00393927 -0.2479915 0.8835058 -0.3973888 -0.4387596 0.8109636 0.3870764 -0.2935794 0.9163688 0.2721753 -0.2136576 0.8866207 -0.4101881 -0.2991216 0.8654524 -0.4018937 -0.3525194 0.853928 0.3828015 -0.4194217 0.8520997 -0.3130679 -0.3842692 0.7993398 0.4619448 -0.3969516 0.7776508 0.4875332 -0.2559891 0.149716 0.9550155 -0.285885 0.418226 0.8621814 -0.4344423 0.855324 -0.2822777 -0.254761 0.1583567 0.9539496 -0.2555715 0.001251041 0.9667894 -0.2568603 0.01198369 0.9663742 -0.6385856 0.7381777 -0.2174905 -0.2354023 0.849794 0.4716311 -0.3189994 0.7355851 0.5976236 -0.07967251 0.8279685 -0.555086 -0.2031249 0.8119452 -0.5472525 -0.06765741 0.8201771 -0.5680951 -0.2763 0.7712822 0.5733953 -0.8930267 0.4443883 0.07086849 -0.6939387 0.7145754 -0.08849287 -0.7599569 0.6449368 -0.0807603 -0.7999746 0.5965273 -0.06477481 -0.7026603 0.7085456 -0.06505036 -0.9943588 0.07710647 -0.07283484 -0.9986569 -0.03987687 0.03307932 -0.9990693 0.004350006 -0.0429129 -0.663327 0.6497018 0.3713285 -0.5126671 0.8047916 -0.2991368 -0.5200961 0.8114715 -0.2664843 -0.7658384 0.6374952 -0.08421099 -0.3900428 0.9062966 0.1627674 -0.4659717 0.8382594 0.2831811 -0.6041716 0.7003702 0.3800768 -0.3041038 0.6720377 0.6751934 -0.592706 0.7797085 -0.2018766 -0.5565931 0.7904816 -0.2556228 -0.2140885 0.8040801 -0.5546363 -0.8408829 0.4743056 0.2606725 -0.5171202 0.7951554 -0.3167249 -0.7414712 0.617942 0.2614726 -0.2824205 0.7886122 -0.5461955 -0.5571362 0.6785569 0.4787064 -0.3281009 0.8493261 -0.4135155 -0.3204419 0.6179161 0.717981 -0.7076067 0.6903632 -0.1506367 -0.2798798 0.7149965 0.6406616 -0.6887812 0.6992071 -0.191546 -0.7542003 0.6313531 -0.1804859 -0.08805441 0.7712343 -0.6304317 -0.3786199 0.736724 0.5602541 -0.1848596 0.7593277 -0.6238976 -0.9378799 0.3312184 0.1033228 -0.628901 0.7313272 -0.2639017 -0.6581721 0.7132701 -0.2409466 -0.9144933 0.3964428 0.08084011 -0.9860849 0.1614673 -0.03956007 -0.7638489 0.6181702 -0.1854735 -0.4999165 0.327758 0.8016597 -0.9917925 0.1264078 -0.01920312 -0.8271003 0.5620477 0.002704918 -0.3313753 0.5353358 0.7769209 -0.2992526 0.618417 0.7266418 -0.2897413 0.7792563 -0.5557063 -0.8099473 0.5137262 0.2829678 -0.1952891 0.7516059 -0.6300404 -0.2584597 0.7389268 -0.6222426 -0.6235777 0.647049 0.4387236 -0.6880033 0.6784843 -0.2575086 -0.7519882 0.6125611 -0.24348 -0.7142797 0.6688412 -0.2060485 -0.6123396 0.7494527 -0.2517158 -0.3906105 0.6483116 0.6535408 -0.6002563 0.7415313 -0.2997064 -0.6466771 0.7063666 -0.2878453 -0.4202255 0.6359764 0.6472593 -0.3595732 0.723397 0.5894098 -0.5709446 0.762908 -0.3033046 -0.3419151 0.414513 0.84337 -0.8821532 0.4703823 -0.02337026 -0.3249825 0.4739884 0.818365 -0.4398089 0.8062778 -0.3955808 -0.8997288 0.3917053 0.192497 -0.3999556 0.8131347 -0.4229036 -0.4916819 0.7709688 -0.4047914 -0.8829975 0.4317797 0.1840697 -0.3843738 0.7495811 -0.5388737 -0.8508482 0.5167978 0.09474939 -0.936517 0.3490113 -0.03357267 -0.7633453 0.5961185 -0.2488914 -0.9654511 0.2585548 0.03246027 -0.5981323 0.7272084 -0.3367577 -0.9868735 0.1515637 0.05575972 -0.6226882 0.6310768 0.4626028 -0.6644843 0.6758711 -0.3188398 -0.656956 0.5596967 0.505122 -0.3983938 0.5977159 0.6957141 -0.6707116 0.6791722 -0.2981126 -0.4035126 0.5812795 0.7066058 -0.829451 0.5535789 -0.07457375 -0.8231789 0.5597792 -0.09499317 -0.3517982 0.2747887 0.8948347 -0.8791857 0.4690461 -0.08383399 -0.3447619 0.310294 0.8859215 -0.4072684 0.5369402 0.7388015 -0.4125313 0.5167828 0.7501689 -0.2642253 0.7311084 -0.6290193 -0.3574203 0.1309268 0.924721 -0.3556582 0.1455189 0.923218 -0.8822086 0.4629378 -0.08600294 -0.6928226 0.6698062 0.2671265 -0.7273736 0.6413262 -0.2441893 -0.837273 0.4033165 0.3692014 -0.6912955 0.6563658 -0.30215 -0.7880035 0.477417 0.3887461 -0.426999 0.816685 0.3881976 -0.4776008 0.740406 0.4729656 -0.6685214 0.6659156 -0.3311127 -0.519717 0.7495262 -0.4100058 -0.5863459 0.6023855 0.5415998 -0.3544076 0.7061163 -0.6130213 -0.4685535 0.7073546 -0.5292515 -0.388136 0.7405331 -0.5485993 -0.9391508 0.2767478 0.2034861 -0.7729783 0.5699393 -0.2787001 -0.9298094 0.3124629 0.1944769 -0.3586128 0.005188941 0.933472 -0.750977 0.5908988 -0.2947408 -0.358143 0.01104909 0.9336013 -0.5020948 0.683133 0.5303113 -0.825896 0.5372921 -0.1709179 -0.5469274 0.5677982 0.6152037 -0.7204752 0.6046395 0.3395975 -0.8118382 0.5466405 -0.2051897 -0.09330391 0.7102202 -0.6977691 -0.0457803 0.6952098 -0.7173476 -0.7735604 0.4485136 0.4477054 -0.8937226 0.3574444 0.2710966 -0.8675087 0.4591326 -0.191379 -0.8739661 0.4495508 -0.1846275 -0.8917938 0.3697423 0.2607576 -0.9362099 0.248881 0.2481313 -0.4265254 0.3994935 0.8114685 -0.05589795 0.6516539 -0.756454 -0.4130195 0.4672852 0.7817028 -0.4728801 0.7017137 -0.5328998 -0.9938101 0.08351707 0.07325518 -0.9830949 0.1739186 0.05724275 -0.9247857 0.3730923 -0.07465493 -0.818004 0.4184272 0.3946999 -0.4799828 0.1777294 0.859086 -0.9273214 0.3738794 -0.01700413 -0.4363787 0.6717214 -0.598635 -0.4388265 0.264836 0.8586577 -0.425669 0.3635796 0.8286228 -0.3563482 0.7009623 -0.6177927 -0.8282052 0.357225 0.4318178 -0.8027433 0.529397 -0.2744848 -0.8588092 0.4464277 -0.2512947 -0.8203024 0.3855894 0.4224037 -0.8234944 0.5183977 -0.2304792 -0.7010984 0.6291763 -0.3355567 -0.9327449 0.2528607 0.2569988 -0.762048 0.566267 -0.3140455 -0.7427735 0.6095674 -0.276975 -0.4374673 0.242681 0.8658686 -0.1470726 0.6824345 -0.7159978 -0.1698514 0.6832336 -0.7101706 -0.4456911 0.1269669 0.8861371 -0.1367797 0.6448612 -0.751961 -0.6223786 0.5235698 0.5818244 -0.1361666 0.6437609 -0.7530143 -0.6671587 0.4977093 0.5542426 -0.597154 0.5951879 0.5377346 -0.6341805 0.4674895 0.6158479 -0.6110116 0.692225 -0.3840435 -0.5253779 0.5325527 0.6636005 -0.5565728 0.6583067 -0.5068126 -0.6316983 0.4770653 0.6110368 -0.5701178 0.7065767 -0.4191839 -0.4447939 0.1170514 0.8879511 -0.4781908 0.3403782 0.8096148 -0.8645337 0.4338814 -0.2536306 -0.4458988 0.007130324 0.895055 -0.4466609 0.01234287 0.8946182 -0.99948 0.02789074 0.01617759 -0.9993482 -0.02199095 0.0286265 -0.9937974 -0.06773054 0.08820015 -0.9990463 0.04313504 0.00676459 -0.7818771 0.5384744 -0.3141871 -0.546427 0.452555 0.7047067 -0.7770676 0.5372097 -0.3279812 -0.4748803 0.6152946 0.6292068 -0.7177497 0.6000325 -0.3532655 -0.4986866 0.5491759 0.6706098 -0.7410364 0.5977489 -0.3058779 -0.9685509 0.1981235 0.1505206 -0.9649391 0.1696029 0.2003185 -0.9650446 0.2618268 -0.01165091 -0.9579949 0.2630892 0.1141477 -0.9144431 0.3669773 -0.1706498 -0.8284251 0.3245406 0.4564924 -0.9625684 0.261401 -0.07163548 -0.9258119 0.3683071 -0.08498436 -0.4374475 0.6703562 -0.5993849 -0.6967868 0.5808778 0.420796 -0.7788701 0.3864862 0.4939532 -0.9958276 -0.01818186 0.08942562 -0.9927905 0.09264647 0.07605093 -0.6154662 0.4379935 0.655258 -0.7811408 0.5279746 -0.3332597 -0.6422929 0.6512851 -0.4040886 -0.6756896 0.629745 -0.3832293 -0.5032282 0.5072281 0.6996293 -0.5261644 0.4166027 0.7413455 -0.9339333 0.193184 0.3007467 -0.8276718 0.494023 -0.266272 -0.7982724 0.5111349 -0.3185942 -0.8848837 0.3203822 0.3381363 -0.1895341 0.6365676 -0.7475684 -0.2225732 0.6705241 -0.7077137 -0.2145031 0.6701154 -0.7105869 -0.7557944 0.3548502 0.5503237 -0.5573842 0.6521852 -0.5137875 -0.7171483 0.5060829 0.4791436 -0.5236904 0.6307494 -0.5726288 -0.6282514 0.6070888 -0.4865629 -0.1914126 0.6390936 -0.74493 -0.5245464 0.3879755 0.757843 -0.8050267 0.3371105 0.4881481 -0.809918 0.2995422 0.504289 -0.6000227 0.4298381 0.674694 -0.9632179 0.2585473 -0.07324266 -0.6301049 0.3712589 0.6820079 -0.6103938 0.3859236 0.6917242 -0.8511722 0.4316831 -0.2985894 -0.5230582 0.3434032 0.780054 -0.8645742 0.413728 -0.2852025 -0.53329 0.3405189 0.7743699 -0.5019285 0.4438172 0.7423571 -0.4810197 0.0571379 0.8748459 -0.9816732 0.1903831 -0.008481204 -0.9145577 0.3593724 -0.1855686 -0.9044447 0.3586179 -0.2310258 -0.9259309 0.2097815 0.3140762 -0.9836065 0.09795057 0.1514064 -0.9523859 0.2589268 -0.1609912 -0.9843395 0.08601582 0.1538735 -0.6310992 0.6033149 -0.4875704 -0.8076688 0.2839501 0.5167624 -0.9531858 0.2548792 -0.1627066 -0.6091033 0.3602405 0.706555 -0.6123178 0.3438583 0.7119188 -0.5328401 0.2300009 0.8143593 -0.5275888 0.2729999 0.8044383 -0.04183441 0.6319079 -0.7739137 -0.1216816 0.6264615 -0.7698959 -0.9788794 0.03941184 0.2006033 -0.9799403 0.1885778 -0.06446254 -0.9621329 0.1575699 0.2224231 -0.9615201 0.1364845 0.2384346 -0.9795028 0.1902003 -0.0663169 -0.5999092 0.588152 -0.5423894 -0.6100001 0.3219016 0.7240713 -0.5235809 0.6317532 -0.5716213 -0.9031848 0.348973 -0.2499504 -0.9415913 0.2557911 -0.2190361 -0.5336527 0.1860292 0.8249896 -0.5393891 0.09142601 0.8370786 -0.5371565 0.1123306 0.8359693 -0.8371344 0.4654771 -0.2872926 -0.8017957 0.4884556 -0.3442885 -0.8550834 0.4128925 -0.3136114 -0.8721646 0.3260617 0.3647091 -0.8899793 0.2255503 0.396313 -0.9253655 0.1454677 0.350054 -0.2945131 0.6526914 -0.6980372 -0.3075909 0.6530152 -0.6920687 -0.6014723 0.3215526 0.7313242 -0.2728943 0.6343556 -0.7232716 -0.6161136 0.2848334 0.7343528 -0.7562084 0.3084092 0.5770898 -0.6953357 0.4754832 0.53891 -0.2614175 0.625967 -0.7347286 -0.7050774 0.5836679 -0.4027379 -0.5392662 0.008381783 0.8420937 -0.7657413 0.5238368 -0.3731425 -0.7441294 0.562103 -0.3609872 -0.5382127 0.02391654 0.8424696 -0.7078083 0.4175717 0.5697732 -0.7344993 0.2823637 0.617075 -0.7167693 0.377242 0.5864555 -0.8671106 0.3889931 -0.3111326 -0.864953 0.38896 -0.3171221 -0.8808436 0.2029132 0.4277158 -0.8367192 0.4562047 -0.3029493 -0.8144797 0.4623723 -0.3504778 -0.5982375 0.5902072 -0.5420031 -0.8747952 0.2806633 0.3949196 -0.1116864 0.6297424 -0.7687332 -0.9572816 0.09440231 0.2733135 -0.9592488 0.1212611 0.2552203 -0.1756252 0.6224864 -0.7626707 -0.9425913 0.2503962 -0.2209604 -0.6154187 0.230228 0.7538269 -0.6063258 0.2565577 0.7526933 -0.9753437 0.01327842 0.2202912 -0.7878416 0.4959164 -0.365202 -0.9786959 0.03991371 0.2013983 -0.9705634 0.189917 -0.1481158 -0.9612466 0.1898446 -0.1999099 -0.9713252 0.1879168 -0.1456528 -0.8671216 0.3810983 -0.3207244 -0.9196847 0.1517922 0.3621315 -0.6125531 0.1756528 0.7706652 -0.3903013 0.6327398 -0.6688089 -0.6171869 0.1591946 0.7705436 -0.7927198 0.241215 0.559831 -0.3364645 0.6180434 -0.7105028 -0.3631184 0.6367819 -0.6801866 -0.7880305 0.2812625 0.5476307 -0.8111316 0.242214 0.5323513 -0.9822643 -0.02420276 0.1859327 -0.3440134 0.6255412 -0.7002521 -0.9884029 0.02234828 0.1502008 -0.9331833 0.2515602 -0.2566837 -0.9883478 0.01877081 0.1510508 -0.8975197 0.3342897 -0.2875916 -0.905213 0.3338633 -0.2629156 -0.7923673 0.223804 0.5675084 -0.8895738 0.3483572 -0.2954757 -0.6983187 0.5471298 -0.4615194 -0.6170186 0.08777832 0.7820377 -0.6183657 0.01060342 0.785819 -0.7058902 0.5454585 -0.4518783 -0.6213206 0.02727001 0.7830818 -0.6186537 0.07973551 0.7816073 -0.6572594 0.246985 0.7120453 -0.7599226 0.4901535 -0.4269276 -0.9179145 0.1315432 0.3743385 -0.9876441 0.1458503 -0.05733036 -0.9900815 0.07589048 -0.1182336 -0.9961515 0.07232272 -0.0495128 -0.9959155 0.07381576 -0.0519967 -0.9188241 0.121683 0.3754402 -0.1544961 0.6335963 -0.7580809 -0.9927554 -0.0809952 0.08875018 -0.987317 -0.07534867 0.1397415 -0.9960389 -0.02187711 0.08618527 -0.7164977 0.2636144 0.6458626 -0.9613751 0.1870814 -0.2018873 -0.7928873 0.217657 0.5691705 -0.7622473 0.4868727 -0.4265372 -0.975366 0.01328313 0.2201924 -0.9352414 0.2424197 -0.2579849 -0.7806742 0.20827 0.5892124 -0.08193093 0.6368066 -0.7666582 -0.02397155 0.6259578 -0.7794885 -0.7212054 0.2208946 0.656558 -0.690508 0.3421854 0.6372659 -0.673368 0.5384041 -0.5066524 -0.6805512 0.5370427 -0.4984328 -0.8607358 0.2612354 0.4369096 -0.7433915 0.4829905 -0.4626979 -0.9042562 0.3143027 -0.2890233 -0.8783723 0.1669259 0.4478818 -0.9296685 0.2434953 -0.2764536 -0.8970586 0.315129 -0.3098055 -0.994656 0.01872825 -0.1015328 -0.9797295 0.1481615 -0.1348267 -0.9901779 0.07698905 -0.1167071 -0.9830501 -0.02474582 0.1816597 -0.9833873 0.07979929 -0.1630385 -0.9792672 -0.04703956 0.1970355 -0.4860943 0.6086612 -0.6270916 -0.4164771 0.6019263 -0.6813455 -0.4395157 0.6145573 -0.6550918 -0.7114816 0.2041172 0.6724063 -0.6912224 0.3115965 0.6520117 -0.4391933 0.6168445 -0.6531556 -0.9533786 0.08724176 0.2888914 -0.9511003 0.05979096 0.3030401 -0.8426827 0.4260541 -0.3291864 -0.8095082 0.4525802 -0.3739889 -0.9716188 -0.01194179 0.2362502 -0.8663643 0.1467604 0.4773618 -0.740777 0.4863825 -0.4633375 -0.8615217 0.2201955 0.4574869 -0.9521031 0.189231 -0.2401897 -0.9550841 0.1831447 -0.2329644 -0.7079636 0.1931804 0.679315 -0.6895016 0.2926409 0.6625323 -0.7728137 0.1969892 0.6032861 -0.774528 0.1794467 0.606552 -0.11215 0.6302199 -0.7682741 -0.7834516 0.1754313 0.5961773 -0.0695737 0.6244303 -0.7779758 -0.9095249 0.1172133 0.39878 -0.9090176 0.09199655 0.4064772 -0.8967114 0.3088566 -0.317043 -0.9163271 0.09732496 0.3884231 -0.269069 0.6325646 -0.7262671 -0.2008025 0.6269529 -0.752734 -0.7717351 0.1709065 0.6125487 -0.7722613 0.1648913 0.6135335 -0.3322982 0.6172479 -0.7131501 -0.6876051 0.2623275 0.6770402 -0.7050728 0.1757913 0.6870005 -0.8590679 0.3810079 -0.3418121 -0.8779396 0.3540503 -0.3222892 -0.9802551 -0.04519957 0.1925017 -0.901875 0.3082106 -0.3027006 -0.932907 0.2298 -0.2772662 -0.9074857 0.08648711 0.4110835 -0.9332141 0.2297151 -0.2763012 -0.5204676 0.5923162 -0.6150407 -0.7694105 0.1569988 0.6191598 -0.7694278 0.1567959 0.6191899 -0.5654622 0.574772 -0.5915148 -0.6900268 0.212387 0.6919211 -0.7013734 0.146551 0.6975659 -0.5046714 0.5887048 -0.6314535 -0.5188472 0.5916737 -0.6170251 -0.9767812 -0.06427764 0.2043694 -0.990522 0.01296347 -0.1367409 -0.971819 -0.01244378 0.2353997 -0.9899154 0.02168184 -0.1399908 -0.9774892 0.08357596 -0.1937258 -0.9814611 -0.1150985 0.1532534 -0.9835271 0.08073168 -0.1617304 -0.9827911 -0.1462463 0.112844 -0.9326581 0.2253158 -0.2817477 -0.9887704 -0.08024019 0.1260733 -0.9864019 -0.1126619 0.1196609 -0.7654938 0.1446948 0.626963 -0.8144865 0.4242557 -0.3957512 -0.7664958 0.1320064 0.6285369 -0.8207055 0.4213388 -0.3858966 -0.8652635 0.3549579 -0.3540114 -0.6941226 0.1475824 0.7045661 -0.6998783 0.1039383 0.7066591 -0.2806828 0.644357 -0.7113518 -0.6992232 0.05243486 0.7129779 -0.6973339 0.07543361 0.7127658 -0.7653567 0.09473502 0.6365961 -0.7636782 0.1218439 0.633995 -0.0977326 0.6312617 -0.7693876 -0.1645228 0.642759 -0.7481932 -0.9688718 -0.03284478 0.2453746 -0.9477345 0.04932057 0.315225 -0.8489779 0.2046337 0.4871976 -0.8667451 0.3518607 -0.3534783 -0.09341734 0.6477438 -0.7561092 -0.8638992 0.1229429 0.4884292 -0.05518561 0.6492461 -0.7585737 -0.9471841 0.1855753 -0.2615417 -0.9524091 0.1749064 -0.2496489 -0.6983676 0.003899872 0.7157287 -0.9506229 0.1756346 -0.2558681 -0.6985337 2.6184e-4 0.7155771 -0.8496789 0.1773516 0.4965806 -0.9774996 0.08367365 -0.1936317 -0.8532407 0.1093775 0.5099186 -0.9736435 0.08584403 -0.2113037 -0.8507044 0.159838 0.5007533 -0.9801381 -0.1869943 -0.06604945 -0.9865448 0.01543027 -0.1627615 -0.9495276 0.1727908 -0.2618029 -0.763506 0.0873264 0.6398692 -0.8089469 0.4206498 -0.4106806 -0.8016173 0.4240003 -0.4214659 -0.9460014 0.03592729 0.3221654 -0.8608309 0.3523748 -0.3671542 -0.9461267 0.03221529 0.3221902 -0.9472314 0.05028313 0.3165823 -0.7638117 0.04921662 0.64356 -0.0552572 0.6627795 -0.7467731 -0.7649546 0.04477941 0.6425257 -0.8098689 0.1440419 0.5686514 -0.5991746 0.5551827 -0.5768554 -0.7641595 0.006061911 0.6449989 -0.7635053 0.003536701 0.6457919 -0.9068441 0.07025837 0.415569 -0.900485 0.08510369 0.4264786 -0.6602336 0.5342527 -0.527888 -0.9003449 0.07046276 0.4294346 -0.6256732 0.5614992 -0.5415272 -0.5877999 0.5550677 -0.58855 -0.8995241 0.06373429 0.432197 -0.9794117 -0.1329555 0.1519064 -0.9844269 -0.1103643 0.136833 -0.9806711 -0.1563413 0.1176502 -0.9333739 0.2251034 -0.2795383 -0.9809335 -0.1538953 0.1186837 -0.9057632 0.2857958 -0.3129119 -0.9681956 -0.03872436 0.2471796 -0.9057458 0.2857995 -0.3129588 -0.9689881 -0.03291064 0.244906 -0.9760832 -0.07785815 0.2029775 -0.8590219 0.3559147 -0.3679757 -0.9781373 -0.06590032 0.1972429 -0.1429923 0.6450817 -0.750615 -0.8445128 0.100611 0.5259996 -0.8995041 0.0627374 0.4323844 -0.9681884 -0.03875327 0.2472034 -0.2460131 0.6612744 -0.7086563 -0.6857392 0.5150198 -0.5143117 -0.7280352 0.4840361 -0.4854626 -0.9829707 -0.1223158 0.13714 -0.9808583 -0.164681 0.1039093 -0.6898671 0.5154343 -0.5083413 -0.9793273 -0.1388215 0.1471275 -0.9790626 -0.1722711 0.1084396 -0.3317899 0.6314054 -0.700887 -0.518745 0.5942985 -0.6145836 -0.8947573 0.05895268 0.4426442 -0.844755 0.08178746 0.5288665 -0.4517441 0.6234174 -0.6381833 -0.8364402 0.1472995 0.5278926 -0.6936494 0.5183393 -0.5001749 -0.9679138 -0.04077351 0.2479526 -0.9417448 0.02411323 0.335463 -0.01992857 0.6900658 -0.7234723 -0.973517 0.08374112 -0.2127258 -0.9548056 0.1594657 -0.2508326 -0.9732263 0.08393841 -0.213974 -0.93897 0.2071504 -0.2746341 -0.8397213 0.07570838 0.5377141 -0.8346565 0.1372112 0.5334056 -0.9416331 0.03221082 0.3350962 -0.9407784 0.01201534 0.3388093 -0.06346666 0.662557 -0.7463178 -0.1568219 0.6820563 -0.7142872 -0.8324909 0.1319879 0.5380874 -0.8376497 0.07240116 0.5413881 -0.4453705 0.6389673 -0.6271889 -0.3182886 0.6671245 -0.673526 -0.8914319 0.05785256 0.4494466 -0.2065561 0.6678046 -0.7151024 -0.8946717 0.04876899 0.4440541 -0.8914598 0.0537737 0.4498976 -0.9772399 -0.07696771 0.1976824 -0.9049381 0.2836501 -0.317222 -0.9032388 0.2840771 -0.3216516 -0.9399788 0.2067259 -0.2714855 -0.9523769 0.1608419 -0.2590525 -0.9724685 0.08329921 -0.217638 -0.8900781 0.05274319 0.4527462 -0.8901171 0.04716491 0.4532848 -0.1034775 0.7070931 -0.6995082 -0.8294842 0.1232817 0.5447546 -0.02881115 0.6900961 -0.723144 -0.8355816 0.06753569 0.5451993 -0.06978124 0.7286617 -0.6813097 -0.0300008 0.7290714 -0.6837798 -0.9767589 -0.08114629 0.1983865 -0.9402832 0.2051879 -0.2715976 -0.9772419 -0.07695454 0.1976773 -0.9744424 0.08187401 -0.2091856 -0.9572274 0.1571828 -0.2429183 -0.9561107 0.1578403 -0.2468578 -0.9497997 0.1726765 -0.2608896 -0.8887206 0.0461241 0.4561231 -0.9676164 -0.04070764 0.2491211 -0.9677176 -0.03979223 0.2488759 -0.05662131 0.7564682 -0.6515749 -0.9774683 -0.07656222 0.196708 -0.05494964 0.7517108 -0.6571996 -0.06011861 0.756412 -0.6513268 -0.8280288 0.1053799 0.5506936 -0.8326565 0.05845189 0.5506964 -0.9041956 0.2869065 -0.3164094 -0.9420187 0.2043445 -0.2661655 -0.9674966 -0.04085028 0.2495629 -0.2732596 0.7059288 -0.6534475 -0.8865217 0.05158662 0.4598023 -0.8887386 0.04386806 0.4563105 -0.2384952 0.7118732 -0.660573 -0.1023997 0.6860417 -0.7203203 -0.8278819 0.07680773 0.5556188 -0.1544955 0.7368524 -0.658164 -0.8306152 0.04234838 0.5552343 -0.09963685 0.7506626 -0.6531295 -0.8292723 0.02034813 0.5584741 -0.04887884 0.7085694 -0.7039462 -0.8282174 0.04093897 0.5589096 -0.8078518 0.4241713 -0.4092116 -0.9813051 -0.1417506 0.1301808 -0.9779155 -0.1927834 0.08072006 -0.7554243 0.4590138 -0.46759 -0.9825087 -0.1358214 0.1273939 -0.8851716 0.03385049 0.4640316 -0.8867192 0.03927344 0.4606371 -0.8849663 0.0459696 0.4633806 -0.7924579 0.4560263 -0.4050314 -0.7593657 0.4612663 -0.4589086 -0.93781 0.02515208 0.3462368 -0.9380189 0.03046208 0.3452429 -0.9397173 0.006071209 0.3418986 -0.8283833 -0.001833736 0.5601587 -0.2706089 0.6777926 -0.6836432 -0.4333838 0.6765751 -0.5953356 -0.8284974 -0.005938708 0.5599615 -0.06114017 0.7815435 -0.6208475 -0.9373646 0.02324426 0.3475734 -0.9364135 0.004367232 0.3508713 -0.8487659 0.3869566 -0.3603625 -0.8350962 0.3906701 -0.3872871 -0.8841043 0.02913093 0.4663807 -0.863258 0.3553421 -0.3584936 -0.9572499 0.1565911 -0.2432116 -0.884179 0.01365059 0.4669488 -0.8835838 0.0168513 0.4679697 -0.5089708 0.6113732 -0.6059468 -0.8832221 -6.34618e-4 0.4689545 -0.8930519 0.2464221 0.3764764 -0.883195 -0.003300189 0.4689943 -0.883498 -0.002129137 0.4684302 -0.978255 -0.0758382 0.1930428 -0.6488013 0.56867 -0.5056393 -0.7132477 0.5196911 -0.4703179 -0.941292 0.2077075 -0.2661333 -0.9675576 -0.03222948 0.2505868 -0.9597899 0.1548781 -0.2341284 -0.9677393 -0.03855407 0.2489863 -0.85122 0.3881613 -0.3532073 -0.9672853 -0.03560686 0.2511802 -0.2079058 0.742734 -0.6364915 -0.3563002 0.7132971 -0.6035373 -0.9341984 0.003681302 0.3567348 -0.9788447 -0.07174611 0.1916133 -0.9789766 -0.07014513 0.1915318 -0.9672953 -0.03437536 0.2513127 -0.6403707 0.581945 -0.5012639 -0.9677234 -0.02877134 0.2503666 -0.5160617 0.6587783 -0.5474408 -0.9831882 -0.1397023 0.1175768 -0.9842079 -0.1341674 0.1154721 -0.9797695 -0.07403576 0.1859318 -0.9826627 -0.1713734 0.07074677 -0.9857181 -0.1269401 0.1106616 -0.9882253 -0.1361678 0.06977957 -0.3827992 0.693834 -0.6099666 -0.985529 -0.1517981 0.07543277 -0.1006039 0.7896215 -0.6052907 -0.9856321 -0.1274463 0.1108452 -0.08920061 0.7809394 -0.6182047 -0.01358699 0.755563 -0.6549351 -0.9340993 0.001447677 0.3570106 -0.1155154 0.7945458 -0.5961151 -0.9330992 0.02490854 0.3587555 -0.07819479 0.7963823 -0.5997173 -0.9331032 0.02524065 0.3587219 -0.8994155 0.2917028 -0.3255168 -0.9781059 0.07431167 -0.1943878 -0.9746672 0.07761842 -0.2097598 -0.2160241 0.8223121 -0.5264375 -0.9319177 0.002559781 0.3626608 -0.08909028 0.7404493 -0.6661815 -0.2423318 0.7757559 -0.5826476 -0.9669018 -0.03059518 0.2533078 -0.9315245 0.02688628 0.3626836 -0.9315252 0.02762949 0.3626255 -0.1119537 0.8224007 -0.5577845 -0.9319306 0.003011047 0.3626242 -0.9595809 0.1581349 -0.2328044 -0.9798567 -0.0640245 0.18916 -0.9798291 -0.0633732 0.1895225 -0.03686201 0.8242553 -0.5650171 -0.1120002 0.8224333 -0.557727 -0.9811738 -0.04943007 0.1866944 -0.06927156 0.8525632 -0.5180128 -0.9806213 -0.05586397 0.1877791 -0.9805927 -0.0562734 0.1878063 -0.01977717 0.8532017 -0.5212062 -0.03529733 0.8725749 -0.4872035 -0.04913282 0.8843309 -0.464268 -0.9301658 0.004437088 0.367113 -0.9668524 -0.02165842 0.2544156 -0.9806317 0.07248187 -0.1819558 -0.9672312 -0.02516496 0.2526471 -0.978292 0.07515799 -0.193122 -0.9670393 -0.01746821 0.2540276 -0.9334684 0.2271549 -0.2775562 -0.3178046 0.7916288 -0.5218467 -0.9666428 -0.02069014 0.2552911 -0.9668892 -0.0144425 0.2547874 -0.1667918 0.7848843 -0.5967723 -0.9292974 0.02697646 0.3683459 -0.2656416 0.8278092 -0.4941322 -0.9293405 0.02055203 0.3686515 -0.1008801 0.7896119 -0.6052572 -0.930166 0.004452586 0.3671122 -0.2456682 0.8312214 -0.4987165 -0.1506671 0.820032 -0.5521295 -0.9667208 -0.01056057 0.2556156 -0.3257492 0.7735614 -0.54359 -0.9664787 -0.01789969 0.2561224 -0.9286207 0.002394855 0.3710228 -0.9885019 -0.1159361 0.09707111 -0.8855953 0.3208434 -0.3358281 -0.9881778 -0.1393041 0.06402218 -0.9878295 -0.1205466 0.09829258 -0.9149906 0.2832238 -0.2873611 -0.9285637 -0.00242722 0.3711652 -0.8986478 0.3145196 -0.3057933 -0.9282819 0.01004701 0.3717414 -0.04181659 0.8810669 -0.4711397 -0.9809762 -0.05023014 0.1875172 -0.9127879 0.3080962 -0.2681327 -0.9907752 -0.1218208 0.05936527 -0.9630972 -0.02976155 0.2675037 -0.9898448 -0.1071834 0.09337568 -0.9663407 -0.006855905 0.2571743 -0.6519941 0.6257486 -0.4281851 -0.9661576 -0.01421511 0.2575605 -0.4691963 0.6794175 -0.5641337 -0.9281368 -0.007725775 0.3721592 -0.103787 0.8790681 -0.4652605 -0.9279702 -0.005803048 0.3726093 -0.9280178 -0.001186847 0.372534 -0.08767801 0.8683929 -0.4880639 -0.9658679 -0.01062113 0.2588174 -0.07897269 0.9102383 -0.4064843 -0.0327329 0.8845668 -0.4652635 -0.9659641 -0.005564212 0.2586162 -0.2091867 0.871908 -0.4427385 -0.9816277 -0.04087644 0.1863763 -0.1847734 0.8612646 -0.4733732 -0.9815807 -0.03883528 0.1870592 -0.9819277 -0.03239792 0.1864628 -0.965615 -0.008914828 0.2598234 -0.9656515 -0.00665307 0.2597554 -0.525758 0.7200873 -0.4528275 -0.9654518 -0.008461296 0.2604444 -0.3625144 0.7636743 -0.5342144 -0.9654416 -0.009126245 0.2604596 -0.9820247 -0.02825081 0.1866261 -0.8188177 0.4537945 -0.3515792 -0.9817163 -0.03474879 0.1871518 -0.8724939 0.380617 -0.3064065 -0.7093741 0.5297859 -0.4648821 -0.9653263 -0.009936571 0.2608573 -0.9653886 -0.00487715 0.2607701 -0.9652143 0.1477751 0.2156938 -0.7278078 0.5736274 -0.375829 -0.981794 -0.03098189 0.187405 -0.6210287 0.6468715 -0.4425841 -0.2607245 0.8607602 -0.4371666 -0.9926779 -0.119924 0.01445662 -0.2667788 0.8625178 -0.4299908 -0.9914909 -0.09398043 0.09007459 -0.9381892 0.2320753 -0.2567921 -0.9908762 -0.1032654 0.08660656 -0.951533 0.2014334 -0.2323994 -0.9925501 -0.0882849 0.0839653 -0.9504346 0.2211725 -0.2185332 -0.9947012 -0.1021876 0.01128673 -0.9931488 -0.08268666 0.082574 -0.981137 0.07543623 -0.1779878 -0.8049101 -0.5533732 0.2142378 -0.9936377 -0.07752454 0.08169543 -0.940012 0.2225321 -0.2585672 -0.9819307 -0.02280461 0.1878614 -0.08144241 0.9224324 -0.3774726 -0.9819969 -0.02618122 0.187074 -0.006876945 0.9242486 -0.3817292 -0.9820074 -0.01361435 0.1883513 -0.9819223 -0.01724082 0.1884975 -0.9525285 0.2203238 -0.2101113 -0.9819936 -0.02086031 0.1877592 -0.8299422 0.445245 -0.3360846 -0.9818007 -0.01682734 0.1891671 -0.03387433 0.960729 -0.2754134 -0.9818197 -0.01180416 0.1894485 -0.9818558 -0.01428818 0.1890903 -0.9941672 -0.07351166 0.07891553 -0.946192 -0.01360869 0.3233195 -0.9437796 -0.01174515 0.3303667 -0.9950947 -0.0615738 0.07742887 -0.9817843 -0.01073354 0.1896955 -0.2928487 0.8883804 -0.3535817 -0.9818117 -0.01227593 0.1894597 -0.09964454 0.9230091 -0.3716519 -0.9818543 -0.01150435 0.1892874 -0.9818063 -0.009113729 0.1896663 -0.9957842 -0.05198687 0.07557201 -0.3632277 0.8365696 -0.4101426 -0.9320896 -0.006459712 0.36217 -0.4656525 0.7990521 -0.3803728 -0.9953462 -0.0589444 0.07623356 -0.9961274 -0.04614633 0.07483816 -0.2381173 0.8068193 -0.5406873 -0.9959028 -0.05025404 0.07518082 -0.998147 -0.06082898 -0.001583874 -0.06305831 0.9108384 -0.4079179 -0.9964975 -0.03868138 0.07413911 -0.9961975 -0.04501557 0.07459342 -0.9985277 -0.05420386 -0.002145886 -0.9968212 -0.03048902 0.07360649 -0.1463196 0.9449891 -0.2925509 -0.9162576 -0.003164768 0.4005772 -0.1206177 0.9426938 -0.3110945 -0.9965198 -0.03830116 0.07403624 -0.03300243 0.9473914 -0.3183714 -0.9243038 -0.005533516 0.3816176 -0.9968055 -0.03082352 0.07368022 -0.9970189 -0.02383285 0.07338482 -0.9226704 -0.005090355 0.385556 -0.1912381 0.9179933 -0.3474425 -0.9971322 -0.01876246 0.07331764 -0.3194069 0.8923871 -0.3187861 -0.9969938 -0.02450019 0.07350516 -0.03837692 0.9606203 -0.2752017 -0.9972072 -0.01443684 0.0732761 -0.0828008 0.9756442 -0.2031319 -0.9200348 -0.004446268 0.3918114 -0.9971144 -0.01936328 0.07340323 -0.9592704 0.1785058 -0.2189431 -0.9170894 -0.003791153 0.3986634 -0.9972665 -0.009804844 0.07323473 -0.969591 0.165896 -0.1799219 -0.9971964 -0.01487022 0.07333505 -0.9973183 -0.003467381 0.07310503 -0.9694983 0.1496146 -0.1941351 -0.8822761 0.002221345 0.470727 -0.9972417 -0.01147431 0.07333153 -0.9135457 -0.003078162 0.4067243 -0.997254 -0.01044237 0.07331722 -0.9720129 0.163555 -0.1686442 0.01166915 0.9621309 -0.272338 -0.07388812 0.9857285 -0.151261 -0.3987895 0.8241909 -0.4020898 -0.5577511 0.7709481 -0.3074944 -0.0348308 0.9990363 -0.0267055 -0.03692221 0.9991673 -0.01736122 -0.425843 0.8655854 -0.2634761 -0.3717653 0.8668351 -0.3322463 -0.7443292 0.6125531 -0.2659941 -0.4557746 0.750864 -0.4779881 0.09745985 0.8319752 -0.5461859 0.9811411 -0.03517729 0.190065 0.98122 -0.03283458 0.1900774 0.9637968 -0.005762934 0.2665754 0.6720619 0.6482795 -0.3578641 0.4854847 0.7013375 -0.5219487 0.9639315 -0.008887231 0.2660025 0.01122272 0.9043665 -0.426609 0.9812419 -0.02872264 0.1906288 0.1187037 0.9348815 -0.3345239 0.9812859 -0.03150594 0.1899612 0.9637377 -0.009852886 0.2666691 0.963656 -0.008022546 0.2670257 0.6670833 0.6520789 -0.3602677 0.9923064 -0.1227032 0.01648616 0.7373567 0.5937448 -0.3221372 0.9912852 -0.09670293 0.08945488 0.5450826 0.7627097 -0.3480789 0.9635246 -0.004509925 0.267582 0.3710195 0.8151454 -0.4448398 0.9636571 -0.007934331 0.2670242 0.981288 -0.0223661 0.1912425 0.4155071 0.8200659 -0.3935045 0.9813684 -0.02564692 0.1904163 0.4635825 0.8022545 -0.3761369 0.9934446 -0.07689309 0.08458966 0.9926592 -0.08399057 0.08702415 0.9943717 -0.1051341 0.01310604 0.9920974 -0.09050321 0.08690094 0.9812675 -0.0168873 0.1919092 0.2605931 0.893566 -0.3655559 0.363539 0.8772065 -0.3136049 0.9813513 -0.02038812 0.1911386 0.004925787 0.9621847 -0.2723533 0.9812065 -0.01331347 0.192501 0.06649577 0.9823599 -0.1747778 0.9812773 -0.01649039 0.1918933 0.9641293 0.1756538 -0.1989986 0.9708202 0.1581707 -0.1802505 0.9811502 -0.01164937 0.1928954 0.9811919 -0.01404243 0.1925232 0.9525326 -0.0185706 0.3038696 0.9478659 -0.01458406 0.3183358 0.905681 0.339394 -0.2540742 0.9939784 -0.07282108 0.08187854 0.8322731 0.4745125 -0.2866348 0.9384664 0.3268965 0.1114426 0.9811108 -0.01067608 0.1931519 0.9813016 -0.003905415 0.1924368 0.981148 -0.007808685 0.1931 0.9811416 -0.01216107 0.1929076 0.709572 0.565003 -0.4210453 0.9954801 -0.05306935 0.07875841 0.9949523 -0.0611968 0.07952916 0.995084 -0.05828285 0.08006775 0.9123182 0.002893269 0.4094717 0.9956006 -0.05119752 0.07847559 0.02075821 0.9484522 -0.3162398 0.1146823 0.9699144 -0.2147418 0.9980751 -0.06191998 0.003466606 0.9958238 -0.04724597 0.07812052 0.0348671 0.9990352 -0.02670544 0.03075551 0.9985128 -0.04501515 0.9984602 -0.05539792 0.002869844 0.9959066 -0.04604953 0.07777798 0.9962841 -0.03825461 0.07716655 0.1772562 0.9544743 -0.239915 0.9962917 -0.03798574 0.07720065 0.05438983 0.9385697 -0.3407764 0.9248887 -0.005522727 0.3801979 0.9965814 -0.03058981 0.07674574 0.9965923 -0.03008925 0.07680153 0.9967909 -0.02349627 0.07652336 0.8890895 0.393269 -0.2342206 0.8393952 0.4650282 -0.2813618 0.9262363 -0.005951166 0.3768963 0.9968996 -0.01850908 0.07647693 0.9819017 0.08534568 -0.169072 0.9861068 0.06997245 -0.1506567 0.9239796 -0.005302369 0.3824049 0.9967602 -0.02431845 0.07666635 0.9921995 0.01916283 -0.1231782 0.9969716 -0.01426082 0.07644766 0.9212312 -0.004590094 0.3889884 0.4980502 0.7415053 -0.449573 0.9968784 -0.01922667 0.07657551 0.6897003 0.6750565 -0.2619393 0.9182916 -0.003894686 0.3958855 0.996959 -0.01477128 0.0765146 0.9151663 -0.003222703 0.4030635 0.9970166 -0.0107488 0.07643526 0.8972558 1.83775e-4 0.441511 0.9970306 -0.005512833 0.07680928 0.7551555 0.6151608 -0.2265334 0.6979652 0.6680667 -0.2579367 0.4536346 0.852614 -0.2593553 0.1696835 0.9253904 -0.3389102 0.246559 0.94209 -0.2273215 0.3889341 0.9007048 -0.1935487 0.5929692 0.7780973 -0.2072487 0.5024858 0.8296784 -0.2431908 0.9607899 0.2141618 -0.1761178 0.9465524 0.2489375 -0.2051066 0.02372252 0.9941555 0.1053191 0.02723956 0.983938 -0.1764196 0.1239243 0.9899314 -0.06840133 0.1398072 0.9878816 -0.06741017 0.06819897 0.9734349 -0.218571 0.1751996 0.9782357 -0.1111763 0.5377096 0.8318563 -0.137417 0.3292806 0.8605057 -0.3887212 0.592778 0.7966277 -0.1183155 0.2964521 0.9372537 -0.1834985 0.575685 0.8085521 -0.1217796 0.1024859 0.9890107 0.1065577 0.1107103 0.9918932 0.06237894 0.05369442 0.9975732 -0.04432302 0.0204215 0.9782444 0.2064486 0.0598632 0.9456225 0.3197102 0.117738 0.9918845 0.04798924 0.2949072 0.9525626 -0.07519358 0.05512863 0.9969925 -0.05446881 0.1333644 0.9904849 0.03396648 0.01649415 0.04456347 0.9988704 0.2672696 0.9629895 0.03490489 0.05038124 0.9014089 0.4300274 0.2672365 0.9631905 -0.02913367 0.05203628 0.8966996 0.4395706 0.2023581 0.9788851 -0.02890163 0.3267456 0.9425867 -0.06904858 0.4077764 0.9129636 -0.01469385 0.06446361 0.9959587 -0.06253576 0.04826575 0.8436915 0.5346542 0.2015752 0.9773685 -0.06417298 0.2788677 0.9595751 -0.03805869 0.7353267 0.5956234 -0.3233069 0.8496364 0.4959416 -0.1793317 0.2774817 0.957346 -0.08057624 0.2189381 0.9724458 -0.08009558 0.3789504 0.9246355 -0.03802293 0.1216418 0.9919702 0.03461909 0.3789544 0.9246444 -0.03776466 0.8850666 -0.4413549 0.1478611 0.9959831 0.006747603 -0.08928668 0.986388 0.08536416 -0.1405405 0.09471613 0.9882798 -0.1197157 0.9902829 0.06928533 -0.120579 0.4658783 0.8841595 -0.03492075 0.9785702 0.1547123 -0.1358841 0.1430276 0.2182512 0.9653546 0.9695511 0.1846731 -0.1608306 0.5184807 0.7772076 -0.3565475 0.7229865 0.6760654 -0.1422186 0.785577 0.6087476 -0.1108837 0.2992732 0.9491798 -0.09743338 0.2163218 0.9666284 -0.1372383 0.7319206 0.6675989 -0.1363967 0.2348008 0.9646668 -0.1195268 0.4651783 0.8829541 -0.06325513 0.3910098 0.9152263 -0.09732472 0.08637523 0.974722 0.2060496 0.3927009 0.9173684 -0.06497275 0.4618837 0.8755584 -0.1416358 0.08814042 0.9747511 -0.2051623 0.5840034 0.8109269 -0.03657352 0.09194827 0.9754907 -0.1999084 0.3149101 0.8910936 -0.3267781 0.2294335 0.953148 -0.1971524 0.05175733 0.7700734 0.6358523 0.06771624 0.5950423 0.8008366 0.06552982 0.723525 0.6871808 0.4807211 0.8742994 -0.06714111 0.642444 0.7661839 -0.01509946 0.5746396 0.8174549 -0.03945422 0.3187603 0.9380135 -0.1360968 0.2954782 0.9426922 -0.154997 0.1014026 0.9563087 -0.2742102 0.8713135 0.4625509 -0.1638885 0.9061399 0.4028939 -0.1287912 0.1744647 0.9704239 0.166852 0.3117464 0.9266312 -0.2101641 0.109817 0.9919945 0.06234657 0.2481674 0.945015 -0.2129781 0.1650581 0.9644128 0.2065522 0.558066 0.8297905 0.003192365 0.5567778 0.8281592 -0.0644288 0.07349795 0.3856531 0.9197118 0.6353121 0.7722102 0.00835967 0.06554239 0.5590176 0.8265612 0.6838262 0.6870934 0.2455289 0.2003207 0.9737032 -0.1085066 0.4141367 0.8982455 -0.1471257 0.1137316 0.9620379 -0.248089 0.4748948 0.867939 -0.1454538 0.368206 0.9279668 0.05746233 0.4136598 0.897661 -0.1519544 0.09067904 0.9432663 0.3194148 0.2398635 0.9283941 -0.283813 0.1391432 0.9054389 0.4010232 0.1150367 0.8916243 0.4379186 0.249272 0.9305323 -0.2682779 0.1360845 0.8515978 0.5062234 0.502485 0.8510906 -0.1521634 0.1371135 0.8362417 0.5309422 0.9432193 0.3191246 -0.0921781 0.8937867 0.3851445 -0.229802 0.9408991 0.3043278 -0.1486386 0.3343209 0.9150171 -0.2257725 0.07618355 0.1729701 0.9819763 0.07224792 0.3649616 0.9282152 0.4345094 0.89423 0.1074902 0.3354844 0.9004582 -0.2768124 0.3243402 0.8996043 -0.2924306 0.3259105 0.9439995 0.05145144 0.4328168 0.877641 -0.205951 0.07585883 0.1674716 0.9829541 0.07643288 0.0108872 0.9970152 0.4309749 0.8754447 -0.2187629 0.5702852 0.815492 -0.09872984 0.6323109 0.7689677 -0.09418988 0.1358284 0.7970524 0.588437 0.5654321 0.8112267 -0.1489889 0.1487469 0.9417159 0.3017376 0.6469972 0.7567414 -0.09347242 0.07617259 0.1351012 0.9878995 0.07649576 0.01175314 0.9970006 0.09999924 0.9179352 -0.3839206 0.8680218 0.4909574 -0.07415467 0.09000915 0.9154415 -0.3922566 0.4946542 0.8431872 -0.2106007 0.5229148 0.8286034 -0.1999413 0.7675271 0.6022896 -0.21943 0.3024013 0.9338349 0.1910655 0.2246187 0.9735804 0.04107898 0.09430706 0.8617153 -0.4985508 0.7061947 0.7073 -0.03186976 0.1640765 0.6777156 0.7167847 0.8208924 0.555227 0.1336359 0.1457171 0.7169952 0.6816777 0.7710415 0.6362531 -0.0260179 0.7613912 0.6482304 0.008992373 0.2287933 0.8882435 -0.3983429 0.5637378 0.7964827 -0.2186663 0.2597098 0.8869278 -0.3819816 0.6334118 0.7466359 -0.2032837 0.5843526 0.7842381 -0.2085729 0.7715517 0.6360347 0.01295417 0.8204202 0.5706976 0.03485542 0.4484888 0.8491771 -0.2788475 0.4510698 0.8519972 -0.2657759 0.2064591 0.8560535 0.473864 0.5124392 0.818863 -0.2585913 0.1522961 0.9035534 0.4004962 0.1844069 0.8444676 0.5028604 0.1861466 0.3593318 0.9144562 0.6588994 0.7249007 -0.200924 0.1770367 0.5221599 0.8342703 0.1673743 0.5520061 0.8168691 0.8975113 0.4375911 -0.05465877 0.23472 0.8403025 -0.48867 0.2266364 0.8348368 -0.5016807 0.9214081 0.3875066 -0.02908235 0.5405534 0.7993984 -0.2622295 0.2036401 0.7871798 0.5821327 0.1983909 0.8009269 0.56494 0.9742427 0.2049217 -0.09411877 0.4490369 0.8342988 -0.3198613 0.9585534 0.2552393 -0.1266034 0.3432207 0.8562319 -0.3860912 0.4350906 0.8677179 0.2403371 0.3109574 0.8612688 -0.4018972 0.3491542 0.9167184 0.1942133 0.540242 0.7843815 -0.3047692 0.6875665 0.7089788 0.1568479 0.5284726 0.7890589 -0.3132136 0.3142631 0.8126519 -0.4907501 0.4581258 0.8888757 -0.004544734 0.5435181 0.8290994 0.1310808 0.6383507 0.7633833 -0.09876281 0.3070232 0.8092083 -0.500918 0.7169739 0.6916626 -0.08689844 0.7648478 0.6356925 0.1044166 0.7012424 0.7027015 -0.1202897 0.7663335 0.6327181 -0.1113588 0.6050989 0.7827487 0.1454642 0.7771323 0.6196385 -0.1100608 0.8229802 0.5546877 0.1225778 0.6121134 0.765226 -0.1993651 0.8129623 0.5702427 0.1179646 0.6014228 0.7580055 -0.252425 0.5723468 0.7739575 -0.2709412 0.1845375 0.3420203 0.9213946 0.2246562 0.6691887 0.7083191 0.6713964 0.6958802 -0.2549067 0.203138 0.7459706 0.6342419 0.6466622 0.7169549 -0.2603914 0.2197861 0.2504203 0.9428594 0.06897944 0.8005895 -0.5952296 0.1918259 0.1647991 0.9674938 0.2012746 0.7842826 -0.5868471 0.1935052 0.0116797 0.9810298 0.192748 0.1586233 0.9683424 0.208236 0.1354781 0.9686504 0.1163759 0.816475 -0.5655309 0.9948819 0.06190079 -0.0798636 0.9911069 0.0854308 -0.1020228 0.9970206 0.03564643 -0.06840455 0.8288989 0.5590531 -0.01965105 0.3019142 0.8931449 0.3333766 0.2239583 0.7721484 -0.5946676 0.2763748 0.7603415 -0.5877906 0.2220005 0.6323917 0.7421568 0.7012338 0.2980947 0.6476193 0.8840301 0.4672411 -0.01329243 0.7260386 0.6606478 -0.1908204 0.5894896 0.7544276 0.2886882 0.6834362 0.6702185 0.289348 0.7566968 0.6099537 -0.2353013 0.6927281 0.6767985 -0.2491418 0.7752926 0.5877701 -0.2311874 0.652085 0.6993362 0.2927698 0.6599713 0.6892876 -0.2988654 0.9554229 0.2952372 0.001439988 0.9817864 0.1896818 -0.01078665 0.6148629 0.7254683 -0.3092565 0.9411218 0.333189 -0.05722683 0.3573972 0.872808 0.3323754 0.4435793 0.8174132 0.3675228 0.4240313 0.8051515 -0.4146428 0.4632877 0.8015856 -0.3779221 0.2373713 0.5152733 0.8234975 0.427122 0.7668542 -0.4790632 0.258906 0.3362039 0.9055024 0.2484313 0.4855377 0.8381736 0.2598117 0.9181737 0.29909 0.1963873 0.9661383 0.1673585 0.6872544 0.664884 -0.292593 0.3489315 0.8289678 0.4371031 0.5431314 0.7441801 -0.38885 0.5122832 0.7596288 -0.4006618 0.8875615 0.4591331 0.03783351 0.7996397 0.5918148 -0.1016445 0.05491733 0.7122555 -0.6997686 0.05503809 0.7123156 -0.699698 0.2571507 0.3191092 0.9121638 0.988354 0.1403284 -0.05885869 0.9802384 0.1793337 -0.08349835 0.4218675 0.7567809 -0.4993101 0.2943031 0.7506595 -0.5915201 0.3879622 0.7214559 -0.5735737 0.7484781 0.6409824 0.1700654 0.7894464 0.5840822 0.1887391 0.6035216 0.7177176 -0.3473373 0.6406261 0.7676926 -0.0156973 0.6291744 0.7205664 -0.2914165 0.6765692 0.6595625 -0.3274618 0.686257 0.6513743 -0.3236709 0.8134182 0.5490013 0.1922195 0.8424662 0.5011149 0.1978247 0.5064297 0.7157399 -0.4808799 0.4269766 0.7762155 0.4638755 0.510624 0.7151842 -0.4772575 0.3857055 0.8145809 0.4332312 0.2667756 0.1493741 0.9521124 0.2655737 0.1560907 0.9513707 0.8331668 0.5438963 -0.1000494 0.9158828 0.3979525 0.0528438 0.8222689 0.5550129 -0.125836 0.8783232 0.4646275 -0.1125595 0.6979751 0.6461616 -0.3087165 0.9345483 0.3485757 0.0715146 0.267695 0.01183706 0.963431 0.2659475 0.02344751 0.9637023 0.7362537 0.6321063 -0.2416034 0.4290741 0.7402791 0.5175734 0.7594304 0.5815566 -0.2916463 0.3121982 0.7830351 0.5379482 0.7783176 0.5596846 -0.2845609 0.8837358 0.454052 -0.113348 0.407004 0.9074894 0.1039749 0.4964663 0.8338097 0.241418 0.6354865 0.6670011 0.3889297 0.1672711 0.6950445 -0.6992378 0.6459487 0.6577697 0.3874139 0.1854956 0.6983296 -0.6913228 0.6949501 0.6093413 0.3817691 0.06543165 0.6645547 -0.7443694 0.9248819 0.3801791 -0.007561326 0.9778819 0.2090244 -0.007463812 0.9199674 0.3785434 -0.1018075 0.8288131 0.5164889 -0.215193 0.3950175 0.7313881 0.5559071 0.804577 0.5337374 -0.2603462 0.3550357 0.6813146 0.640125 0.2501236 0.8465507 0.469883 0.8611814 0.4491379 -0.2379952 0.2858081 0.7821975 0.5536071 0.2427911 0.6816334 -0.6902379 0.3069079 0.7242635 0.6174544 0.2346314 0.6810304 -0.6936467 0.7073904 0.6192924 -0.3406988 0.3389844 0.6332084 0.6957994 0.7508797 0.6012653 -0.2732396 0.9635451 0.251457 0.09137958 0.9551395 0.2936074 0.03877234 0.7674983 0.5561762 -0.3187701 0.9011399 0.4041751 0.1568103 0.7891747 0.5300689 -0.3102102 0.8703544 0.4315659 -0.2371372 0.8365178 0.5463275 0.04200381 0.3989511 0.6672289 0.6290022 0.4375398 0.6305494 0.6410666 0.420509 0.6093816 0.6721802 0.3953785 0.7109526 -0.5815688 0.6848326 0.559719 0.4666038 0.96341 0.2680259 -0.001792192 0.5842962 0.6413838 0.4972171 0.7282015 0.1700588 0.6639297 0.1557177 0.6559206 -0.7385933 0.4237629 0.5865185 0.6902326 0.1495286 0.6541343 -0.7414509 0.3370718 0.5881934 0.7351267 0.4311004 0.5628243 0.7052527 0.3305298 0.6117189 0.7187142 0.5896334 0.6942593 -0.4127184 0.6511667 0.5871617 0.4808567 0.6314685 0.6830393 -0.3670216 0.7628642 0.5554816 0.330875 0.690115 0.6174733 -0.3774493 0.6633142 0.6396675 -0.3883809 0.8523402 0.4185358 0.3135984 0.476922 0.6770372 -0.5605051 0.8987155 0.3759102 0.225836 0.4683937 0.6802499 -0.5637974 0.8692358 0.4751811 0.1364998 0.723153 0.5911319 -0.3572294 0.7499771 0.5888538 -0.3013063 0.8199675 0.4726329 0.3229107 0.7893986 0.518997 -0.3278598 0.9408773 0.2920058 0.1717046 0.7814111 0.5281345 -0.3323709 0.9280341 0.3351937 0.162474 0.5993986 0.6613194 -0.4509746 0.9372124 0.2692819 0.2216309 0.5574809 0.6350957 -0.5346667 0.5870953 0.6571258 -0.472763 0.3465502 0.4992607 0.7941295 0.3525565 0.4691379 0.8096997 0.6611716 0.604671 -0.4441005 0.4225454 0.5451725 0.7240458 0.6636638 0.602902 -0.4427862 0.9588314 0.2671397 -0.09632629 0.9932447 0.1132234 0.02540588 0.9907186 0.1352877 0.01319032 0.9221278 0.3701612 -0.1125219 0.9034258 0.3684101 -0.2193075 0.7995914 0.5084244 -0.3196222 0.9356871 0.2695535 0.2276633 0.8295503 0.4914985 -0.2650952 0.3696544 0.3073379 0.8768689 0.206587 0.6455528 -0.7352438 0.2097964 0.6461288 -0.7338277 0.3593155 0.3875419 0.8489427 0.04499006 0.6361906 -0.7702191 0.9859864 0.1492165 0.07460045 0.9831545 0.1712895 0.06377381 0.9999987 7.43943e-4 -0.00142759 0.9810272 0.1938039 0.005051374 0.9963806 -0.05841004 0.06175673 0.9969864 0.07702934 0.009199321 0.999804 -0.0191912 0.004878878 0.9987318 0.01345884 0.0485152 0.997365 0.06571727 -0.03073108 0.9989748 0.04280388 -0.01473891 0.8655893 0.4110093 -0.2860531 0.8529869 0.4289466 -0.2973519 0.4282928 0.4809563 0.7650139 0.4440945 0.4603159 0.7686933 0.9599907 0.2622329 -0.09824323 0.7927185 0.4407057 0.4211601 0.3318004 0.6573037 -0.6766538 0.337973 0.6585523 -0.6723713 0.7157862 0.6346628 0.2912957 0.2973987 0.6276414 -0.7194583 0.8288846 0.3880851 0.4029149 0.9049983 0.3545121 -0.235158 0.8416196 0.3664898 0.3966886 0.8952556 0.3542346 -0.2702502 0.3786025 0.1443217 0.9142381 0.9422736 0.263288 -0.2068813 0.3710327 0.25778 0.8921235 0.4173884 0.6329883 -0.6520068 0.4058119 0.6360085 -0.6563611 0.1347412 0.6316386 -0.7634642 0.6152855 0.5485174 0.5661736 0.6783633 0.5016173 0.5368458 0.4482075 0.8150638 0.3671254 0.1273211 0.6301584 -0.7659567 0.4526601 0.3589593 0.8162395 0.4606741 0.2477117 0.8523018 0.4434811 0.372901 0.8150272 0.8030671 0.4859173 -0.3449168 0.8385363 0.4638459 -0.2858389 0.6424249 0.5268327 0.5565407 0.3863349 0.150126 0.9100591 0.8561818 0.4102108 -0.3141334 0.3807547 0.02468335 0.9243466 0.3799824 0.01251131 0.9249091 0.9777851 0.1907891 -0.08680993 0.3782292 0.1233522 0.9174568 0.9770833 0.1934111 -0.08888369 0.9612354 0.2465085 0.1235318 0.9650107 0.1949516 0.1753518 0.7145009 0.5757742 -0.3974578 0.4577773 0.2405406 0.855909 0.7538011 0.5566855 -0.3491206 0.773851 0.515145 -0.3684837 0.7961567 0.4897592 -0.3553453 0.9028843 0.3291998 0.2764551 0.8945149 0.3310146 0.3004539 0.8690381 0.4520226 0.2011176 0.8684166 0.387165 -0.3097677 0.4774993 0.7516085 0.4550596 0.5929529 0.5065073 0.6259851 0.5187086 0.6753218 0.524292 0.559078 0.6313998 -0.5373697 0.6298032 0.5866844 -0.5090671 0.6608502 0.4614309 0.5919111 0.6466272 0.4733302 0.5981905 0.4651564 0.1196795 0.8771011 0.4666461 0.1161986 0.8767778 0.6313208 0.5856214 -0.5084109 0.8150911 0.4606781 -0.3512865 0.4704572 0.003516614 0.8824159 0.8386855 0.4538271 -0.3010774 0.4672422 0.01127463 0.8840575 0.7294173 0.5467508 -0.4111132 0.9313699 0.2501304 0.2645467 0.7179643 0.5457029 -0.4321291 0.9379014 0.2231883 0.2655711 0.9930493 0.0774666 0.08861243 0.9440346 0.2553831 -0.208754 0.9926455 0.0871765 0.0839948 0.7795224 0.4842155 -0.3973413 0.7124442 0.5911652 0.3780834 0.7774882 0.486276 -0.3988078 0.7894979 0.3853155 0.4777292 0.1909787 0.629604 -0.7530776 0.8380081 0.3187242 0.4428966 0.169973 0.6272673 -0.7600295 0.8192659 0.3466351 0.4567794 0.5588681 0.469867 0.6832945 0.6603393 0.416445 0.6249203 0.2982537 0.6405054 -0.7076705 0.8707138 0.3785833 -0.3138981 0.8636311 0.3870865 -0.3229635 0.9838568 0.1206184 0.1322004 0.9848113 0.1065306 0.1371061 0.894629 0.3393943 -0.2906034 0.6327433 0.4298641 0.6440906 0.8950648 0.3393816 -0.2892734 0.9614658 0.188292 0.2003235 0.9804491 0.06151801 0.186909 0.3613793 0.6225077 -0.6941824 0.9616333 0.1651387 0.2190676 0.3814472 0.6189163 -0.6866153 0.9919054 -0.08476603 0.09454321 0.9964839 -0.05688083 0.06151789 0.9986387 0.0145334 0.05009418 0.5748088 0.3978583 0.715055 0.493216 0.6084532 0.6217094 0.07635051 0.6370897 -0.766999 0.01808184 0.6238247 -0.781355 0.5134136 0.5540719 0.6552944 0.9639182 0.1892318 -0.1872246 0.9622912 0.1934565 -0.1912332 0.6290544 0.375072 0.6808904 0.647095 0.3646221 0.669566 0.9296115 0.2571199 -0.26403 0.5572781 0.372532 0.7420654 0.6353909 0.343804 0.6914314 0.9351974 0.2471758 -0.2535938 0.9961262 0.05924808 -0.06497865 0.5233837 0.5114727 0.6815169 0.9848281 0.08128905 -0.1533157 0.9949036 0.07506942 -0.06731635 0.9945152 0.07747775 -0.07026284 0.4844841 0.6054881 -0.6313948 0.7163087 0.5275769 0.4566886 0.7761477 0.3373568 0.532715 0.6326941 0.3428125 0.6943901 0.514339 0.6061728 -0.6066382 0.5871744 0.5667941 -0.577902 0.8126167 0.2976243 0.5010727 0.8268967 0.279337 0.4880705 0.568551 0.5773366 -0.5860309 0.8846839 0.2891445 0.365691 0.9323627 0.1700093 0.3190557 0.08711022 0.6209228 -0.7790165 0.1245846 0.627267 -0.768775 0.9597565 0.1324862 0.2476181 0.8950053 0.3204146 -0.3103225 0.9603536 0.1454455 0.2378376 0.9016711 0.3197239 -0.2911462 0.9281665 0.2485045 -0.2770426 0.8447412 0.4261936 -0.3236842 0.5502266 0.3501268 0.7580646 0.8121552 0.4504662 -0.3707886 0.6365938 0.3215596 0.700962 0.6268947 0.323161 0.7089217 0.290649 0.6343526 -0.7163239 0.9247644 0.1867612 0.3315586 0.2355411 0.6219692 -0.7467763 0.6971276 0.5358619 -0.4763036 0.9897392 0.03743213 0.1378954 0.9897422 0.03777658 0.1377806 0.6977108 0.5356469 -0.4756911 0.6338663 0.282038 0.7201861 0.5213811 0.4384344 0.7320773 0.9512112 0.1922866 -0.2412942 0.9542337 0.1860371 -0.2341545 0.5580119 0.3028265 0.7726052 0.7585313 0.4797719 -0.4409638 0.7583807 0.4799204 -0.4410614 0.6256839 0.2828704 0.726983 0.9799139 0.06338077 0.1890808 0.8949858 0.3134188 -0.3174415 0.8617909 0.378572 -0.3376383 0.9239538 0.1357395 0.357609 0.8785999 0.3538087 -0.3207517 0.8761181 0.3050758 0.3732907 0.887712 0.2137881 0.4077525 0.0902543 0.6316812 -0.7699565 0.5567865 0.2438503 0.7940566 0.8305326 0.4231726 -0.3621333 0.8206758 0.4247049 -0.3822526 0.6335044 0.2280516 0.7393677 0.5527499 0.2271236 0.8017995 0.5359975 0.3406865 0.7724243 0.7094207 0.4734684 0.5220633 0.765037 0.2916899 0.5741388 0.3584198 0.6205288 -0.6974807 0.311932 0.6290146 -0.7120667 0.6281232 0.2280543 0.7439438 0.8018777 0.2592463 0.5383155 0.1758967 0.6328352 -0.7540424 0.8177664 0.2427027 0.521875 0.1212255 0.627573 -0.7690621 0.9766951 0.03261744 0.2121389 0.9767584 0.03364068 0.211687 0.9312508 0.2349256 -0.2785355 0.8716905 0.3522754 -0.3406726 0.9206418 0.1382598 0.3651068 0.8694539 0.3544549 -0.3441099 0.5549644 0.1681307 0.8147065 0.6354874 0.1578631 0.7558009 0.4346727 0.600028 -0.6715848 0.4862508 0.6064271 -0.6291313 0.5554907 0.5721748 -0.6033624 0.6324054 0.1575046 0.7584562 0.9539513 0.086537 0.2872077 0.5315881 0.5850832 -0.6124473 0.9565303 0.1222514 0.2647721 0.9953854 -0.02104324 0.09362179 0.9917128 0.01212537 -0.127901 0.9916689 -0.08745503 0.09457463 0.9946063 -0.03086215 0.09902489 0.9848929 0.08272939 -0.1521244 0.9891036 -0.06367063 0.1327412 0.9873117 0.06344038 -0.1455713 0.7139729 0.4228944 0.5580349 0.9336888 0.2291371 -0.2751751 0.7254317 0.3723812 0.578862 0.9285442 0.2356212 -0.2868596 0.7493758 0.2632322 0.6075727 0.7993663 0.2268457 0.5563763 0.8054894 0.2206541 0.5499987 0.1126642 0.6458559 -0.7551006 0.06431072 0.6329018 -0.7715565 0.5596953 0.08286929 0.8245446 0.1395315 0.6437276 -0.7524266 0.5571869 0.1112015 0.8229077 0.637069 0.07944673 0.7667016 0.05314362 0.6535939 -0.7549774 0.6357544 0.07910311 0.7678274 0.5593634 0.04451137 0.8277267 0.9463868 0.1884048 -0.2624036 0.5590217 0.006080925 0.8291308 0.5590522 0.0130611 0.8290296 0.9515239 0.1779012 -0.2509053 0.5593326 0.006946146 0.8289142 0.636806 0.009264469 0.7709685 0.6727894 0.5285209 -0.5177066 0.636366 -0.001049757 0.7713865 0.6350566 0.5367247 -0.5555446 0.6364427 0.00914818 0.7712697 0.8679315 0.2717694 0.4157359 0.8819833 0.1781682 0.4363043 0.7179128 0.492023 -0.4924577 0.7360166 0.476352 -0.4810074 0.9770003 0.08651667 -0.1948984 0.9845488 -0.004042804 0.1750639 0.9842522 -0.0115568 0.1763924 0.9731851 0.08859938 -0.2122753 0.9799952 -0.1878995 -0.0655989 0.9865448 0.01543027 -0.1627615 0.9770182 0.08647185 -0.1948282 0.9474368 0.1794943 -0.2648494 0.9510682 0.1743835 -0.255068 0.7277773 0.2408924 0.6421146 0.801751 0.1968564 0.5643074 0.1137097 0.6622171 -0.7406339 0.7888191 0.2039085 0.5798152 0.9739657 0.01296842 0.226324 0.9739659 0.01319128 0.2263106 0.9118227 0.290133 -0.2905205 0.891816 0.3137451 -0.3259267 0.9059591 0.2914064 -0.3071164 0.9143756 0.1209595 0.3863756 0.9192402 0.1058427 0.3792029 0.811768 0.4220805 -0.4035849 0.8123164 0.4217151 -0.4028628 0.1055167 0.6716662 -0.7333013 0.9808068 -0.03494739 0.1918248 0.0523135 0.6536136 -0.7550183 0.9814504 -0.02952146 0.1894295 0.2779868 0.6538183 -0.7037366 0.7315829 0.2010282 0.6514399 0.6999654 0.3382607 0.6289899 0.1981488 0.6537108 -0.7303419 0.791469 0.1721529 0.5864641 0.1703514 0.6335466 -0.754718 0.7827529 0.1777152 0.5964186 0.9020168 0.2904885 -0.3193463 0.7027744 0.3121584 0.6392694 0.7219138 0.1886672 0.6657667 0.9821011 -0.1451867 0.1199926 0.9846454 -0.1346099 0.1111468 0.9832154 -0.1004422 0.1523114 0.9874737 -0.1079385 0.1150859 0.4736251 0.6194645 -0.6260536 0.9905374 -0.06414371 0.1213314 0.3760682 0.6151138 -0.6929702 0.9134187 0.09152036 0.3965983 0.8729184 0.1485942 0.4646859 0.8619492 0.2337533 0.4498923 0.4861611 0.6139676 -0.621845 0.5409802 0.5884523 -0.6008864 0.7840003 0.1629986 0.5989782 0.02711564 0.6803244 -0.7324094 0.7822852 0.1649515 0.6006838 0.9498413 0.07973057 0.3023979 0.948372 0.06113135 0.3112131 0.8632953 0.3532111 -0.3605041 0.9697914 -0.0156756 0.2434316 0.9013709 0.2906163 -0.3210495 0.8636199 0.3527663 -0.3601618 0.6980561 0.2952684 0.6523299 0.7829908 0.1560851 0.602132 0.2505695 0.6594512 -0.7087588 0.7208289 0.1780887 0.6698433 0.3390778 0.6455487 -0.6843196 0.9090341 0.09297192 0.406218 0.6557153 0.541925 -0.5256946 0.7192527 0.4921765 -0.4903446 0.7777245 0.1569506 0.6086964 0.7156689 0.1603997 0.6797719 0.6973135 0.2596735 0.6680745 0.5963352 0.5495882 -0.5850959 0.7740606 0.1436777 0.616593 0.7789933 0.1411019 0.6109499 0.9787 -0.05311644 0.1983053 0.6970369 0.510939 -0.5030715 0.9297391 0.2302762 -0.287329 0.9792854 -0.04354405 0.1977476 0.9390647 0.2120265 -0.2705593 0.9456755 0.04817706 0.3215229 0.1462376 0.688972 -0.7098817 0.9454539 0.0457068 0.3225334 0.08293348 0.672746 -0.7352108 0.7117621 0.1342859 0.6894651 0.9501773 0.1747166 -0.2581417 0.6997775 0.2103353 0.6826936 0.9730082 0.08644771 -0.2139667 0.938546 0.2109833 -0.2731622 0.9084942 0.07637602 0.4108586 0.8533868 0.2055116 0.4790573 0.9366732 0.2129729 -0.2780035 0.865494 0.1232094 0.4855301 0.1063489 0.7030715 -0.7031219 0.7723205 0.1211378 0.6235758 0.1188153 0.7024075 -0.7017882 0.7758743 0.1194432 0.6194775 0.0397191 0.6802679 -0.7318866 0.02216255 0.7153127 -0.698453 0.9677739 -0.03122222 0.2498775 0.9760598 -0.06764787 0.2067148 0.9216049 0.244126 -0.3017398 0.9699037 -0.01584482 0.2429727 0.9474585 0.1761887 -0.2669829 0.70994 0.09550964 0.6977558 0.9716277 0.0873562 -0.2197917 0.7743721 0.08664369 0.6267701 0.9730935 0.08503532 -0.2141447 0.7038764 0.1462848 0.6950962 0.7722323 0.08636522 0.6294429 0.9033124 0.07725548 0.4219695 0.2015038 0.7038666 -0.6811521 0.775265 0.4388447 -0.4542902 0.8571256 0.1081436 0.5036273 0.851059 0.181429 0.4927293 0.8069193 0.421998 -0.4132783 0.9550009 0.1612834 -0.2489191 0.9488523 0.1753163 -0.2625708 0.7090373 0.04802173 0.703534 0.7070835 0.07499277 0.7031423 0.04122835 0.7408335 -0.6704222 0.7736645 0.04450416 0.6320305 0.7726532 0.04489946 0.6332386 0.9801269 -0.1254118 0.1536989 0.9807482 -0.1571809 0.1158756 0.9857712 -0.09943473 0.1355282 0.310215 0.6920613 -0.6517806 0.7082519 0.03114461 0.7052725 0.7081162 0.00287801 0.7060902 0.7077761 0.01137924 0.7063453 0.7077267 0.00222063 0.7064829 0.2276735 0.6999442 -0.6769363 0.7729024 0.004823625 0.6345067 0.7724952 0.004940807 0.6350015 0.8611963 0.3535034 -0.3652072 0.772484 0.003284513 0.6350259 0.8475063 0.3707751 -0.3798143 0.9010969 0.07026737 0.4278866 0.9544336 0.1615968 -0.2508846 0.9030015 0.06323224 0.4249588 0.9816358 -0.1452478 0.1236706 0.9557158 0.1600221 -0.2469825 0.9838914 -0.1110652 0.1400792 0.09771305 0.7272513 -0.6793804 0.9803417 -0.1588588 0.1170215 0.9677643 -0.03123766 0.2499126 0.938902 0.210836 -0.2720503 0.9012308 0.2914383 -0.3206971 0.8997758 0.2918713 -0.3243683 0.9420528 0.03583508 0.3335453 0.9418746 0.03355067 0.3342851 0.1182495 0.7432257 -0.6585078 0.1106144 0.7436106 -0.6593996 0.0280264 0.7153511 -0.6982029 0.6543726 0.5616601 -0.5062948 0.8537874 0.092601 0.5123203 0.9009081 0.05971139 0.4298826 0.8429889 0.166423 0.51154 0.5481784 0.5847557 -0.5979642 0.9773527 -0.06914311 0.2000023 0.8962846 0.05809742 0.4396572 0.6695427 0.550608 -0.4985412 0.7186666 0.5121804 -0.4703079 0.8465605 0.07878839 0.5264294 0.838301 0.1468356 0.5250627 0.8378261 0.1378292 0.5282523 0.8415982 0.07397615 0.535014 0.3017953 0.6549436 -0.6927975 0.4700117 0.6559758 -0.5905801 0.9393728 0.02978533 0.3416016 0.5339847 0.627727 -0.5664089 0.938755 0.0207929 0.3439574 0.4336726 0.6704248 -0.6020454 0.9785246 -0.144224 0.1472715 0.9831345 -0.1146565 0.1424795 0.9791593 -0.172985 0.1064112 0.979642 -0.1393396 0.1445193 0.04784423 0.7547675 -0.6542455 0.9669112 -0.03588813 0.2525764 0.06466418 0.7643926 -0.6415002 0.09257102 0.7732844 -0.6272653 0.9669693 -0.03705036 0.2521858 0.04290109 0.740827 -0.6703245 0.893045 0.05158603 0.4470005 0.8961989 0.04818445 0.4410281 0.8930283 0.05502551 0.4466238 0.1203816 0.6908745 -0.7128821 0.9762182 -0.07940602 0.2017245 0.167796 0.7226902 -0.6704949 0.9765786 -0.0738666 0.2020841 0.2521748 0.7345148 -0.6299968 0.8924468 0.04683697 0.448715 0.8407009 0.07030338 0.5369166 0.8924362 0.05027282 0.448364 0.8342609 0.1334451 0.5349779 0.8033103 0.4377376 -0.4038294 0.7560158 0.4596389 -0.4660173 0.9383556 0.2127007 -0.2724832 0.8314195 0.123071 0.5418441 0.8375331 0.06496292 0.542511 0.220206 0.7394914 -0.6361302 0.2980918 0.7349128 -0.6091343 0.8903123 0.04843813 0.4527668 0.8600403 0.3679717 -0.353451 0.8903358 0.04615277 0.4529593 0.8346381 0.05624592 0.5479193 0.8428525 0.3888035 -0.3720636 0.8299886 0.1052338 0.5477634 0.09448772 0.7732203 -0.6270586 0.09345358 0.7724308 -0.6281855 0.9364646 0.02784377 0.3496553 0.9833276 0.02396529 -0.1802571 0.9728538 0.08520603 -0.2151636 0.97486 0.07944142 -0.2081754 0.9357013 0.0133481 0.3525408 0.1194247 0.8030462 -0.5838275 0.9664508 -0.03655391 0.2542377 0.966565 -0.03877925 0.2534721 0.8882989 0.04427468 0.4571268 0.1105687 0.7987852 -0.5913686 0.0227456 0.7646009 -0.6441026 0.9763509 0.07792866 -0.2016583 0.8326011 0.04069876 0.5523758 0.8298563 0.07674884 0.5526737 0.9760943 0.07831537 -0.2027477 0.9852375 0.02145993 -0.1698429 0.899408 0.3050305 -0.3130843 0.8866733 0.04389101 0.4603086 0.8868531 0.03227823 0.4609227 0.8883658 0.03908264 0.4574699 0.8997914 0.3048696 -0.3121377 0.07886713 0.8147987 -0.5743545 0.9343957 0.008366227 0.3561385 0.0102725 0.8153874 -0.5788246 0.9352267 0.02553224 0.3531275 0.9770464 -0.07415741 0.199702 0.9769831 -0.07872992 0.1982563 0.2910839 0.771446 -0.5658102 0.1682946 0.7679959 -0.6179476 0.2001124 0.7859026 -0.5850744 0.8312526 0.01940572 0.5555561 0.9580364 0.1586547 -0.2387363 0.9565845 0.1621984 -0.2421521 0.8302004 0.0409885 0.5559561 0.9790661 0.07524406 -0.1891238 0.8857851 0.0290336 0.4631867 0.8208497 0.1913439 0.5381388 0.4585993 0.7115606 -0.5323234 0.8303666 -0.002123653 0.5572136 0.5160617 0.6867461 -0.5119183 0.8300907 0.00651139 0.5575904 0.8300919 0.006832301 0.5575847 0.8852742 0.01590973 0.4647974 0.8858603 0.01365 0.4637514 0.2730123 0.699986 -0.6599121 0.9829146 -0.1350303 0.1250824 0.9798572 -0.1828012 0.08039671 0.9817259 -0.161789 0.1001927 0.8848719 -0.004507601 0.4658128 0.4319365 0.7227005 -0.5395693 0.8849099 -9.90711e-4 0.4657613 0.8851872 -0.002040326 0.4652304 0.9664297 -0.03675556 0.2542884 0.2332865 0.7914428 -0.564974 0.9661148 -0.03343391 0.2559381 0.9326064 0.02548676 0.3599941 0.1577361 0.8284082 -0.5374562 0.9319911 0.006509184 0.3624226 0.05783808 0.8002081 -0.596927 0.9780746 -0.07289963 0.1950787 0.02914834 0.8636077 -0.5033211 0.9780986 -0.07065349 0.1957835 0.7315115 0.5011029 -0.4623708 0.8116898 0.4533029 -0.3683424 0.9660826 -0.03013515 0.256469 0.9663596 -0.02639836 0.2558367 0.9661178 -0.03339952 0.2559315 0.98174 -0.145453 0.1225966 0.9784514 -0.06717246 0.1952455 0.9380263 0.2244483 -0.2640638 0.9837003 -0.1645264 0.07255935 0.946174 0.2082197 -0.2477887 0.9845299 -0.1263991 0.1213432 0.9307485 0.02670431 0.3646836 0.4901167 0.6481553 -0.5828211 0.6657335 0.598796 -0.4452441 0.9302782 0.004784345 0.3668236 0.930391 0.02751111 0.3655349 0.6441389 0.6143184 -0.455739 0.730265 0.5472347 -0.4089587 0.9299528 0.004568517 0.3676508 0.04580968 0.8540555 -0.5181608 0.9288414 0.005361258 0.3704389 0.9291021 0.02890259 0.368692 0.1289647 0.8510402 -0.5090175 0.8365072 0.4223566 -0.3490999 0.8691526 0.3800669 -0.3164224 0.9654282 -0.02892065 0.2590598 0.9087769 0.3137373 -0.2751243 0.9028344 0.3171535 -0.2903508 0.9484595 0.2166779 -0.231247 0.9792017 -0.06418043 0.1924703 0.9791866 -0.06356579 0.1927512 0.140522 0.801811 -0.5808209 0.2108817 0.8380814 -0.5031387 0.9278242 0.02766972 0.37199 0.9277245 0.006461143 0.3732098 0.979947 -0.05636781 0.1911192 0.2626157 0.741811 -0.617049 0.4628342 0.7556208 -0.4634885 0.9799345 -0.05676573 0.1910655 0.9806215 -0.04854756 0.1898019 0.3466622 0.7686647 -0.5375685 0.9864169 -0.1194874 0.1127145 0.9868425 -0.1456027 0.07029849 0.9844326 -0.1369597 0.1101559 0.4422218 0.763718 -0.4702923 0.9657289 -0.02390629 0.2584497 0.9653472 -0.01953518 0.2602369 0.5193021 0.7316557 -0.441594 0.926838 0.02126467 0.3748588 0.01184254 0.8730577 -0.4874732 0.9267971 0.006469428 0.3755066 0.06943994 0.9033685 -0.4232061 0.9653056 -0.02044659 0.2603209 0.2559395 0.8662396 -0.4290966 0.9653675 -0.0161345 0.2603946 0.9654738 -0.01340502 0.2601548 0.9261431 0.0103656 0.3770298 0.2247591 0.8361892 -0.500271 0.3325099 0.8255747 -0.4559204 0.9261075 0.00378108 0.3772409 0.2966879 0.8580685 -0.4191597 0.1053479 0.8995267 -0.4239736 0.9648587 -0.01763248 0.2621772 0.9651458 -0.00877583 0.2615656 0.02120429 0.8635878 -0.5037525 0.9256825 -0.0015437 0.3782984 0.9256863 -0.001176118 0.3782901 0.9654403 0.1550897 -0.2094567 0.9592297 0.1706028 -0.2253292 0.08645302 0.8873814 -0.4528575 0.106058 0.8994815 -0.4238923 0.9804019 -0.04938066 0.1907194 0.87662 0.3552275 0.3245779 0.9254046 -0.007417023 0.3789083 0.9254642 -0.002305984 0.3788282 0.2985467 0.8679819 -0.3968341 0.9898675 -0.1265075 0.06448459 0.9888286 -0.1090195 0.1016505 0.9671989 -0.03600859 0.2514552 0.7495884 -0.6112284 0.2540023 0.9900989 -0.1030837 0.09527856 0.9875252 -0.1217004 0.0999152 0.4938345 -0.7772731 0.3898383 0.9645278 -0.01342201 0.2636399 0.9789057 0.08007526 -0.1879675 0.9456464 0.2300058 -0.2298919 0.964724 -0.005259692 0.263211 0.9643158 -0.004277765 0.2647198 0.02022182 0.9484556 -0.3162639 0.9642111 -0.009994745 0.2649477 0.9810391 -0.04018598 0.1895983 0.1150497 0.9308633 -0.3467811 0.9809777 -0.03813546 0.190338 0.3127664 0.8819253 -0.3526825 0.9639385 -0.008468806 0.2659901 0.1911475 0.8789238 -0.4369847 0.6402872 -0.7661685 0.05493688 0.608657 -0.7914021 0.05673873 -0.6402809 -0.7661737 0.05493766 -0.608657 -0.7914021 0.05673944 0 1 0 0 1 0 0 1 0 0 1 0 0 1 0 0 1 0 0 1 0 0 1 0 0 1 0 0 1 0 0 1 0 0 1 0 0 1 0 0 1 0 0 1 0 0 1 0 0 1 0 0 1 0 0 1 0 0 1 0 0 1 0 0 1 0 0 1 0 0 1 0 0 1 0 0 1 0 0 1 0 0 1 0 0 1 0 0 1 0 0 1 0 0 1 0 0 1 0 0 1 0 0 1 0 0 1 0 0 1 0 0 1 0 0 1 0 0 1 0 0 1 0 0 1 0 0 1 0 0 1 0 0 1 0 0 1 0 0 1 0 0 1 0 0 1 0 0 1 0 0 1 0 0 1 0 0 1 0 0 1 0 0 1 0 0 1 0 0 1 0 0 1 0 0 1 0 0 0 1 0 0 1 0 0 1 0 0 1 0 0 1 0 0 1 0 0 1 0 0 1 0 0 1 0 0 1 0 0 1 0 0 1 0 0 1 0 0 1 0 0 1 0 0 1 0 0 1 0 0 1 0 0 1 0 0 1 0 0 1 0 0 1 0 0 1 0 0 1 0 0 1 0 0 1 0 0 1 0 0 1 0 0 1 0 0 1 0 0 1 0 0 1 0 0 1 0 0 1 0 0 1 0 0 1 0 0 1 0 0 1 0 0 1 0 0 1 0 0 1 0 0 1 0 0 1 0 0 1 0 0 1 0 0 1 0 0 1 0 0 1 0 0 1 0 0 1 0 0 1 0 0 1 0 0 1 0 0 1 0 0 1 0 0 1 0 0 1 0 0 1 0 0 1 0 0 1 0 0 1 0 0 1 0 0 1 0 0 1 0 0 1 0 0 1 0 0 1 0 0 1 0 0 1 0 0 1 0 0 1 0 0 1 0 0 1 0 0 1 0 0 1 0 0 1 0 0 1 0 0 1 0 0 1 0 0 1 0 0 1 0 0 1 0 0 1 0.4257793 0.9048271 0 0.6374239 0.7705133 0 0.9921148 -0.1253333 0 0.6374239 0.7705133 0 0.8090171 0.5877851 0 0.9297765 -0.3681245 0 0.9921148 -0.1253333 0 0.8090171 0.5877851 0 0.9297765 0.3681245 0 0.9297765 -0.3681245 0 0.9921148 0.1253333 0 0.9297765 0.3681245 0 0.8090171 -0.5877851 0 0.9921148 0.1253333 0 0.6374239 -0.7705133 0 0.8090171 -0.5877851 0 0.4257793 -0.9048271 0 0.6374239 -0.7705133 0 0.1873812 -0.9822874 0 0.4257793 -0.9048271 0 0.1873812 -0.9822874 0 -0.06279057 -0.9980268 0 -0.06279057 -0.9980268 0 -0.309017 -0.9510566 0 -0.309017 -0.9510566 0 -0.5358268 -0.8443281 0 -0.5358268 -0.8443281 0 -0.7289686 -0.6845473 0 -0.8763069 -0.4817533 0 -0.7289686 -0.6845473 0 -0.9685831 -0.24869 0 -0.8763069 -0.4817533 0 -0.9685831 -0.24869 0 -1 0 0 -1 0 0 -0.9685831 0.24869 0 -0.9685831 0.24869 0 -0.8763069 0.4817533 0 -0.8763069 0.4817533 0 -0.7289686 0.6845473 0 -0.7289686 0.6845473 0 -0.5358268 0.8443281 0 -0.5358268 0.8443281 0 -0.309017 0.9510566 0 -0.309017 0.9510566 0 -0.06279057 0.9980268 0 -0.06279057 0.9980268 0 0.1873812 0.9822874 0 0.1873812 0.9822874 0 0.4257793 0.9048271 0 0 1 0 0 1 0 0 1 0 0 1 0 0 1 0 0 1 0 0 1 0 0 1 0 0 1 0 0 1 0 0 1 0 0 1 0 0 1 0 0 1 0 0 1 0 0 1 0 0 1 0 0 1 0 0 1 0 0 1 0 0 1 0 0 1 0 0 1 0 -0.9822872 0 0.1873812 -0.9048271 0 0.4257794 -0.9048271 0 0.4257794 -0.7705133 0 0.6374239 -0.7705133 0 0.6374239 0.1253333 0 0.9921147 -0.5877851 0 0.8090171 0.1253333 0 0.9921147 0.3681245 0 0.9297765 -0.5877851 0 0.8090171 0.5877851 0 0.8090171 0.3681245 0 0.9297765 -0.3681245 0 0.9297765 -0.3681245 0 0.9297765 -0.1253333 0 0.9921147 0.7705133 0 0.6374239 0.5877851 0 0.8090171 -0.1253333 0 0.9921147 0.9048271 0 0.4257794 0.7705133 0 0.6374239 0.9822872 0 0.1873812 0.9048271 0 0.4257794 0.9980268 0 -0.06279057 0.9822872 0 0.1873812 0.9980268 0 -0.06279057 0.9510566 0 -0.3090169 0.844328 0 -0.5358268 0.9510566 0 -0.3090169 0.844328 0 -0.5358268 0.6845473 0 -0.7289685 0.6845473 0 -0.7289685 0.4817532 0 -0.8763068 0.24869 0 -0.9685832 0.4817532 0 -0.8763068 0.24869 0 -0.9685832 0 0 -1 0 0 -1 -0.24869 0 -0.9685832 -0.24869 0 -0.9685832 -0.4817532 0 -0.8763068 -0.4817532 0 -0.8763068 -0.6845473 0 -0.7289685 -0.6845473 0 -0.7289685 -0.844328 0 -0.5358268 -0.844328 0 -0.5358268 -0.9510566 0 -0.3090169 -0.9510566 0 -0.3090169 -0.9980268 0 -0.06279057 -0.9980268 0 -0.06279057 -0.9822872 0 0.1873812 -0.001568794 -0.9662179 -0.2577219 -0.6794258 -0.6823097 0.2698776 -0.6345407 -0.7184671 0.2848914 -0.7863518 -0.5877726 0.1901952 -0.5665665 -0.7927772 0.2247369 -0.7685176 -0.6259328 0.1326234 -0.5447045 -0.8278698 0.1338979 -0.7861301 -0.6164579 0.04448795 -0.5708556 -0.8210494 0.001326799 -0.7758293 -0.6279995 -0.06087398 -0.5878999 -0.7944549 -0.1523644 -0.7814098 -0.5981581 -0.17778 -0.6287044 -0.7183751 -0.2977718 -0.7760213 -0.5503399 -0.3080862 -0.6113728 -0.6477326 -0.4546052 -0.7747938 -0.4669555 -0.4262009 -0.6473101 -0.5191926 -0.5580579 -0.7552298 -0.3590696 -0.5483585 -0.745283 -0.3668989 -0.5567212 -0.6203932 -0.3087677 -0.7209542 -0.7541793 -0.2356755 -0.6129198 -0.5096358 -0.2051972 -0.835563 -0.8179762 -0.1064679 -0.5653137 -0.6708144 -0.1084076 -0.7336593 -0.6224049 -0.1089935 -0.7750694 -0.5720095 -0.1118988 -0.8125786 -0.2755295 -0.8940047 0.3533259 -0.9700174 -0.2371533 0.05314588 -0.8726397 -0.4883607 0.001962602 -0.9375448 -0.3478454 0.00364542 -0.9354033 -0.3534917 0.008010387 -0.9265686 -0.3761109 -0.003367066 -0.84235 -0.5368331 0.04750597 -0.8116545 -0.5829825 0.03672069 -0.8204557 -0.5692738 0.05272305 -0.8264412 -0.5609401 0.04838573 -0.9773154 -0.2087482 0.035757 -0.9724808 -0.2285616 0.04517364 -0.9750754 -0.2175468 0.04360359 -0.8792473 -0.4762256 -0.01155221 -0.9008245 -0.4341553 -0.004930436 -0.9162642 -0.4003503 -0.01340121 -0.9073352 -0.420002 -0.01847386 -0.9662361 -0.2567313 0.02183866 -0.9518339 -0.3056978 0.02368915 -0.8537902 -0.5205766 0.006504714 -0.8446708 -0.5352572 0.005556344 -0.8573644 -0.5147094 -7.32685e-4 -0.9443311 -0.3285763 -0.01662409 -0.9261557 -0.3756604 -0.03339213 -0.9481495 -0.3177995 -0.00402224 -0.95819 -0.2860393 0.007302284 -0.9644659 -0.2642022 -0.00169146 -0.9570676 -0.289696 0.009889364 -0.9253352 -0.377193 -0.03847283 -0.9561535 -0.2921779 -0.02006608 -0.9543844 -0.2978662 -0.02064234 -0.9744556 -0.2212645 0.03844785 -0.9654487 -0.2586477 0.03178346 -0.8301864 -0.5574848 -0.001142144 -0.8409941 -0.5410444 -3.28328e-5 -0.8580215 -0.5134527 -0.01286143 -0.8480185 -0.5297641 -0.01464754 -0.9731523 -0.2295112 0.01729625 -0.9687232 -0.2471752 0.02190679 -0.9725198 -0.2323551 0.01470559 -0.9707229 -0.2393303 0.02044844 -0.9629808 -0.269443 0.008271515 -0.8648429 -0.5013067 -0.02717459 -0.8748047 -0.4838687 -0.02424377 -0.9692233 -0.2461581 -0.003529548 -0.7959036 -0.5630936 0.222403 -0.9667707 -0.255626 -0.003142297 -0.8453299 -0.5338405 -0.02078169 -0.8309928 -0.5557969 -0.02325856 -0.865506 -0.4746059 0.1601518 -0.869353 -0.4559755 0.1905565 -0.8602848 -0.5080755 -0.0420621 -0.8557678 -0.5155383 -0.04337823 -0.904621 -0.423358 -0.04928368 -0.9067254 -0.4183031 -0.05358618 -0.8903976 -0.4515426 -0.05745774 -0.7756211 -0.5907738 0.2222575 -0.8119969 -0.5506173 0.1936016 -0.8083745 -0.5546224 0.197293 -0.968156 -0.2499644 -0.01384538 -0.7197428 -0.6458776 0.2545828 -0.7177852 -0.6479882 0.2547465 -0.9542639 -0.2984306 -0.01787751 -0.7558633 -0.6122562 0.2319762 -0.8608214 -0.4833343 0.1592941 -0.9527111 -0.3016743 -0.03652662 -0.8160867 -0.5474213 0.1852905 -0.7839356 -0.5842041 0.2101206 -0.9300907 -0.3662967 -0.02753233 -0.7796666 -0.5883806 0.2143085 -0.9608029 -0.2750715 -0.03454548 -0.9515555 -0.3031162 -0.05160176 -0.7635327 -0.6064271 0.2219545 -0.7595965 -0.6103182 0.2247775 -0.9293987 -0.3548675 0.1014258 -0.9150171 -0.3955341 -0.07935035 -0.8473999 -0.5284002 -0.05202549 -0.8175992 -0.545116 0.185419 -0.9591461 -0.2811172 -0.03181076 -0.9767575 -0.1961128 0.08651262 -0.9664522 -0.2535107 -0.04126101 -0.8674702 -0.4759631 0.1447576 -0.9386003 -0.3415818 -0.04849022 -0.8978886 -0.4219528 0.1255073 -0.950884 -0.3016203 -0.06960469 -0.8984006 -0.4209829 0.1250987 -0.9363576 -0.3453087 -0.06321769 -0.9302065 -0.3534964 0.09877318 -0.9211966 -0.3815844 -0.07609277 -0.9713762 -0.2373455 -0.009762465 -0.9746478 -0.2128402 0.06899839 -0.9586214 -0.277051 -0.06548118 -0.9006457 -0.4181047 0.1184301 -0.9013708 -0.4167776 0.1175889 -0.9567435 -0.2830307 -0.06734645 -0.7919294 -0.5775061 0.1983296 -0.7885792 -0.5811204 0.2011019 -0.7213748 -0.64467 0.25302 -0.930816 -0.3510465 -0.1017244 -0.7429572 -0.6278015 0.2321202 -0.9338442 -0.3426886 -0.1024681 -0.8766877 -0.474653 -0.07825124 -0.9642624 -0.2545971 0.07333588 -0.8791549 -0.4702861 -0.07692575 -0.8897672 -0.4454171 -0.09958916 -0.9653126 -0.2592744 -0.03079718 -0.9723362 -0.2331516 -0.01423889 -0.9509223 -0.2979191 0.0836116 -0.964346 -0.261309 -0.04188537 -0.9866824 -0.1618307 -0.01639378 -0.9303677 -0.3531916 0.09834468 -0.9756962 -0.218413 -0.01768285 -0.9705869 -0.2373751 -0.04017615 -0.7731063 -0.5991553 0.2081334 -0.7501486 -0.6241301 0.218492 -0.8914355 -0.4388629 -0.1128816 -0.7351215 -0.6449345 0.2089397 -0.7421252 -0.6352845 0.213691 -0.7696839 -0.6028122 0.2102479 -0.970283 -0.2368801 -0.04938191 -0.9732627 -0.223012 -0.05500483 -0.9635069 -0.2567436 0.07574379 -0.8104104 -0.5832995 -0.05474227 -0.8223652 -0.5665369 -0.05245536 -0.9618725 -0.2616084 0.07976412 -0.8289656 -0.5563791 -0.05708223 -0.95013 -0.3002567 0.08425474 -0.8645682 -0.4923928 -0.1003541 -0.8677438 -0.4871145 -0.09869277 -0.9510222 -0.2976778 0.0833348 -0.9831196 -0.1669768 0.07479578 -0.8719012 -0.4728599 -0.1272475 -0.8808246 -0.4529439 -0.1378036 -0.963399 -0.2574692 -0.07464516 -0.9633784 -0.257558 -0.07460618 -0.9620636 -0.2612608 -0.07859069 -0.8667407 -0.4774705 0.1441616 -0.8527843 -0.5097673 -0.1135608 -0.8512166 -0.5122074 -0.1143417 -0.8709912 -0.4725551 0.1344098 -0.865806 -0.4777914 -0.1486448 -0.9545891 -0.2797266 -0.102532 -0.8740273 -0.4683797 0.1292155 -0.9832527 -0.1647651 0.07788795 -0.9348693 -0.3446632 -0.08500993 -0.9560699 -0.2797929 -0.08744353 -0.9727847 -0.2190197 0.07563304 -0.9762272 -0.2010871 0.08089792 -0.9790886 -0.1905347 0.07128793 -0.9846668 -0.1540811 0.08179378 -0.9271659 -0.3584205 -0.1090787 -0.9005059 -0.4225816 -0.1025381 -0.9818934 -0.1704042 0.08275103 -0.9404131 -0.3165147 -0.1242642 -0.9263924 -0.3482403 -0.1432684 -0.826573 -0.5382124 0.164635 -0.8289325 -0.5350802 0.1629722 -0.9531682 -0.2764669 -0.1226234 -0.941592 -0.3201761 -0.1043635 -0.9614121 -0.2628718 0.08114856 -0.9709783 -0.226782 0.07596796 -0.8644922 -0.4773967 -0.1573078 -0.8356313 -0.5294225 0.1463973 -0.8376988 -0.5268758 0.1437447 -0.9240071 -0.3500462 -0.1538777 -0.9120239 -0.3880699 -0.1327189 -0.9602514 -0.2549521 -0.1136515 -0.9666198 -0.2390149 -0.09229278 -0.981949 -0.1708648 0.08112418 -0.9648832 -0.2471808 -0.088894 -0.9285005 -0.3590954 0.09453648 -0.9282039 -0.3596776 0.09523361 -0.9582656 -0.2582699 -0.1225715 -0.9331166 -0.3190581 -0.1658171 -0.9057759 -0.410133 0.1065884 -0.9765493 -0.2007288 0.07784128 -0.9362479 -0.3101766 -0.1650162 -0.9697317 -0.2308055 0.07968336 -0.9749906 -0.2062861 0.08269983 -0.8823455 -0.443788 -0.156584 -0.9057418 -0.3968641 -0.1487638 -0.8992605 -0.423653 0.1088522 -0.8789673 -0.4621086 0.1177802 -0.9812267 -0.1721961 0.08684796 -0.8944963 -0.4034181 -0.1926918 -0.9832887 -0.1600593 0.08674407 -0.9009422 -0.3846548 -0.2008578 -0.9664443 -0.2318072 -0.1106837 -0.8052083 -0.5672148 0.1729361 -0.9705097 -0.2095656 -0.1191353 -0.9612839 -0.2436072 -0.1287972 -0.8028628 -0.5700477 0.1745192 -0.9975822 0.05480998 0.04272866 -0.8394938 -0.5244191 -0.1422489 -0.8447347 -0.516634 -0.139688 -0.9315565 -0.3535013 0.08508378 -0.9619693 -0.227123 -0.1517567 -0.9577237 -0.2496566 -0.1429573 -0.8338966 -0.5139238 -0.2012432 -0.9692724 -0.2332365 0.07817751 -0.845277 -0.5064907 -0.1702176 -0.8562467 -0.4817086 -0.1865432 -0.8664671 -0.4629226 -0.1869153 -0.892404 -0.4136008 -0.1804147 -0.9804235 -0.1770088 0.08624202 -0.9826979 -0.163935 0.08619832 -0.9374878 -0.3169851 -0.1436561 -0.9569391 -0.2547533 -0.1391706 -0.9068618 -0.4110571 0.09291917 -0.9453506 -0.2847568 -0.1588262 -0.9045114 -0.4157207 0.09505468 -0.9755831 -0.2049918 0.07884031 -0.8789479 -0.4193913 -0.2270717 -0.88605 -0.3982653 -0.2372766 -0.9688042 -0.2347294 0.07950121 -0.9061999 -0.3827803 -0.1796689 -0.9305725 -0.3191975 -0.1792979 -0.9163306 -0.3457463 -0.201984 -0.8139458 -0.5604407 0.1529662 -0.8162749 -0.5578488 0.1499999 -0.788271 -0.588539 0.1795853 -0.9271546 -0.31106 -0.2088686 -0.7864931 -0.5906338 0.1805002 -0.9407438 -0.2843139 -0.1848424 -0.9593111 -0.2716537 0.07698446 -0.8800017 -0.4304886 -0.2006902 -0.9580305 -0.2751839 0.08031988 -0.8553529 -0.4713768 -0.2148841 -0.9215854 -0.3161985 -0.2251639 -0.9685154 -0.2365612 0.07756739 -0.9226679 -0.3108302 -0.228185 -0.9344211 -0.2753455 -0.225925 -0.9799284 -0.1807667 0.0840469 -0.9462738 -0.2709926 -0.1764341 -0.9739506 -0.2107468 0.08370238 -0.9503861 -0.2494717 -0.185823 -0.872156 -0.4135623 -0.261362 -0.8674931 -0.425157 -0.2582581 -0.9519957 -0.2956987 0.07916086 -0.9456498 -0.3146796 0.08199495 -0.9314028 -0.2757246 -0.2376229 -0.7992332 -0.5804077 0.156055 -0.8007783 -0.5786663 0.1545939 -0.8864807 -0.3920845 -0.2458083 -0.9081779 -0.3488788 -0.2312929 -0.9494835 -0.3052396 0.07286781 -0.9596881 -0.27166 0.07210767 -0.8937098 -0.3532764 -0.2765473 -0.8997747 -0.3325106 -0.2825638 -0.9573434 -0.2782118 0.07804995 -0.9485691 -0.238751 -0.207881 -0.9341847 -0.2594907 -0.2448745 -0.9477907 -0.3106487 0.07204294 -0.9284915 -0.2625526 -0.2626209 -0.7397531 -0.5860912 -0.3305488 -0.9684262 -0.2368462 0.07781165 -0.9738445 -0.2131744 0.07863503 -0.8495874 -0.4630217 -0.2526108 -0.8672658 -0.4378535 -0.236927 -0.8364285 -0.4933338 -0.2387658 -0.9828992 -0.157539 0.09534531 -0.8879597 0.3174456 0.3328003 -0.8485334 -0.4450061 -0.2862877 -0.8569093 -0.4175674 -0.3022313 -0.7587448 -0.5226825 -0.3887279 -0.8482845 -0.515371 0.1216805 -0.8743005 -0.472165 0.1125116 -0.8689419 -0.4049916 -0.2844677 -0.880195 -0.4637209 0.1010926 -0.8930416 -0.3591493 -0.2710879 -0.9668875 -0.2439083 0.07508218 -0.914192 -0.2985768 -0.2740526 -0.9007328 -0.3151857 -0.2988953 -0.9143493 -0.2977014 -0.2744801 -0.7555509 -0.625112 0.1959019 -0.8758093 -0.3627438 -0.3183945 -0.7693398 -0.6109318 0.1867584 -0.8823466 -0.3391479 -0.3262562 -0.9595865 -0.272883 0.06876504 -0.9494352 -0.3064728 0.06816971 -0.9576833 -0.2782819 0.07349783 -0.879029 -0.3722178 -0.2979293 -0.8555726 -0.407835 -0.3188512 -0.9804952 -0.1738234 0.09173119 -0.9808942 -0.1714305 0.09196853 -0.9416911 -0.2531152 -0.2216994 -0.9525347 -0.2121307 -0.2183533 -0.9480242 -0.3110597 0.0670222 -0.8615748 -0.3626714 -0.3551878 -0.8663195 -0.3499852 -0.3563719 -0.9819364 -0.1617516 0.09817004 -0.915823 -0.2637117 -0.3028604 -0.9792768 -0.17881 0.09509861 -0.9787684 -0.1844277 0.08943617 -0.9133537 -0.2803332 -0.2952937 -0.9330151 -0.2319709 -0.2750863 -0.9236545 -0.2464998 -0.2934284 -0.9782462 -0.1873238 0.08912926 -0.9561512 -0.1548983 -0.2485588 -0.8845949 -0.457807 0.08890867 -0.9498834 -0.1992415 -0.2408825 -0.9268296 -0.223198 -0.3019431 -0.8893848 -0.2915979 -0.352087 -0.7829764 -0.6009805 0.1605316 -0.9386384 0.3390634 -0.06319725 -0.7747707 -0.6115379 0.160474 -0.7855674 -0.5985089 0.15707 -0.8853965 -0.3184358 -0.3386319 -0.9271743 -0.197646 -0.3182511 -0.9246673 -0.2205415 -0.3104059 -0.9793377 -0.1796351 0.09289121 -0.9780271 -0.1873611 0.09142661 -0.885705 -0.2789384 -0.3711064 -0.9779149 -0.1888697 0.08950138 -0.9102057 -0.2548319 -0.3264757 -0.8393763 -0.529885 0.1211171 -0.8866843 -0.2704208 -0.3750513 -0.8527745 -0.5133054 0.09640163 -0.9110659 -0.2480475 -0.329289 -0.8289265 -0.5453724 0.1242975 -0.8625022 -0.3728065 -0.3422067 -0.9726404 -0.2173833 0.08194673 -0.8191226 -0.4198837 -0.3908144 -0.8338505 -0.4257492 -0.3513276 -0.976383 -0.1989645 0.08419972 -0.9753835 -0.2027255 0.08677196 -0.8850587 -0.3011893 -0.3549032 -0.9291242 -0.3625085 0.07291024 -0.8681878 -0.2943122 -0.3995376 -0.8615196 -0.3429112 -0.3744275 -0.8392551 -0.377732 -0.3911131 -0.8275867 -0.3641772 -0.4271714 -0.8465171 -0.3464822 -0.4041768 -0.9368858 -0.3421521 0.07195043 -0.9216869 -0.3777412 0.08834558 -0.8684802 -0.3096325 -0.3871304 -0.8447245 -0.339821 -0.4134755 -0.9761316 -0.2009513 0.08237534 -0.8786953 -0.2601512 -0.4002699 -0.8897749 -0.4496306 0.07831346 -0.913926 -0.3989678 0.07459145 -0.901235 -0.4261471 0.07857543 -0.8635517 -0.2783344 -0.4204859 -0.8641993 -0.2711239 -0.423853 -0.8534747 -0.5131296 0.09098833 -0.8503614 -0.2884762 -0.4400759 -0.9042987 -0.2237546 -0.3635626 -0.9586497 -0.2776568 0.06242895 -0.9026838 -0.2385819 -0.358107 -0.950849 -0.3037014 0.06042754 -0.8804356 -0.2413565 -0.4081426 -0.843653 -0.2841081 -0.4555571 -0.9472251 -0.3152284 0.05827254 -0.9030946 -0.2018828 -0.3790296 -0.8546172 -0.2573864 -0.4509786 -0.9699268 -0.2312738 0.07585811 -0.8450566 -0.263677 -0.4651385 -0.97105 -0.2273969 0.07316094 -0.8694249 -0.2226172 -0.4410689 -0.9683179 -0.2392963 0.07139891 -0.8687413 -0.2317439 -0.4377023 -0.9294902 -0.3629347 0.06577491 0.5501655 -0.4404296 -0.7094644 -0.9342917 -0.3521803 0.05538958 0.4335451 -0.4791698 -0.7631743 -0.846906 -0.3026943 -0.4371801 -0.9133823 -0.4034478 0.05443006 -0.8189675 -0.3522512 -0.4530026 -0.8240163 -0.2975738 -0.4821274 -0.8331709 -0.2615368 -0.4872625 -0.8194873 -0.5597536 0.1229489 -0.8160317 -0.5645694 0.1239104 -0.866256 -0.2071033 -0.4546523 -0.9588294 -0.2771319 0.06199997 -0.817166 -0.2727578 -0.5077825 -0.8172426 -0.2708395 -0.508685 -0.7928528 -0.2871719 -0.5375097 -0.9644641 -0.2559916 0.06540054 -0.9797848 -0.1724297 0.1014387 -0.8960747 -0.08174592 -0.4363116 -0.9783908 -0.1814656 0.099105 -0.8905991 -0.2226815 -0.3965425 -0.9046937 -0.1783732 -0.3869267 -0.8568259 -0.2182661 -0.4671288 -0.8405846 -0.2480785 -0.4815336 -0.8423542 -0.2190024 -0.4924197 -0.9719827 -0.2250373 0.06788021 -0.9661055 -0.2506797 0.06164336 -0.8382625 -0.2001425 -0.5072072 -0.8348842 -0.2203884 -0.5043781 -0.8179818 -0.2383189 -0.5235549 -0.910942 -0.4092736 0.05176734 -0.8190278 -0.2083148 -0.5346012 -0.9783835 -0.1815344 0.0990507 -0.867417 -0.1812205 -0.4634079 -0.8549697 -0.1479765 -0.4971213 -0.8046711 -0.5803881 0.1251172 -0.8528066 -0.2045875 -0.4804839 0.111115 -0.3491286 -0.9304637 -0.8042054 -0.2479643 -0.540155 -0.8007863 -0.585519 0.1261307 -0.7934275 -0.2534523 -0.5533849 -0.8322408 -0.5461776 0.09521204 -0.8138002 -0.2008079 -0.545349 -0.8385636 -0.5376986 0.08770126 -0.9356427 -0.3498241 0.04685968 -0.8225615 -0.1993978 -0.5325723 -0.8387836 -0.173176 -0.5161899 -0.9320403 -0.358206 0.05467408 -0.9148789 -0.4013532 0.04372936 -0.7855952 -0.2428184 -0.5691041 -0.7861407 -0.2111191 -0.5808715 -0.8043886 -0.2047374 -0.557711 -0.9663954 -0.2505582 0.05745142 -0.6040498 -0.2677813 -0.7506111 -0.7312119 -0.1265341 -0.6703121 -0.8139404 -0.1727195 -0.5546793 -0.9779746 -0.1867069 0.09330701 -0.7966251 -0.1876498 -0.5746093 -0.7484148 -0.146638 -0.6468172 -0.7798755 -0.1832906 -0.598497 -0.7798781 -0.1834446 -0.5984465 -0.7504649 -0.1927416 -0.6321812 -0.8064382 -0.07260203 -0.5868445 -0.8077121 -0.1614897 -0.5670292 -0.8235137 -0.1389811 -0.5500087 -0.9130318 -0.4058575 0.04065114 -0.7179762 -0.1223383 -0.6852325 -0.7013466 -0.1555315 -0.6956456 -0.7785869 -0.1132132 -0.6172401 -0.7964918 -0.137048 -0.588913 -0.7790307 -0.1496139 -0.6088734 -0.9793694 -0.1795067 0.09280663 -0.974896 -0.2044951 0.08808887 -0.9784246 -0.1848558 0.09227007 -0.9765828 -0.1932992 0.09445369 -0.8206849 -0.5640985 0.09093451 -0.8251352 -0.5581582 0.08724272 -0.9736813 -0.2123029 0.08289861 -0.9783197 -0.1872665 0.08844047 -0.975445 -0.2033032 0.08470511 -0.9767693 -0.1971669 0.08394688 -0.9757569 -0.2043431 0.07837361 -0.9745891 -0.2097415 0.07864111 -0.8837418 -0.4635919 0.06389838 -0.8906501 -0.4518588 0.05065625 -0.9566817 -0.287146 0.04803204 -0.9537597 -0.2974212 0.0433942 -0.9576366 -0.2842885 0.04595929 -0.9708834 -0.2271584 0.07605564 -0.9771842 -0.1968873 0.07966542 -0.9466341 -0.3201468 0.03728145 -0.9723474 -0.2226518 0.07047468 -0.9748173 -0.212498 0.06764322 -0.9360503 -0.3502974 0.03318846 -0.9191613 -0.3928872 0.02796548 -0.9368163 -0.3483973 0.031538 -0.9524372 -0.3037018 0.02506929 -0.9611665 -0.2738803 0.03389257 -0.9182796 -0.3874253 0.08163422 -0.7912822 -0.598964 0.1229418 -0.951516 -0.3067936 0.02224844 -0.9138637 -0.4053563 0.02322834 -0.8926485 -0.4491758 0.0376802 -0.8959428 -0.4430771 0.03113555 -0.8489577 -0.5241982 0.06698495 -0.8694513 -0.4931856 0.02867662 -0.8699155 -0.4897651 0.05811417 -0.9743118 -0.2164775 0.06208068 -0.9652606 -0.2541329 0.0607329 -0.9997756 -0.0153073 0.01464331 -0.8057516 -0.5852968 0.09051007 -0.8136478 -0.5757949 0.08023482 -0.9263933 -0.3723952 0.0558325 -0.9679 -0.2457882 0.05251222 -0.972218 -0.2294538 0.04629296 -0.9698944 -0.2385129 0.04915732 -0.9617383 -0.2706653 0.04242438 -0.9789518 -0.1836041 0.0891233 -0.9809436 -0.1707561 0.09269374 -0.9810321 -0.1701656 0.09284192 -0.8981071 -0.4393762 0.01876634 -0.8990353 -0.4375505 0.01688224 -0.9653899 -0.2588603 0.03183937 -0.9677672 -0.2500368 0.0301342 -0.9776806 -0.1943716 0.07975095 -0.9731698 -0.2191182 0.07019752 -0.8687797 -0.4948252 0.01923406 -0.8723563 -0.4887199 0.01213699 -0.9769155 -0.2005737 0.07352709 -0.972333 -0.224927 0.06305724 -0.9823629 -0.1806741 0.0481652 -0.9747496 -0.2140123 0.06373232 -0.9763992 -0.2062589 0.06404572 -0.9749265 -0.2147883 0.05817395 -0.8313953 -0.5523387 0.06085866 -0.8546921 -0.5166525 0.05071377 -0.8541727 -0.519685 0.01779228 -0.9804369 -0.1918848 0.04385912 -0.975086 -0.2149742 0.05471086 -0.9763385 -0.2072309 0.06179374 0.6085281 -0.7367982 0.2946558 0.6790084 -0.6828452 0.269574 0.644244 -0.7106499 0.2827125 0.5148472 -0.8121747 0.2744168 0.7851989 -0.5968086 0.165173 0.5811346 -0.7924361 0.1852772 0.7637663 -0.6379629 0.09830725 0.6135823 -0.7848363 0.08688426 0.7775953 -0.6287558 0.003417968 0.6758605 -0.7366783 -0.02275782 0.7384642 -0.6624257 -0.1259473 0.7479987 -0.651687 -0.1257057 0.6861323 -0.6840264 -0.2476499 0.7777562 -0.578505 -0.2458193 0.6019573 -0.6844758 -0.4112667 0.7658499 -0.5225434 -0.3747296 0.5995899 -0.5682501 -0.5635458 0.7356377 -0.4561813 -0.5007354 0.6209741 -0.4118041 -0.6669397 0.6748683 -0.3807976 -0.6320965 0.648779 -0.2662099 -0.7128942 0.6736735 -0.262586 -0.6908058 0.6583266 -0.1733757 -0.7324936 0.2559872 -0.1677126 -0.9520204 0.5696257 -0.1233792 -0.812591 0.6214433 -0.1141915 -0.7750926 0.6711483 -0.1069226 -0.7335718 0.8020238 -0.5586747 0.2112827 0.9513149 -0.3067547 -0.03002399 0.9550447 -0.2940912 -0.03741753 0.9570358 -0.2865087 -0.044667 0.9760534 -0.2169299 0.01616096 0.9696762 -0.2435927 0.01976549 0.9052656 -0.4216821 -0.0517528 0.9189166 -0.3904101 -0.05632233 0.9348872 -0.350167 -0.05804497 0.9229438 -0.3814237 -0.05187135 0.9172689 -0.3907933 -0.07680022 0.971082 -0.238612 -0.00800395 0.9685242 -0.2485996 -0.01261425 0.9994799 -0.02792507 0.01613003 0.8275427 -0.5612534 0.0129466 0.845098 -0.5344475 0.01323437 0.8131324 -0.5810102 0.03525745 0.8477717 -0.5291567 -0.03572672 0.8797332 -0.4732757 -0.04560303 0.9699894 -0.2422749 -0.02058064 0.9569814 -0.2891704 -0.02381271 0.9439738 -0.3229281 -0.06805038 0.9445551 -0.3209721 -0.06922858 0.9154536 -0.3910573 -0.09496855 0.8547737 -0.516065 -0.05512636 0.8791606 -0.473562 -0.0530641 0.9505537 -0.2985146 -0.08565425 0.9514921 -0.3000395 -0.06811034 0.9618281 -0.2680282 -0.05520385 0.9692421 -0.2415527 -0.04713797 0.9606807 -0.2745462 -0.04143828 0.9821837 -0.1879026 0.002796292 0.9734243 -0.2279523 -0.02197766 0.9796409 -0.2007561 7.76216e-4 0.8835283 -0.4610983 -0.08225595 0.8975145 -0.4264681 -0.112217 0.9029254 -0.4189038 -0.09615266 0.9553769 -0.2818421 -0.08843183 0.9605698 -0.2643656 -0.08611887 0.9227208 -0.3726081 -0.09873956 0.9249671 -0.3616249 -0.1168908 0.9413168 -0.324531 -0.09274864 0.8923831 -0.425059 0.1515825 0.9313647 -0.3435629 -0.1205165 0.8136596 -0.5437762 0.2055857 0.9379003 -0.3212288 -0.1309781 0.8994616 -0.4181289 0.1270315 0.8838666 -0.4524565 -0.1185878 0.8699637 -0.4783913 -0.1196028 0.7205171 -0.6484847 0.2456066 0.8985667 -0.4155479 -0.1410598 0.7238053 -0.6447623 0.2457384 0.7827277 -0.5834993 0.2164855 0.8664288 -0.4744691 0.1555001 0.8704271 -0.469898 0.1468076 0.8261595 -0.5339226 0.179964 0.9558721 -0.2768587 -0.09827393 0.9460495 -0.3079084 0.1009095 0.9400544 -0.3247879 -0.1039732 0.9060154 -0.3920529 -0.1594699 0.9150621 -0.3752086 -0.1479185 0.8703595 -0.4699442 0.1470603 0.9204578 -0.3565834 -0.1600176 0.9673671 -0.244103 0.0679304 0.9521596 -0.2941755 0.08278179 0.9714546 -0.2287886 -0.06270349 0.9602024 -0.2704043 -0.06994909 0.9520232 -0.2947195 0.08241587 0.9320387 -0.3487436 0.0983954 0.9237395 -0.3417527 -0.1729467 0.9322457 -0.3483434 0.09785085 0.8752838 -0.4556705 -0.161996 0.97188 -0.2197975 0.08448845 0.8870761 -0.4327762 -0.1606259 0.3799701 -0.9053872 -0.1894639 0.8266533 -0.5330635 0.1802433 0.828403 -0.5555155 -0.07177072 0.8326005 -0.5275971 0.1685753 0.8617148 -0.4994605 -0.08937007 0.944441 -0.3029698 -0.1274384 0.8325327 -0.5276482 0.1687507 0.9538412 -0.2693797 -0.1327464 0.9792861 -0.1908403 0.06766504 0.9758112 -0.2068357 0.07079195 0.9771472 -0.1791124 -0.114464 0.9634916 -0.2536895 -0.0855894 0.7955975 -0.5732114 0.1960954 0.9706178 -0.2234713 -0.08922725 0.7920069 -0.5773842 0.198375 0.8025548 -0.567784 0.1831046 0.9630017 -0.248461 -0.1043786 0.953942 -0.2749008 -0.1201015 0.9266484 -0.3410658 -0.1581038 0.976031 -0.2057505 0.07092422 0.9430518 -0.2977181 -0.1483816 0.9326403 -0.3480153 0.09522354 0.9637571 -0.2191406 -0.1521499 0.9612152 -0.2407622 -0.1345323 0.9569168 -0.2557383 -0.1375073 0.8025563 -0.567757 0.1831812 0.9309775 -0.3145721 -0.185271 0.8999894 -0.4184979 0.1219777 0.9397127 -0.2857686 -0.18782 0.8754857 -0.463796 0.1357125 0.90254 -0.413717 0.1194142 0.868003 -0.4678277 -0.1664571 0.9979295 0.04396414 0.04694771 0.95147 -0.2960347 0.08407312 0.4442774 -0.8340916 -0.3269692 0.966831 -0.2449688 0.07230514 0.8438012 -0.5168115 -0.1445871 0.8595396 -0.4767807 -0.1840431 0.9644727 -0.2518694 0.07971286 0.8970729 -0.3930172 -0.2019844 0.9058384 -0.4094019 0.1088435 0.9028465 -0.4148124 0.1131317 0.892526 -0.4004603 -0.2074339 0.8997873 -0.3831945 -0.2086743 0.9131698 -0.3532323 -0.203342 0.9849904 -0.1484024 0.08815163 0.9304667 -0.3126456 -0.1910088 0.8801384 -0.4589177 0.1214531 0.8729836 -0.4683979 0.1360261 0.9060074 -0.3543099 -0.231549 0.8407473 -0.5195923 0.15221 0.9420272 -0.2933835 -0.1628217 0.9559152 -0.2505703 -0.1531039 0.9490928 -0.3034899 0.08436006 0.8752056 -0.4220263 -0.2364506 0.9331302 -0.3470445 0.09395819 0.9492019 -0.303229 0.08407163 0.8843439 -0.3867514 -0.2614562 0.9653947 -0.2496552 0.07540154 0.8847737 -0.379733 -0.2701447 0.9845213 -0.1551916 0.08144509 0.9450127 -0.2713798 -0.1824933 0.9527567 -0.2402275 -0.1858637 0.9870213 -0.139144 0.08017349 0.984066 -0.1579616 0.08162224 0.9843492 -0.155527 0.08287352 0.9171731 -0.3228024 -0.2336496 0.9256888 -0.2968532 -0.234475 0.9836671 -0.1596847 0.08306443 0.8598276 -0.459397 -0.2228249 0.8670576 -0.4336959 -0.2451915 0.8259051 -0.5058671 -0.2489565 0.9835627 -0.1603246 0.08306777 0.9413825 -0.2629878 -0.2112731 0.9267544 -0.3010956 -0.2246502 0.9491008 -0.3041194 0.08197009 0.8799537 -0.4599512 0.1188544 0.9290254 -0.2757741 -0.246699 0.9362249 -0.2491766 -0.2477779 0.7723186 -0.6042088 0.1961012 0.7332575 -0.6369858 0.2378706 0.8900591 -0.3763346 -0.2572296 0.9127373 -0.3208226 -0.2529498 0.764222 -0.6094797 0.2109482 0.9809862 -0.1797122 0.07327723 0.9779486 -0.1914395 0.08347111 0.9267462 -0.270739 -0.260465 0.9743006 -0.2116875 0.07698637 0.9110921 -0.3059502 -0.2762345 0.7514899 -0.6271019 0.204954 0.7718285 -0.6044595 0.1972551 0.9634711 -0.2552114 0.08118301 0.891932 -0.3429785 -0.2946576 0.8720819 -0.3754675 -0.3138428 0.9053424 -0.2993374 -0.3012511 0.8935574 -0.3410096 -0.2920061 0.9719469 -0.2220478 0.07754981 0.9082247 -0.4060872 0.1010996 0.9405272 -0.2559743 -0.2233513 0.9545424 -0.2164363 -0.2049493 0.9312679 -0.3532063 0.08936131 0.9562532 -0.1175418 -0.2678876 0.9484642 -0.2060313 -0.2407628 0.9306507 -0.3544636 0.09080159 0.9125291 -0.2777633 -0.3002302 0.9771734 -0.1948749 0.08459365 0.9195726 -0.2539116 -0.2998583 0.9790049 -0.188001 0.07877242 0.8483341 -0.5127978 0.1317866 0.8285824 -0.4571781 -0.323171 0.8556236 -0.4175664 -0.3058537 0.838052 -0.5242312 0.1511633 0.8429721 -0.4400593 -0.3094285 0.8534995 -0.426818 -0.2989398 0.1818377 -0.648966 -0.738768 0.8388141 -0.4051533 -0.3636503 0.9786827 -0.1894301 0.07934921 0.8615562 -0.3791373 -0.3376029 0.8820909 -0.3178544 -0.3476842 0.9714851 -0.2235851 0.07890737 0.8738848 -0.3354224 -0.3518768 0.9704452 -0.2276768 0.07999676 0.9371716 -0.2219371 -0.2691715 0.9705081 -0.2274706 0.07981932 0.9214905 -0.2570536 -0.2911677 0.9299372 -0.1886061 -0.3156654 0.97064 -0.2272775 0.07875877 0.9253484 -0.2299548 -0.3014152 0.9280565 -0.2090296 -0.3082496 0.8846692 -0.3199717 -0.3390848 0.9048466 -0.2687021 -0.3302301 0.9330506 -0.3502657 0.08204001 0.8142779 -0.5578272 0.1605625 0.8092495 -0.564325 0.1632562 0.8943427 -0.2475731 -0.3726375 0.884995 -0.2878749 -0.3659396 0.8867894 -0.4501765 0.1046217 0.9036895 -0.4167223 0.09842687 0.8617362 -0.3100122 -0.4016256 0.9079042 -0.4094784 0.08965188 0.8805298 -0.2836372 -0.3797593 0.8250722 -0.5488174 0.1343705 0.919538 -0.223829 -0.3230333 0.8495237 -0.512299 0.1259331 0.9020729 -0.2561208 -0.3473712 0.905708 -0.2271128 -0.3579283 0.9504836 -0.3007363 0.07835042 0.9617406 -0.2633824 0.07539653 0.907338 -0.2088865 -0.3648344 0.907727 -0.2044889 -0.366355 0.9813619 -0.1702686 0.08909231 0.8140954 -0.3904396 -0.4298899 0.9825211 -0.1633189 0.08932721 0.8394046 -0.4036536 -0.3639557 0.8672658 -0.3377168 -0.3657832 0.860036 -0.2746434 -0.4300105 0.8236129 -0.5512971 0.1331666 0.8670608 -0.2592763 -0.4254192 0.9820383 -0.1667106 0.08836513 0.8527531 -0.3060108 -0.4232842 -0.432925 -0.4501988 -0.780959 0.839795 -0.3591271 -0.4071513 0.8198869 -0.3333685 -0.4654577 0.9804992 -0.1757141 0.08801084 0.8922845 -0.2140104 -0.3975272 0.8703491 -0.2622696 -0.4167816 0.873605 -0.2305273 -0.4285693 0.9794821 -0.1814283 0.08774244 0.8757238 -0.196156 -0.4411695 0.8234523 -0.3297199 -0.4617479 0.9091656 -0.4080961 0.08291882 0.8479901 -0.2667493 -0.457993 0.7903621 -0.3050497 -0.5312931 0.958872 -0.2723157 0.08005338 0.8409928 -0.2455922 -0.4820949 0.963562 -0.2580115 0.07055729 0.8636378 -0.2223036 -0.4524497 0.843466 -0.2017747 -0.4978475 0.8427249 -0.2125449 -0.4946103 0.945237 -0.3173466 0.07627636 0.9346604 -0.3468267 0.07823759 0.9479176 -0.3107072 0.07009333 0.8199564 -0.2903169 -0.4933431 0.7917477 -0.257864 -0.5537524 0.3252259 -0.3327183 -0.8851704 0.9631744 -0.2598487 0.06909286 0.9589231 -0.2724519 0.07897067 0.8294894 -0.2374809 -0.5055198 0.8750047 -0.1772128 -0.4505135 0.887974 -0.4514287 0.08783137 0.8435775 -0.1873421 -0.5032693 0.8805333 -0.462794 0.1023851 0.8766568 -0.1731794 -0.4488672 0.8580846 -0.5017651 0.1091903 0.8761642 -0.1473348 -0.4589431 0.8775175 -0.1311926 -0.46125 0.9811626 -0.1624101 0.1046077 0.9475135 -0.3124853 0.0676096 0.8253853 -0.1839933 -0.5337467 0.9483295 -0.3104052 0.06572443 0.8217322 -0.1653826 -0.5453481 0.8259699 -0.1544517 -0.5421425 0.8219483 -0.1472747 -0.5501919 0.7968295 -0.2208013 -0.562414 0.8226583 -0.1970153 -0.5333088 0.7953593 -0.2570645 -0.5489274 0.9489349 -0.3090945 0.06311315 0.7447922 -0.2280513 -0.6271181 0.7966021 -0.1736811 -0.5790165 0.7967807 -0.1935932 -0.5724179 0.75252 -0.1877306 -0.6312454 0.6527702 -0.1744784 -0.7371896 0.8886778 -0.4512045 0.08164668 0.7514092 -0.1602938 -0.6400704 0.9807876 -0.1709066 0.09405589 0.7744118 -0.1543198 -0.6135729 0.7695677 -0.169035 -0.6157862 0.720474 -0.1351228 -0.6801905 0.7735745 -0.1246169 -0.6213316 0.765385 -0.07009047 -0.6397445 0.615209 -0.1140217 -0.780075 0.7195265 -0.1166356 -0.6846005 0.7681 -0.1084722 -0.6310754 0.7673667 -0.11165 -0.6314132 0.9784823 -0.1901946 0.0799905 0.9711388 -0.2256249 0.07734966 0.972126 -0.2180416 0.08619117 0.9794613 -0.1799283 0.09100204 0.9771346 -0.1924307 0.09043473 0.9766782 -0.1957391 0.08823794 0.978648 -0.1847434 0.09010016 0.961455 -0.2651937 0.07264053 0.9664488 -0.2458904 0.07426029 0.981557 -0.1607168 0.1035173 0.9965687 0.08030259 -0.02006119 0.3322057 -0.9069787 0.2588996 0.7869377 -0.5935811 0.1684949 0.7810636 -0.5999702 0.1731343 0.7988499 -0.5848202 0.1407986 0.9324039 -0.3555805 0.06469506 0.9301739 -0.3604928 0.06943643 0.9804444 -0.172351 0.09499329 0.9773094 -0.1883219 0.09695935 0.8525965 -0.5124998 0.1020938 0.8607786 -0.5015259 0.08678644 0.837906 -0.5354632 0.1057955 0.9321104 -0.356986 0.06108397 0.9360128 -0.3480044 0.05266094 0.9770521 -0.1942929 0.08728867 0.9755513 -0.2016632 0.08735865 0.9778676 -0.1895605 0.08855509 0.9752803 -0.2041529 0.08455717 0.8007081 -0.5840978 0.1330277 0.8003766 -0.5845301 0.1331229 0.9370974 -0.3456391 0.0488069 0.9762957 -0.2029256 0.07528477 0.9700031 -0.2287413 0.08228939 0.9713575 -0.2240501 0.07915908 0.8275733 -0.5513452 0.1055502 0.8132696 -0.5716349 0.1087474 0.9697217 -0.2350431 0.06629109 0.9658412 -0.2508693 0.06492495 0.864318 -0.4974254 0.07431221 0.8427174 -0.5327574 0.07744038 0.9186159 -0.3902257 0.06219887 0.8975438 -0.4363348 0.06345921 0.9022885 -0.4250518 0.07215505 0.9593534 -0.2760903 0.05844038 0.9521322 -0.3006044 0.05550909 0.9112147 -0.4089217 0.0497083 0.9186444 -0.3930937 0.03962105 0.8412224 -0.5356153 0.0738998 0.9188194 -0.3931945 0.03419095 0.9128189 -0.4059123 0.04468637 0.9452019 -0.3231071 0.04685205 0.9390413 -0.3409197 0.04444319 0.9734815 -0.2191104 0.06575959 0.9685816 -0.2416747 0.05867874 0.9803809 -0.1680576 0.1030042 0.9800732 -0.1702079 0.1024006 0.9665756 -0.2508011 0.05320256 0.8734331 -0.483693 0.05617511 0.8875329 -0.4573528 0.05580008 0.8975422 -0.4394102 0.03656017 0.9795196 -0.1793481 0.09151911 0.9740021 -0.2088649 0.08772319 0.9752336 -0.2040955 0.0852313 0.9598031 -0.2770991 0.04465472 0.9554436 -0.2902271 0.05381172 0.9654451 -0.2568623 0.04401856 0.8994787 -0.4361458 0.02673554 0.8977494 -0.4394714 0.03017985 0.9772041 -0.196848 0.0795167 0.9727091 -0.2195 0.07521206 0.9746019 -0.2122615 0.07138735 0.9774037 -0.1944329 0.08293288 0.9767 -0.19866 0.08118671 0.9725689 -0.2212994 0.0716682 0.901591 -0.4321087 0.02038735 0.9745624 -0.2136707 0.06762528 0.9749872 -0.2113139 0.06889313 0.9742461 -0.2154425 0.06655085 0.9471349 -0.3196799 0.02720957 0.9547547 -0.2962523 0.0260396 0.9340175 -0.3562515 0.02638399 0.999779 -0.01713985 0.01217412 0.81829 -0.5667805 0.09571558 0.8072529 -0.5820083 0.09802669 0.8184303 -0.5694556 0.07676118 0.9628442 -0.268779 0.0262469 0.9533811 -0.3014388 0.01411068 0.8740518 -0.4852972 0.02280348 0.8647271 -0.5006039 0.04053181 0.8579635 -0.5121098 0.04052674 0.966171 -0.2510293 0.05914264 0.9692997 -0.2400555 0.05320978 0.9762084 -0.2085933 0.05921208 0.8054882 -0.5894376 0.06125271 0.8235387 -0.5641573 0.05925077 0.9740296 -0.2225622 0.04162126 0.9518876 -0.3064301 0.003259181 0.9639518 -0.2639943 0.0332266 0.9679902 -0.2497055 0.02534425 0.9708763 -0.2355911 0.04354131 0.96834 -0.2486327 0.02234441 0.8798407 -0.47525 0.00420928 0.8743875 -0.4849948 0.01505535 0.910024 -0.4145475 0.002592623 0.9088864 -0.4167222 0.0163697 0.928675 -0.3707426 0.01061332 0.8595905 -0.510983 7.59936e-4 0.8416075 -0.5389212 0.03550893 0.9420298 -0.3354308 -0.008129119 0.9467887 -0.3218539 -0.001098394 0.9337961 -0.3577058 0.008455157 0.882458 -0.4703774 -0.003608524 0.9818273 -0.1737834 0.07625252 0.9797453 -0.1860889 0.07396012 0.9767968 -0.2040344 0.06509912 0.975839 -0.2139335 0.04439347 0.97618 -0.2077554 0.06253296 0.9726759 -0.2266706 0.0502218 0.831278 -0.5557683 -0.009926199 0.860076 -0.5100986 -0.008291244 0.8587001 -0.512449 -0.005494177 0.8358501 -0.5486143 -0.01942068 0.8616299 -0.5073352 -0.01431524 0.89877 -0.4381829 -0.01443147 0.8893263 -0.4569112 -0.01819127 0.9441245 -0.3283244 -0.02884578 0.9575093 -0.288265 -0.008903861 0.9686994 -0.24791 0.01272815 0.9544395 -0.2981044 0.01337927 0.9600057 -0.2799637 0.003067612 0.9321046 -0.360886 -0.03069549 0.9188379 -0.3938927 -0.02419948 0.9662672 -0.2572475 -0.01229959 0.9763919 -0.2129021 0.03649204 0.9670053 -0.2526327 0.0328238 0.965602 -0.2600149 0.002212405 0.9715628 -0.2362654 0.01563382 0.9475074 -0.3176788 -0.03619092 -0.5502913 -0.5707966 -0.609402 0.2295055 -0.687583 -0.6888808 -0.1762611 -0.9395302 0.2936241 -0.4864928 -0.5959055 -0.6389222 -0.07527971 -0.951709 0.2976285 -0.3639015 -0.4060121 -0.8382899 -0.07314568 -0.9444873 -0.3203021 -8.60756e-4 -0.9688321 0.2477166 -0.07788407 -0.9049863 -0.4182508 -0.3648563 -0.4061301 -0.8378176 -0.1838546 -0.9310316 -0.3152422 -0.4970176 -0.5313054 -0.6860672 -8.87322e-4 -0.9688313 0.24772 -0.541858 -0.5155358 -0.6637868 -0.4968547 -0.5202175 -0.6946288 -0.07671576 -0.9080091 -0.4118667 0.3334532 -0.9335606 0.1314288 -0.6115339 -0.7897605 -0.04800635 0.2482464 -0.9592593 0.13489 -0.4080709 -0.4792116 -0.7770679 -0.5145171 -0.8530054 0.0874871 -0.5455379 -0.8302594 0.1142714 -0.2180752 -0.2961594 -0.9299101 -0.5393947 -0.8416519 0.02599024 0.4689969 -0.8759779 0.112715 -0.2193688 -0.2974417 -0.9291964 0.06228792 -0.8251397 -0.5614843 0.4931355 -0.8683535 0.05272024 -8.70203e-4 -0.8267334 -0.5625932 0.5165312 -0.8532074 0.07233798 -8.23073e-4 -0.16115 -0.9869296 0.3986473 -0.9138968 0.07663637 0.063075 -0.1608337 -0.984964 0.4278727 -0.9007822 0.07427334 0.1560609 -0.7580986 -0.6331915 -0.07318949 -0.2365773 -0.9688522 0.06474447 -0.7656428 -0.6399995 -0.1590914 -0.2343411 -0.9590486 -8.46939e-4 -0.1611467 -0.9869301 0.1749739 -0.9657791 0.191455 -0.07314461 -0.1607212 -0.9842858 0.1652921 -0.9663943 0.1968772 0.06707262 -0.9787029 0.1940153 -0.4133802 -0.3999455 -0.8180223 -8.36672e-4 -0.8267397 -0.5625841 -0.4124002 -0.3978729 -0.8195262 -0.3472517 -0.8752228 0.3367513 -0.3267652 -0.8842718 0.3335986 -0.3052619 -0.3515519 -0.8850008 -0.2523196 -0.9187762 -0.3036202 -0.1621907 -0.9367487 -0.310155 -0.1725915 -0.89721 -0.4064804 -0.4150953 -0.9057946 -0.0850411 -0.3060064 -0.3521575 -0.8845028 0.06302261 -0.1213919 -0.9906019 -0.3128855 -0.9455291 -0.08987414 -0.3382498 -0.9206199 -0.1950541 -0.1674262 -0.9403275 0.2962305 0.9229968 -0.1483395 -0.3550666 0.06644642 -0.1125839 -0.991418 0.5635418 -0.306699 -0.7670439 -0.3898279 -0.8596329 0.3302506 -0.366652 -0.3439838 -0.8644313 -0.3746397 -0.9233564 -0.08401256 -0.4145663 -0.8492975 0.3268463 -0.3658432 -0.3440107 -0.8647632 -0.468021 -0.8801763 -0.07903164 -8.46159e-4 -0.1216266 -0.9925757 0.174932 -0.9755732 0.1328752 0.5424357 -0.3115257 -0.7802021 -8.54273e-4 -0.1128302 -0.9936139 -8.54498e-4 -0.1216304 -0.9925751 0.5418123 -0.3116785 -0.7805742 0.2372962 -0.9625384 0.1311877 0.8840699 -0.4672534 -0.009731292 0.5786841 -0.8153185 -0.01950699 -8.54554e-4 -0.1128266 -0.9936143 0.07250696 -0.1010867 -0.992232 -0.008816003 -0.1013317 -0.9948136 0.06846868 -0.1075552 -0.9918386 -0.1700344 -0.9004479 -0.4003522 -8.54373e-4 -0.1078051 -0.9941717 0.5047902 -0.8629562 -0.02221256 -0.2195146 -0.2305387 -0.9479796 0.4935345 -0.8696844 0.008525192 -0.162703 -0.2330096 -0.9587671 0.3872529 -0.4785488 -0.7880522 -0.5501219 -0.4478629 -0.7048295 -0.5338321 -0.4532732 -0.7138395 -0.5028819 -0.4625721 -0.7301623 0.4585279 -0.4621396 -0.7590646 -0.4919422 -0.4582574 -0.7402656 0.4066078 -0.9135669 0.008101224 -0.308843 -0.2890454 -0.9061284 0.3115305 -0.558108 -0.7690671 0.3070296 -0.6056299 -0.734129 0.4216513 -0.9067348 0.006498456 -0.3071371 -0.2860897 -0.9076451 0.229182 -0.6188654 -0.7513197 0.5824835 -0.7976657 -0.1563412 0.5552096 -0.8272243 -0.086268 -0.3679337 -0.2795632 -0.886831 -0.2313964 -0.9279556 0.2921539 -0.3272582 -0.9294214 -0.1705226 -0.3404668 -0.8958511 0.2855402 -0.369901 -0.2797452 -0.8859548 -0.8529442 -0.2158094 -0.4753025 -0.5405538 -0.3742383 -0.7534901 -0.242024 -0.9243299 0.295023 -0.4965171 -0.382412 -0.7792509 -0.4976471 -0.3850205 -0.777243 0.3777711 -0.4800026 -0.7917616 -0.2243827 -0.2282094 -0.9474032 -0.07873564 -0.9651538 0.2495574 -0.07572096 -0.9660514 0.247004 -0.3090052 -0.2230216 -0.9245415 -0.4145383 -0.3362174 -0.8456453 -9.05213e-4 -0.9813481 0.1922372 -0.4153214 -0.336703 -0.8450677 0.3147988 -0.4913341 -0.8120915 0.3112513 -0.5471308 -0.7770268 0.1615015 -0.6911064 -0.7044779 0.0637111 -0.9793547 0.1918468 -0.5728173 -0.7646222 0.2953529 -0.07469493 -0.1592901 -0.984402 -0.4419538 -0.8373013 0.3218749 -0.4663901 -0.8234549 0.3231133 -0.5580151 -0.7730347 0.3017225 -0.6166182 -0.7391114 0.271102 0.156713 -0.6973068 -0.6994314 -0.6108307 -0.7426996 0.2743775 -0.1625877 -0.1577091 -0.9740087 -0.07462888 -0.1199325 -0.9899731 -0.3918785 -0.9050535 -0.1652554 -0.07508224 -0.1212878 -0.9897736 -0.3970279 -0.9034948 -0.1614493 0.1673266 -0.9776935 0.1269536 -0.09773552 0.04291945 -0.9942865 -0.07484853 -0.06246155 -0.9952368 -0.07507699 -0.1125124 -0.99081 -0.07505774 -0.1112187 -0.9909575 0.4637941 -0.3878721 -0.7965239 -8.57813e-4 -0.981347 0.1922427 0.4623196 -0.3929668 -0.7948822 0.3238076 -0.9429773 0.0770868 -0.2241987 -0.154506 -0.9622176 -0.1659648 -0.1562478 -0.9736746 0.3434185 -0.9391631 0.006032824 -0.5321051 -0.2025691 -0.8220887 -0.07682049 -0.8243132 -0.5608979 -0.07349205 -0.8738957 -0.480526 -0.4188177 -0.2734088 -0.8659327 -0.4167324 -0.2704771 -0.8678572 0.3546983 -0.9334259 0.05389964 -0.4997042 -0.3210674 -0.8044946 -0.07943689 -0.8768361 -0.4741817 -0.5384361 -0.1896699 -0.8210432 -0.1765779 -0.866017 -0.4677979 -0.5467795 -0.3105689 -0.777547 -0.4990209 -0.3206285 -0.8050934 -0.1748834 -0.9526008 0.2489329 -0.5012379 -0.2583439 -0.8258445 0.2179049 -0.6173319 -0.7559225 -0.1667944 -0.1186569 -0.9788259 0.1610472 -0.6239505 -0.7646892 -0.1683247 -0.9543647 0.2466877 0.2216644 -0.5607638 -0.7977524 0.2535221 -0.9660123 0.05046504 -0.1667472 -0.1100384 -0.9798402 -0.165812 -0.1173589 -0.9791492 -0.2222996 -0.9293195 -0.2948697 0.2341319 -0.9706135 0.05560165 -0.2371914 -0.8878611 -0.3942624 -0.1667729 -0.1088081 -0.9799733 -0.351467 -0.8926984 -0.2820647 -0.3699932 -0.2135146 -0.9041662 -0.3155113 -0.2177763 -0.9235941 0.3814132 -0.403757 -0.8315674 -0.3227317 -0.899023 0.2959761 -0.1647367 -0.09917902 -0.9813385 0.3824287 -0.4034127 -0.8312681 -0.1667392 -0.1038002 -0.9805221 -0.4189047 -0.2083724 -0.8837985 -0.3774209 -0.2122501 -0.9013897 0.3378155 -0.940997 -0.02013486 -0.236154 -0.1023662 -0.9663086 0.5490624 -0.2465116 -0.7986003 -0.3151932 -0.1483439 -0.9373618 -0.2287327 -0.1519626 -0.9615553 0.5440145 -0.2475132 -0.801739 -0.2403149 -0.0976777 -0.965768 -0.2285295 -0.1159299 -0.9666098 -0.4042692 -0.8685594 0.2866546 -0.2332797 -0.1073792 -0.9664628 -0.3873264 -0.8758234 0.2879439 0.546292 -0.2470057 -0.8003457 -0.4269185 -0.202606 -0.8813009 -0.2320451 -0.9411208 0.2458593 -0.3212149 -0.142574 -0.9362124 0.2209448 -0.5584604 -0.7995657 -0.3769496 -0.1396484 -0.9156458 -0.2404664 -0.9379811 0.2497347 -0.2330561 -0.893607 -0.3836031 0.06754875 -0.9897583 0.1257604 -0.4263556 -0.1358765 -0.8942922 0.0640642 -0.9896475 0.1284284 -0.3838694 -0.138534 -0.9129363 -9.09741e-4 -0.9920242 0.1260445 0.4084821 -0.8074418 0.4256527 -8.71013e-4 -0.7645597 -0.6445524 -0.3208504 -0.1054845 -0.9412375 0.4831894 -0.870613 -0.09252566 0.5731684 -0.7262131 0.3795952 0.6057927 -0.7387048 0.2955171 -0.2949138 -0.03616994 -0.9548389 -0.299931 0.5150213 -0.802991 0.05990743 -0.7631994 -0.6433801 -0.318014 -0.09744834 -0.9430647 0.4765842 -0.875961 -0.07456499 0.5702735 -0.7303842 0.3759351 -0.4168021 -0.9072266 -0.05670994 0.4326248 -0.8982782 -0.07702082 -0.3834451 -0.1023451 -0.9178755 -0.3854356 -0.1029367 -0.9169752 0.3536021 -0.931722 -0.08282238 -0.3853751 -0.09434413 -0.9179245 -0.3853153 -0.0950095 -0.9178809 -0.5121083 -0.1931343 -0.8369255 0.3922547 -0.9162818 -0.08101761 0.3583579 -0.8704532 0.3374772 -8.03028e-4 -0.7645665 -0.6445444 0.518302 -0.7954307 0.3140907 -0.5568794 -0.2177668 -0.8015379 0.4366852 -0.8361586 0.3318807 -0.4362521 -0.09202218 -0.8951067 0.5196943 -0.8380045 -0.166332 -0.4337444 -0.1296864 -0.8916541 -0.4333226 -0.1000137 -0.8956722 -0.07356429 -0.8282049 -0.5555762 -0.5113485 -0.1241044 -0.8503652 -0.5026727 0.1134257 -0.8570034 -0.07679587 -0.7623276 -0.642619 -0.5564141 -0.1138154 -0.8230732 -8.56402e-4 -0.9920232 0.1260522 -0.5193116 -0.1167812 -0.8465682 -0.5045006 0.3374357 -0.7947429 -0.1703942 -0.8185794 -0.5485377 -0.505584 0.318763 -0.8017325 -0.5690866 -0.1121053 -0.8145998 -0.1624283 -0.871343 -0.4630101 -0.5646866 -0.1124835 -0.8176041 -0.07940113 -0.9776364 0.1947369 -0.07548838 -0.9785473 0.1916944 -0.4428645 -0.8827148 -0.1571167 0.435297 -0.836836 0.3319972 -0.441227 -0.8879202 -0.1300631 -0.176721 -0.9652966 0.192281 0.4950432 -0.8562973 -0.1472659 0.2374198 -0.8581939 0.455121 0.06023257 -0.6987271 -0.7128483 0.4147428 -0.896569 -0.1554109 0.06200051 -0.6961979 -0.7151675 0.5022176 -0.8481059 -0.1688013 0.2502279 -0.9678145 -0.0268557 0.2574082 -0.9021986 0.3460907 0.06185364 -0.6259964 -0.777369 0.256314 -0.9009179 0.3502141 0.153082 -0.6200804 -0.7694585 0.2398632 -0.9705736 -0.02127069 0.1556224 -0.5652664 -0.810096 0.3580991 -0.8707436 0.3370022 0.9391536 -0.3266305 -0.1063156 0.5484492 -0.8012759 -0.2390823 -8.31084e-4 -0.6975302 -0.7165548 -8.13202e-4 -0.6975255 -0.7165595 0.4090606 -0.8987157 -0.1580488 0.182643 -0.9173823 0.353626 0.1551533 -0.5617383 -0.8126361 0.1791886 -0.9828425 0.04372715 0.1648802 -0.9849837 0.05120241 0.1758199 -0.9840353 -0.02760446 -0.1632537 -0.8231459 -0.5438557 0.356684 -0.8678786 0.345779 0.3578593 -0.8693829 0.3407493 -0.167259 -0.9663096 0.1956275 0.3072476 -0.4853484 -0.8185572 -0.454399 -0.8431021 0.2875769 0.2237169 -0.4965217 -0.8386995 -0.4391387 -0.8532258 0.2813588 0.4656691 -0.3268907 -0.8223714 -0.3355294 -0.9076123 0.2523093 0.2561134 -0.9010978 0.3498982 0.4648838 -0.3281193 -0.8223264 -0.3260179 -0.9135775 0.2430814 0.2563926 -0.9010812 0.3497364 0.1811125 -0.9189375 0.3503603 -0.3077704 -0.9150537 -0.2606803 -0.3313825 -0.8673592 -0.3713133 0.1702614 -0.984735 -0.0361675 -0.2343971 -0.8113783 -0.5354654 0.180826 -0.9180432 0.3528437 0.1808089 -0.9180074 0.3529456 -0.3874822 -0.8882334 0.2467771 -0.241314 -0.8627567 -0.4443178 -0.4013208 -0.882155 0.2464633 0.4342428 -0.8358946 0.3357282 -0.2243046 -0.8607707 -0.4569041 0.5193161 -0.7935608 0.3171309 0.5823513 -0.7608045 -0.286432 0.384265 -0.3413187 -0.8578124 0.3834514 -0.3414868 -0.8581094 -0.1775379 -0.9757808 0.1277974 -0.4125601 -0.8774307 -0.244764 -0.07608932 -0.9891471 0.1256919 -0.3694466 -0.8939215 -0.2537985 -0.07978206 -0.9883828 0.1293604 0.2552132 -0.8998219 0.3538174 -0.2311614 -0.95357 0.1930506 -0.465941 -0.8524947 -0.2369636 -0.5408726 -0.8408419 -0.02101826 -0.3406759 -0.920442 0.1916413 0.2555103 -0.8999003 0.353403 -0.5042192 -0.8619729 -0.05259025 -0.2421679 -0.9498659 0.1977612 0.4302398 -0.8377558 0.3362424 -0.3227893 -0.8807628 -0.3465025 -0.3905886 -0.8570233 -0.3360826 0.3544992 -0.8673108 0.3494314 -0.3388407 -0.8368841 -0.4298975 0.3559907 -0.8691421 0.3433114 -0.3857383 -0.8602465 -0.3334397 0.3258569 -0.938517 -0.1140307 0.2571743 -0.9592551 -0.1170089 0.2547948 -0.8989992 0.3562024 0.3381723 -0.9266958 -0.1639337 0.06610971 -0.8988395 0.4332633 0.3108345 -0.4116513 -0.8566943 0.06786179 -0.9970145 -0.03683489 0.06353688 -0.9970011 0.04418283 0.3099147 -0.4143422 -0.8557298 0.06890696 -0.9967813 0.04097503 -0.5616841 -0.7749608 0.2897356 0.06936484 -0.9306877 0.359178 -0.5259215 -0.805189 0.2740023 0.2179933 -0.4956007 -0.840749 0.06999713 -0.9329686 0.3530867 -0.0824849 -0.9325121 0.3515928 -0.5187528 -0.8502197 -0.08956575 -9.33263e-4 -0.9352538 0.3539766 -0.5688551 -0.8180356 -0.08498054 -9.33956e-4 -0.9356886 0.3528259 -0.5233005 -0.8433604 -0.1220647 -8.51603e-4 -0.9991562 0.04106479 -0.08248174 -0.932079 0.3527401 -9.19488e-4 -0.9991558 0.04107242 -9.33474e-4 -0.9352541 0.353976 0.8957198 -0.09149801 -0.4351024 0.5483175 -0.1826145 -0.8160882 0.5460921 -0.1829066 -0.8175137 0.3403161 -0.9195972 -0.1962804 0.5539093 -0.1129549 -0.8248792 0.5549626 -0.1818975 -0.8117449 0.1804233 -0.9168089 0.3562428 0.1801831 -0.916761 0.3564874 -0.1704412 -0.757406 -0.6303063 0.4687962 -0.8522864 -0.2320303 -0.07079535 -0.7664009 -0.6384495 0.4759702 -0.8421435 -0.2534695 0.4307777 -0.8706004 -0.2376671 0.2538354 -0.8994689 0.3557011 0.999665 -0.02316731 0.0115379 0.5249695 -0.7613213 -0.3805219 -0.2242097 -0.8195204 -0.5273674 0.352223 -0.9019373 -0.2498963 -9.31728e-4 -0.9341605 0.3568519 0.3858374 -0.8892042 -0.2458564 0.4694061 -0.2594068 -0.8440179 0.06950926 -0.9319097 0.3559672 0.06945806 -0.9309633 0.3584451 0.06957811 -0.9319521 0.355843 0.4692057 -0.1921373 -0.8619335 0.1795507 -0.915448 0.3601616 0.1816936 -0.975241 -0.126065 0.4671066 -0.2661389 -0.8431972 0.3855848 -0.2772646 -0.8800277 0.2321892 -0.9646776 -0.1244392 0.1798045 -0.9156455 0.3595327 0.3876136 -0.2767741 -0.8792906 -0.2442314 -0.961022 0.129568 -0.1684105 -0.9768916 0.1316086 0.06945806 -0.9309503 0.3584789 0.2206029 -0.4213375 -0.8796642 -9.34682e-4 -0.9341609 0.3568509 0.2200012 -0.4219329 -0.8795294 0.4887955 -0.8154078 -0.3101437 0.05972111 -0.5673217 -0.8213278 -9.33082e-4 -0.9331954 0.3593682 0.4073148 -0.8534356 -0.3251803 0.05871582 -0.6241112 -0.7791262 0.4885548 -0.8158538 -0.3093491 -9.26513e-4 -0.9331855 0.3593938 -8.34168e-4 -0.6251758 -0.7804834 0.2534155 -0.8986739 0.3580026 0.3519335 -0.8698999 0.3455675 0.4036672 -0.8540906 -0.327997 -0.6055961 -0.7738906 0.1853287 -0.4505484 -0.8568542 0.2506133 0.05950945 -0.5657984 -0.8223933 -0.5552942 -0.8000931 0.226935 -0.439208 -0.86528 0.2416332 -0.5417913 -0.806815 0.2356095 0.1784772 -0.9147787 0.3623892 -7.90926e-4 -0.6251809 -0.7804795 -8.04699e-4 -0.566789 -0.8238626 0.241944 -0.948755 -0.2032902 0.1793948 -0.9149932 0.361393 0.2470849 -0.9459599 -0.2100209 -0.07333397 -0.6991233 -0.7112305 0.06920802 -0.9296974 0.3617638 -0.07330459 -0.623519 -0.778364 0.06931066 -0.9297354 0.3616462 -0.07142525 -0.6957679 -0.7147066 0.06543058 -0.9970339 -0.04052531 -0.2346086 -0.7510957 -0.6171014 -9.09975e-4 -0.9991741 -0.04062288 -0.1572718 -0.7626839 -0.6273586 0.2507362 -0.8996986 0.3573148 -0.4098063 -0.8861003 -0.2165294 -0.4413135 -0.8370229 -0.3234736 -8.72497e-4 -0.9991746 -0.04061329 -9.24535e-4 -0.931968 0.3625392 -9.24766e-4 -0.931968 0.3625392 -0.3209105 -0.9246177 0.2051792 -7.98505e-4 -0.5667964 -0.8238576 0.0690611 -0.9285314 0.364774 -0.3280493 -0.7949684 -0.5103028 0.06897443 -0.9284275 0.3650548 -0.3093732 -0.8580891 -0.4098429 0.06888246 -0.9277047 0.366905 -0.2313655 -0.9632771 0.1362622 -9.22615e-4 -0.930745 0.3656677 -0.3417116 -0.9305127 0.1318304 -0.4031871 -0.8930333 0.1998289 -0.4294209 -0.8527181 -0.2974382 -0.456503 -0.8682487 0.1942918 -9.26431e-4 -0.930746 0.365665 -0.3851758 -0.9009257 0.1999309 0.1529257 -0.5014913 -0.8515399 0.1570984 -0.4988821 -0.8523126 0.1736168 -0.9613062 -0.2138867 0.1640796 -0.9769918 -0.1362527 0.5765295 -0.7585566 0.3036538 0.07020407 -0.9879357 -0.1380379 0.6008865 -0.742369 0.2963506 -0.39908 -0.8295372 -0.3906446 0.5725774 -0.7610991 0.3047676 -0.3710916 -0.838332 -0.3993627 -0.08135455 -0.9956489 0.04543811 -0.07549309 -0.9963045 0.04096531 -0.4512624 -0.807728 -0.3793912 -0.08061593 -0.9959235 -0.04046601 0.3124191 -0.3505799 -0.8828862 0.3116341 -0.351542 -0.882781 -0.08233869 -0.931063 0.3554463 -0.08240115 -0.9309958 0.3556079 0.4775359 -0.7852653 -0.3941039 0.470578 -0.8007845 -0.370541 -0.08226525 -0.9300342 0.3581464 -0.1629472 -0.6953245 -0.69998 -0.1587504 -0.6924192 -0.7038138 -0.08226633 -0.9300601 0.3580788 0.3872336 -0.8360947 -0.3885818 0.1548134 -0.4256648 -0.8915393 0.41748 -0.8232916 -0.3845795 0.154389 -0.4264789 -0.8912238 0.06857937 -0.927889 0.3664955 -9.25273e-4 -0.9300703 0.3673804 -0.3119669 -0.8134055 -0.4909665 0.1719676 -0.9591887 -0.2244641 0.1785023 -0.9148494 0.3621984 0.1761896 -0.9146458 0.3638411 -0.3881363 -0.7896369 -0.4752091 0.3319383 -0.8801773 -0.3392711 -0.2163429 -0.7605901 -0.6121262 0.2561734 -0.9209868 -0.2935276 -0.3286803 -0.7364798 -0.5912416 0.320548 -0.9026714 -0.287112 -9.20188e-4 -0.9300699 0.3673816 -0.3733526 -0.7965182 -0.4755698 -0.2442896 -0.8755779 0.4167562 0.3350393 -0.865572 -0.3722013 -0.1830648 -0.9186308 0.3501495 0.3403461 -0.851372 -0.3991619 0.2212036 -0.3605157 -0.9061442 0.2218273 -0.3602577 -0.9060944 -0.1827541 -0.9176903 0.3527683 -0.1827653 -0.917709 0.3527138 -0.9577816 -0.2842326 -0.04319858 -0.1803315 -0.9823648 0.04939633 -0.4958372 -0.8439863 -0.2045302 -0.167549 -0.9848318 0.04509693 -0.251721 -0.9035574 0.3467285 -0.9202251 -0.3862273 -0.06335788 -0.5381243 -0.8268307 -0.1636255 0.3135229 -0.2887656 -0.9046092 -0.182358 -0.916475 0.3561168 0.4834421 -0.7310631 -0.4814878 -0.08197975 -0.9288427 0.36129 0.315325 -0.2846198 -0.9052966 0.4740256 -0.7591825 -0.4460288 -0.0820837 -0.9287734 0.3614448 -0.5490937 -0.8008729 -0.2389534 0.4052176 -0.7875723 -0.4642506 -0.08177691 -0.9274867 0.3648025 -0.511088 -0.8233282 -0.2468191 -0.5171121 -0.8087825 -0.2801176 -0.08171349 -0.927645 0.364414 -0.1817246 -0.9152897 0.3594732 0.390942 -0.7916585 -0.4695116 0.4777619 -0.2012101 -0.8551362 0.3876774 -0.2105186 -0.8974341 -0.4314862 -0.8773965 0.2097499 -0.182127 -0.916462 0.3562684 -9.19747e-4 -0.9298751 0.3678742 -0.1786347 -0.983307 -0.03459751 -0.06947892 -0.6264895 -0.7763271 -0.077201 -0.99639 -0.03531301 0.06767296 -0.9274916 0.3676679 -0.1629661 -0.6199468 -0.7675337 0.06855386 -0.9276953 0.3669899 0.315383 -0.2166861 -0.9238943 0.2408103 -0.8912762 -0.3842359 0.3953408 -0.2102114 -0.894157 -0.4386906 -0.7721519 -0.4597087 0.2283983 -0.9251763 -0.3031219 0.5230697 -0.7955588 0.3057522 -0.4129831 -0.8363407 -0.3605263 -0.3220785 -0.9351846 0.1472927 0.4903882 -0.8084762 0.3254008 -0.2188851 -0.6879348 -0.6919792 -0.1815001 -0.9151856 0.3598516 -0.2243352 -0.6929489 -0.6851974 -9.39497e-4 -0.9897798 -0.1426013 0.06304413 -0.9878132 -0.1423047 0.06706559 -0.9714251 -0.2276739 0.4339065 -0.8407258 0.3238911 0.06025654 -0.502974 -0.8621985 -0.4568716 -0.8783472 0.1406223 -8.08776e-4 -0.5038763 -0.8637755 -0.3864302 -0.9110588 0.143679 0.408096 -0.8516032 0.3289828 0.05866193 -0.5040032 -0.8617075 -0.4035757 -0.9034687 0.1444678 -9.05176e-4 -0.9298744 0.3678763 -0.07072663 -0.5675461 -0.8202983 -0.07048684 -0.5654057 -0.8217957 0.2391819 -0.88851 -0.3915891 -0.08123093 -0.9270076 0.3661401 -0.08339029 -0.9863371 -0.1420751 -0.1813031 -0.9146171 0.3613929 -7.9178e-4 -0.5038782 -0.8637744 -0.0713703 -0.5026116 -0.8615613 -8.47475e-4 -0.9897812 -0.1425917 -0.08120071 -0.9268143 0.3666356 -0.08157837 -0.9267503 0.3667137 0.2226645 -0.2969302 -0.9285757 0.06614673 -0.9704129 -0.2322142 0.2239996 -0.2959602 -0.9285644 0.5870535 -0.763105 0.2702572 -9.04145e-4 -0.9725387 -0.2327396 0.8512789 -0.4991747 0.1617059 -0.1711979 -0.9847915 -0.02961492 0.5908728 -0.7604968 0.2692841 0.5048921 -0.8134508 0.2887592 0.5666379 -0.7767193 0.2750064 -0.2511219 -0.902287 0.3504509 -0.2503062 -0.9011982 0.3538202 -0.2509059 -0.9024178 0.3502692 0.05921417 -0.4298563 -0.9009535 -0.351993 -0.8728806 0.3379059 0.0593729 -0.4295189 -0.901104 -0.2247292 -0.615312 -0.7555712 -0.2472179 -0.967314 0.05645507 -0.230625 -0.9718084 0.04899483 -0.1574229 -0.5621837 -0.8118913 -0.3511161 -0.8717157 0.3418028 -0.2499744 -0.9010414 0.3544535 -0.1545433 -0.6235107 -0.7663881 -0.1804262 -0.9145472 0.3620083 -8.84055e-4 -0.9725422 -0.2327248 0.3301901 -0.8113293 -0.48241 -0.4174346 -0.7947453 -0.4405999 0.3210443 -0.8416271 -0.4342746 0.155239 -0.3652356 -0.9178801 -0.08014595 -0.9265304 0.367584 -0.180388 -0.9144409 0.3622956 0.1557073 -0.3648837 -0.9179407 0.2465391 -0.8609004 -0.4450494 -0.2486734 -0.9007754 0.356041 -0.1567263 -0.5643588 -0.8105158 -0.2495562 -0.9001985 0.3568813 -0.5213514 -0.82995 0.1984334 -0.5519872 -0.8032304 0.2238994 -0.3021616 -0.7575981 -0.5785702 0.4607969 -0.7110903 -0.5310524 -0.3899828 -0.732665 -0.5577772 0.3560504 -0.8745113 0.3293297 -0.315902 -0.6753063 -0.6664587 0.4075037 -0.731067 -0.5472494 0.3313516 -0.87998 0.3403548 -8.007e-4 -0.4302673 -0.9027013 0.1601743 -0.9378806 -0.3077729 -7.97813e-4 -0.4302662 -0.9027017 0.06994301 -0.9440683 -0.3222468 0.5673391 -0.7867662 0.2431564 0.1698806 -0.9015608 -0.3979057 -0.4407659 -0.7165513 -0.540629 0.1820995 -0.930692 -0.3172571 0.582022 -0.7770473 0.2396829 0.5646327 -0.7885373 0.2437188 -0.3621132 -0.7432538 -0.562537 0.5200272 -0.6043209 -0.6036289 -0.9987217 -0.05053514 -0.001033127 -0.5675463 -0.770369 -0.2905561 -0.5241988 -0.7963238 -0.3018012 -0.4988142 -0.7966514 -0.3413662 -0.4948638 -0.7767974 -0.3894813 -0.1781347 -0.9144701 0.3633351 -0.5207452 -0.7477926 -0.4118627 -0.2484608 -0.9003635 0.3572294 0.3793763 -0.7392242 -0.5564361 0.4230886 -0.8600031 0.2852907 -0.4318413 -0.8880304 0.1578453 -0.3057294 -0.6910725 -0.6549416 -0.5644531 -0.8148679 0.1318439 -0.6054366 -0.7897772 0.09848141 -0.5424929 -0.827014 0.1474772 0.4885569 -0.07788747 -0.8690487 0.4927039 -0.8260878 0.2735357 0.4771747 -0.1313359 -0.8689391 0.3948158 -0.1369432 -0.9084971 0.4893676 -0.1121229 -0.8648399 0.1690449 -0.8969174 -0.4086112 0.2540528 -0.9055085 0.33987 0.2365866 -0.908971 0.3432179 0.5395062 -0.5164115 -0.6650204 -0.315956 -0.6044583 -0.7313016 -0.2131022 -0.621691 -0.753716 0.1572756 -0.3005509 -0.9407091 -0.2438503 -0.9696049 -0.02008342 0.4054774 -0.8678039 0.2872355 -0.2363572 -0.9712342 -0.02897274 0.1563072 -0.3019266 -0.9404299 0.3445991 -0.8910779 0.29535 -0.3493736 -0.8708046 0.3458865 -0.3758702 -0.6751034 -0.6347889 0.2287104 -0.8611255 -0.4540422 -0.3666332 -0.6759306 -0.6392949 0.1739482 -0.8708884 -0.4596689 -0.3487617 -0.8716082 0.3444768 0.2383237 -0.8159793 -0.5266683 0.4015159 -0.1010523 -0.91026 0.4019602 -0.1369565 -0.9053568 -0.2453625 -0.9004924 0.3590413 0.3321442 -0.7530996 -0.5679096 -0.3483347 -0.8710702 0.3462653 0.322732 -0.7956868 -0.5125686 -0.468003 -0.8191196 0.331687 -0.2164223 -0.5581821 -0.8009957 0.4900222 -0.616136 -0.6166479 -0.4160399 -0.845503 0.3347172 0.4769294 -0.6437653 -0.5984184 -0.2170562 -0.5618032 -0.798288 0.3220059 -0.2223115 -0.9202662 0.2241252 -0.2284967 -0.947395 0.1661423 -0.9230424 0.3469719 0.383587 -0.6752026 -0.6300496 0.3216056 -0.1413041 -0.9362708 0.3937125 -0.671099 -0.6281853 0.1789662 -0.9219133 0.3435796 0.9325967 -0.3518903 0.0802285 0.5847985 -0.7852583 0.2034212 0.5820991 -0.7871359 0.2039061 -0.06947457 -0.5040585 -0.8608707 -0.1587907 -0.4991689 -0.8518308 -0.1845959 -0.9736386 -0.1339859 0.5596886 -0.8023387 0.2073674 0.05973106 -0.36884 -0.9275717 0.05954027 -0.3689922 -0.9275235 -0.07434779 -0.9878728 -0.1363076 0.4830592 -0.836538 0.2585693 0.5086756 -0.8288338 0.2329885 -0.342669 -0.9366411 0.07267284 -0.3231779 -0.9447143 0.05541533 -0.5245409 -0.694754 -0.4921113 0.5002269 -0.8383544 0.2166448 -0.4063411 -0.7439432 -0.5305048 -0.3427019 -0.939253 -0.01894527 -0.4089783 -0.9095978 0.07327044 0.4202374 -0.8737083 0.2450193 -8.04192e-4 -0.3696374 -0.9291757 -0.3819101 -0.9214127 0.07171756 0.4051802 -0.8800316 0.2477369 -8.02068e-4 -0.3696371 -0.9291758 0.2298693 -0.8136516 -0.5339768 0.1573781 -0.2327204 -0.9597257 0.332408 -0.8987308 0.285986 0.2290819 -0.2295868 -0.9459447 -0.07031768 -0.4296867 -0.9002359 -0.07836216 -0.9695572 -0.2319875 -0.3438452 -0.8712531 0.3502693 -0.4150327 -0.8445311 0.3384009 -0.4109032 -0.8460756 0.3395802 -0.07013666 -0.429224 -0.9004709 -0.07935196 -0.9709792 -0.2256166 -0.4690753 -0.8199558 0.3280864 0.06202417 -0.9429599 -0.3270773 0.2355501 -0.9259935 0.2950459 -0.1546033 -0.5008487 -0.8516151 -9.37796e-4 -0.944773 -0.3277244 -0.2191667 -0.4949318 -0.840838 0.06557381 -0.907886 -0.4140568 -0.4229553 -0.674766 -0.6048137 -0.1764905 -0.9588433 -0.2224201 0.2477105 -0.9238746 0.2917109 -0.4153674 -0.6631613 -0.6226452 -0.2533509 -0.9591478 -0.1258922 -0.1648744 -0.9778721 -0.1287736 0.05996716 -0.3055311 -0.9502919 0.06875085 -0.9351254 0.3475829 0.06376433 -0.9350165 0.348824 0.1614524 -0.8672989 -0.4708777 0.06034618 -0.3049439 -0.9504565 0.1679419 -0.8238931 -0.5412908 -9.19215e-4 -0.9373363 0.3484246 -0.2993816 -0.6188641 -0.726208 0.06500792 -0.9058179 -0.41865 -8.49613e-4 -0.9373375 0.3484216 -0.3771477 -0.6015749 -0.7041783 -0.3059579 -0.5485649 -0.7781171 -0.08306592 -0.9415209 -0.3265554 -8.79415e-4 -0.9077295 -0.4195551 -8.2912e-4 -0.9447769 -0.327713 0.5518782 -0.8174781 0.1648026 -0.1564825 -0.4261769 -0.891003 0.5582365 -0.8133115 0.1640016 -0.1560758 -0.4257347 -0.8912857 0.5804166 -0.7983302 0.1605786 -0.3252213 -0.9456371 0.001282572 -8.11664e-4 -0.3060731 -0.9520077 -8.07516e-4 -0.3060719 -0.952008 -8.74744e-4 -0.9077319 -0.4195499 0.4985076 -0.8499613 0.1704582 0.4896839 -0.8504083 0.1923938 -0.3041327 -0.5575038 -0.7724589 -0.4633052 -0.8212821 0.3329325 -0.172863 -0.9608904 -0.2163515 -0.4269305 -0.5893946 -0.6858166 0.3456949 -0.9069526 0.2406909 -0.3590161 -0.6074889 -0.7085652 -0.3660077 -0.5452998 -0.754113 -0.3897936 -0.9209005 0.001763999 0.3290305 -0.9091696 0.2552444 -0.3645602 -0.5467528 -0.7537621 -0.403027 -0.9151769 0.004535257 0.165506 -0.9403694 0.2971754 0.9996233 -0.02614641 0.008344948 0.312368 -0.05222898 -0.9485244 0.8895177 -0.2612177 -0.3748648 0.2288813 -0.15227 -0.9614714 0.3274444 -0.1040406 -0.939125 0.1744821 -0.9400233 0.2931077 0.2388204 -0.7558245 -0.6096673 0.327851 -0.1479985 -0.9330649 0.4220912 -0.8844327 0.1990422 -0.2133967 -0.4979383 -0.840547 0.4025781 -0.8928256 0.2019734 0.3117811 -0.7400078 -0.5959706 0.3435557 -0.9162196 0.2061824 -0.3086775 -0.4854418 -0.8179636 0.2462507 -0.9374849 0.2459325 0.1609543 -0.2346157 -0.9586706 0.5337492 -0.4531809 -0.7139601 0.06039392 -0.237133 -0.9695981 0.2360807 -0.9391722 0.2494423 -0.4562417 -0.8852644 0.09027981 -0.07051998 -0.3685247 -0.9269393 -0.432645 -0.8986416 0.0725376 -0.07563316 -0.9346588 0.3474084 0.3948138 -0.6003539 -0.6954836 -0.07074207 -0.3687255 -0.9268425 -0.4973163 -0.6471494 -0.5778185 -0.08133965 -0.9336576 0.3488084 -0.5237941 -0.6954521 -0.4919208 -0.5181549 -0.6981616 -0.4940506 0.4570725 -0.581988 -0.672588 0.46284 -0.5420659 -0.701387 -0.5549408 -0.7716856 0.3107125 -0.2154749 -0.4216152 -0.8808014 0.1621289 -0.8186421 -0.550944 -0.5892867 -0.7300692 0.346035 -0.5862097 -0.7343035 0.3422812 -0.2160273 -0.4223967 -0.8802916 0.9905624 -0.1357451 0.01895713 0.2335267 -0.1536488 -0.960134 0.1608325 -0.15583 -0.9746024 0.3762911 -0.6042574 -0.7023375 0.577787 -0.8092802 0.1059616 0.5840526 -0.8049192 0.1048216 0.5491528 -0.8286939 0.1081547 -0.5115445 -0.57256 -0.6407007 -0.4053958 -0.6073673 -0.6831977 -8.91847e-4 -0.9551 0.2962823 0.4685276 -0.4721161 -0.7467183 0.06357502 -0.9526842 0.297239 -0.4132928 -0.5352492 -0.73668 -0.4137561 -0.5443563 -0.7297137 0.463615 -0.5229202 -0.7152731 0.383404 -0.5440123 -0.7463591 0.06697803 -0.9529581 0.2956093 -0.2259821 -0.9670996 -0.1168354 0.2333124 -0.115298 -0.9655422 -0.2424015 -0.9465649 -0.2127355 0.2408643 -0.1066384 -0.9646826 -0.35295 -0.9289888 -0.1113834 -0.1682822 -0.923507 0.3446968 0.2453507 -0.1016515 -0.9640902 -0.1806215 -0.9209108 0.3453971 -0.1573911 -0.3650727 -0.9175784 -0.156924 -0.3649051 -0.917725 0.4906992 -0.8599665 0.1402567 0.3820871 -0.5436012 -0.7473334 0.5608578 -0.3687599 -0.7412521 -0.07146853 -0.3053015 -0.9495701 -0.07102376 -0.3044958 -0.949862 0.4224092 -0.8948165 0.1444781 0.168172 -0.7627557 -0.6244372 -8.12324e-4 -0.2384427 -0.9711562 0.4036329 -0.9030393 0.1469706 0.0617969 -0.237994 -0.9692987 0.2216296 -0.7548018 -0.6173772 0.5390433 -0.3747259 -0.7543295 -8.47532e-4 -0.9550988 0.2962861 -0.07934969 -0.9520909 0.2953414 -0.3005465 -0.4923128 -0.8168843 0.5404533 -0.3742635 -0.7535497 -0.3044572 -0.4126228 -0.8585152 -0.4187046 -0.4707523 -0.7765814 0.1659626 -0.9538285 0.2503349 0.3226114 -0.672989 -0.6655883 -0.3604428 -0.4821096 -0.7985307 0.321232 -0.6169611 -0.7184491 -0.3695408 -0.4811093 -0.7949676 0.1735226 -0.9536843 0.2457159 0.3116763 -0.6927396 -0.6503612 0.3316631 -0.92373 0.1916308 -8.23771e-4 -0.2384414 -0.9711565 -0.07152825 -0.2378401 -0.968667 0.113965 -0.0422827 -0.9925845 -0.2367355 -0.9503051 -0.2021796 0.1579782 -0.1034537 -0.9820082 0.3438831 -0.9270469 0.1494265 0.1641888 -0.1580657 -0.9736824 -9.05191e-4 -0.876246 -0.4818633 0.1640329 -0.1168748 -0.9795068 0.06187587 -0.8769499 -0.4765818 0.1602441 -0.1083583 -0.9811118 0.5484833 -0.8345053 0.05260252 0.5743789 -0.8170087 0.05084979 0.06175863 -0.1598372 -0.9852097 0.06727427 -0.8742713 -0.4807534 -0.1580055 -0.3008365 -0.9404954 0.06472688 -0.8276478 -0.557503 -0.2322043 -0.9108088 0.3413335 -0.5652538 -0.824916 0.001257896 -0.1589724 -0.301582 -0.9400936 -0.440984 -0.8975023 0.004781842 -0.4488863 -0.8931976 0.02644258 -0.2484711 -0.9060896 0.3424379 0.2481037 -0.949235 0.1933847 -8.32396e-4 -0.8762521 -0.4818524 0.2350283 -0.9517257 0.197433 -0.3035774 -0.4147365 -0.8578079 0.06661081 -0.9666817 0.2471628 0.06379401 -0.9663819 0.2490711 -0.2166374 -0.3606152 -0.9072072 0.2229741 -0.692403 -0.6861929 -0.2172426 -0.3608919 -0.9069524 -0.8919453 -0.317523 -0.3218894</float_array>
          <technique_common>
            <accessor source="#link_4-mesh-normals-array" count="6528" stride="3">
              <param name="X" type="float"/>
              <param name="Y" type="float"/>
              <param name="Z" type="float"/>
            </accessor>
          </technique_common>
        </source>
        <vertices id="link_4-mesh-vertices">
          <input semantic="POSITION" source="#link_4-mesh-positions"/>
        </vertices>
        <triangles material="Material_001-material" count="4656">
          <input semantic="VERTEX" source="#link_4-mesh-vertices" offset="0"/>
          <input semantic="NORMAL" source="#link_4-mesh-normals" offset="1"/>
          <p>0 0 1 0 2 0 3 1 0 1 2 1 1 2 4 2 5 2 2 3 1 3 5 3 4 4 6 4 7 4 5 5 4 5 7 5 7 6 6 6 8 6 6 7 9 7 10 7 8 8 6 8 10 8 9 9 11 9 12 9 10 10 9 10 12 10 11 11 13 11 14 11 13 12 15 12 14 12 12 13 11 13 14 13 16 14 17 14 3 14 16 15 3 15 2 15 18 16 15 16 19 16 14 17 15 17 18 17 20 18 21 18 22 18 23 19 24 19 22 19 25 20 23 20 26 20 23 21 22 21 26 21 22 22 21 22 27 22 26 23 22 23 27 23 26 24 27 24 28 24 25 25 26 25 29 25 30 26 25 26 29 26 26 27 28 27 29 27 29 28 28 28 31 28 32 29 30 29 33 29 30 30 29 30 33 30 29 31 31 31 34 31 33 32 29 32 34 32 35 33 32 33 36 33 32 34 33 34 36 34 33 35 34 35 36 35 35 36 36 36 37 36 36 37 34 37 37 37 38 38 39 38 40 38 41 39 38 39 40 39 21 40 41 40 40 40 27 41 21 41 40 41 28 42 27 42 40 42 31 43 28 43 40 43 34 44 31 44 40 44 40 45 39 45 42 45 37 46 34 46 42 46 34 47 40 47 42 47 42 48 39 48 43 48 37 49 42 49 43 49 44 50 35 50 45 50 46 51 44 51 45 51 39 52 46 52 45 52 35 53 37 53 45 53 43 54 39 54 45 54 37 55 43 55 45 55 47 56 48 56 49 56 50 57 47 57 51 57 48 58 52 58 53 58 49 59 48 59 53 59 53 60 52 60 54 60 47 61 49 61 55 61 51 62 47 62 55 62 55 63 49 63 56 63 49 64 53 64 56 64 57 65 50 65 58 65 51 66 55 66 58 66 50 67 51 67 58 67 52 68 59 68 60 68 54 69 52 69 60 69 61 70 57 70 62 70 57 71 58 71 62 71 60 72 59 72 63 72 53 73 54 73 64 73 56 74 53 74 64 74 63 75 59 75 65 75 54 76 60 76 66 76 64 77 54 77 66 77 58 78 55 78 67 78 55 79 56 79 67 79 67 80 56 80 68 80 56 81 64 81 68 81 61 82 62 82 69 82 59 83 70 83 71 83 65 84 59 84 71 84 67 85 68 85 72 85 58 86 67 86 72 86 62 87 58 87 72 87 69 88 62 88 72 88 66 89 60 89 73 89 72 90 68 90 74 90 61 91 69 91 75 91 61 92 75 92 76 92 61 93 76 93 77 93 71 94 70 94 78 94 74 95 68 95 79 95 64 96 66 96 79 96 68 97 64 97 79 97 61 98 77 98 80 98 61 99 80 99 81 99 61 100 81 100 82 100 60 101 63 101 83 101 73 102 60 102 83 102 78 103 70 103 84 103 70 104 85 104 84 104 83 105 63 105 86 105 63 106 65 106 86 106 79 107 66 107 87 107 66 108 73 108 87 108 69 109 72 109 88 109 72 110 74 110 88 110 88 111 74 111 89 111 79 112 87 112 90 112 89 113 74 113 90 113 74 114 79 114 90 114 61 115 82 115 91 115 92 116 61 116 93 116 93 117 91 117 61 117 76 118 75 118 94 118 75 119 69 119 94 119 69 120 88 120 94 120 90 121 87 121 95 121 88 122 89 122 96 122 94 123 88 123 96 123 77 124 76 124 97 124 94 125 96 125 97 125 76 126 94 126 97 126 80 127 77 127 98 127 77 128 97 128 98 128 87 129 73 129 99 129 95 130 87 130 99 130 73 131 83 131 99 131 97 132 96 132 100 132 98 133 97 133 100 133 98 134 100 134 101 134 84 135 85 135 102 135 102 136 85 136 103 136 86 137 65 137 104 137 71 138 78 138 104 138 65 139 71 139 104 139 105 140 106 140 107 140 106 141 92 141 107 141 93 142 105 142 107 142 92 143 93 143 107 143 81 144 80 144 108 144 80 145 98 145 108 145 98 146 101 146 108 146 82 147 81 147 109 147 81 148 108 148 109 148 109 149 108 149 110 149 101 150 111 150 110 150 108 151 101 151 110 151 82 152 109 152 112 152 110 153 111 153 113 153 112 154 109 154 113 154 109 155 110 155 113 155 113 156 111 156 114 156 112 157 113 157 114 157 95 158 99 158 115 158 89 159 90 159 116 159 90 160 95 160 116 160 104 161 78 161 117 161 83 162 86 162 118 162 115 163 99 163 118 163 99 164 83 164 118 164 85 165 119 165 120 165 103 166 85 166 120 166 86 167 104 167 121 167 118 168 86 168 121 168 95 169 115 169 122 169 116 170 95 170 122 170 82 171 112 171 123 171 105 172 93 172 123 172 91 173 82 173 123 173 93 174 91 174 123 174 120 175 119 175 124 175 89 176 116 176 125 176 96 177 89 177 125 177 100 178 96 178 125 178 111 179 105 179 126 179 123 180 112 180 126 180 114 181 111 181 126 181 105 182 123 182 126 182 112 183 114 183 126 183 100 184 125 184 127 184 101 185 100 185 127 185 101 186 127 186 128 186 111 187 101 187 128 187 78 188 84 188 129 188 117 189 78 189 129 189 115 190 118 190 130 190 125 191 116 191 131 191 116 192 122 192 131 192 127 193 125 193 131 193 130 194 118 194 132 194 118 195 121 195 132 195 128 196 127 196 133 196 127 197 131 197 133 197 134 198 111 198 135 198 111 199 128 199 135 199 133 200 134 200 135 200 128 201 133 201 135 201 122 202 115 202 136 202 131 203 122 203 136 203 137 204 138 204 139 204 119 205 137 205 139 205 124 206 119 206 139 206 121 207 104 207 140 207 104 208 117 208 140 208 134 209 133 209 141 209 133 210 131 210 141 210 131 211 136 211 141 211 84 212 102 212 142 212 129 213 84 213 142 213 142 214 102 214 143 214 102 215 103 215 143 215 117 216 129 216 144 216 140 217 117 217 144 217 115 218 130 218 145 218 136 219 115 219 145 219 121 220 140 220 146 220 132 221 121 221 146 221 140 222 144 222 146 222 132 223 146 223 147 223 130 224 132 224 147 224 145 225 130 225 147 225 144 226 129 226 148 226 129 227 142 227 148 227 146 228 144 228 149 228 150 229 134 229 151 229 147 230 150 230 151 230 145 231 147 231 151 231 134 232 141 232 151 232 141 233 136 233 151 233 136 234 145 234 151 234 143 235 103 235 152 235 103 236 120 236 152 236 152 237 120 237 153 237 120 238 124 238 153 238 124 239 139 239 153 239 144 240 148 240 154 240 149 241 144 241 154 241 146 242 149 242 155 242 147 243 146 243 155 243 153 244 139 244 156 244 139 245 138 245 156 245 142 246 143 246 157 246 148 247 142 247 157 247 143 248 152 248 158 248 157 249 143 249 158 249 155 250 149 250 159 250 147 251 155 251 160 251 150 252 147 252 160 252 161 253 150 253 162 253 150 254 160 254 162 254 154 255 148 255 163 255 148 256 157 256 163 256 157 257 158 257 164 257 163 258 157 258 164 258 155 259 159 259 165 259 160 260 155 260 165 260 162 261 160 261 165 261 159 262 149 262 166 262 149 263 154 263 166 263 161 264 162 264 167 264 162 265 165 265 167 265 158 266 152 266 168 266 152 267 153 267 168 267 169 268 161 268 170 268 161 269 167 269 170 269 168 270 153 270 171 270 138 271 172 271 171 271 156 272 138 272 171 272 153 273 156 273 171 273 159 274 166 274 173 274 165 275 159 275 173 275 167 276 165 276 174 276 165 277 173 277 174 277 170 278 167 278 175 278 167 279 174 279 175 279 168 280 171 280 176 280 164 281 158 281 176 281 158 282 168 282 176 282 176 283 171 283 177 283 154 284 163 284 178 284 166 285 154 285 178 285 163 286 164 286 178 286 169 287 170 287 179 287 170 288 175 288 179 288 178 289 164 289 180 289 174 290 173 290 181 290 173 291 166 291 181 291 166 292 178 292 181 292 178 293 180 293 182 293 181 294 178 294 182 294 171 295 172 295 183 295 177 296 171 296 183 296 174 297 181 297 184 297 175 298 174 298 184 298 181 299 182 299 184 299 175 300 184 300 185 300 184 301 182 301 186 301 185 302 184 302 186 302 185 303 186 303 24 303 180 304 164 304 187 304 164 305 176 305 187 305 176 306 177 306 187 306 187 307 177 307 188 307 172 308 39 308 188 308 183 309 172 309 188 309 177 310 183 310 188 310 185 311 24 311 189 311 179 312 175 312 189 312 175 313 185 313 189 313 179 314 189 314 190 314 169 315 179 315 190 315 189 316 24 316 23 316 32 317 169 317 191 317 169 318 190 318 191 318 190 319 189 319 25 319 189 320 23 320 25 320 191 321 190 321 25 321 32 322 191 322 30 322 191 323 25 323 30 323 180 324 187 324 192 324 182 325 180 325 192 325 188 326 39 326 38 326 187 327 188 327 38 327 192 328 187 328 38 328 186 329 182 329 193 329 182 330 192 330 193 330 192 331 38 331 193 331 186 332 193 332 20 332 24 333 186 333 20 333 193 334 38 334 41 334 20 335 193 335 41 335 20 336 41 336 21 336 24 337 20 337 22 337 194 338 195 338 196 338 197 339 198 339 199 339 197 340 199 340 200 340 201 341 202 341 203 341 197 342 200 342 204 342 201 343 203 343 205 343 206 344 207 344 208 344 209 345 210 345 211 345 212 346 197 346 204 346 213 347 214 347 202 347 215 348 216 348 217 348 213 349 202 349 201 349 213 350 218 350 214 350 209 351 219 351 220 351 209 352 211 352 219 352 221 353 222 353 223 353 224 354 225 354 226 354 227 355 228 355 216 355 227 356 216 356 215 356 221 357 229 357 222 357 230 358 231 358 195 358 232 359 198 359 197 359 230 360 195 360 194 360 224 361 233 361 225 361 224 362 234 362 233 362 232 363 197 363 212 363 235 364 236 364 237 364 235 365 238 365 236 365 239 366 232 366 212 366 240 367 241 367 242 367 243 368 196 368 218 368 244 369 245 369 246 369 244 370 246 370 247 370 243 371 218 371 213 371 240 372 242 372 248 372 244 373 204 373 245 373 249 374 194 374 196 374 249 375 196 375 243 375 250 376 251 376 252 376 253 377 210 377 209 377 253 378 237 378 210 378 254 379 194 379 249 379 250 380 217 380 251 380 255 381 256 381 257 381 255 382 257 382 231 382 258 383 241 383 240 383 255 384 231 384 230 384 258 385 259 385 241 385 260 386 237 386 253 386 261 387 204 387 244 387 262 388 263 388 256 388 260 389 235 389 237 389 262 390 256 390 255 390 264 391 215 391 217 391 265 392 223 392 263 392 266 393 234 393 224 393 264 394 217 394 250 394 265 395 263 395 262 395 265 396 262 396 267 396 268 397 208 397 259 397 269 398 265 398 267 398 270 399 228 399 227 399 269 400 267 400 229 400 269 401 221 401 223 401 268 402 259 402 258 402 269 403 229 403 221 403 271 404 212 404 204 404 269 405 223 405 265 405 272 406 230 406 194 406 273 407 206 407 208 407 271 408 239 408 212 408 273 409 208 409 268 409 271 410 204 410 261 410 272 411 194 411 254 411 274 412 255 412 230 412 275 413 248 413 234 413 274 414 230 414 272 414 276 415 277 415 278 415 274 416 262 416 255 416 276 417 279 417 277 417 274 418 267 418 262 418 275 419 234 419 266 419 280 420 201 420 205 420 281 421 239 421 271 421 280 422 213 422 201 422 282 423 235 423 260 423 283 424 243 424 213 424 284 425 238 425 235 425 283 426 213 426 280 426 285 427 286 427 279 427 287 428 288 428 289 428 287 429 289 429 290 429 285 430 279 430 276 430 291 431 249 431 243 431 292 432 293 432 294 432 295 433 252 433 198 433 296 434 297 434 207 434 291 435 243 435 283 435 298 436 292 436 294 436 295 437 198 437 232 437 295 438 250 438 252 438 299 439 280 439 205 439 296 440 300 440 297 440 299 441 283 441 280 441 296 442 207 442 206 442 301 443 227 443 215 443 302 444 283 444 299 444 303 445 296 445 206 445 301 446 270 446 227 446 304 447 250 447 295 447 305 448 249 448 291 448 305 449 254 449 249 449 306 450 238 450 284 450 306 451 307 451 238 451 304 452 264 452 250 452 308 453 309 453 267 453 308 454 267 454 274 454 310 455 311 455 300 455 308 456 272 456 254 456 312 457 313 457 314 457 308 458 274 458 272 458 310 459 296 459 303 459 312 460 314 460 228 460 308 461 305 461 309 461 312 462 228 462 270 462 308 463 254 463 305 463 310 464 300 464 296 464 315 465 316 465 286 465 317 466 291 466 283 466 317 467 305 467 291 467 317 468 283 468 302 468 318 469 205 469 319 469 318 470 299 470 205 470 320 471 310 471 303 471 315 472 286 472 285 472 321 473 301 473 215 473 322 474 240 474 248 474 323 475 299 475 318 475 323 476 302 476 299 476 324 477 305 477 317 477 321 478 215 478 264 478 324 479 325 479 309 479 322 480 248 480 275 480 324 481 309 481 305 481 326 482 317 482 302 482 327 483 328 483 329 483 330 484 304 484 295 484 330 485 295 485 232 485 326 486 324 486 317 486 330 487 232 487 239 487 326 488 325 488 324 488 326 489 302 489 323 489 327 490 331 490 328 490 332 491 307 491 306 491 333 492 330 492 239 492 334 493 318 493 319 493 332 494 290 494 307 494 332 495 287 495 290 495 334 496 323 496 318 496 333 497 239 497 281 497 335 498 316 498 315 498 336 499 326 499 323 499 336 500 325 500 326 500 336 501 323 501 334 501 335 502 337 502 316 502 336 503 293 503 325 503 338 504 258 504 240 504 339 505 336 505 334 505 339 506 293 506 336 506 338 507 240 507 322 507 339 508 334 508 319 508 340 509 270 509 301 509 294 510 293 510 339 510 294 511 339 511 319 511 341 512 342 512 331 512 341 513 226 513 342 513 343 514 292 514 298 514 341 515 331 515 327 515 340 516 312 516 270 516 344 517 304 517 330 517 345 518 292 518 343 518 345 519 346 519 292 519 344 520 330 520 333 520 347 521 258 521 338 521 348 522 343 522 298 522 347 523 273 523 268 523 347 524 268 524 258 524 349 525 344 525 333 525 350 526 345 526 343 526 351 527 337 527 335 527 351 528 247 528 337 528 350 529 346 529 345 529 350 530 343 530 348 530 352 531 206 531 273 531 352 532 303 532 206 532 353 533 348 533 298 533 353 534 298 534 354 534 355 535 264 535 304 535 356 536 235 536 282 536 355 537 304 537 344 537 357 538 350 538 348 538 356 539 284 539 235 539 357 540 348 540 353 540 356 541 306 541 284 541 358 542 352 542 273 542 355 543 321 543 264 543 358 544 273 544 347 544 359 545 301 545 321 545 359 546 340 546 301 546 360 547 350 547 357 547 361 548 320 548 303 548 361 549 303 549 352 549 362 550 346 550 350 550 362 551 350 551 360 551 363 552 333 552 281 552 364 553 226 553 341 553 363 554 349 554 333 554 365 555 353 555 354 555 365 556 357 556 353 556 366 557 313 557 312 557 366 558 312 558 340 558 367 559 368 559 346 559 364 560 224 560 226 560 367 561 346 561 362 561 369 562 306 562 356 562 370 563 247 563 351 563 370 564 244 564 247 564 371 565 372 565 311 565 373 566 357 566 365 566 371 567 311 567 310 567 374 568 349 568 363 568 375 569 360 569 357 569 371 570 310 570 320 570 375 571 357 571 373 571 376 572 313 572 366 572 377 573 344 573 349 573 378 574 365 574 354 574 377 575 355 575 344 575 379 576 224 576 364 576 380 577 373 577 365 577 380 578 365 578 378 578 381 579 362 579 360 579 382 580 371 580 320 580 381 581 360 581 375 581 383 582 306 582 369 582 384 583 377 583 349 583 383 584 332 584 306 584 384 585 349 585 374 585 385 586 355 586 377 586 385 587 359 587 321 587 386 588 367 588 362 588 385 589 321 589 355 589 386 590 362 590 381 590 387 591 266 591 224 591 388 592 389 592 390 592 387 593 224 593 379 593 391 594 375 594 373 594 391 595 373 595 380 595 387 596 275 596 266 596 392 597 340 597 359 597 392 598 366 598 340 598 393 599 394 599 372 599 395 600 389 600 388 600 396 601 375 601 391 601 397 602 389 602 395 602 398 603 285 603 276 603 396 604 381 604 375 604 393 605 372 605 371 605 398 606 276 606 278 606 398 607 315 607 285 607 393 608 371 608 382 608 398 609 335 609 315 609 398 610 351 610 335 610 399 611 400 611 389 611 401 612 368 612 367 612 402 613 366 613 392 613 401 614 367 614 386 614 402 615 376 615 366 615 399 616 389 616 397 616 403 617 400 617 399 617 404 618 393 618 382 618 405 619 386 619 381 619 406 620 382 620 320 620 405 621 381 621 396 621 406 622 320 622 361 622 407 623 244 623 370 623 407 624 261 624 244 624 408 625 378 625 354 625 409 626 400 626 403 626 410 627 275 627 387 627 411 628 261 628 407 628 412 629 380 629 378 629 411 630 271 630 261 630 413 631 414 631 288 631 413 632 287 632 332 632 412 633 378 633 408 633 413 634 332 634 383 634 415 635 395 635 388 635 415 636 388 636 390 636 413 637 288 637 287 637 416 638 385 638 377 638 416 639 377 639 384 639 417 640 380 640 412 640 417 641 391 641 380 641 418 642 352 642 358 642 419 643 352 643 418 643 420 644 395 644 415 644 421 645 416 645 384 645 419 646 361 646 352 646 422 647 401 647 386 647 420 648 397 648 395 648 422 649 386 649 405 649 423 650 384 650 374 650 423 651 421 651 384 651 424 652 394 652 393 652 425 653 359 653 385 653 426 654 412 654 408 654 424 655 220 655 394 655 424 656 393 656 404 656 425 657 392 657 359 657 427 658 400 658 409 658 428 659 400 659 427 659 425 660 385 660 416 660 429 661 417 661 412 661 429 662 412 662 426 662 430 663 424 663 404 663 431 664 271 664 411 664 432 665 396 665 391 665 433 666 404 666 382 666 431 667 281 667 271 667 433 668 382 668 406 668 434 669 400 669 428 669 432 670 391 670 417 670 435 671 363 671 281 671 435 672 281 672 431 672 436 673 338 673 322 673 436 674 322 674 275 674 437 675 397 675 420 675 438 676 405 676 396 676 436 677 275 677 410 677 438 678 396 678 432 678 439 679 402 679 392 679 439 680 392 680 425 680 440 681 439 681 425 681 441 682 432 682 417 682 441 683 438 683 432 683 441 684 417 684 429 684 442 685 209 685 220 685 440 686 416 686 421 686 442 687 220 687 424 687 443 688 405 688 438 688 444 689 400 689 434 689 445 690 399 690 397 690 440 691 425 691 416 691 446 692 440 692 421 692 442 693 424 693 430 693 443 694 422 694 405 694 445 695 397 695 437 695 447 696 401 696 422 696 445 697 403 697 399 697 448 698 401 698 447 698 449 699 442 699 430 699 450 700 390 700 328 700 450 701 415 701 390 701 451 702 421 702 423 702 452 703 440 703 446 703 453 704 443 704 438 704 454 705 338 705 436 705 452 706 439 706 440 706 453 707 438 707 441 707 455 708 456 708 414 708 457 709 415 709 450 709 458 710 452 710 446 710 455 711 414 711 413 711 459 712 401 712 448 712 455 713 413 713 383 713 457 714 420 714 415 714 459 715 460 715 368 715 461 716 347 716 338 716 461 717 358 717 347 717 462 718 403 718 445 718 459 719 368 719 401 719 463 720 421 720 451 720 463 721 458 721 446 721 461 722 338 722 454 722 464 723 443 723 453 723 463 724 446 724 421 724 465 725 422 725 443 725 466 726 430 726 404 726 467 727 458 727 463 727 465 728 447 728 422 728 466 729 404 729 433 729 468 730 437 730 420 730 469 731 358 731 461 731 469 732 418 732 358 732 468 733 445 733 437 733 468 734 420 734 457 734 470 735 408 735 471 735 472 736 374 736 363 736 472 737 363 737 435 737 473 738 406 738 361 738 474 739 403 739 462 739 470 740 426 740 408 740 473 741 433 741 406 741 473 742 361 742 419 742 475 743 443 743 464 743 476 744 430 744 466 744 474 745 409 745 403 745 475 746 465 746 443 746 474 747 427 747 409 747 477 748 462 748 445 748 478 749 374 749 472 749 479 750 429 750 426 750 478 751 423 751 374 751 476 752 449 752 430 752 477 753 445 753 468 753 479 754 426 754 470 754 480 755 462 755 477 755 481 756 313 756 376 756 482 757 341 757 327 757 481 758 376 758 402 758 483 759 484 759 400 759 485 760 448 760 447 760 486 761 313 761 481 761 485 762 447 762 465 762 482 763 327 763 329 763 487 764 313 764 486 764 483 765 400 765 444 765 487 766 488 766 313 766 489 767 429 767 479 767 489 768 441 768 429 768 490 769 484 769 483 769 491 770 481 770 402 770 489 771 453 771 441 771 492 772 428 772 427 772 491 773 402 773 439 773 493 774 341 774 482 774 494 775 459 775 448 775 492 776 427 776 474 776 495 777 481 777 491 777 494 778 448 778 485 778 496 779 466 779 433 779 497 780 474 780 462 780 495 781 486 781 481 781 496 782 433 782 473 782 497 783 462 783 480 783 498 784 487 784 486 784 499 785 453 785 489 785 500 786 434 786 428 786 501 787 364 787 341 787 502 788 459 788 494 788 498 789 486 789 495 789 502 790 460 790 459 790 500 791 428 791 492 791 503 792 423 792 478 792 503 793 451 793 423 793 501 794 341 794 493 794 504 795 465 795 475 795 504 796 494 796 485 796 505 797 482 797 329 797 506 798 434 798 500 798 507 799 351 799 398 799 504 800 485 800 465 800 507 801 398 801 508 801 505 802 493 802 482 802 509 803 444 803 434 803 507 804 407 804 370 804 507 805 370 805 351 805 510 806 493 806 505 806 507 807 411 807 407 807 511 808 470 808 471 808 507 809 431 809 411 809 511 810 479 810 470 810 509 811 434 811 506 811 512 812 439 812 452 812 512 813 491 813 439 813 513 814 379 814 364 814 513 815 364 815 501 815 514 816 484 816 490 816 515 817 494 817 504 817 512 818 495 818 491 818 516 819 314 819 460 819 513 820 387 820 379 820 516 821 460 821 502 821 517 822 500 822 492 822 517 823 492 823 474 823 518 824 452 824 458 824 517 825 474 825 497 825 519 826 464 826 453 826 518 827 512 827 452 827 520 828 418 828 469 828 519 829 453 829 499 829 520 830 419 830 418 830 521 831 489 831 479 831 521 832 479 832 511 832 522 833 506 833 500 833 523 834 431 834 507 834 523 835 507 835 508 835 524 836 466 836 496 836 522 837 500 837 517 837 523 838 435 838 431 838 524 839 476 839 466 839 525 840 498 840 495 840 526 841 502 841 494 841 527 842 387 842 513 842 525 843 495 843 512 843 526 844 494 844 515 844 525 845 512 845 518 845 528 846 506 846 522 846 529 847 314 847 516 847 529 848 516 848 502 848 529 849 502 849 526 849 530 850 419 850 520 850 531 851 525 851 518 851 532 852 509 852 506 852 530 853 473 853 419 853 533 854 511 854 471 854 534 855 498 855 525 855 532 856 506 856 528 856 535 857 513 857 501 857 534 858 525 858 531 858 535 859 493 859 510 859 536 860 499 860 489 860 535 861 501 861 493 861 537 862 484 862 514 862 536 863 489 863 521 863 538 864 534 864 531 864 539 865 483 865 444 865 540 866 487 866 498 866 539 867 444 867 509 867 540 868 488 868 487 868 541 869 475 869 464 869 542 870 209 870 442 870 539 871 490 871 483 871 541 872 464 872 519 872 542 873 253 873 209 873 543 874 463 874 451 874 539 875 509 875 532 875 543 876 451 876 503 876 544 877 514 877 490 877 545 878 511 878 533 878 546 879 458 879 467 879 545 880 521 880 511 880 547 881 542 881 442 881 544 882 490 882 539 882 548 883 499 883 536 883 547 884 442 884 449 884 546 885 518 885 458 885 548 886 519 886 499 886 546 887 531 887 518 887 549 888 484 888 537 888 550 889 253 889 542 889 550 890 542 890 547 890 551 891 552 891 484 891 553 892 541 892 519 892 550 893 260 893 253 893 551 894 484 894 549 894 553 895 519 895 548 895 554 896 476 896 524 896 555 897 531 897 546 897 556 898 540 898 498 898 556 899 498 899 534 899 557 900 550 900 547 900 297 901 539 901 532 901 556 902 534 902 538 902 558 903 527 903 513 903 297 904 544 904 539 904 559 905 536 905 521 905 559 906 521 906 545 906 558 907 513 907 535 907 560 908 471 908 561 908 300 909 544 909 297 909 562 910 538 910 531 910 562 911 531 911 555 911 560 912 533 912 471 912 563 913 260 913 550 913 563 914 550 914 557 914 564 915 533 915 560 915 563 916 282 916 260 916 565 917 514 917 544 917 566 918 556 918 538 918 565 919 537 919 514 919 567 920 467 920 463 920 564 921 545 921 533 921 568 922 563 922 557 922 567 923 463 923 543 923 569 924 387 924 527 924 570 925 537 925 565 925 571 926 548 926 536 926 569 927 410 927 387 927 571 928 536 928 559 928 570 929 549 929 537 929 311 930 570 930 565 930 572 931 467 931 567 931 311 932 565 932 544 932 572 933 546 933 467 933 573 934 515 934 504 934 574 935 527 935 558 935 575 936 508 936 576 936 573 937 504 937 475 937 575 938 472 938 435 938 573 939 475 939 541 939 577 940 449 940 476 940 311 941 544 941 300 941 577 942 547 942 449 942 578 943 549 943 570 943 575 944 523 944 508 944 578 945 551 945 549 945 575 946 435 946 523 946 579 947 488 947 540 947 579 948 540 948 556 948 580 949 526 949 515 949 577 950 476 950 554 950 372 951 570 951 311 951 581 952 472 952 575 952 581 953 575 953 576 953 580 954 515 954 573 954 582 955 547 955 577 955 581 956 478 956 472 956 582 957 557 957 547 957 583 958 473 958 530 958 584 959 552 959 551 959 583 960 496 960 473 960 585 961 548 961 571 961 586 962 538 962 562 962 586 963 566 963 538 963 585 964 553 964 548 964 587 965 569 965 527 965 588 966 589 966 488 966 590 967 573 967 541 967 587 968 527 968 574 968 588 969 488 969 579 969 219 970 551 970 578 970 591 971 579 971 556 971 592 972 356 972 282 972 590 973 541 973 553 973 593 974 552 974 584 974 594 975 545 975 564 975 591 976 556 976 566 976 592 977 282 977 563 977 592 978 563 978 568 978 595 979 457 979 450 979 596 980 591 980 566 980 595 981 450 981 328 981 597 982 568 982 557 982 594 983 559 983 545 983 598 984 591 984 596 984 599 985 560 985 561 985 598 986 588 986 579 986 597 987 557 987 582 987 599 988 564 988 560 988 598 989 579 989 591 989 600 990 599 990 561 990 601 991 592 991 568 991 602 992 598 992 596 992 603 993 410 993 569 993 603 994 436 994 410 994 604 995 595 995 328 995 605 996 588 996 598 996 606 997 526 997 580 997 607 998 468 998 457 998 608 999 461 999 454 999 607 1000 595 1000 604 1000 605 1001 589 1001 588 1001 608 1002 436 1002 603 1002 609 1003 564 1003 599 1003 609 1004 599 1004 600 1004 610 1005 598 1005 602 1005 610 1006 605 1006 598 1006 608 1007 454 1007 436 1007 611 1008 609 1008 600 1008 612 1009 461 1009 608 1009 607 1010 457 1010 595 1010 613 1011 581 1011 576 1011 613 1012 478 1012 581 1012 613 1013 503 1013 478 1013 614 1014 314 1014 529 1014 615 1015 596 1015 566 1015 616 1016 614 1016 529 1016 612 1017 469 1017 461 1017 617 1018 607 1018 604 1018 616 1019 526 1019 606 1019 616 1020 529 1020 526 1020 618 1021 496 1021 583 1021 619 1022 552 1022 593 1022 615 1023 566 1023 586 1023 620 1024 469 1024 612 1024 621 1025 602 1025 596 1025 622 1026 559 1026 594 1026 623 1027 468 1027 607 1027 620 1028 520 1028 469 1028 622 1029 571 1029 559 1029 621 1030 596 1030 615 1030 624 1031 568 1031 597 1031 228 1032 314 1032 614 1032 624 1033 601 1033 568 1033 623 1034 477 1034 468 1034 625 1035 503 1035 613 1035 626 1036 569 1036 587 1036 625 1037 613 1037 576 1037 625 1038 543 1038 503 1038 627 1039 553 1039 585 1039 627 1040 590 1040 553 1040 628 1041 602 1041 621 1041 626 1042 603 1042 569 1042 394 1043 578 1043 570 1043 628 1044 610 1044 602 1044 394 1045 570 1045 372 1045 629 1046 603 1046 626 1046 629 1047 608 1047 603 1047 394 1048 219 1048 578 1048 630 1049 585 1049 571 1049 630 1050 571 1050 622 1050 631 1051 608 1051 629 1051 632 1052 607 1052 617 1052 633 1053 555 1053 546 1053 631 1054 612 1054 608 1054 634 1055 594 1055 564 1055 632 1056 623 1056 607 1056 633 1057 546 1057 572 1057 634 1058 622 1058 594 1058 635 1059 369 1059 356 1059 634 1060 564 1060 609 1060 636 1061 604 1061 328 1061 637 1062 562 1062 555 1062 637 1063 555 1063 633 1063 635 1064 356 1064 592 1064 635 1065 592 1065 601 1065 638 1066 586 1066 562 1066 639 1067 609 1067 611 1067 640 1068 635 1068 601 1068 639 1069 634 1069 609 1069 641 1070 580 1070 573 1070 642 1071 554 1071 524 1071 642 1072 524 1072 496 1072 643 1073 477 1073 623 1073 638 1074 562 1074 637 1074 643 1075 480 1075 477 1075 642 1076 496 1076 618 1076 643 1077 623 1077 632 1077 644 1078 620 1078 612 1078 645 1079 567 1079 543 1079 645 1080 543 1080 625 1080 641 1081 573 1081 590 1081 644 1082 612 1082 631 1082 645 1083 625 1083 576 1083 277 1084 561 1084 278 1084 646 1085 572 1085 567 1085 277 1086 600 1086 561 1086 646 1087 576 1087 647 1087 277 1088 611 1088 600 1088 648 1089 577 1089 554 1089 649 1090 604 1090 636 1090 646 1091 645 1091 576 1091 648 1092 582 1092 577 1092 649 1093 617 1093 604 1093 646 1094 567 1094 645 1094 650 1095 606 1095 580 1095 651 1096 589 1096 605 1096 652 1097 635 1097 640 1097 651 1098 605 1098 610 1098 650 1099 580 1099 641 1099 652 1101 383 1101 369 1101 654 1102 643 1102 632 1102 652 1103 369 1103 635 1103 655 1106 610 1106 628 1106 656 1107 622 1107 634 1107 657 1108 652 1108 640 1108 655 1109 651 1109 610 1109 656 1110 630 1110 622 1110 658 1111 582 1111 648 1111 220 1112 219 1112 394 1112 659 1113 615 1113 586 1113 656 1114 634 1114 639 1114 658 1115 648 1115 660 1115 661 1116 624 1116 597 1116 659 1117 586 1117 638 1117 236 1118 552 1118 619 1118 661 1119 658 1119 660 1119 279 1120 611 1120 277 1120 661 1121 582 1121 658 1121 661 1122 597 1122 582 1122 662 1123 615 1123 659 1123 663 1124 554 1124 642 1124 662 1125 621 1125 615 1125 663 1126 648 1126 554 1126 663 1127 664 1127 660 1127 663 1128 660 1128 648 1128 665 1129 656 1129 639 1129 663 1130 642 1130 664 1130 666 1131 628 1131 621 1131 667 1132 497 1132 480 1132 668 1133 383 1133 652 1133 669 1134 585 1134 630 1134 666 1135 621 1135 662 1135 669 1136 627 1136 585 1136 667 1137 643 1137 654 1137 668 1138 455 1138 383 1138 667 1139 480 1139 643 1139 670 1140 628 1140 666 1140 671 1141 652 1141 657 1141 670 1142 19 1142 655 1142 671 1143 668 1143 652 1143 670 1144 655 1144 628 1144 672 1145 633 1145 572 1145 673 1146 616 1146 606 1146 674 1147 505 1147 329 1147 673 1148 606 1148 650 1148 674 1149 329 1149 203 1149 672 1150 572 1150 646 1150 675 1151 667 1151 654 1151 672 1152 646 1152 647 1152 674 1153 510 1153 505 1153 225 1154 617 1154 649 1154 676 1155 633 1155 672 1155 677 1156 630 1156 656 1156 677 1157 656 1157 665 1157 225 1158 632 1158 617 1158 676 1159 637 1159 633 1159 678 1160 510 1160 674 1160 676 1161 672 1161 647 1161 679 1162 676 1162 647 1162 678 1163 535 1163 510 1163 679 1164 638 1164 637 1164 680 1165 677 1165 665 1165 681 1166 497 1166 667 1166 679 1167 637 1167 676 1167 682 1168 647 1168 683 1168 684 1169 601 1169 624 1169 682 1170 659 1170 638 1170 251 1171 616 1171 673 1171 684 1172 640 1172 601 1172 681 1173 517 1173 497 1173 682 1174 679 1174 647 1174 682 1175 638 1175 679 1175 685 1176 641 1176 590 1176 686 1177 682 1177 683 1177 686 1178 662 1178 659 1178 687 1179 684 1179 688 1179 687 1180 640 1180 684 1180 233 1181 654 1181 632 1181 686 1182 659 1182 682 1182 687 1183 657 1183 640 1183 685 1184 590 1184 627 1184 689 1185 686 1185 683 1185 690 1186 520 1186 620 1186 689 1187 666 1187 662 1187 690 1188 620 1188 644 1188 233 1189 632 1189 225 1189 286 1190 639 1190 611 1190 242 1191 667 1191 675 1191 689 1192 662 1192 686 1192 286 1193 611 1193 279 1193 691 1194 683 1194 18 1194 286 1195 665 1195 639 1195 691 1196 689 1196 683 1196 242 1197 681 1197 667 1197 691 1198 670 1198 666 1198 691 1199 666 1199 689 1199 692 1200 670 1200 691 1200 692 1201 18 1201 19 1201 693 1202 650 1202 641 1202 692 1203 19 1203 670 1203 694 1204 535 1204 678 1204 692 1205 691 1205 18 1205 694 1206 558 1206 535 1206 234 1207 675 1207 654 1207 234 1208 654 1208 233 1208 693 1209 641 1209 685 1209 695 1210 688 1210 684 1210 695 1211 684 1211 624 1211 695 1212 660 1212 688 1212 696 1213 650 1213 693 1213 695 1214 624 1214 661 1214 238 1215 552 1215 236 1215 695 1216 661 1216 660 1216 211 1217 584 1217 551 1217 697 1218 520 1218 690 1218 211 1219 551 1219 219 1219 697 1220 583 1220 530 1220 696 1221 673 1221 650 1221 697 1222 530 1222 520 1222 698 1223 688 1223 699 1223 698 1224 699 1224 671 1224 700 1225 669 1225 630 1225 698 1226 671 1226 657 1226 698 1227 687 1227 688 1227 698 1228 657 1228 687 1228 210 1229 593 1229 584 1229 700 1230 630 1230 677 1230 210 1231 619 1231 593 1231 210 1232 584 1232 211 1232 701 1233 574 1233 558 1233 246 1234 700 1234 677 1234 701 1235 558 1235 694 1235 246 1236 677 1236 680 1236 222 1237 690 1237 644 1237 307 1238 289 1238 552 1238 316 1239 665 1239 286 1239 307 1240 552 1240 238 1240 222 1241 697 1241 690 1241 248 1242 242 1242 675 1242 195 1243 574 1243 701 1243 316 1244 680 1244 665 1244 248 1245 675 1245 234 1245 702 1246 616 1246 251 1246 702 1247 228 1247 614 1247 195 1248 587 1248 574 1248 331 1249 649 1249 636 1249 702 1250 614 1250 616 1250 252 1251 673 1251 696 1251 331 1252 636 1252 328 1252 703 1253 222 1253 229 1253 703 1254 697 1254 222 1254 231 1255 626 1255 587 1255 252 1256 251 1256 673 1256 342 1257 649 1257 331 1257 337 1258 680 1258 316 1258 231 1259 587 1259 195 1259 216 1260 228 1260 702 1260 704 1261 618 1261 583 1261 704 1262 583 1262 697 1262 237 1263 236 1263 619 1263 705 1264 699 1264 456 1264 237 1265 619 1265 210 1265 705 1266 671 1266 699 1266 705 1267 455 1267 668 1267 706 1268 627 1268 669 1268 705 1269 668 1269 671 1269 706 1270 685 1270 627 1270 705 1271 456 1271 455 1271 707 1272 704 1272 697 1272 707 1273 703 1273 229 1273 707 1274 697 1274 703 1274 708 1275 704 1275 707 1275 709 1276 522 1276 517 1276 708 1277 642 1277 618 1277 710 1278 685 1278 706 1278 709 1279 517 1279 681 1279 708 1280 618 1280 704 1280 710 1281 693 1281 685 1281 708 1282 664 1282 642 1282 257 1283 629 1283 626 1283 241 1284 681 1284 242 1284 257 1285 626 1285 231 1285 241 1286 709 1286 681 1286 256 1287 631 1287 629 1287 199 1288 693 1288 710 1288 199 1289 696 1289 693 1289 256 1290 629 1290 257 1290 711 1291 522 1291 709 1291 263 1292 631 1292 256 1292 711 1293 709 1293 241 1293 263 1294 644 1294 631 1294 247 1295 680 1295 337 1295 712 1296 708 1296 707 1296 712 1297 707 1297 229 1297 711 1298 528 1298 522 1298 247 1299 246 1299 680 1299 712 1300 664 1300 708 1300 712 1301 229 1301 664 1301 259 1302 711 1302 241 1302 198 1303 696 1303 199 1303 198 1304 252 1304 696 1304 202 1305 674 1305 203 1305 290 1306 289 1306 307 1306 713 1307 710 1307 706 1307 223 1308 644 1308 263 1308 223 1309 222 1309 644 1309 714 1310 528 1310 711 1310 713 1311 706 1311 669 1311 713 1312 669 1312 700 1312 714 1313 711 1313 259 1313 245 1314 700 1314 246 1314 214 1315 674 1315 202 1315 245 1316 713 1316 700 1316 214 1317 678 1317 674 1317 714 1318 532 1318 528 1318 208 1319 714 1319 259 1319 200 1320 199 1320 710 1320 218 1321 694 1321 678 1321 200 1322 710 1322 713 1322 200 1323 713 1323 245 1323 226 1324 649 1324 342 1324 218 1325 678 1325 214 1325 226 1326 225 1326 649 1326 204 1327 200 1327 245 1327 207 1328 297 1328 532 1328 217 1329 216 1329 702 1329 207 1330 532 1330 714 1330 196 1331 195 1331 701 1331 196 1332 694 1332 218 1332 196 1333 701 1333 694 1333 217 1334 702 1334 251 1334 207 1335 714 1335 208 1335 715 1336 716 1336 717 1336 718 1337 719 1337 720 1337 721 1338 722 1338 723 1338 724 1339 723 1339 725 1339 717 1340 716 1340 726 1340 727 1341 724 1341 725 1341 728 1342 729 1342 730 1342 716 1343 731 1343 726 1343 729 1344 732 1344 730 1344 731 1345 733 1345 726 1345 734 1346 735 1346 736 1346 737 1347 738 1347 739 1347 740 1348 741 1348 742 1348 743 1349 740 1349 742 1349 744 1350 734 1350 736 1350 726 1351 733 1351 745 1351 741 1352 746 1352 742 1352 733 1353 747 1353 745 1353 732 1354 748 1354 749 1354 748 1355 744 1355 749 1355 738 1356 750 1356 751 1356 752 1357 753 1357 754 1357 744 1358 736 1358 749 1358 755 1359 752 1359 754 1359 739 1360 738 1360 751 1360 750 1361 756 1361 751 1361 732 1362 749 1362 757 1362 751 1363 756 1363 758 1363 742 1364 746 1364 759 1364 756 1365 717 1365 760 1365 720 1366 719 1366 761 1366 758 1367 756 1367 760 1367 719 1368 762 1368 761 1368 717 1369 726 1369 763 1369 759 1370 746 1370 764 1370 726 1371 745 1371 763 1371 746 1372 765 1372 764 1372 766 1373 760 1373 763 1373 765 1374 767 1374 764 1374 760 1375 717 1375 763 1375 747 1376 766 1376 768 1376 745 1377 747 1377 768 1377 761 1378 762 1378 769 1378 766 1379 763 1379 768 1379 763 1380 745 1380 768 1380 762 1381 770 1381 769 1381 764 1382 767 1382 771 1382 735 1383 772 1383 773 1383 737 1384 739 1384 774 1384 736 1385 735 1385 773 1385 739 1386 751 1386 775 1386 723 1387 722 1387 776 1387 774 1388 739 1388 775 1388 730 1389 732 1389 777 1389 722 1390 778 1390 776 1390 732 1391 757 1391 777 1391 737 1392 774 1392 779 1392 725 1393 723 1393 780 1393 723 1394 776 1394 780 1394 779 1395 774 1395 781 1395 766 1396 782 1396 783 1396 784 1397 785 1397 786 1397 760 1398 766 1398 783 1398 785 1399 787 1399 786 1399 751 1400 758 1400 783 1400 769 1401 770 1401 788 1401 758 1402 760 1402 783 1402 770 1403 789 1403 788 1403 775 1404 751 1404 783 1404 783 1405 782 1405 790 1405 774 1406 775 1406 790 1406 749 1407 736 1407 791 1407 781 1408 774 1408 790 1408 775 1409 783 1409 790 1409 757 1410 749 1410 791 1410 792 1411 779 1411 793 1411 794 1412 795 1412 796 1412 797 1413 794 1413 796 1413 779 1414 781 1414 793 1414 790 1415 782 1415 798 1415 781 1416 790 1416 798 1416 795 1417 799 1417 796 1417 757 1418 791 1418 800 1418 793 1419 781 1419 798 1419 792 1420 793 1420 798 1420 776 1421 778 1421 801 1421 773 1422 772 1422 802 1422 778 1423 803 1423 801 1423 782 1424 804 1424 792 1424 798 1425 782 1425 792 1425 804 1426 805 1426 806 1426 780 1427 776 1427 801 1427 777 1428 757 1428 807 1428 808 1429 806 1429 809 1429 806 1430 805 1430 809 1430 757 1431 800 1431 807 1431 810 1432 808 1432 811 1432 789 1433 812 1433 813 1433 809 1434 805 1434 811 1434 808 1435 809 1435 811 1435 780 1436 801 1436 814 1436 788 1437 789 1437 813 1437 786 1438 787 1438 815 1438 810 1439 811 1439 816 1439 787 1440 797 1440 815 1440 792 1441 804 1441 806 1441 810 1442 816 1442 817 1442 736 1443 773 1443 818 1443 767 1444 819 1444 820 1444 791 1445 736 1445 818 1445 811 1446 805 1446 821 1446 816 1447 811 1447 821 1447 773 1448 802 1448 818 1448 771 1449 767 1449 820 1449 817 1450 816 1450 822 1450 816 1451 821 1451 822 1451 819 1452 823 1452 824 1452 800 1453 791 1453 825 1453 791 1454 818 1454 825 1454 805 1455 826 1455 827 1455 821 1456 805 1456 827 1456 822 1457 821 1457 828 1457 820 1458 819 1458 824 1458 821 1459 827 1459 828 1459 807 1460 800 1460 829 1460 827 1461 826 1461 830 1461 823 1462 727 1462 831 1462 800 1463 825 1463 829 1463 828 1464 827 1464 830 1464 802 1465 772 1465 832 1465 824 1466 823 1466 831 1466 796 1467 799 1467 833 1467 818 1468 802 1468 834 1468 835 1469 810 1469 836 1469 810 1470 817 1470 836 1470 799 1471 837 1471 833 1471 825 1472 818 1472 834 1472 838 1473 839 1473 840 1473 825 1474 834 1474 841 1474 753 1475 838 1475 840 1475 836 1476 817 1476 842 1476 812 1477 728 1477 843 1477 754 1478 753 1478 840 1478 817 1479 822 1479 842 1479 835 1480 836 1480 844 1480 813 1481 812 1481 843 1481 815 1482 797 1482 845 1482 836 1483 842 1483 846 1483 844 1484 836 1484 846 1484 803 1485 784 1485 847 1485 822 1486 828 1486 848 1486 829 1487 825 1487 849 1487 842 1488 822 1488 848 1488 801 1489 803 1489 847 1489 825 1490 841 1490 849 1490 814 1491 801 1491 847 1491 850 1492 851 1492 852 1492 851 1493 853 1493 852 1493 814 1494 847 1494 854 1494 853 1495 855 1495 852 1495 856 1496 720 1496 852 1496 848 1497 828 1497 857 1497 828 1498 830 1498 857 1498 858 1499 850 1499 852 1499 855 1500 856 1500 852 1500 830 1501 826 1501 859 1501 857 1502 830 1502 859 1502 728 1503 730 1503 860 1503 846 1504 842 1504 861 1504 843 1505 728 1505 860 1505 862 1506 863 1506 864 1506 832 1507 772 1507 865 1507 842 1508 848 1508 861 1508 859 1509 826 1509 866 1509 848 1510 857 1510 867 1510 802 1511 832 1511 868 1511 834 1512 802 1512 868 1512 861 1513 848 1513 867 1513 841 1514 834 1514 869 1514 863 1515 743 1515 870 1515 864 1516 863 1516 870 1516 857 1517 859 1517 871 1517 834 1518 868 1518 869 1518 867 1519 857 1519 871 1519 858 1520 852 1520 872 1520 720 1521 761 1521 872 1521 727 1522 725 1522 873 1522 874 1523 858 1523 872 1523 859 1524 866 1524 875 1524 852 1525 720 1525 872 1525 871 1526 859 1526 875 1526 831 1527 727 1527 873 1527 872 1528 761 1528 876 1528 835 1529 844 1529 877 1529 833 1530 837 1530 878 1530 874 1531 872 1531 876 1531 844 1532 846 1532 877 1532 769 1533 788 1533 876 1533 761 1534 769 1534 876 1534 879 1535 835 1535 877 1535 837 1536 755 1536 878 1536 849 1537 841 1537 880 1537 784 1538 786 1538 881 1538 841 1539 869 1539 880 1539 877 1540 846 1540 882 1540 847 1541 784 1541 881 1541 730 1542 777 1542 883 1542 854 1543 847 1543 881 1543 866 1544 826 1544 884 1544 854 1545 881 1545 885 1545 860 1546 730 1546 883 1546 826 1547 886 1547 887 1547 884 1548 826 1548 887 1548 876 1549 788 1549 888 1549 878 1550 755 1550 889 1550 874 1551 876 1551 888 1551 875 1553 866 1553 892 1553 865 1554 772 1554 891 1554 754 1555 840 1555 893 1555 866 1556 884 1556 892 1556 839 1557 894 1557 893 1557 840 1558 839 1558 893 1558 832 1559 865 1559 895 1559 868 1560 832 1560 895 1560 884 1561 887 1561 896 1561 862 1562 864 1562 897 1562 892 1563 884 1563 896 1563 882 1564 846 1564 898 1564 864 1565 870 1565 897 1565 846 1566 861 1566 898 1566 845 1567 797 1567 899 1567 868 1568 895 1568 900 1568 869 1569 868 1569 900 1569 796 1570 833 1570 899 1570 901 1571 902 1571 903 1571 797 1572 796 1572 899 1572 883 1573 777 1573 904 1573 887 1574 886 1574 905 1574 903 1575 902 1575 906 1575 777 1576 807 1576 904 1576 896 1577 887 1577 905 1577 743 1578 742 1578 907 1578 861 1579 867 1579 908 1579 880 1580 869 1580 909 1580 870 1581 743 1581 907 1581 902 1582 910 1582 911 1582 898 1583 861 1583 908 1583 906 1584 902 1584 911 1584 869 1585 900 1585 909 1585 897 1586 870 1586 912 1586 901 1587 903 1587 913 1587 888 1588 788 1588 914 1588 903 1589 906 1589 913 1589 874 1590 888 1590 914 1590 867 1591 871 1591 915 1591 871 1592 875 1592 915 1592 788 1593 813 1593 914 1593 742 1594 759 1594 916 1594 911 1595 910 1595 917 1595 907 1596 742 1596 916 1596 908 1597 867 1597 915 1597 904 1598 807 1598 918 1598 807 1599 829 1599 918 1599 915 1600 875 1600 919 1600 917 1601 910 1601 920 1601 913 1602 906 1602 921 1602 865 1603 891 1603 922 1603 916 1604 759 1604 923 1604 895 1605 865 1605 922 1605 879 1606 877 1606 924 1606 906 1607 911 1607 921 1607 759 1608 764 1608 923 1608 891 1609 890 1609 922 1609 900 1610 895 1610 925 1610 873 1611 725 1611 926 1611 895 1612 922 1612 925 1612 725 1613 780 1613 926 1613 877 1614 882 1614 927 1614 882 1615 898 1615 927 1615 922 1616 890 1616 928 1616 920 1617 910 1617 929 1617 924 1618 877 1618 927 1618 921 1619 911 1619 930 1619 911 1620 917 1620 930 1620 881 1621 786 1621 931 1621 922 1622 928 1622 932 1622 925 1623 922 1623 932 1623 879 1624 924 1624 933 1624 930 1625 917 1625 934 1625 786 1626 815 1626 931 1626 917 1627 920 1627 934 1627 813 1628 843 1628 935 1628 924 1629 927 1629 936 1629 914 1630 813 1630 935 1630 843 1631 860 1631 935 1631 889 1632 755 1632 937 1632 874 1633 914 1633 935 1633 933 1634 924 1634 936 1634 755 1635 754 1635 937 1635 898 1636 908 1636 938 1636 920 1637 929 1637 939 1637 934 1638 920 1638 939 1638 909 1639 900 1639 940 1639 885 1640 881 1640 941 1640 900 1641 925 1641 940 1641 881 1642 931 1642 941 1642 927 1643 898 1643 938 1643 936 1644 927 1644 938 1644 875 1645 892 1645 942 1645 892 1646 896 1646 942 1646 939 1647 929 1647 943 1647 925 1648 932 1648 944 1648 919 1649 875 1649 942 1649 940 1650 925 1650 944 1650 923 1651 764 1651 945 1651 764 1652 771 1652 945 1652 918 1653 829 1653 946 1653 929 1654 910 1654 947 1654 942 1655 896 1655 948 1655 907 1656 916 1656 949 1656 947 1657 910 1657 950 1657 829 1658 849 1658 946 1658 870 1659 907 1659 949 1659 928 1660 890 1660 951 1660 912 1661 870 1661 949 1661 938 1662 908 1662 952 1662 833 1663 878 1663 953 1663 932 1664 928 1664 954 1664 899 1665 833 1665 953 1665 928 1666 951 1666 954 1666 950 1667 910 1667 955 1667 956 1668 874 1668 957 1668 935 1669 860 1669 957 1669 908 1670 915 1670 958 1670 874 1671 935 1671 957 1671 929 1672 947 1672 959 1672 860 1673 883 1673 957 1673 952 1674 908 1674 958 1674 949 1675 916 1675 960 1675 943 1676 929 1676 959 1676 938 1677 952 1677 961 1677 944 1678 932 1678 962 1678 932 1679 954 1679 962 1679 947 1680 950 1680 959 1680 936 1681 938 1681 961 1681 916 1682 923 1682 963 1682 960 1683 916 1683 963 1683 923 1684 945 1684 963 1684 959 1685 950 1685 964 1685 896 1686 905 1686 965 1686 948 1687 896 1687 965 1687 946 1688 849 1688 966 1688 815 1689 845 1689 967 1689 849 1690 880 1690 966 1690 956 1691 957 1691 968 1691 883 1692 904 1692 968 1692 941 1693 931 1693 967 1693 957 1694 883 1694 968 1694 961 1695 952 1695 969 1695 952 1696 958 1696 969 1696 931 1697 815 1697 967 1697 955 1698 910 1698 970 1698 904 1699 918 1699 971 1699 950 1700 955 1700 972 1700 956 1701 968 1701 971 1701 968 1702 904 1702 971 1702 964 1703 950 1703 972 1703 969 1704 958 1704 973 1704 880 1705 909 1705 974 1705 926 1706 780 1706 975 1706 814 1707 854 1707 975 1707 958 1708 915 1708 976 1708 780 1709 814 1709 975 1709 966 1710 880 1710 974 1710 910 1711 977 1711 978 1711 970 1712 910 1712 978 1712 973 1713 958 1713 976 1713 956 1714 971 1714 979 1714 915 1715 919 1715 976 1715 941 1716 967 1716 980 1716 901 1717 913 1717 981 1717 918 1718 946 1718 979 1718 971 1719 918 1719 979 1719 963 1720 945 1720 982 1720 983 1721 901 1721 981 1721 890 1722 984 1722 985 1722 951 1723 890 1723 985 1723 986 1724 879 1724 987 1724 954 1725 951 1725 985 1725 879 1726 933 1726 987 1726 933 1727 936 1727 987 1727 945 1728 771 1728 988 1728 954 1729 985 1729 989 1729 913 1730 921 1730 990 1730 973 1731 976 1731 991 1731 771 1733 820 1733 988 1733 985 1734 984 1734 989 1734 962 1735 954 1735 989 1735 820 1736 824 1736 992 1736 981 1737 913 1737 990 1737 921 1738 930 1738 990 1738 936 1739 961 1739 993 1739 987 1740 936 1740 993 1740 974 1741 909 1741 994 1741 909 1742 940 1742 994 1742 988 1743 820 1743 992 1743 972 1744 955 1744 995 1744 955 1745 970 1745 995 1745 965 1746 905 1746 996 1746 994 1747 940 1747 997 1747 975 1748 854 1748 998 1748 854 1749 885 1749 998 1749 940 1750 944 1750 997 1750 978 1751 977 1751 999 1751 942 1752 948 1752 1000 1752 979 1753 946 1753 1001 1753 956 1754 979 1754 1001 1754 824 1755 831 1755 1002 1755 976 1756 919 1756 1000 1756 946 1757 966 1757 1001 1757 962 1758 989 1758 1003 1758 990 1759 930 1759 1004 1759 989 1760 17 1760 1003 1760 997 1761 944 1761 1003 1761 919 1762 942 1762 1000 1762 992 1763 824 1763 1002 1763 878 1764 889 1764 1005 1764 17 1765 16 1765 1003 1765 944 1766 962 1766 1003 1766 1001 1767 966 1767 1006 1767 1007 1768 956 1768 1006 1768 953 1769 878 1769 1005 1769 970 1770 978 1770 1008 1770 956 1771 1001 1771 1006 1771 995 1772 970 1772 1008 1772 1000 1773 948 1773 1009 1773 1006 1774 966 1774 1010 1774 978 1775 999 1775 1008 1775 1007 1776 1006 1776 1010 1776 966 1777 974 1777 1010 1777 994 1778 997 1778 1011 1778 993 1779 961 1779 1012 1779 1005 1780 889 1780 1013 1780 1007 1781 1010 1781 1011 1781 1004 1782 930 1782 1014 1782 1010 1783 974 1783 1011 1783 974 1784 994 1784 1011 1784 961 1785 969 1785 1012 1785 997 1786 1003 1786 1015 1786 845 1787 899 1787 1016 1787 1011 1788 997 1788 1015 1788 948 1789 965 1789 1017 1789 1007 1790 1011 1790 1015 1790 1009 1791 948 1791 1017 1791 967 1792 845 1792 1016 1792 930 1793 934 1793 1014 1793 1015 1794 1003 1794 1018 1794 1003 1795 16 1795 1018 1795 1007 1796 1015 1796 1018 1796 16 1797 1007 1797 1018 1797 976 1798 1000 1798 1019 1798 967 1799 1016 1799 1020 1799 1014 1800 934 1800 1021 1800 934 1801 939 1801 1021 1801 991 1802 976 1802 1019 1802 980 1803 967 1803 1020 1803 945 1804 988 1804 1022 1804 988 1805 992 1805 1022 1805 969 1806 973 1806 1023 1806 982 1807 945 1807 1022 1807 999 1808 977 1808 1024 1808 1022 1809 992 1809 1025 1809 1012 1810 969 1810 1023 1810 1000 1811 1009 1811 1026 1811 1013 1812 889 1812 1027 1812 1019 1813 1000 1813 1026 1813 889 1814 937 1814 1027 1814 1021 1815 939 1815 1028 1815 939 1816 943 1816 1028 1816 1023 1817 973 1817 1029 1817 1030 1818 862 1818 1031 1818 862 1819 897 1819 1031 1819 1008 1820 999 1820 1032 1820 973 1821 991 1821 1029 1821 886 1822 1033 1822 1034 1822 999 1823 1024 1823 1032 1823 996 1824 905 1824 1034 1824 983 1825 981 1825 1035 1825 905 1826 886 1826 1034 1826 1025 1827 992 1827 1036 1827 992 1828 1002 1828 1036 1828 986 1829 987 1829 1037 1829 981 1830 990 1830 1035 1830 998 1831 885 1831 1038 1831 885 1832 941 1832 1038 1832 986 1833 1037 1833 1039 1833 1024 1834 977 1834 1040 1834 990 1835 1004 1835 1041 1835 1009 1836 1017 1836 1042 1836 897 1837 912 1837 1043 1837 1026 1838 1009 1838 1042 1838 1031 1839 897 1839 1043 1839 1035 1840 990 1840 1041 1840 1037 1841 987 1841 1044 1841 1002 1842 831 1842 1045 1842 1032 1843 1024 1843 1046 1843 831 1844 873 1844 1045 1844 1024 1845 1040 1845 1046 1845 987 1846 993 1846 1044 1846 943 1847 959 1847 1047 1847 1039 1848 1037 1848 1048 1848 1028 1849 943 1849 1047 1849 1037 1850 1044 1850 1048 1850 1016 1851 899 1851 1049 1851 1020 1852 1016 1852 1049 1852 899 1853 953 1853 1049 1853 991 1854 1019 1854 1050 1854 964 1855 972 1855 1051 1855 959 1856 964 1856 1051 1856 1029 1857 991 1857 1050 1857 1020 1858 1049 1858 1052 1858 1047 1859 959 1859 1051 1859 754 1860 893 1860 1053 1860 986 1861 1039 1861 1054 1861 893 1862 894 1862 1053 1862 937 1863 754 1863 1053 1863 1038 1864 941 1864 1055 1864 1051 1865 972 1865 1056 1865 1039 1866 1048 1866 1057 1866 941 1867 980 1867 1055 1867 1054 1868 1039 1868 1057 1868 1017 1869 965 1869 1058 1869 1043 1870 912 1870 1059 1870 1040 1871 977 1871 1060 1871 965 1872 996 1872 1058 1872 912 1873 949 1873 1059 1873 949 1874 960 1874 1059 1874 993 1875 1012 1875 1061 1875 1012 1876 1023 1876 1061 1876 1041 1877 1004 1877 1062 1877 1045 1878 873 1878 1063 1878 1044 1879 993 1879 1061 1879 873 1880 926 1880 1063 1880 1002 1881 1045 1881 1064 1881 1014 1882 1021 1882 1065 1882 1036 1883 1002 1883 1064 1883 1004 1884 1014 1884 1065 1884 1062 1885 1004 1885 1065 1885 1048 1886 1044 1886 1066 1886 1044 1887 1061 1887 1066 1887 1059 1888 960 1888 1067 1888 1021 1889 1028 1889 1068 1889 1042 1890 1017 1890 1069 1890 1065 1891 1021 1891 1068 1891 1017 1892 1058 1892 1069 1892 1061 1893 1023 1893 1070 1893 1046 1894 1040 1894 1071 1894 1023 1895 1029 1895 1070 1895 1060 1896 977 1896 1072 1896 1067 1897 960 1897 1073 1897 960 1898 963 1898 1073 1898 963 1899 982 1899 1073 1899 977 1900 1074 1900 1072 1900 1029 1901 1050 1901 1075 1901 1070 1902 1029 1902 1075 1902 1055 1903 980 1903 1076 1903 980 1904 1020 1904 1076 1904 953 1905 1005 1905 1077 1905 1068 1906 1028 1906 1078 1906 1049 1907 953 1907 1077 1907 1061 1908 1070 1908 1079 1908 972 1909 995 1909 1080 1909 1066 1910 1061 1910 1079 1910 1052 1911 1049 1911 1077 1911 1056 1912 972 1912 1080 1912 1079 1913 1070 1913 1081 1913 1073 1914 982 1914 1082 1914 1040 1915 1060 1915 1083 1915 1060 1916 1072 1916 1083 1916 1070 1917 1075 1917 1081 1917 1071 1918 1040 1918 1083 1918 1052 1919 1077 1919 1084 1919 1057 1920 1048 1920 1085 1920 1005 1921 1013 1921 1086 1921 1048 1922 1066 1922 1085 1922 983 1923 1035 1923 1087 1923 1077 1924 1005 1924 1086 1924 1019 1925 1026 1925 1088 1925 1084 1926 1077 1926 1089 1926 1077 1927 1086 1927 1089 1927 983 1928 1087 1928 1090 1928 1050 1929 1019 1929 1088 1929 995 1930 1008 1930 1091 1930 1026 1931 1042 1931 1092 1931 926 1932 975 1932 1093 1932 1008 1933 1032 1933 1091 1933 1063 1934 926 1934 1093 1934 1064 1935 1045 1935 1094 1935 1088 1936 1026 1936 1092 1936 1080 1937 995 1937 1091 1937 1045 1938 1063 1938 1094 1938 1085 1939 1066 1939 1095 1939 1066 1940 1079 1940 1095 1940 1087 1941 1035 1941 1096 1941 1013 1942 1027 1942 1097 1942 1086 1943 1013 1943 1097 1943 1090 1944 1087 1944 1096 1944 1035 1945 1041 1945 1096 1945 1098 1946 1099 1946 1100 1946 1095 1947 1079 1947 718 1947 1097 1948 1098 1948 1100 1948 1090 1949 1096 1949 740 1949 1089 1950 1086 1950 1100 1950 1086 1951 1097 1951 1100 1951 1079 1952 1081 1952 718 1952 1081 1953 1075 1953 1101 1953 1083 1954 1072 1954 794 1954 1063 1955 1093 1955 1102 1955 1094 1956 1063 1956 1102 1956 1072 1957 1074 1957 1103 1957 1075 1958 1050 1958 1101 1958 975 1959 998 1959 1104 1959 1102 1960 1093 1960 1104 1960 1081 1961 1101 1961 1105 1961 1093 1962 975 1962 1104 1962 1078 1963 1028 1963 1106 1963 1020 1964 1052 1964 1107 1964 1034 1965 1033 1965 1108 1965 1076 1966 1020 1966 1107 1966 996 1967 1034 1967 1108 1967 1028 1968 1047 1968 1106 1968 1058 1969 996 1969 1108 1969 982 1970 1022 1970 1109 1970 1047 1971 1051 1971 1106 1971 1082 1972 982 1972 1109 1972 1092 1973 1042 1973 1110 1973 1106 1974 1051 1974 1111 1974 1022 1975 1025 1975 1112 1975 1042 1976 1069 1976 1110 1976 1058 1977 1108 1977 1113 1977 1069 1978 1058 1978 1113 1978 1109 1979 1022 1979 1112 1979 1111 1980 1051 1980 721 1980 1025 1981 1036 1981 1114 1981 1051 1982 1056 1982 721 1982 718 1983 1081 1983 719 1983 1081 1984 1105 1984 719 1984 1112 1985 1025 1985 1114 1985 1053 1986 894 1986 1115 1986 894 1987 1116 1987 1115 1987 1091 1988 1032 1988 1117 1988 1108 1989 1033 1989 1118 1989 937 1990 1053 1990 1115 1990 1027 1991 937 1991 1115 1991 1032 1992 1046 1992 1117 1992 1113 1993 1108 1993 1119 1993 1041 1994 1062 1994 1120 1994 1108 1995 1118 1995 1119 1995 1101 1996 1050 1996 1121 1996 1102 1997 1104 1997 1122 1997 1096 1998 1041 1998 1120 1998 1050 1999 1088 1999 1121 1999 998 2000 1038 2000 1123 2000 1104 2001 998 2001 1123 2001 1122 2002 1104 2002 1123 2002 1096 2003 1120 2003 741 2003 1107 2004 1052 2004 1124 2004 740 2005 1096 2005 741 2005 1125 2006 1107 2006 1124 2006 1110 2007 1069 2007 1126 2007 1069 2008 1113 2008 1126 2008 1120 2009 1062 2009 1127 2009 1114 2010 1036 2010 1128 2010 1105 2011 1101 2011 1129 2011 1036 2012 1064 2012 1128 2012 1062 2013 1065 2013 1127 2013 1101 2014 1121 2014 1129 2014 1123 2015 1038 2015 1130 2015 1121 2016 1088 2016 1131 2016 1038 2017 1055 2017 1130 2017 1088 2018 1092 2018 1131 2018 1127 2019 1065 2019 1132 2019 1121 2020 1131 2020 1133 2020 1030 2021 1031 2021 1134 2021 1065 2022 1068 2022 1132 2022 1120 2023 1127 2023 746 2023 1129 2024 1121 2024 1133 2024 741 2025 1120 2025 746 2025 1092 2026 1110 2026 1135 2026 1122 2027 1123 2027 1136 2027 1127 2028 1132 2028 746 2028 1131 2029 1092 2029 1135 2029 1123 2030 1130 2030 1136 2030 1134 2031 1031 2031 1137 2031 746 2032 1132 2032 765 2032 1031 2033 1043 2033 1137 2033 1131 2034 1135 2034 1138 2034 1103 2035 1074 2035 1139 2035 1133 2036 1131 2036 1138 2036 1072 2037 1103 2037 795 2037 1030 2038 1134 2038 1140 2038 794 2039 1072 2039 795 2039 1068 2040 1078 2040 1141 2040 1140 2041 1134 2041 1142 2041 719 2042 1105 2042 762 2042 1134 2043 1137 2043 1142 2043 1132 2044 1068 2044 1141 2044 1105 2045 1129 2045 762 2045 1125 2046 1124 2046 1143 2046 765 2047 1132 2047 1141 2047 1124 2048 1052 2048 1143 2048 1052 2049 1084 2049 1143 2049 765 2050 1141 2050 767 2050 1046 2051 1071 2051 1144 2051 1129 2052 1133 2052 770 2052 1128 2053 1064 2053 1145 2053 762 2054 1129 2054 770 2054 1064 2055 1094 2055 1145 2055 1100 2056 1099 2056 1146 2056 1089 2057 1100 2057 1146 2057 1118 2058 1033 2058 1147 2058 1099 2059 1125 2059 1146 2059 1125 2060 1143 2060 1146 2060 1117 2061 1046 2061 1144 2061 1119 2062 1118 2062 1147 2062 1143 2063 1084 2063 1146 2063 1084 2064 1089 2064 1146 2064 1076 2065 1107 2065 1148 2065 1130 2066 1055 2066 1148 2066 721 2067 1056 2067 722 2067 1133 2068 1138 2068 789 2068 1055 2069 1076 2069 1148 2069 770 2070 1133 2070 789 2070 1107 2071 1125 2071 1148 2071 1149 2072 1136 2072 1150 2072 1119 2073 1147 2073 1151 2073 1136 2074 1130 2074 1150 2074 1056 2075 1080 2075 722 2075 1130 2076 1148 2076 1150 2076 1139 2077 1074 2077 1152 2077 1113 2078 1119 2078 1153 2078 1126 2079 1113 2079 1153 2079 1137 2080 1043 2080 1154 2080 1103 2081 1139 2081 799 2081 795 2082 1103 2082 799 2082 850 2083 1155 2083 1156 2083 1043 2084 1059 2084 1154 2084 1155 2085 986 2085 1156 2085 722 2086 1080 2086 778 2086 1080 2087 1091 2087 778 2087 1091 2088 1117 2088 778 2088 1142 2089 1137 2089 715 2089 1137 2090 1154 2090 715 2090 986 2091 1054 2091 1156 2091 1152 2092 1074 2092 752 2092 1154 2093 1059 2093 1157 2093 1110 2094 1126 2094 1158 2094 1071 2095 1083 2095 785 2095 1135 2096 1110 2096 1158 2096 1059 2097 1067 2097 1157 2097 1144 2098 1071 2098 785 2098 1067 2099 1073 2099 1159 2099 1138 2100 1135 2100 1160 2100 1157 2101 1067 2101 1159 2101 1141 2102 1078 2102 1161 2102 1115 2103 1116 2103 1162 2103 1135 2104 1158 2104 1160 2104 1027 2106 1115 2106 1162 2106 1033 2107 772 2107 1163 2107 1098 2108 1097 2108 1162 2108 1147 2109 1033 2109 1163 2109 1097 2110 1027 2110 1162 2110 1164 2111 1145 2111 1165 2111 1078 2112 1106 2112 1161 2112 1151 2113 1147 2113 1163 2113 1094 2114 1102 2114 1165 2114 1102 2115 1122 2115 1165 2115 1106 2116 1111 2116 1166 2116 850 2117 1156 2117 851 2117 1145 2118 1094 2118 1165 2118 1161 2119 1106 2119 1166 2119 715 2120 1154 2120 716 2120 1154 2121 1157 2121 716 2121 1141 2122 1161 2122 819 2122 1054 2123 1057 2123 851 2123 1156 2124 1054 2124 851 2124 767 2125 1141 2125 819 2125 1157 2126 1159 2126 731 2126 819 2127 1161 2127 823 2127 716 2128 1157 2128 731 2128 1153 2129 1119 2129 1167 2129 1125 2130 1149 2130 1168 2130 1148 2131 1125 2131 1168 2131 1119 2132 1151 2132 1167 2132 1149 2133 1150 2133 1168 2133 1161 2134 1166 2134 823 2134 1150 2135 1148 2135 1168 2135 1166 2136 1111 2136 724 2136 1111 2137 721 2137 724 2137 1159 2138 1073 2138 1169 2138 1151 2139 1163 2139 734 2139 1073 2140 1082 2140 1169 2140 1166 2141 724 2141 727 2141 789 2142 1138 2142 812 2142 823 2143 1166 2143 727 2143 731 2144 1159 2144 733 2144 1138 2145 1160 2145 812 2145 1159 2146 1169 2146 733 2146 1149 2147 1164 2147 1170 2147 1158 2148 1126 2148 1171 2148 1164 2149 1165 2149 1170 2149 1136 2150 1149 2150 1170 2150 1122 2151 1136 2151 1170 2151 778 2152 1117 2152 803 2152 1165 2153 1122 2153 1170 2153 1126 2154 1153 2154 1171 2154 1082 2155 1109 2155 1172 2155 1169 2156 1082 2156 1172 2156 1117 2157 1144 2157 803 2157 752 2158 1074 2158 753 2158 1158 2159 1171 2159 729 2159 1160 2160 1158 2160 729 2160 1074 2161 838 2161 753 2161 1109 2162 1112 2162 1173 2162 1057 2163 1085 2163 853 2163 1172 2164 1109 2164 1173 2164 733 2165 1169 2165 1174 2165 983 2166 1090 2166 863 2166 862 2167 983 2167 863 2167 1090 2168 740 2168 863 2168 851 2169 1057 2169 853 2169 1169 2170 1172 2170 1174 2170 747 2171 733 2171 1174 2171 1167 2172 1151 2172 744 2172 1151 2173 734 2173 744 2173 1172 2174 1173 2174 1175 2174 785 2175 1083 2175 787 2175 1174 2176 1172 2176 1175 2176 747 2177 1174 2177 1175 2177 1083 2178 794 2178 787 2178 1173 2179 1112 2179 1176 2179 1085 2180 1095 2180 855 2180 1112 2181 1114 2181 1176 2181 1173 2182 1176 2182 1177 2182 1175 2183 1173 2183 1177 2183 747 2184 1175 2184 1177 2184 1145 2185 1164 2185 1178 2185 853 2186 1085 2186 855 2186 1176 2187 1114 2187 1178 2187 863 2188 740 2188 743 2188 1114 2189 1128 2189 1178 2189 1128 2190 1145 2190 1178 2190 1164 2191 747 2191 1179 2191 1152 2192 752 2192 837 2192 855 2193 1095 2193 856 2193 747 2194 1177 2194 1179 2194 1178 2195 1164 2195 1179 2195 1176 2196 1178 2196 1179 2196 1177 2197 1176 2197 1179 2197 1095 2198 718 2198 856 2198 799 2199 1139 2199 837 2199 734 2200 1163 2200 735 2200 1139 2201 1152 2201 837 2201 1163 2202 772 2202 735 2202 1030 2203 1140 2203 738 2203 812 2204 1160 2204 728 2204 837 2205 752 2205 755 2205 738 2206 1140 2206 750 2206 1160 2207 729 2207 728 2207 1140 2208 1142 2208 750 2208 1171 2209 1153 2209 748 2209 1142 2210 715 2210 750 2210 787 2211 794 2211 797 2211 1153 2212 1167 2212 748 2212 1167 2213 744 2213 748 2213 1030 2214 738 2214 737 2214 1171 2215 748 2215 732 2215 750 2216 715 2216 756 2216 1144 2217 785 2217 784 2217 803 2218 1144 2218 784 2218 729 2219 1171 2219 732 2219 856 2220 718 2220 720 2220 756 2221 715 2221 717 2221 724 2222 721 2222 723 2222 57 2223 838 2223 50 2223 61 2224 839 2224 57 2224 92 2225 894 2225 61 2225 1116 2226 894 2226 92 2226 57 2227 838 2227 839 2227 894 2228 839 2228 61 2228 288 2229 138 2229 289 2229 414 2230 172 2230 288 2230 456 2231 46 2231 39 2231 456 2232 39 2232 414 2232 172 2233 138 2233 288 2233 39 2234 172 2234 414 2234 1180 2235 1181 2235 1182 2235 1181 2236 1183 2236 400 2236 1183 2237 389 2237 400 2237 1182 2238 1181 2238 400 2238 1184 2239 1182 2239 484 2239 1182 2240 400 2240 484 2240 1185 2241 1184 2241 552 2241 1186 2242 1185 2242 552 2242 1184 2243 484 2243 552 2243 1187 2244 1186 2244 289 2244 1186 2245 552 2245 289 2245 1188 2246 1189 2246 1190 2246 910 2247 1190 2247 1191 2247 910 2248 902 2248 1188 2248 910 2249 1188 2249 1190 2249 977 2250 1191 2250 1192 2250 977 2251 910 2251 1191 2251 1074 2252 1192 2252 1193 2252 1074 2253 977 2253 1192 2253 838 2254 1193 2254 1194 2254 838 2255 1074 2255 1193 2255 1195 2256 1196 2256 1197 2256 1198 2257 1199 2257 1200 2257 1201 2258 1202 2258 1203 2258 1201 2259 1203 2259 1204 2259 1205 2260 1198 2260 1200 2260 1205 2261 1206 2261 1207 2261 1205 2262 1200 2262 1206 2262 1208 2263 1204 2263 1209 2263 1208 2264 1209 2264 1210 2264 1211 2265 1212 2265 1195 2265 1213 2266 1214 2266 1215 2266 1216 2267 1217 2267 1212 2267 1216 2268 1218 2268 1217 2268 1219 2269 1214 2269 1213 2269 1219 2270 1208 2270 1210 2270 1219 2271 1210 2271 1214 2271 1220 2272 1201 2272 1204 2272 1221 2273 1205 2273 1207 2273 1221 2274 1207 2274 1202 2274 1222 2275 1223 2275 1199 2275 1222 2276 1199 2276 1198 2276 1224 2277 1223 2277 1222 2277 1224 2278 1225 2278 1226 2278 1224 2279 1226 2279 1223 2279 1227 2280 1228 2280 1229 2280 1227 2281 1230 2281 1228 2281 1227 2282 1231 2282 1230 2282 1232 2283 1218 2283 1216 2283 1232 2284 1229 2284 1218 2284 1233 2285 1213 2285 1215 2285 1233 2286 1215 2286 1234 2286 1235 2287 1233 2287 1234 2287 1235 2288 1234 2288 1236 2288 1237 2289 1219 2289 1213 2289 1238 2290 1224 2290 1222 2290 1239 2291 1240 2291 1241 2291 1239 2292 329 2292 1240 2292 1239 2293 1241 2293 1242 2293 1239 2294 1242 2294 1243 2294 1244 2295 1205 2295 1221 2295 1244 2296 1198 2296 1205 2296 1245 2297 1236 2297 1246 2297 1245 2298 1235 2298 1236 2298 1247 2299 329 2299 1239 2299 329 2300 203 2300 1247 2300 1247 2301 1239 2301 1243 2301 1248 2302 1231 2302 1227 2302 1249 2303 1244 2303 1221 2303 1250 2304 1220 2304 1204 2304 1250 2305 1208 2305 1219 2305 1250 2306 1204 2306 1208 2306 1251 2307 1246 2307 1252 2307 1251 2308 1245 2308 1246 2308 1253 2309 1219 2309 1237 2309 1253 2310 1250 2310 1219 2310 1254 2311 1195 2311 1255 2311 1254 2312 1255 2312 1225 2312 1256 2313 1233 2313 1235 2313 1256 2314 1237 2314 1213 2314 1256 2315 1213 2315 1233 2315 1257 2316 1221 2316 1202 2316 1257 2317 1202 2317 1201 2317 1257 2318 1249 2318 1221 2318 1258 2319 1251 2319 1252 2319 1258 2320 1252 2320 1259 2320 1260 2321 1256 2321 1235 2321 1261 2322 1262 2322 1263 2322 1264 2323 1265 2323 1262 2323 1264 2324 1262 2324 1261 2324 1266 2325 1222 2325 1198 2325 1266 2326 1238 2326 1222 2326 1267 2327 1261 2327 1263 2327 1268 2328 1201 2328 1220 2328 1268 2329 1257 2329 1201 2329 1269 2330 1264 2330 1261 2330 1269 2331 1261 2331 1267 2331 1270 2332 1263 2332 1271 2332 1272 2333 1258 2333 1259 2333 1270 2334 1267 2334 1263 2334 1273 2335 1235 2335 1245 2335 1274 2336 1265 2336 1264 2336 1274 2337 1264 2337 1269 2337 1273 2338 1260 2338 1235 2338 1275 2339 1267 2339 1270 2339 1276 2340 1211 2340 1195 2340 1276 2341 1195 2341 1254 2341 1275 2342 1269 2342 1267 2342 1277 2343 1270 2343 1271 2343 1277 2344 1275 2344 1270 2344 1278 2345 1259 2345 1279 2345 1278 2346 1279 2346 1280 2346 1281 2347 1274 2347 1269 2347 1278 2348 1280 2348 1282 2348 1281 2349 1269 2349 1275 2349 1278 2350 1272 2350 1259 2350 1283 2351 1284 2351 1265 2351 1283 2352 1265 2352 1274 2352 1285 2353 1253 2353 1237 2353 1286 2354 1275 2354 1277 2354 1287 2355 1273 2355 1245 2355 1287 2356 1251 2356 1258 2356 1288 2357 1281 2357 1275 2357 1287 2358 1245 2358 1251 2358 1288 2359 1275 2359 1286 2359 1289 2360 1231 2360 1248 2360 1289 2361 1247 2361 1243 2361 1289 2362 1243 2362 1231 2362 1290 2363 1277 2363 1271 2363 1291 2364 1287 2364 1258 2364 1291 2365 1258 2365 1272 2365 1292 2366 1238 2366 1266 2366 1293 2367 1284 2367 1283 2367 1294 2368 1293 2368 1283 2368 1294 2369 1274 2369 1281 2369 1295 2370 1224 2370 1238 2370 1294 2371 1283 2371 1274 2371 1295 2372 1276 2372 1254 2372 1295 2373 1225 2373 1224 2373 1295 2374 1254 2374 1225 2374 1296 2375 1216 2375 1212 2375 1297 2376 1288 2376 1286 2376 1296 2377 1212 2377 1211 2377 1296 2378 1232 2378 1216 2378 1298 2379 1286 2379 1277 2379 1299 2380 1257 2380 1268 2380 1298 2381 1277 2381 1290 2381 1300 2382 1293 2382 1294 2382 1299 2383 1249 2383 1257 2383 1301 2384 1300 2384 1294 2384 1302 2385 1291 2385 1272 2385 1301 2386 1294 2386 1281 2386 1301 2387 1281 2387 1288 2387 1303 2388 1285 2388 1237 2388 1303 2389 1256 2389 1260 2389 1304 2390 1271 2390 1305 2390 1304 2391 1290 2391 1271 2391 1303 2392 1237 2392 1256 2392 1306 2393 1286 2393 1298 2393 1307 2394 1299 2394 1268 2394 1308 2395 1272 2395 1278 2395 1306 2396 1297 2396 1286 2396 1308 2397 1302 2397 1272 2397 1309 2398 1266 2398 1198 2398 1309 2399 1292 2399 1266 2399 1310 2400 1304 2400 1305 2400 1311 2401 1312 2401 1284 2401 1311 2402 1284 2402 1293 2402 1309 2403 1198 2403 1244 2403 1313 2404 1300 2404 1301 2404 1314 2405 1303 2405 1260 2405 1315 2406 1288 2406 1297 2406 1314 2407 1260 2407 1273 2407 1315 2408 1301 2408 1288 2408 1315 2409 1313 2409 1301 2409 1316 2410 1306 2410 1298 2410 1317 2411 1276 2411 1295 2411 1318 2412 1220 2412 1250 2412 1316 2413 1298 2413 1290 2413 1316 2414 1304 2414 1310 2414 1316 2415 1290 2415 1304 2415 1319 2416 1312 2416 1311 2416 1318 2417 1268 2417 1220 2417 1320 2418 1232 2418 1296 2418 1321 2419 1278 2419 1282 2419 1321 2420 1308 2420 1278 2420 1322 2421 1316 2421 1310 2421 1323 2422 1293 2422 1300 2422 1324 2423 1227 2423 1229 2423 1323 2424 1311 2424 1293 2424 1324 2425 1229 2425 1232 2425 1325 2426 1253 2426 1285 2426 1325 2427 1318 2427 1250 2427 1326 2428 1313 2428 1315 2428 1325 2429 1250 2429 1253 2429 1327 2430 1309 2430 1244 2430 1328 2431 1306 2431 1316 2431 1327 2432 1244 2432 1249 2432 1328 2433 1316 2433 1322 2433 1329 2434 1315 2434 1297 2434 1330 2435 1273 2435 1287 2435 1329 2436 1297 2436 1306 2436 1330 2437 1314 2437 1273 2437 1331 2438 1311 2438 1323 2438 1331 2439 1319 2439 1311 2439 1332 2440 1317 2440 1295 2440 1332 2441 1238 2441 1292 2441 1333 2442 1323 2442 1300 2442 1333 2443 1300 2443 1313 2443 1332 2444 1295 2444 1238 2444 1334 2445 1287 2445 1291 2445 1333 2446 1313 2446 1326 2446 1333 2447 1331 2447 1323 2447 1334 2448 1330 2448 1287 2448 1335 2449 1317 2449 1332 2449 1336 2450 1328 2450 1322 2450 1337 2451 1315 2451 1329 2451 1337 2452 1326 2452 1315 2452 1338 2453 1292 2453 1309 2453 1339 2454 1310 2454 1305 2454 1339 2455 1305 2455 1340 2455 1341 2456 1291 2456 1302 2456 1341 2457 1334 2457 1291 2457 1342 2458 1227 2458 1324 2458 1343 2459 1331 2459 1333 2459 1344 2460 1345 2460 1312 2460 1342 2461 1248 2461 1227 2461 1344 2462 1312 2462 1319 2462 1346 2463 1325 2463 1285 2463 1347 2464 1343 2464 1333 2464 1347 2465 1333 2465 1326 2465 1348 2466 1306 2466 1328 2466 1349 2467 1338 2467 1309 2467 1348 2468 1337 2468 1329 2468 1349 2469 1309 2469 1327 2469 1348 2470 1329 2470 1306 2470 1350 2471 1341 2471 1302 2471 1351 2472 1345 2472 1344 2472 1352 2473 1310 2473 1339 2473 1353 2474 1307 2474 1268 2474 1353 2475 1268 2475 1318 2475 1352 2476 1322 2476 1310 2476 1352 2477 1336 2477 1322 2477 1353 2478 1318 2478 1325 2478 1354 2479 1348 2479 1328 2479 1355 2480 1325 2480 1346 2480 1355 2481 1353 2481 1325 2481 1356 2482 1350 2482 1302 2482 1356 2483 1282 2483 1357 2483 1354 2484 1328 2484 1336 2484 1356 2485 1302 2485 1308 2485 1356 2486 1321 2486 1282 2486 1356 2487 1308 2487 1321 2487 1358 2488 1343 2488 1347 2488 1359 2489 1285 2489 1303 2489 1359 2490 1346 2490 1285 2490 1360 2491 1339 2491 1340 2491 1360 2492 1352 2492 1339 2492 1360 2493 1340 2493 1361 2493 1359 2494 1303 2494 1314 2494 1362 2495 1296 2495 1211 2495 1363 2496 1344 2496 1319 2496 1363 2497 1351 2497 1344 2497 1362 2498 1211 2498 1276 2498 1363 2499 1319 2499 1331 2499 1364 2500 1247 2500 1289 2500 1364 2501 205 2501 203 2501 1364 2502 203 2502 1247 2502 1365 2503 1349 2503 1327 2503 1366 2504 1348 2504 1354 2504 1366 2505 1337 2505 1348 2505 1367 2506 1351 2506 1363 2506 1365 2507 1249 2507 1299 2507 1365 2508 1299 2508 1307 2508 1365 2509 1327 2509 1249 2509 1368 2510 1359 2510 1314 2510 1369 2511 1326 2511 1337 2511 1369 2512 1347 2512 1326 2512 1370 2513 1352 2513 1360 2513 1371 2514 1335 2514 1332 2514 1372 2515 1366 2515 1354 2515 1371 2516 1332 2516 1292 2516 1373 2517 1352 2517 1370 2517 1374 2518 1365 2518 1307 2518 1373 2519 1336 2519 1352 2519 1375 2520 1368 2520 1314 2520 1376 2521 1331 2521 1343 2521 1375 2522 1314 2522 1330 2522 1376 2523 1363 2523 1331 2523 1376 2524 1367 2524 1363 2524 1377 2525 1360 2525 1361 2525 1378 2526 1355 2526 1346 2526 1377 2527 1370 2527 1360 2527 1379 2528 1320 2528 1296 2528 1380 2529 1358 2529 1347 2529 1380 2530 1347 2530 1369 2530 1379 2531 1296 2531 1362 2531 1381 2532 1248 2532 1342 2532 1382 2533 1367 2533 1376 2533 1383 2534 1384 2534 1345 2534 1381 2535 1289 2535 1248 2535 1383 2536 1345 2536 1351 2536 1385 2537 1375 2537 1330 2537 1385 2538 1330 2538 1334 2538 1386 2539 1373 2539 1370 2539 1387 2540 1335 2540 1371 2540 1388 2541 1370 2541 1377 2541 1388 2542 1386 2542 1370 2542 1389 2543 1349 2543 1365 2543 1390 2544 1376 2544 1343 2544 1390 2545 1382 2545 1376 2545 1390 2546 1343 2546 1358 2546 1391 2547 1337 2547 1366 2547 1392 2548 1359 2548 1368 2548 1391 2549 1366 2549 1372 2549 1391 2550 1380 2550 1369 2550 1392 2551 1378 2551 1346 2551 1392 2552 1346 2552 1359 2552 1391 2553 1369 2553 1337 2553 1393 2554 1385 2554 1334 2554 1394 2555 1384 2555 1383 2555 1393 2556 1334 2556 1341 2556 1395 2557 1336 2557 1373 2557 1396 2558 1362 2558 1276 2558 1395 2559 1354 2559 1336 2559 1395 2560 1372 2560 1354 2560 1396 2561 1317 2561 1335 2561 1395 2562 1373 2562 1386 2562 1396 2563 1276 2563 1317 2563 1397 2564 1232 2564 1320 2564 1398 2565 1382 2565 1390 2565 1397 2566 1324 2566 1232 2566 1399 2567 1391 2567 1372 2567 1397 2568 1342 2568 1324 2568 1400 2569 1365 2569 1374 2569 1401 2570 1391 2570 1399 2570 1400 2571 1389 2571 1365 2571 1402 2572 1368 2572 1375 2572 1401 2573 1380 2573 1391 2573 1402 2574 1392 2574 1368 2574 1403 2575 1351 2575 1367 2575 1403 2576 1383 2576 1351 2576 1404 2577 1393 2577 1341 2577 1403 2578 1394 2578 1383 2578 1404 2579 1341 2579 1350 2579 1405 2580 1402 2580 1375 2580 1405 2581 1375 2581 1385 2581 1406 2582 1386 2582 1388 2582 1407 2583 1404 2583 1350 2583 1407 2584 1350 2584 1356 2584 1408 2585 1394 2585 1403 2585 1409 2586 1292 2586 1338 2586 1410 2587 1358 2587 1380 2587 1409 2588 1387 2588 1371 2588 1410 2589 1390 2589 1358 2589 1409 2590 1371 2590 1292 2590 1411 2591 1307 2591 1353 2591 1411 2592 1353 2592 1355 2592 1412 2593 1401 2593 1399 2593 1413 2594 1372 2594 1395 2594 1411 2595 1374 2595 1307 2595 1414 2596 1386 2596 1406 2596 1414 2597 1413 2597 1395 2597 1414 2598 1395 2598 1386 2598 1415 2599 1379 2599 1362 2599 1416 2600 1390 2600 1410 2600 1415 2601 1362 2601 1396 2601 1417 2602 1356 2602 1357 2602 1416 2603 1398 2603 1390 2603 1417 2604 1407 2604 1356 2604 1418 2605 1355 2605 1378 2605 1419 2606 1367 2606 1382 2606 1418 2607 1411 2607 1355 2607 1420 2608 1338 2608 1349 2608 1419 2609 1403 2609 1367 2609 1421 2610 1361 2610 1422 2610 1421 2611 1377 2611 1361 2611 1420 2612 1409 2612 1338 2612 1423 2613 1335 2613 1387 2613 1424 2614 1408 2614 1403 2614 1424 2615 1403 2615 1419 2615 1423 2616 1396 2616 1335 2616 1423 2617 1415 2617 1396 2617 1425 2618 1385 2618 1393 2618 1426 2619 1421 2619 1422 2619 1425 2620 1405 2620 1385 2620 1427 2621 1413 2621 1414 2621 1428 2622 1381 2622 1342 2622 1428 2623 1342 2623 1397 2623 1429 2624 1394 2624 1408 2624 1430 2625 1387 2625 1409 2625 1429 2626 1431 2626 1384 2626 1429 2627 1384 2627 1394 2627 1432 2628 1427 2628 1414 2628 1433 2629 1393 2629 1404 2629 1433 2630 1425 2630 1393 2630 1432 2631 1414 2631 1406 2631 1434 2632 1430 2632 1409 2632 1435 2633 1419 2633 1382 2633 1435 2634 1424 2634 1419 2634 1434 2635 1409 2635 1420 2635 1435 2636 1382 2636 1398 2636 1436 2637 1410 2637 1380 2637 1437 2638 1415 2638 1423 2638 1436 2639 1416 2639 1410 2639 1436 2640 1380 2640 1401 2640 1438 2641 1433 2641 1404 2641 1439 2642 1388 2642 1377 2642 1439 2643 1377 2643 1421 2643 1438 2644 1404 2644 1407 2644 1439 2645 1421 2645 1426 2645 1440 2646 1411 2646 1418 2646 1441 2647 1439 2647 1426 2647 1440 2648 1400 2648 1374 2648 1440 2649 1374 2649 1411 2649 1442 2650 1440 2650 1418 2650 1443 2651 1372 2651 1413 2651 1444 2652 1418 2652 1378 2652 1443 2653 1413 2653 1427 2653 1444 2654 1442 2654 1418 2654 1443 2655 1399 2655 1372 2655 1445 2656 1438 2656 1407 2656 1445 2657 1357 2657 1446 2657 1447 2658 1424 2658 1435 2658 1445 2659 1417 2659 1357 2659 1445 2660 1407 2660 1417 2660 1448 2661 1364 2661 1289 2661 1448 2662 205 2662 1364 2662 1448 2663 319 2663 205 2663 1448 2664 1289 2664 1381 2664 1449 2665 1416 2665 1436 2665 1450 2666 1444 2666 1378 2666 1451 2667 1449 2667 1436 2667 1450 2668 1378 2668 1392 2668 1451 2669 1436 2669 1401 2669 1450 2670 1392 2670 1402 2670 1451 2671 1401 2671 1412 2671 1452 2672 1397 2672 1320 2672 1452 2673 1379 2673 1415 2673 1453 2674 1431 2674 1429 2674 1452 2675 1320 2675 1379 2675 1454 2676 1408 2676 1424 2676 1455 2677 1434 2677 1420 2677 1454 2678 1453 2678 1429 2678 1454 2679 1429 2679 1408 2679 1456 2680 1427 2680 1432 2680 1455 2681 1349 2681 1389 2681 1455 2682 1420 2682 1349 2682 1457 2683 1448 2683 1381 2683 1457 2684 1381 2684 1428 2684 1458 2685 1442 2685 1444 2685 1459 2686 1449 2686 1451 2686 1460 2687 1412 2687 1399 2687 1460 2688 1399 2688 1443 2688 1461 2689 1402 2689 1405 2689 1461 2690 1450 2690 1402 2690 1462 2691 1437 2691 1423 2691 1463 2692 1398 2692 1416 2692 1463 2693 1435 2693 1398 2693 1462 2694 1423 2694 1387 2694 1464 2695 1439 2695 1441 2695 1464 2696 1388 2696 1439 2696 1464 2697 1406 2697 1388 2697 1465 2698 1455 2698 1389 2698 1466 2699 1443 2699 1427 2699 1465 2700 1389 2700 1400 2700 1466 2701 1427 2701 1456 2701 1466 2702 1460 2702 1443 2702 1467 2703 1464 2703 1441 2703 1468 2704 1461 2704 1405 2704 1469 2705 1434 2705 1455 2705 1469 2706 1455 2706 1465 2706 1470 2707 1444 2707 1450 2707 1471 2708 1453 2708 1454 2708 1470 2709 1458 2709 1444 2709 1470 2710 1450 2710 1461 2710 1472 2711 1447 2711 1435 2711 1473 2712 1425 2712 1433 2712 1472 2713 1435 2713 1463 2713 1473 2714 1468 2714 1405 2714 1473 2715 1405 2715 1425 2715 1474 2716 1180 2716 1431 2716 1474 2717 1431 2717 1453 2717 1475 2718 1454 2718 1424 2718 1475 2719 1424 2719 1447 2719 1476 2720 1437 2720 1462 2720 1477 2721 1397 2721 1452 2721 1475 2722 1471 2722 1454 2722 1477 2723 1428 2723 1397 2723 1478 2724 1460 2724 1466 2724 1479 2725 1469 2725 1465 2725 1480 2726 1471 2726 1475 2726 1481 2727 1461 2727 1468 2727 1481 2728 1470 2728 1461 2728 1482 2729 1433 2729 1438 2729 1482 2730 1473 2730 1433 2730 1483 2731 1426 2731 1422 2731 1483 2732 1441 2732 1426 2732 1484 2733 1477 2733 1452 2733 1485 2734 1453 2734 1471 2734 1484 2735 1452 2735 1415 2735 1484 2736 1415 2736 1437 2736 1485 2737 1474 2737 1453 2737 1486 2738 1478 2738 1466 2738 1487 2739 1481 2739 1468 2739 1486 2740 1466 2740 1456 2740 1488 2741 1475 2741 1447 2741 1488 2742 1480 2742 1475 2742 1489 2743 1482 2743 1438 2743 1490 2744 1489 2744 1438 2744 1490 2745 1438 2745 1445 2745 1491 2746 1416 2746 1449 2746 1491 2747 1463 2747 1416 2747 1491 2748 1472 2748 1463 2748 1492 2749 1387 2749 1430 2749 1492 2750 1462 2750 1387 2750 1492 2751 1476 2751 1462 2751 1493 2752 1406 2752 1464 2752 1493 2753 1432 2753 1406 2753 1494 2754 1468 2754 1473 2754 1495 2755 1493 2755 1464 2755 1494 2756 1487 2756 1468 2756 1496 2757 1465 2757 1400 2757 1496 2758 1400 2758 1440 2758 1495 2759 1464 2759 1467 2759 1497 2760 1451 2760 1412 2760 1498 2761 1490 2761 1445 2761 1497 2762 1459 2762 1451 2762 1497 2763 1412 2763 1460 2763 1498 2764 1445 2764 1446 2764 1499 2765 1440 2765 1442 2765 1499 2766 1496 2766 1440 2766 1499 2767 1442 2767 1458 2767 1500 2768 1472 2768 1491 2768 1501 2769 1500 2769 1491 2769 1502 2770 1492 2770 1430 2770 1501 2771 1449 2771 1459 2771 1501 2772 1491 2772 1449 2772 1503 2773 1478 2773 1486 2773 1502 2774 1430 2774 1434 2774 1504 2775 1441 2775 1483 2775 1505 2776 1437 2776 1476 2776 1505 2777 1484 2777 1437 2777 1504 2778 1467 2778 1441 2778 1506 2779 1480 2779 1488 2779 1507 2780 1494 2780 1473 2780 1507 2781 1473 2781 1482 2781 1508 2782 1484 2782 1505 2782 1509 2783 1459 2783 1497 2783 1508 2784 1477 2784 1484 2784 1510 2785 1485 2785 1471 2785 1510 2786 1480 2786 1506 2786 1510 2787 1471 2787 1480 2787 1511 2788 1500 2788 1501 2788 1512 2789 1476 2789 1492 2789 1513 2790 1482 2790 1489 2790 1514 2791 1456 2791 1432 2791 1513 2792 1507 2792 1482 2792 1515 2793 1496 2793 1499 2793 1514 2794 1493 2794 1495 2794 1514 2795 1432 2795 1493 2795 1515 2796 1465 2796 1496 2796 1515 2797 1479 2797 1465 2797 1516 2798 1477 2798 1508 2798 1517 2799 1514 2799 1495 2799 1516 2800 1457 2800 1428 2800 1518 2801 1506 2801 1488 2801 1516 2802 1428 2802 1477 2802 1518 2803 1472 2803 1500 2803 1518 2804 1447 2804 1472 2804 1519 2805 1515 2805 1499 2805 1518 2806 1488 2806 1447 2806 1520 2807 1497 2807 1460 2807 1521 2808 1489 2808 1490 2808 1521 2809 1490 2809 1498 2809 1520 2810 1460 2810 1478 2810 1521 2811 1498 2811 1446 2811 1521 2812 1513 2812 1489 2812 1521 2813 1446 2813 1522 2813 1520 2814 1509 2814 1497 2814 1523 2815 1492 2815 1502 2815 1524 2816 1181 2816 1180 2816 1524 2817 1485 2817 1510 2817 1524 2818 1180 2818 1474 2818 1524 2819 1474 2819 1485 2819 1523 2820 1512 2820 1492 2820 1525 2821 1467 2821 1504 2821 1526 2822 319 2822 1448 2822 1526 2823 1457 2823 1516 2823 1526 2824 1448 2824 1457 2824 1527 2825 1499 2825 1458 2825 1528 2826 1510 2826 1506 2826 1527 2827 1519 2827 1499 2827 1529 2828 1509 2828 1520 2828 1530 2829 1508 2829 1505 2829 1531 2830 1506 2830 1518 2830 1532 2831 1519 2831 1527 2831 1533 2832 1422 2832 1534 2832 1533 2833 1483 2833 1422 2833 1535 2834 1527 2834 1458 2834 1535 2835 1458 2835 1470 2835 1536 2836 1478 2836 1503 2836 1536 2837 1520 2837 1478 2837 1537 2838 1434 2838 1469 2838 1536 2839 1529 2839 1520 2839 1538 2840 1500 2840 1511 2840 1537 2841 1502 2841 1434 2841 1538 2842 1531 2842 1518 2842 1538 2843 1518 2843 1500 2843 1539 2844 1183 2844 1181 2844 1539 2845 1181 2845 1524 2845 1539 2846 1524 2846 1510 2846 1540 2847 1516 2847 1508 2847 1539 2848 1510 2848 1528 2848 1540 2849 1508 2849 1530 2849 1541 2850 1486 2850 1456 2850 1541 2851 1514 2851 1517 2851 1541 2852 1456 2852 1514 2852 1542 2853 1535 2853 1470 2853 1542 2854 1470 2854 1481 2854 1543 2855 1541 2855 1517 2855 1544 2856 1505 2856 1476 2856 1544 2857 1476 2857 1512 2857 1545 2858 1459 2858 1509 2858 1545 2859 1501 2859 1459 2859 1544 2860 1530 2860 1505 2860 1546 2861 1537 2861 1469 2861 1547 2862 1529 2862 1536 2862 1546 2863 1469 2863 1479 2863 1548 2864 1528 2864 1506 2864 1548 2865 1506 2865 1531 2865 1549 2866 1542 2866 1481 2866 1549 2867 1481 2867 1487 2867 1550 2868 1527 2868 1535 2868 1550 2869 1535 2869 1542 2869 1551 2870 1504 2870 1483 2870 1550 2871 1532 2871 1527 2871 1551 2872 1483 2872 1533 2872 1552 2873 1502 2873 1537 2873 1552 2874 1537 2874 1546 2874 1553 2875 1538 2875 1511 2875 1552 2876 1523 2876 1502 2876 1554 2877 1495 2877 1467 2877 1554 2878 1467 2878 1525 2878 1555 2879 1542 2879 1549 2879 1555 2880 1550 2880 1542 2880 1554 2881 1517 2881 1495 2881 1556 2882 1487 2882 1494 2882 1556 2883 1549 2883 1487 2883 1557 2884 1511 2884 1501 2884 1557 2885 1501 2885 1545 2885 1558 2886 1540 2886 1530 2886 1557 2887 1553 2887 1511 2887 1559 2888 1538 2888 1553 2888 1560 2889 1552 2889 1546 2889 1559 2890 1531 2890 1538 2890 1561 2891 1486 2891 1541 2891 1562 2892 1555 2892 1549 2892 1562 2893 1549 2893 1556 2893 1561 2894 1503 2894 1486 2894 1563 2895 1494 2895 1507 2895 1563 2896 1556 2896 1494 2896 1564 2897 1541 2897 1543 2897 1564 2898 1561 2898 1541 2898 1565 2899 1558 2899 1530 2899 1566 2900 389 2900 1183 2900 1565 2901 1530 2901 1544 2901 1566 2902 1183 2902 1539 2902 1566 2903 1528 2903 1548 2903 1567 2904 1516 2904 1540 2904 1566 2905 1539 2905 1528 2905 1567 2906 294 2906 319 2906 1568 2907 1559 2907 1553 2907 1567 2908 1526 2908 1516 2908 1567 2909 319 2909 1526 2909 1569 2910 1562 2910 1556 2910 1570 2911 1545 2911 1509 2911 1569 2912 1556 2912 1563 2912 1570 2913 1509 2913 1529 2913 1570 2914 1557 2914 1545 2914 1571 2915 1507 2915 1513 2915 1571 2916 1563 2916 1507 2916 1572 2917 1517 2917 1554 2917 1573 2918 1571 2918 1513 2918 1573 2919 1513 2919 1521 2919 1574 2920 1563 2920 1571 2920 1574 2921 1569 2921 1563 2921 1575 2922 1504 2922 1551 2922 1575 2923 1525 2923 1504 2923 1576 2924 1565 2924 1544 2924 1576 2925 1544 2925 1512 2925 1577 2926 1479 2926 1515 2926 1578 2927 1557 2927 1570 2927 1579 2928 1551 2928 1533 2928 1577 2929 1546 2929 1479 2929 1579 2930 1533 2930 1534 2930 1580 2931 1548 2931 1531 2931 1580 2932 1531 2932 1559 2932 1581 2933 1573 2933 1521 2933 1580 2934 1559 2934 1568 2934 1581 2935 1521 2935 1522 2935 1582 2936 1515 2936 1519 2936 1583 2937 1566 2937 1548 2937 1582 2938 1577 2938 1515 2938 1583 2939 1548 2939 1580 2939 1582 2940 1519 2940 1532 2940 1583 2941 390 2941 389 2941 1583 2942 389 2942 1566 2942 1584 2943 1580 2943 1568 2943 1585 2944 1574 2944 1571 2944 1586 2945 1570 2945 1529 2945 1586 2946 1529 2946 1547 2946 1587 2947 1523 2947 1552 2947 1586 2948 1578 2948 1570 2948 1587 2949 1576 2949 1512 2949 1587 2950 1512 2950 1523 2950 1588 2951 1571 2951 1573 2951 1589 2952 1551 2952 1579 2952 1588 2953 1585 2953 1571 2953 1588 2954 1522 2954 1590 2954 1591 2955 1503 2955 1561 2955 1588 2956 1573 2956 1581 2956 1588 2957 1581 2957 1522 2957 1592 2958 1560 2958 1546 2958 1592 2959 1546 2959 1577 2959 1591 2960 1536 2960 1503 2960 1592 2961 1577 2961 1582 2961 1593 2962 1591 2962 1561 2962 1593 2963 1561 2963 1564 2963 1594 2964 1592 2964 1582 2964 1595 2965 1540 2965 1558 2965 1595 2966 1567 2966 1540 2966 294 2967 298 2967 1595 2967 1596 2968 1568 2968 1553 2968 1595 2969 294 2969 1567 2969 1596 2970 1553 2970 1557 2970 1597 2971 1576 2971 1587 2971 1596 2972 1557 2972 1578 2972 1597 2973 1565 2973 1576 2973 1598 2974 1565 2974 1597 2974 1599 2975 1578 2975 1586 2975 1598 2976 1558 2976 1565 2976 1600 2977 1525 2977 1575 2977 1601 2978 1582 2978 1532 2978 1601 2979 1594 2979 1582 2979 1602 2980 1597 2980 1587 2980 1600 2981 1554 2981 1525 2981 1603 2982 1536 2982 1591 2982 1603 2983 1547 2983 1536 2983 1604 2984 1595 2984 1558 2984 1604 2985 354 2985 298 2985 1603 2986 1591 2986 1593 2986 1604 2987 1558 2987 1598 2987 1604 2988 298 2988 1595 2988 1605 2989 1517 2989 1572 2989 1605 2990 1564 2990 1543 2990 1606 2991 1594 2991 1601 2991 1607 2992 1601 2992 1532 2992 1605 2993 1543 2993 1517 2993 1607 2994 1532 2994 1550 2994 1608 2995 1603 2995 1593 2995 1609 2996 1602 2996 1587 2996 1609 2997 1587 2997 1552 2997 1610 2998 1579 2998 1534 2998 1611 2999 1583 2999 1580 2999 1611 3000 390 3000 1583 3000 1611 3001 1580 3001 1584 3001 1612 3002 1568 3002 1596 3002 1613 3003 1607 3003 1550 3003 1613 3004 1550 3004 1555 3004 1614 3005 1552 3005 1560 3005 1614 3006 1609 3006 1552 3006 1615 3007 1551 3007 1589 3007 1615 3008 1575 3008 1551 3008 1616 3009 1555 3009 1562 3009 1616 3010 1613 3010 1555 3010 1617 3011 1564 3011 1605 3011 1618 3012 1572 3012 1554 3012 1619 3013 1601 3013 1607 3013 1618 3014 1554 3014 1600 3014 1619 3015 1606 3015 1601 3015 1619 3016 1607 3016 1613 3016 1620 3017 1598 3017 1597 3017 1621 3018 1596 3018 1578 3018 1621 3019 1578 3019 1599 3019 1621 3020 1612 3020 1596 3020 1622 3021 390 3021 1611 3021 1622 3022 1611 3022 1584 3022 1623 3023 1613 3023 1616 3023 1623 3024 1619 3024 1613 3024 1624 3025 1589 3025 1579 3025 1625 3026 1562 3026 1569 3026 1624 3027 1579 3027 1610 3027 1625 3028 1616 3028 1562 3028 1626 3029 1624 3029 1610 3029 1626 3030 1610 3030 1534 3030 1627 3031 1597 3031 1602 3031 1628 3032 1612 3032 1621 3032 1627 3033 1620 3033 1597 3033 1629 3034 1622 3034 1584 3034 1629 3035 1612 3035 1628 3035 1629 3036 1568 3036 1612 3036 1629 3037 1584 3037 1568 3037 1630 3038 1623 3038 1616 3038 1631 3039 1602 3039 1609 3039 1631 3040 1609 3040 1614 3040 1632 3041 1626 3041 1534 3041 1631 3042 1627 3042 1602 3042 1633 3043 1624 3043 1626 3043 1633 3044 1626 3044 1632 3044 1634 3045 1569 3045 1574 3045 1634 3046 1625 3046 1569 3046 1635 3047 1621 3047 1599 3047 1635 3048 1628 3048 1621 3048 1636 3049 1631 3049 1614 3049 1637 3050 1618 3050 1600 3050 1638 3051 1616 3051 1625 3051 1638 3052 1630 3052 1616 3052 1637 3053 1600 3053 1575 3053 1637 3054 1575 3054 1615 3054 1639 3055 1574 3055 1585 3055 1640 3056 1615 3056 1589 3056 1639 3057 1634 3057 1574 3057 1640 3058 1624 3058 1633 3058 1641 3059 1639 3059 1585 3059 1640 3060 1589 3060 1624 3060 1641 3061 1585 3061 1588 3061 1642 3062 1586 3062 1547 3062 1643 3063 1598 3063 1620 3063 1643 3064 354 3064 1604 3064 1642 3065 1547 3065 1603 3065 1643 3066 1604 3066 1598 3066 1644 3067 1634 3067 1639 3067 1644 3068 1638 3068 1625 3068 1644 3069 1625 3069 1634 3069 1645 3070 1642 3070 1603 3070 1645 3071 1603 3071 1608 3071 1646 3072 1592 3072 1594 3072 1646 3073 1560 3073 1592 3073 1646 3074 1614 3074 1560 3074 1647 3075 1641 3075 1588 3075 1648 3076 1572 3076 1618 3076 1648 3077 1605 3077 1572 3077 1647 3078 1588 3078 1590 3078 1649 3079 1633 3079 1632 3079 1650 3080 1594 3080 1606 3080 1650 3081 1646 3081 1594 3081 1651 3082 1642 3082 1645 3082 1651 3083 1586 3083 1642 3083 1652 3084 1644 3084 1639 3084 1651 3085 1599 3085 1586 3085 1653 3086 1629 3086 1628 3086 1654 3087 1652 3087 1639 3087 1654 3088 1639 3088 1641 3088 1655 3089 1564 3089 1617 3089 1656 3090 1641 3090 1647 3090 1656 3091 1590 3091 1657 3091 1656 3092 1647 3092 1590 3092 1656 3093 1654 3093 1641 3093 1658 3094 1627 3094 1631 3094 1655 3095 1593 3095 1564 3095 1655 3096 1608 3096 1593 3096 1659 3097 1628 3097 1635 3097 1660 3098 1646 3098 1650 3098 1659 3099 1653 3099 1628 3099 1660 3100 1636 3100 1614 3100 1228 3101 1651 3101 1645 3101 1660 3102 1614 3102 1646 3102 1661 3103 1618 3103 1637 3103 1661 3104 1648 3104 1618 3104 1662 3105 1650 3105 1606 3105 1663 3106 1631 3106 1636 3106 1663 3107 1658 3107 1631 3107 1664 3108 1660 3108 1650 3108 1217 3109 1608 3109 1655 3109 1664 3110 1650 3110 1662 3110 1197 3111 1617 3111 1605 3111 1665 3112 1620 3112 1627 3112 1665 3113 1643 3113 1620 3113 354 3114 408 3114 1665 3114 1665 3115 354 3115 1643 3115 1666 3116 1627 3116 1658 3116 1666 3117 471 3117 408 3117 1197 3118 1605 3118 1648 3118 1666 3119 408 3119 1665 3119 1667 3120 1640 3120 1633 3120 1666 3121 1665 3121 1627 3121 1667 3122 1633 3122 1649 3122 1668 3123 1534 3123 1669 3123 1670 3124 1662 3124 1606 3124 1668 3125 1632 3125 1534 3125 1670 3126 1606 3126 1619 3126 1668 3127 1649 3127 1632 3127 1670 3128 1619 3128 1623 3128 1671 3129 390 3129 1622 3129 1671 3130 1629 3130 1653 3130 1671 3131 1622 3131 1629 3131 1671 3132 328 3132 390 3132 1672 3133 1670 3133 1623 3133 1673 3134 1615 3134 1640 3134 1673 3135 1637 3135 1615 3135 1674 3136 1664 3136 1662 3136 1675 3137 1623 3137 1630 3137 1675 3138 1630 3138 1638 3138 1676 3139 1667 3139 1649 3139 1675 3140 1672 3140 1623 3140 1241 3141 1653 3141 1659 3141 1677 3142 1636 3142 1660 3142 1677 3143 1663 3143 1636 3143 1678 3144 1649 3144 1668 3144 1678 3145 1676 3145 1649 3145 1679 3146 1664 3146 1674 3146 1680 3147 1678 3147 1668 3147 1679 3148 1660 3148 1664 3148 1679 3149 1677 3149 1660 3149 1680 3150 1668 3150 1669 3150 1681 3151 1669 3151 1682 3151 1681 3152 1680 3152 1669 3152 1683 3153 1675 3153 1638 3153 1684 3154 1662 3154 1670 3154 1685 3155 1653 3155 1241 3155 1684 3156 1674 3156 1662 3156 1685 3157 1671 3157 1653 3157 1684 3158 1670 3158 1672 3158 1685 3159 328 3159 1671 3159 1686 3160 1661 3160 1637 3160 1687 3161 1684 3161 1672 3161 1687 3162 1672 3162 1675 3162 1686 3163 1637 3163 1673 3163 1688 3164 1638 3164 1644 3164 1689 3165 1686 3165 1673 3165 1688 3166 1644 3166 1652 3166 1689 3167 1640 3167 1667 3167 1688 3168 1683 3168 1638 3168 1689 3169 1673 3169 1640 3169 1689 3170 1667 3170 1676 3170 1690 3171 1675 3171 1683 3171 1691 3172 1648 3172 1661 3172 1690 3173 1687 3173 1675 3173 1692 3174 1688 3174 1652 3174 1693 3175 1658 3175 1663 3175 1694 3176 1599 3176 1651 3176 1693 3177 471 3177 1666 3177 1693 3178 1666 3178 1658 3178 1694 3179 1635 3179 1599 3179 1695 3180 1692 3180 1652 3180 1694 3181 1651 3181 1228 3181 1695 3182 1652 3182 1654 3182 1696 3183 1678 3183 1680 3183 1697 3184 1679 3184 1674 3184 1230 3185 1694 3185 1228 3185 1698 3186 471 3186 1693 3186 471 3187 561 3187 1698 3187 1698 3188 1693 3188 1663 3188 1699 3189 1683 3189 1688 3189 1196 3190 1655 3190 1617 3190 1699 3191 1690 3191 1683 3191 1196 3192 1617 3192 1197 3192 1700 3193 1695 3193 1654 3193 1206 3194 1678 3194 1696 3194 1700 3195 1656 3195 1657 3195 1700 3196 1654 3196 1656 3196 1206 3197 1676 3197 1678 3197 1701 3198 1699 3198 1688 3198 1702 3199 1696 3199 1680 3199 1702 3200 1680 3200 1681 3200 1701 3201 1688 3201 1692 3201 1703 3202 1689 3202 1676 3202 1704 3203 1697 3203 1674 3203 1703 3204 1676 3204 1206 3204 1704 3205 1674 3205 1684 3205 1704 3206 1684 3206 1687 3206 1705 3207 1701 3207 1692 3207 1705 3208 1692 3208 1695 3208 1255 3209 1197 3209 1648 3209 1706 3210 1695 3210 1700 3210 1255 3211 1648 3211 1691 3211 1706 3212 1705 3212 1695 3212 1707 3213 1687 3213 1690 3213 1218 3214 1645 3214 1608 3214 1707 3215 1704 3215 1687 3215 1218 3216 1228 3216 1645 3216 1218 3217 1608 3217 1217 3217 1708 3218 1706 3218 1700 3218 1708 3219 1700 3219 1657 3219 1708 3220 1657 3220 1709 3220 1212 3221 1217 3221 1655 3221 1710 3222 1707 3222 1690 3222 1212 3223 1655 3223 1196 3223 1711 3224 1686 3224 1689 3224 1712 3225 561 3225 1698 3225 1711 3226 1689 3226 1703 3226 1712 3227 1698 3227 1663 3227 1713 3228 1635 3228 1694 3228 1712 3229 1663 3229 1677 3229 1713 3230 1659 3230 1635 3230 1712 3231 1677 3231 1679 3231 1713 3232 1694 3232 1230 3232 1714 3233 561 3233 1712 3233 1714 3234 1712 3234 1679 3234 1240 3235 1685 3235 1241 3235 328 3236 329 3236 1240 3236 1714 3237 1679 3237 1697 3237 1240 3238 328 3238 1685 3238 1715 3239 1690 3239 1699 3239 1716 3240 1702 3240 1681 3240 1715 3241 1710 3241 1690 3241 1716 3242 1681 3242 1682 3242 1717 3243 1701 3243 1705 3243 1717 3244 1699 3244 1701 3244 1231 3245 1713 3245 1230 3245 1717 3246 1715 3246 1699 3246 1229 3247 1228 3247 1218 3247 1718 3248 1717 3248 1705 3248 1209 3249 1716 3249 1682 3249 1719 3250 1705 3250 1706 3250 1719 3251 1718 3251 1705 3251 1720 3252 1714 3252 1697 3252 561 3253 278 3253 1720 3253 1714 3254 561 3254 1720 3254 1720 3255 1697 3255 1704 3255 1721 3256 1706 3256 1708 3256 1199 3257 1711 3257 1703 3257 1721 3258 1719 3258 1706 3258 1207 3259 1206 3259 1696 3259 1722 3260 1708 3260 1709 3260 1722 3261 1721 3261 1708 3261 1723 3262 1704 3262 1707 3262 1226 3263 1686 3263 1711 3263 1720 3264 278 3264 1723 3264 1226 3265 1691 3265 1661 3265 1723 3266 1720 3266 1704 3266 1724 3267 1707 3267 1710 3267 1226 3268 1661 3268 1686 3268 1724 3269 1723 3269 1707 3269 1724 3270 278 3270 1723 3270 1202 3271 1696 3271 1702 3271 1725 3272 1710 3272 1715 3272 1725 3273 1724 3273 1710 3273 1725 3274 278 3274 1724 3274 1726 3275 1715 3275 1717 3275 1202 3276 1207 3276 1696 3276 1725 3277 278 3277 1726 3277 1203 3278 1202 3278 1702 3278 1726 3279 1725 3279 1715 3279 1203 3280 1702 3280 1716 3280 1726 3281 278 3281 1727 3281 1727 3282 1726 3282 1717 3282 1727 3283 1717 3283 1718 3283 1727 3284 278 3284 1728 3284 1200 3285 1703 3285 1206 3285 1728 3286 1718 3286 1719 3286 1200 3287 1199 3287 1703 3287 1728 3288 1727 3288 1718 3288 1204 3289 1716 3289 1209 3289 1729 3290 1719 3290 1721 3290 1204 3291 1203 3291 1716 3291 1728 3292 278 3292 1729 3292 1729 3293 1728 3293 1719 3293 1242 3294 1659 3294 1713 3294 1729 3295 278 3295 1730 3295 1730 3296 1721 3296 1722 3296 1242 3297 1713 3297 1231 3297 1730 3298 1729 3298 1721 3298 1731 3299 1709 3299 398 3299 1242 3300 1241 3300 1659 3300 278 3301 398 3301 1731 3301 1731 3302 1722 3302 1709 3302 1730 3303 278 3303 1731 3303 1731 3304 1730 3304 1722 3304 1243 3305 1242 3305 1231 3305 1210 3306 1682 3306 1732 3306 1210 3307 1209 3307 1682 3307 1225 3308 1691 3308 1226 3308 1225 3309 1255 3309 1691 3309 1214 3310 1732 3310 1215 3310 1214 3311 1210 3311 1732 3311 1223 3312 1226 3312 1711 3312 1223 3313 1711 3313 1199 3313 1195 3314 1212 3314 1196 3314 1195 3315 1197 3315 1255 3315 1733 3316 1734 3316 1735 3316 1736 3317 1737 3317 1738 3317 1739 3318 1736 3318 1738 3318 1740 3319 1741 3319 1742 3319 1743 3320 1744 3320 1745 3320 1746 3321 1743 3321 1745 3321 1741 3322 1747 3322 1742 3322 1748 3323 1749 3323 1750 3323 1751 3324 1739 3324 1752 3324 1749 3325 1753 3325 1750 3325 1739 3326 1738 3326 1752 3326 1740 3327 1742 3327 1754 3327 1755 3328 1740 3328 1754 3328 1745 3329 1744 3329 1756 3329 1757 3330 986 3330 1758 3330 1744 3331 1759 3331 1756 3331 1760 3332 1757 3332 1758 3332 1761 3333 1762 3333 1763 3333 1764 3334 1755 3334 1765 3334 1766 3335 1767 3335 1763 3335 1755 3336 1754 3336 1765 3336 1768 3337 1751 3337 1769 3337 1767 3338 1761 3338 1763 3338 1751 3339 1752 3339 1769 3339 1763 3340 1762 3340 1770 3340 1771 3341 1772 3341 1773 3341 1760 3342 1758 3342 1773 3342 1758 3343 986 3343 1773 3343 1772 3344 1760 3344 1773 3344 1774 3345 1768 3345 1775 3345 1735 3346 1776 3346 1777 3346 1776 3347 1778 3347 1777 3347 1768 3348 1769 3348 1775 3348 1732 3349 1682 3349 1779 3349 1747 3350 1774 3350 1780 3350 1682 3351 1781 3351 1779 3351 1774 3352 1775 3352 1780 3352 1782 3353 1783 3353 1784 3353 1783 3354 1785 3354 1784 3354 1742 3355 1747 3355 1786 3355 1747 3356 1780 3356 1786 3356 1787 3357 986 3357 1773 3357 1787 3358 1155 3358 986 3358 1788 3359 1789 3359 1790 3359 1771 3360 1773 3360 1787 3360 1791 3361 1792 3361 1793 3361 850 3362 1764 3362 1794 3362 1754 3363 1742 3363 1794 3363 1764 3364 1765 3364 1794 3364 1765 3365 1754 3365 1794 3365 1742 3366 1786 3366 1794 3366 1759 3367 1791 3367 1793 3367 1738 3368 1737 3368 1795 3368 1737 3369 1771 3369 1795 3369 1771 3370 1787 3370 1795 3370 1795 3371 1155 3371 1787 3371 1738 3372 1795 3372 1796 3372 1781 3373 1748 3373 1797 3373 1748 3374 1750 3374 1797 3374 1795 3375 1155 3375 1796 3375 1752 3376 1738 3376 1796 3376 1215 3377 1732 3377 1798 3377 1732 3378 1779 3378 1798 3378 1796 3379 1155 3379 1799 3379 1752 3380 1796 3380 1799 3380 1769 3381 1752 3381 1800 3381 1753 3382 1801 3382 1802 3382 1752 3383 1799 3383 1800 3383 1750 3384 1753 3384 1802 3384 1800 3385 1155 3385 1799 3385 1769 3386 1800 3386 1803 3386 1775 3387 1769 3387 1803 3387 1780 3388 1775 3388 1803 3388 1792 3389 1788 3389 1804 3389 1793 3390 1792 3390 1804 3390 1803 3391 1155 3391 1800 3391 1786 3392 1780 3392 1805 3392 1785 3393 1806 3393 1807 3393 1806 3394 1808 3394 1807 3394 1805 3395 1155 3395 1803 3395 1780 3396 1803 3396 1805 3396 1808 3397 862 3397 1807 3397 1794 3398 1786 3398 1809 3398 1809 3399 1155 3399 1805 3399 1762 3400 1746 3400 1810 3400 1786 3401 1805 3401 1809 3401 1746 3402 1745 3402 1810 3402 1811 3403 1155 3403 1809 3403 1794 3404 1809 3404 1811 3404 1812 3405 1155 3405 1811 3405 1794 3406 1811 3406 1812 3406 1812 3407 850 3407 1155 3407 850 3408 1794 3408 1812 3408 1745 3409 1756 3409 1813 3409 1810 3410 1745 3410 1813 3410 1766 3411 1763 3411 1814 3411 1801 3412 1815 3412 1816 3412 1815 3413 1735 3413 1816 3413 1735 3414 1777 3414 1816 3414 1763 3415 1770 3415 1817 3415 1814 3416 1763 3416 1817 3416 1789 3417 1782 3417 1818 3417 1790 3418 1789 3418 1818 3418 1215 3419 1798 3419 1819 3419 1779 3420 1781 3420 1820 3420 1781 3421 1797 3421 1820 3421 1820 3422 1797 3422 1821 3422 1797 3423 1750 3423 1821 3423 1750 3424 1802 3424 1821 3424 1766 3425 1814 3425 1822 3425 1778 3426 1766 3426 1822 3426 1814 3427 1817 3427 1822 3427 1816 3428 1777 3428 1823 3428 1822 3429 1817 3429 1824 3429 1819 3430 1798 3430 1825 3430 1779 3431 1820 3431 1825 3431 1798 3432 1779 3432 1825 3432 1234 3433 1215 3433 1826 3433 1215 3434 1819 3434 1826 3434 1263 3435 1827 3435 1828 3435 1801 3436 1816 3436 1829 3436 1271 3437 1263 3437 1828 3437 1827 3438 1830 3438 1828 3438 1827 3439 1831 3439 1832 3439 1830 3440 1827 3440 1832 3440 1236 3441 1234 3441 1833 3441 1830 3442 1832 3442 1834 3442 1234 3443 1826 3443 1833 3443 1828 3444 1830 3444 1834 3444 1829 3445 1816 3445 1835 3445 1816 3446 1823 3446 1835 3446 1271 3447 1828 3447 1836 3447 1236 3448 1833 3448 1837 3448 1828 3449 1834 3449 1836 3449 1834 3450 1832 3450 1838 3450 1756 3451 1759 3451 1839 3451 1759 3452 1793 3452 1839 3452 1834 3453 1838 3453 1840 3453 1836 3454 1834 3454 1840 3454 1832 3455 1831 3455 1841 3455 1820 3456 1821 3456 1842 3456 1838 3457 1832 3457 1841 3457 1843 3458 1030 3458 862 3458 1807 3459 862 3459 1843 3459 1784 3460 1785 3460 1843 3460 1271 3461 1836 3461 1844 3461 1785 3462 1807 3462 1843 3462 1841 3463 1831 3463 1845 3463 1782 3464 1784 3464 1846 3464 1831 3465 1847 3465 1845 3465 1818 3466 1782 3466 1846 3466 1770 3467 1762 3467 1848 3467 1762 3468 1810 3468 1848 3468 1810 3469 1813 3469 1848 3469 1840 3470 1838 3470 1849 3470 1836 3471 1840 3471 1850 3471 1848 3472 1813 3472 1851 3472 1844 3473 1836 3473 1850 3473 1841 3474 1845 3474 1852 3474 1849 3475 1838 3475 1852 3475 1819 3476 1825 3476 1853 3476 1838 3477 1841 3477 1852 3477 1823 3478 1777 3478 1854 3478 1305 3479 1271 3479 1855 3479 1778 3480 1822 3480 1854 3480 1271 3481 1844 3481 1855 3481 1777 3482 1778 3482 1854 3482 1844 3483 1850 3483 1855 3483 1246 3484 1236 3484 1856 3484 1252 3485 1246 3485 1856 3485 1236 3486 1837 3486 1856 3486 1852 3487 1845 3487 1857 3487 1822 3488 1824 3488 1858 3488 1854 3489 1822 3489 1858 3489 1850 3490 1840 3490 1859 3490 1840 3491 1849 3491 1859 3491 1305 3492 1855 3492 1860 3492 1839 3493 1793 3493 1861 3493 1793 3494 1804 3494 1861 3494 1820 3495 1842 3495 1862 3495 1850 3496 1859 3496 1863 3496 1825 3497 1820 3497 1862 3497 1855 3498 1850 3498 1863 3498 1853 3499 1825 3499 1862 3499 1845 3500 1847 3500 1864 3500 1857 3501 1845 3501 1864 3501 1259 3502 1252 3502 1865 3502 1864 3503 1847 3503 1866 3503 1252 3504 1856 3504 1865 3504 1847 3505 1867 3505 1866 3505 1821 3506 1802 3506 1868 3506 1849 3507 1852 3507 1869 3507 1802 3508 1801 3508 1868 3508 1852 3509 1857 3509 1869 3509 1801 3510 1829 3510 1868 3510 1859 3511 1849 3511 1869 3511 1826 3512 1819 3512 1870 3512 1855 3513 1863 3513 1871 3513 1819 3514 1853 3514 1870 3514 1833 3515 1826 3515 1872 3515 1860 3516 1855 3516 1871 3516 1826 3517 1870 3517 1872 3517 1869 3518 1857 3518 1873 3518 1837 3519 1833 3519 1872 3519 1861 3520 1804 3520 1874 3520 1804 3521 1788 3521 1874 3521 1788 3522 1790 3522 1874 3522 1863 3523 1859 3523 1875 3523 1279 3524 1259 3524 1876 3524 1259 3525 1865 3525 1876 3525 1829 3526 1835 3526 1877 3526 1871 3527 1863 3527 1878 3527 1863 3528 1875 3528 1878 3528 1868 3529 1829 3529 1877 3529 1859 3530 1869 3530 1879 3530 1279 3531 1876 3531 1880 3531 1280 3532 1279 3532 1880 3532 1875 3533 1859 3533 1879 3533 1857 3534 1864 3534 1881 3534 1864 3535 1866 3535 1881 3535 1837 3536 1872 3536 1882 3536 1873 3537 1857 3537 1881 3537 1853 3538 1862 3538 1883 3538 1881 3539 1866 3539 1884 3539 1885 3540 1280 3540 1886 3540 1280 3541 1880 3541 1886 3541 1340 3542 1305 3542 1887 3542 1756 3543 1839 3543 1888 3543 1305 3544 1860 3544 1887 3544 1869 3545 1873 3545 1889 3545 1879 3546 1869 3546 1889 3546 1813 3547 1756 3547 1888 3547 1821 3548 1868 3548 1890 3548 1842 3549 1821 3549 1890 3549 1340 3550 1887 3550 1891 3550 1866 3551 1867 3551 1892 3551 1837 3552 1882 3552 1893 3552 1867 3553 1894 3553 1895 3553 1856 3554 1837 3554 1893 3554 1892 3555 1867 3555 1895 3555 1770 3556 1848 3556 1896 3556 1860 3557 1871 3557 1897 3557 1817 3558 1770 3558 1896 3558 1887 3559 1860 3559 1897 3559 1881 3560 1884 3560 1898 3560 1873 3561 1881 3561 1898 3561 1896 3562 1848 3562 1899 3562 1848 3563 1851 3563 1899 3563 1878 3564 1875 3564 1900 3564 1875 3565 1879 3565 1900 3565 1853 3566 1883 3566 1901 3566 1879 3567 1889 3567 1900 3567 1870 3568 1853 3568 1901 3568 1872 3569 1870 3569 1901 3569 1876 3570 1865 3570 1902 3570 1898 3571 1884 3571 1903 3571 1856 3572 1893 3572 1902 3572 1865 3573 1856 3573 1902 3573 1888 3574 1839 3574 1904 3574 1891 3575 1887 3575 1905 3575 1887 3576 1897 3576 1905 3576 1839 3577 1861 3577 1904 3577 1900 3578 1889 3578 1906 3578 1882 3579 1872 3579 1907 3579 1872 3580 1901 3580 1907 3580 1790 3581 1818 3581 1908 3581 1878 3582 1900 3582 1909 3582 1874 3583 1790 3583 1908 3583 1897 3584 1871 3584 1910 3584 1868 3585 1877 3585 1911 3585 1871 3586 1878 3586 1910 3586 1890 3587 1868 3587 1911 3587 1909 3588 1900 3588 1912 3588 1854 3589 1858 3589 1913 3589 1900 3590 1906 3590 1912 3590 1905 3591 1897 3591 1914 3591 1835 3592 1823 3592 1913 3592 1823 3593 1854 3593 1913 3593 1824 3594 1817 3594 1915 3594 1897 3595 1910 3595 1914 3595 1884 3596 1866 3596 1916 3596 1817 3597 1896 3597 1915 3597 1866 3598 1892 3598 1916 3598 1892 3599 1895 3599 1916 3599 1913 3600 1858 3600 1917 3600 1916 3601 1895 3601 1918 3601 1896 3602 1899 3602 1919 3602 1889 3603 1873 3603 1920 3603 1915 3604 1896 3604 1919 3604 1906 3605 1889 3605 1920 3605 1873 3606 1898 3606 1920 3606 1876 3607 1902 3607 1921 3607 1893 3608 1882 3608 1922 3608 1920 3609 1898 3609 1923 3609 1882 3610 1907 3610 1922 3610 1898 3611 1903 3611 1923 3611 1924 3612 1885 3612 1925 3612 1340 3613 1891 3613 1926 3613 1880 3614 1876 3614 1925 3614 1891 3615 1905 3615 1926 3615 1886 3616 1880 3616 1925 3616 1876 3617 1921 3617 1925 3617 1885 3618 1886 3618 1925 3618 1361 3619 1340 3619 1926 3619 1784 3620 1843 3620 1927 3620 1846 3621 1784 3621 1927 3621 1843 3622 1030 3622 1927 3622 1895 3623 1894 3623 1928 3623 1842 3624 1890 3624 1929 3624 1926 3625 1905 3625 1930 3625 1905 3626 1914 3626 1930 3626 1893 3627 1922 3627 1931 3627 1894 3628 1932 3628 1933 3628 1928 3629 1894 3629 1933 3629 1903 3630 1884 3630 1934 3630 1835 3631 1913 3631 1935 3631 1913 3632 1917 3632 1935 3632 1916 3633 1918 3633 1934 3633 1884 3634 1916 3634 1934 3634 1934 3635 1918 3635 1936 3635 1935 3636 1917 3636 1937 3636 1920 3637 1923 3637 1938 3637 1904 3638 1861 3638 1939 3638 1874 3639 1908 3639 1939 3639 1906 3640 1920 3640 1938 3640 1861 3641 1874 3641 1939 3641 1929 3642 1890 3642 1940 3642 1890 3643 1911 3643 1940 3643 1878 3644 1909 3644 1941 3644 1910 3645 1878 3645 1941 3645 1902 3646 1893 3646 1942 3646 1914 3647 1910 3647 1941 3647 1921 3648 1902 3648 1942 3648 1893 3649 1931 3649 1942 3649 1883 3650 1862 3650 1943 3650 1862 3651 1842 3651 1943 3651 1938 3652 1923 3652 1944 3652 1842 3653 1929 3653 1943 3653 1941 3654 1909 3654 1945 3654 1909 3655 1912 3655 1945 3655 1813 3656 1888 3656 1946 3656 1851 3657 1813 3657 1946 3657 1422 3658 1361 3658 1947 3658 1361 3659 1926 3659 1947 3659 1921 3660 1942 3660 1948 3660 1818 3661 1846 3661 1949 3661 1908 3662 1818 3662 1949 3662 1914 3663 1941 3663 1950 3663 1930 3664 1914 3664 1951 3664 1914 3665 1950 3665 1951 3665 1917 3666 1858 3666 1952 3666 1824 3667 1915 3667 1952 3667 1906 3668 1938 3668 1953 3668 1858 3669 1824 3669 1952 3669 1912 3670 1906 3670 1953 3670 1938 3671 1944 3671 1954 3671 1953 3672 1938 3672 1954 3672 1952 3673 1915 3673 1955 3673 1915 3674 1919 3674 1955 3674 1941 3675 1945 3675 1956 3675 1929 3676 1940 3676 1957 3676 1950 3677 1941 3677 1956 3677 1943 3678 1929 3678 1957 3678 1921 3679 1948 3679 1958 3679 1925 3680 1921 3680 1958 3680 1918 3681 1895 3681 1959 3681 1946 3682 1888 3682 1960 3682 1895 3683 1928 3683 1959 3683 1928 3684 1933 3684 1959 3684 1903 3685 1934 3685 1961 3685 1888 3686 1904 3686 1960 3686 1925 3687 1958 3687 1962 3687 1924 3688 1925 3688 1962 3688 1923 3689 1903 3689 1961 3689 1943 3690 1957 3690 1963 3690 1934 3691 1936 3691 1964 3691 1883 3692 1943 3692 1963 3692 1961 3693 1934 3693 1964 3693 1959 3694 1933 3694 1965 3694 1877 3695 1835 3695 1966 3695 1911 3696 1877 3696 1966 3696 1835 3697 1935 3697 1966 3697 1926 3698 1930 3698 1967 3698 1966 3699 1935 3699 1968 3699 1947 3700 1926 3700 1967 3700 1935 3701 1937 3701 1968 3701 1422 3702 1947 3702 1969 3702 1933 3703 1932 3703 1970 3703 1939 3704 1908 3704 1971 3704 1965 3705 1933 3705 1970 3705 1936 3706 1918 3706 1972 3706 1963 3707 1957 3707 1973 3707 1918 3708 1959 3708 1972 3708 1883 3709 1963 3709 1974 3709 1901 3710 1883 3710 1974 3710 1959 3711 1965 3711 1972 3711 1907 3712 1901 3712 1974 3712 1967 3713 1930 3713 1975 3713 1922 3714 1907 3714 1976 3714 1930 3715 1951 3715 1975 3715 1923 3716 1961 3716 1977 3716 1907 3717 1974 3717 1976 3717 1944 3718 1923 3718 1977 3718 1960 3719 1904 3719 1978 3719 1904 3720 1939 3720 1978 3720 1961 3721 1964 3721 1977 3721 1851 3722 1946 3722 1979 3722 1977 3723 1964 3723 1980 3723 1972 3724 1965 3724 1981 3724 1899 3725 1851 3725 1979 3725 1974 3726 1963 3726 1982 3726 1963 3727 1973 3727 1982 3727 1976 3728 1974 3728 1982 3728 1951 3729 1950 3729 1983 3729 1966 3730 1968 3730 1984 3730 1970 3731 1932 3731 1985 3731 1911 3732 1966 3732 1984 3732 1932 3733 1986 3733 1985 3733 1969 3734 1947 3734 1987 3734 1976 3735 1982 3735 1988 3735 1947 3736 1967 3736 1987 3736 1922 3737 1976 3737 1989 3737 1976 3738 1988 3738 1989 3738 1931 3739 1922 3739 1989 3739 1912 3740 1953 3740 1990 3740 1984 3741 1968 3741 1991 3741 1945 3742 1912 3742 1990 3742 1917 3743 1952 3743 1992 3743 1990 3744 1953 3744 1993 3744 1953 3745 1954 3745 1993 3745 1952 3746 1955 3746 1992 3746 1983 3747 1950 3747 1994 3747 1899 3748 1979 3748 1995 3748 1950 3749 1956 3749 1994 3749 1919 3750 1899 3750 1995 3750 1944 3751 1977 3751 1996 3751 1954 3752 1944 3752 1996 3752 1992 3753 1955 3753 1997 3753 1996 3754 1977 3754 1998 3754 1946 3755 1960 3755 1999 3755 1977 3756 1980 3756 1998 3756 1979 3757 1946 3757 1999 3757 1956 3758 1945 3758 2000 3758 1995 3759 1979 3759 1999 3759 1994 3760 1956 3760 2000 3760 1945 3761 1990 3761 2000 3761 1931 3762 1989 3762 2001 3762 1942 3763 1931 3763 2001 3763 1990 3764 1993 3764 2002 3764 1989 3765 1988 3765 2003 3765 2000 3766 1990 3766 2002 3766 1970 3767 1985 3767 2004 3767 1908 3768 1949 3768 2005 3768 1971 3769 1908 3769 2005 3769 1965 3770 1970 3770 2004 3770 1981 3771 1965 3771 2004 3771 1936 3772 1972 3772 2006 3772 1995 3773 1999 3773 2007 3773 1964 3774 1936 3774 2006 3774 1948 3775 1942 3775 2008 3775 1987 3776 1967 3776 2009 3776 1967 3777 1975 3777 2009 3777 1942 3778 2001 3778 2008 3778 1422 3779 1969 3779 2010 3779 1939 3780 1971 3780 2011 3780 1978 3781 1939 3781 2011 3781 1927 3782 1030 3782 2012 3782 1985 3783 1986 3783 2013 3783 737 3784 779 3784 2012 3784 1986 3785 1189 3785 2013 3785 1030 3786 737 3786 2012 3786 2005 3787 1949 3787 2012 3787 1949 3788 1846 3788 2012 3788 1846 3789 1927 3789 2012 3789 2006 3790 1972 3790 2014 3790 1972 3791 1981 3791 2014 3791 2001 3792 1989 3792 2015 3792 1989 3793 2003 3793 2015 3793 2004 3794 1985 3794 2016 3794 1917 3795 1992 3795 2017 3795 1975 3796 1951 3796 2018 3796 1951 3797 1983 3797 2018 3797 1937 3798 1917 3798 2017 3798 2009 3799 1975 3799 2018 3799 2017 3800 1992 3800 2019 3800 1981 3801 2004 3801 2020 3801 1992 3802 1997 3802 2019 3802 2014 3803 1981 3803 2020 3803 1958 3804 1948 3804 2021 3804 2004 3805 2016 3805 2020 3805 1948 3806 2008 3806 2021 3806 1983 3807 1994 3807 2022 3807 2018 3808 1983 3808 2022 3808 1969 3809 1987 3809 2023 3809 1911 3810 1984 3810 2024 3810 1984 3811 1991 3811 2024 3811 1940 3812 1911 3812 2024 3812 2010 3813 1969 3813 2023 3813 2001 3814 2015 3814 2025 3814 2021 3815 2008 3815 2025 3815 2008 3816 2001 3816 2025 3816 1964 3817 2006 3817 2026 3817 1980 3818 1964 3818 2026 3818 2024 3819 1991 3819 2027 3819 2028 3820 1924 3820 2029 3820 2006 3821 2014 3821 2026 3821 1924 3822 1962 3822 2029 3822 1962 3823 1958 3823 2029 3823 2016 3824 1985 3824 2030 3824 1958 3825 2021 3825 2029 3825 1985 3826 2013 3826 2030 3826 1960 3827 1978 3827 2031 3827 1999 3828 1960 3828 2031 3828 1954 3829 1996 3829 2032 3829 2021 3830 2025 3830 2033 3830 1993 3831 1954 3831 2032 3831 1996 3832 1998 3832 2034 3832 2032 3833 1996 3833 2034 3833 1919 3834 1995 3834 2035 3834 1997 3835 1955 3835 2035 3835 1955 3836 1919 3836 2035 3836 2026 3837 2014 3837 2036 3837 1957 3838 1940 3838 2037 3838 1940 3839 2024 3839 2037 3839 1973 3840 1957 3840 2037 3840 1994 3841 2000 3841 2038 3841 2000 3842 2002 3842 2038 3842 2024 3843 2027 3843 2039 3843 2037 3844 2024 3844 2039 3844 2029 3845 2021 3845 2040 3845 2021 3846 2033 3846 2040 3846 2038 3847 2002 3847 2041 3847 1980 3848 2026 3848 2042 3848 2028 3849 2029 3849 2043 3849 1998 3850 1980 3850 2042 3850 2029 3851 2040 3851 2043 3851 2002 3852 1993 3852 2044 3852 2035 3853 1995 3853 2045 3853 1993 3854 2032 3854 2044 3854 1995 3855 2007 3855 2045 3855 1971 3856 2005 3856 2046 3856 2020 3857 2016 3857 2047 3857 2011 3858 1971 3858 2046 3858 2044 3859 2032 3859 2048 3859 1968 3860 1937 3860 2049 3860 2032 3861 2034 3861 2048 3861 1937 3862 2017 3862 2049 3862 1987 3863 2009 3863 2050 3863 2017 3864 2019 3864 2051 3864 2023 3865 1987 3865 2050 3865 2049 3866 2017 3866 2051 3866 1973 3867 2037 3867 2052 3867 2037 3868 2039 3868 2052 3868 2009 3869 2018 3869 2053 3869 2042 3870 2026 3870 2054 3870 2026 3871 2036 3871 2054 3871 2031 3872 1978 3872 2055 3872 1978 3873 2011 3873 2055 3873 2014 3874 2020 3874 2056 3874 2052 3875 2039 3875 2057 3875 2036 3876 2014 3876 2056 3876 1999 3877 2031 3877 2058 3877 2031 3878 2055 3878 2058 3878 2053 3879 2018 3879 2059 3879 2007 3880 1999 3880 2058 3880 2018 3881 2022 3881 2059 3881 779 3882 792 3882 2060 3882 2012 3883 779 3883 2060 3883 2005 3884 2012 3884 2060 3884 1973 3885 2052 3885 2061 3885 1982 3886 1973 3886 2061 3886 1534 3887 1422 3887 2062 3887 1422 3888 2010 3888 2062 3888 1988 3889 1982 3889 2061 3889 2047 3890 2016 3890 2063 3890 2016 3891 2030 3891 2063 3891 2061 3892 2052 3892 2064 3892 2052 3893 2057 3893 2064 3893 2020 3894 2047 3894 2065 3894 1988 3895 2061 3895 2066 3895 2061 3896 2064 3896 2066 3896 2056 3897 2020 3897 2065 3897 1189 3898 1188 3898 2067 3898 2003 3899 1988 3899 2066 3899 2063 3900 2030 3900 2067 3900 2013 3901 1189 3901 2067 3901 2030 3902 2013 3902 2067 3902 2022 3903 1994 3903 2068 3903 1991 3904 1968 3904 2069 3904 1968 3905 2049 3905 2069 3905 2066 3906 2064 3906 2070 3906 1994 3907 2038 3907 2068 3907 2038 3908 2041 3908 2071 3908 2069 3909 2049 3909 2072 3909 2049 3910 2051 3910 2072 3910 2068 3911 2038 3911 2071 3911 1997 3912 2035 3912 2073 3912 2035 3913 2045 3913 2073 3913 2062 3914 2010 3914 2074 3914 2010 3915 2023 3915 2074 3915 2045 3916 2007 3916 2075 3916 2036 3917 2056 3917 2076 3917 2007 3918 2058 3918 2075 3918 2054 3919 2036 3919 2076 3919 2056 3920 2065 3920 2076 3920 2034 3921 1998 3921 2077 3921 2003 3922 2066 3922 2078 3922 1998 3923 2042 3923 2077 3923 2066 3924 2070 3924 2078 3924 2078 3925 2070 3925 2079 3925 2009 3926 2053 3926 2080 3926 2073 3927 2045 3927 2081 3927 2050 3928 2009 3928 2080 3928 2002 3929 2044 3929 2082 3929 2011 3930 2046 3930 2083 3930 2055 3931 2011 3931 2083 3931 2041 3932 2002 3932 2082 3932 2078 3933 2079 3933 2084 3933 2015 3934 2003 3934 2084 3934 2047 3935 2063 3935 2085 3935 2065 3936 2047 3936 2085 3936 2003 3937 2078 3937 2084 3937 2044 3938 2048 3938 2086 3938 2082 3939 2044 3939 2086 3939 2084 3940 2079 3940 2087 3940 2058 3941 2055 3941 2088 3941 2054 3942 2076 3942 2089 3942 2042 3943 2054 3943 2090 3943 2073 3944 2081 3944 2091 3944 2077 3945 2042 3945 2090 3945 2019 3946 1997 3946 2091 3946 1997 3947 2073 3947 2091 3947 1534 3948 2062 3948 2092 3948 2015 3949 2084 3949 2093 3949 2048 3950 2034 3950 2094 3950 2034 3951 2077 3951 2094 3951 2084 3952 2087 3952 2093 3952 2033 3953 2025 3953 2093 3953 2025 3954 2015 3954 2093 3954 2027 3955 1991 3955 2095 3955 1991 3956 2069 3956 2095 3956 2053 3957 2059 3957 2096 3957 2080 3958 2053 3958 2096 3958 2093 3959 2087 3959 2097 3959 2095 3960 2069 3960 2098 3960 2023 3961 2050 3961 2099 3961 2069 3962 2072 3962 2098 3962 2074 3963 2023 3963 2099 3963 2058 3964 2088 3964 2100 3964 2075 3965 2058 3965 2100 3965 2076 3966 2065 3966 2101 3966 2094 3967 2077 3967 2102 3967 2091 3968 2081 3968 2103 3968 2077 3969 2090 3969 2102 3969 2033 3970 2093 3970 2104 3970 2093 3971 2097 3971 2104 3971 2059 3972 2022 3972 2105 3972 2022 3973 2068 3973 2105 3973 2068 3974 2071 3974 2105 3974 2104 3975 2097 3975 2106 3975 2081 3976 2045 3976 2107 3976 2105 3977 2071 3977 2108 3977 2045 3978 2075 3978 2107 3978 2005 3979 2060 3979 2109 3979 1188 3980 902 3980 2110 3980 2060 3981 792 3981 2109 3981 2046 3982 2005 3982 2109 3982 2063 3983 2067 3983 2110 3983 2083 3984 2046 3984 2109 3984 2067 3985 1188 3985 2110 3985 2039 3986 2027 3986 2111 3986 2089 3987 2076 3987 2112 3987 2057 3988 2039 3988 2111 3988 2076 3989 2101 3989 2112 3989 2027 3990 2095 3990 2111 3990 2111 3991 2095 3991 2113 3991 2095 3992 2098 3992 2113 3992 2062 3993 2074 3993 2114 3993 2092 3994 2062 3994 2114 3994 2033 3995 2104 3995 2115 3995 2074 3996 2099 3996 2114 3996 2040 3997 2033 3997 2115 3997 2104 3998 2106 3998 2115 3998 1534 3999 2092 3999 2116 3999 2115 4000 2106 4000 2117 4000 2118 4001 2028 4001 2119 4001 2065 4002 2085 4002 2120 4002 2028 4003 2043 4003 2119 4003 2043 4004 2040 4004 2119 4004 2101 4005 2065 4005 2120 4005 2040 4006 2115 4006 2119 4006 2115 4007 2117 4007 2119 4007 2041 4008 2082 4008 2121 4008 2118 4009 2119 4009 2122 4009 2071 4010 2041 4010 2121 4010 2119 4011 2117 4011 2122 4011 2051 4012 2019 4012 2123 4012 2019 4013 2091 4013 2123 4013 2121 4014 2082 4014 2124 4014 2082 4015 2086 4015 2124 4015 2063 4016 2110 4016 2125 4016 2055 4017 2083 4017 2126 4017 2088 4018 2055 4018 2126 4018 2120 4019 2085 4019 2125 4019 902 4020 901 4020 2125 4020 2110 4021 902 4021 2125 4021 2085 4022 2063 4022 2125 4022 2101 4023 2120 4023 2127 4023 2112 4024 2101 4024 2127 4024 2057 4025 2111 4025 2128 4025 2111 4026 2113 4026 2128 4026 2114 4027 2099 4027 2129 4027 2128 4028 2113 4028 2130 4028 2075 4029 2100 4029 2131 4029 2107 4030 2075 4030 2131 4030 2090 4031 2054 4031 2132 4031 2054 4032 2089 4032 2132 4032 2102 4033 2090 4033 2132 4033 2123 4034 2091 4034 2133 4034 2091 4035 2103 4035 2133 4035 2086 4036 2048 4036 2134 4036 2048 4037 2094 4037 2134 4037 2092 4038 2114 4038 2135 4038 2100 4039 2088 4039 2136 4039 2116 4040 2092 4040 2135 4040 2088 4041 2126 4041 2136 4041 2050 4042 2080 4042 2137 4042 2057 4043 2128 4043 2138 4043 2064 4044 2057 4044 2138 4044 2129 4045 2099 4045 2137 4045 2128 4046 2130 4046 2139 4046 2099 4047 2050 4047 2137 4047 2138 4048 2128 4048 2139 4048 2102 4049 2132 4049 2140 4049 2070 4050 2064 4050 2141 4050 2064 4051 2138 4051 2141 4051 806 4052 808 4052 2142 4052 792 4053 806 4053 2142 4053 2126 4054 2083 4054 2142 4054 2109 4055 792 4055 2142 4055 2059 4056 2105 4056 2143 4056 2083 4057 2109 4057 2142 4057 2096 4058 2059 4058 2143 4058 2123 4059 2133 4059 2144 4059 2051 4060 2123 4060 2144 4060 2072 4061 2051 4061 2144 4061 2143 4062 2105 4062 2145 4062 2105 4063 2108 4063 2145 4063 2138 4064 2139 4064 2146 4064 1534 4065 2116 4065 2147 4065 2141 4066 2138 4066 2146 4066 2081 4067 2107 4067 2148 4067 2103 4068 2081 4068 2148 4068 2134 4069 2094 4069 2149 4069 2107 4070 2131 4070 2148 4070 2102 4071 2140 4071 2149 4071 2094 4072 2102 4072 2149 4072 2079 4073 2070 4073 2150 4073 2141 4074 2146 4074 2150 4074 2137 4075 2080 4075 2151 4075 2070 4076 2141 4076 2150 4076 2080 4077 2096 4077 2151 4077 2144 4078 2133 4078 2152 4078 2071 4079 2121 4079 2153 4079 2121 4080 2124 4080 2153 4080 2150 4081 2146 4081 2154 4081 2079 4082 2150 4082 2155 4082 2087 4083 2079 4083 2155 4083 2108 4084 2071 4084 2153 4084 2155 4085 2150 4085 2156 4085 2150 4086 2154 4086 2156 4086 2131 4087 2100 4087 2157 4087 2153 4088 2124 4088 2158 4088 2089 4089 2112 4089 2159 4089 2100 4090 2136 4090 2157 4090 2132 4091 2089 4091 2159 4091 2103 4092 2148 4092 2160 4092 2114 4093 2129 4093 2161 4093 2133 4094 2103 4094 2160 4094 2135 4095 2114 4095 2161 4095 2087 4096 2155 4096 2162 4096 2125 4097 901 4097 2163 4097 2097 4098 2087 4098 2162 4098 2120 4099 2125 4099 2163 4099 2140 4100 2132 4100 2164 4100 2144 4101 2152 4101 2165 4101 2098 4102 2072 4102 2165 4102 2132 4103 2159 4103 2164 4103 2072 4104 2144 4104 2165 4104 2116 4105 2135 4105 2166 4105 2162 4106 2155 4106 2167 4106 2135 4107 2161 4107 2166 4107 2155 4108 2156 4108 2167 4108 2147 4109 2116 4109 2166 4109 1534 4110 2147 4110 2168 4110 2160 4111 2148 4111 2169 4111 2131 4112 2157 4112 2169 4112 901 4113 983 4113 2170 4113 2148 4114 2131 4114 2169 4114 2163 4115 901 4115 2170 4115 2097 4116 2162 4116 2171 4116 2120 4117 2163 4117 2170 4117 2162 4118 2167 4118 2171 4118 2127 4119 2120 4119 2170 4119 2106 4120 2097 4120 2171 4120 2171 4121 2167 4121 2172 4121 2165 4122 2152 4122 2173 4122 2129 4123 2137 4123 2174 4123 2124 4124 2086 4124 2175 4124 2098 4125 2165 4125 2176 4125 2113 4126 2098 4126 2176 4126 2086 4127 2134 4127 2175 4127 2159 4128 2112 4128 2177 4128 2112 4129 2127 4129 2177 4129 2106 4130 2171 4130 2178 4130 2117 4131 2106 4131 2178 4131 1534 4132 2168 4132 2179 4132 2171 4133 2172 4133 2180 4133 2178 4134 2171 4134 2180 4134 2136 4135 2126 4135 2181 4135 2142 4136 808 4136 2181 4136 2126 4137 2142 4137 2181 4137 2137 4138 2151 4138 2182 4138 2183 4139 2118 4139 2184 4139 2117 4140 2178 4140 2184 4140 2122 4141 2117 4141 2184 4141 2118 4142 2122 4142 2184 4142 2174 4143 2137 4143 2182 4143 2178 4144 2180 4144 2185 4144 2184 4145 2178 4145 2185 4145 2134 4146 2149 4146 2186 4146 2183 4147 2184 4147 2185 4147 2175 4148 2134 4148 2186 4148 2176 4149 2165 4149 2187 4149 2159 4150 2177 4150 2188 4150 2165 4151 2173 4151 2187 4151 2189 4152 810 4152 808 4152 2164 4153 2159 4153 2188 4153 2136 4154 2181 4154 2189 4154 2166 4155 2161 4155 2190 4155 2181 4156 808 4156 2189 4156 2160 4157 2169 4157 2191 4157 2140 4158 2164 4158 2192 4158 2149 4159 2140 4159 2192 4159 2186 4160 2149 4160 2192 4160 2152 4161 2133 4161 2193 4161 2133 4162 2160 4162 2193 4162 2166 4163 2190 4163 2194 4163 2147 4164 2166 4164 2194 4164 2168 4165 2147 4165 2194 4165 2108 4166 2153 4166 2195 4166 2113 4167 2176 4167 2196 4167 2176 4168 2187 4168 2196 4168 2130 4169 2113 4169 2196 4169 2145 4170 2108 4170 2195 4170 2169 4171 2157 4171 2197 4171 2196 4172 2187 4172 2198 4172 2195 4173 2153 4173 1791 4173 2153 4174 2158 4174 1791 4174 2130 4175 2196 4175 2199 4175 2139 4176 2130 4176 2199 4176 2146 4177 2139 4177 2200 4177 2139 4178 2199 4178 2200 4178 2151 4179 2096 4179 2201 4179 2096 4180 2143 4180 2201 4180 2173 4181 2152 4181 2202 4181 2143 4182 2145 4182 1743 4182 2152 4183 2193 4183 2202 4183 2201 4184 2143 4184 1743 4184 2157 4185 2136 4185 2203 4185 2136 4186 2189 4186 2203 4186 2189 4187 810 4187 2203 4187 2197 4188 2157 4188 2203 4188 1669 4189 1534 4189 2204 4189 2193 4190 2160 4190 2205 4190 1534 4191 2179 4191 2204 4191 2168 4192 2194 4192 2206 4192 2160 4193 2191 4193 2205 4193 2179 4194 2168 4194 2206 4194 2200 4195 2199 4195 2207 4195 2196 4196 2198 4196 2207 4196 2199 4197 2196 4197 2207 4197 2161 4198 2129 4198 2208 4198 2191 4199 2169 4199 2209 4199 2190 4200 2161 4200 2208 4200 2169 4201 2197 4201 2209 4201 2129 4202 2174 4202 2208 4202 2200 4203 2207 4203 2210 4203 2146 4204 2200 4204 2211 4204 2200 4205 2210 4205 2211 4205 2154 4206 2146 4206 2211 4206 2124 4207 2175 4207 2212 4207 2158 4208 2124 4208 2212 4208 2192 4209 2164 4209 2213 4209 2156 4210 2154 4210 2214 4210 2154 4211 2211 4211 2214 4211 2208 4212 2174 4212 2215 4212 2174 4213 2182 4213 2215 4213 2214 4214 2211 4214 2216 4214 2175 4215 2186 4215 2217 4215 2211 4216 2210 4216 2216 4216 2156 4217 2214 4217 2218 4217 2212 4218 2175 4218 2217 4218 2167 4219 2156 4219 2218 4219 2206 4220 2194 4220 2219 4220 2194 4221 2190 4221 2219 4221 2187 4222 2173 4222 2220 4222 2170 4223 983 4223 2221 4223 2127 4224 2170 4224 2221 4224 2177 4225 2127 4225 2221 4225 2173 4226 2202 4226 2220 4226 2206 4227 2219 4227 1734 4227 2202 4228 2193 4228 2222 4228 2193 4229 2205 4229 2222 4229 2214 4230 2216 4230 2223 4230 2179 4231 2206 4231 2224 4231 2204 4232 2179 4232 2224 4232 2188 4233 2177 4233 2225 4233 2167 4234 2218 4234 2226 4234 2172 4235 2167 4235 2226 4235 2177 4236 2221 4236 2225 4236 2221 4237 983 4237 2225 4237 2186 4238 2192 4238 2227 4238 2218 4239 2214 4239 2228 4239 2226 4240 2218 4240 2228 4240 2214 4241 2223 4241 2228 4241 2217 4242 2186 4242 2227 4242 2204 4243 2224 4243 2229 4243 2187 4244 2220 4244 2230 4244 1669 4245 2204 4245 2229 4245 2198 4246 2187 4246 2230 4246 2191 4247 2209 4247 2231 4247 2205 4248 2191 4248 2231 4248 2208 4249 2215 4249 2232 4249 2219 4250 2190 4250 2232 4250 2190 4251 2208 4251 2232 4251 2172 4252 2226 4252 2233 4252 2164 4253 2188 4253 1806 4253 2213 4254 2164 4254 1806 4254 2180 4255 2172 4255 2233 4255 2188 4256 2225 4256 1806 4256 2226 4257 2228 4257 2234 4257 2235 4258 2183 4258 2236 4258 2151 4259 2201 4259 2237 4259 2180 4260 2233 4260 2236 4260 2201 4261 1743 4261 2237 4261 2183 4262 2185 4262 2236 4262 2185 4263 2180 4263 2236 4263 2233 4264 2226 4264 2238 4264 2226 4265 2234 4265 2238 4265 2182 4266 2151 4266 2237 4266 2197 4267 2203 4267 2239 4267 810 4268 835 4268 2239 4268 2203 4269 810 4269 2239 4269 2235 4270 2236 4270 2240 4270 2237 4271 1743 4271 1746 4271 2236 4272 2233 4272 2240 4272 2233 4273 2238 4273 2240 4273 2202 4274 2222 4274 2241 4274 2232 4275 2215 4275 1767 4275 2220 4276 2202 4276 2241 4276 2207 4277 2198 4277 2242 4277 2206 4278 1734 4278 1733 4278 2198 4279 2230 4279 2242 4279 2224 4280 2206 4280 1733 4280 2222 4281 2205 4281 2243 4281 1669 4282 2229 4282 1749 4282 2205 4283 2231 4283 2243 4283 1791 4284 2158 4284 1792 4284 2158 4285 2212 4285 1792 4285 2230 4286 2220 4286 2244 4286 2242 4287 2230 4287 2244 4287 2220 4288 2241 4288 2244 4288 2209 4289 2197 4289 2245 4289 2245 4290 879 4290 835 4290 2227 4291 2192 4291 1783 4291 2239 4292 835 4292 2245 4292 2192 4293 2213 4293 1783 4293 2197 4294 2239 4294 2245 4294 2210 4295 2207 4295 2246 4295 1743 4296 2145 4296 1744 4296 2145 4297 2195 4297 1744 4297 2207 4298 2242 4298 2246 4298 2216 4299 2210 4299 2247 4299 1744 4300 2195 4300 1759 4300 2195 4301 1791 4301 1759 4301 2210 4302 2246 4302 2247 4302 2229 4303 2224 4303 2248 4303 2216 4304 2247 4304 2249 4304 2223 4305 2216 4305 2249 4305 2224 4306 1733 4306 2248 4306 1792 4307 2212 4307 1788 4307 2212 4308 2217 4308 1788 4308 2242 4309 2244 4309 2250 4309 1788 4310 2217 4310 1789 4310 2217 4311 2227 4311 1789 4311 2227 4312 1783 4312 1789 4312 2241 4313 2222 4313 1760 4313 2222 4314 2243 4314 1760 4314 1734 4315 2219 4315 2251 4315 2219 4316 2232 4316 2251 4316 2228 4317 2223 4317 2252 4317 2223 4318 2249 4318 2252 4318 2244 4319 2241 4319 1772 4319 2215 4320 2182 4320 1761 4320 2182 4321 2237 4321 1761 4321 2241 4322 1760 4322 1772 4322 2250 4323 2244 4323 1772 4323 1767 4324 2215 4324 1761 4324 2209 4325 2245 4325 2253 4325 2245 4326 879 4326 2253 4326 2231 4327 2209 4327 2253 4327 1761 4328 2237 4328 1762 4328 2242 4329 2250 4329 1736 4329 2246 4330 2242 4330 1736 4330 2237 4331 1746 4331 1762 4331 2234 4332 2228 4332 2254 4332 1682 4333 1669 4333 1748 4333 2228 4334 2252 4334 2254 4334 1669 4335 1749 4335 1748 4335 2246 4336 1736 4336 1739 4336 1734 4337 2251 4337 1776 4337 2247 4338 2246 4338 1739 4338 2249 4339 2247 4339 1739 4339 2238 4340 2234 4340 1741 4340 2251 4341 2232 4341 1766 4341 2232 4342 1767 4342 1766 4342 2234 4343 2254 4343 1741 4343 1776 4344 2251 4344 1766 4344 2229 4345 2248 4345 1753 4345 2249 4346 1739 4346 1751 4346 2252 4347 2249 4347 1751 4347 1749 4348 2229 4348 1753 4348 2238 4349 1741 4349 1740 4349 2240 4350 2238 4350 1740 4350 2213 4351 1806 4351 1785 4351 1783 4352 2213 4352 1785 4352 2248 4353 1733 4353 1815 4353 1753 4354 2248 4354 1815 4354 2250 4355 1772 4355 1771 4355 1764 4356 2235 4356 1755 4356 2240 4357 1740 4357 1755 4357 2235 4358 2240 4358 1755 4358 1776 4359 1766 4359 1778 4359 2253 4360 879 4360 1757 4360 2231 4361 2253 4361 1757 4361 1757 4362 986 4362 879 4362 1808 4363 862 4363 983 4363 1760 4364 2243 4364 1757 4364 2243 4365 2231 4365 1757 4365 1808 4366 983 4366 2225 4366 2252 4367 1751 4367 1768 4367 1806 4368 2225 4368 1808 4368 1789 4369 1783 4369 1782 4369 2254 4370 2252 4370 1768 4370 1741 4371 2254 4371 1774 4371 1682 4372 1748 4372 1781 4372 2254 4373 1768 4373 1774 4373 2250 4374 1771 4374 1737 4374 1753 4375 1815 4375 1801 4375 1736 4376 2250 4376 1737 4376 1734 4377 1776 4377 1735 4377 1741 4378 1774 4378 1747 4378 1815 4379 1733 4379 1735 4379 47 4380 50 4380 838 4380 47 4381 838 4381 1194 4381 137 4382 289 4382 138 4382 1187 4383 289 4383 137 4383 18 4384 2255 4384 14 4384 2256 4385 2257 4385 2235 4385 2257 4386 2183 4386 2235 4386 2255 4387 2258 4387 12 4387 14 4388 2255 4388 12 4388 1522 4389 1446 4389 2259 4389 1590 4390 1522 4390 2260 4390 2261 4391 2256 4391 1764 4391 1522 4392 2259 4392 2260 4392 2256 4393 2235 4393 1764 4393 1446 4394 1357 4394 2262 4394 2258 4395 2263 4395 10 4395 12 4396 2258 4396 10 4396 2259 4397 1446 4397 2262 4397 2264 4398 2261 4398 850 4398 2261 4399 1764 4399 850 4399 1657 4400 1590 4400 2265 4400 1709 4401 1657 4401 2265 4401 1590 4402 2260 4402 2265 4402 2263 4403 2266 4403 8 4403 10 4404 2263 4404 8 4404 1357 4405 1282 4405 2267 4405 2262 4406 1357 4406 2267 4406 2264 4407 850 4407 858 4407 2266 4408 2268 4408 7 4408 398 4409 1709 4409 2269 4409 8 4410 2266 4410 7 4410 1709 4411 2265 4411 2269 4411 2270 4412 2264 4412 874 4412 2264 4413 858 4413 874 4413 1282 4414 1280 4414 2271 4414 1280 4415 1885 4415 2271 4415 2267 4416 1282 4416 2271 4416 2268 4417 2272 4417 5 4417 7 4418 2268 4418 5 4418 508 4419 398 4419 2273 4419 2274 4420 2270 4420 956 4420 398 4421 2269 4421 2273 4421 2270 4422 874 4422 956 4422 2271 4423 1885 4423 2275 4423 1885 4424 1924 4424 2275 4424 5 4425 2272 4425 2 4425 2274 4426 956 4426 1007 4426 2272 4427 2274 4427 16 4427 508 4428 2273 4428 2276 4428 2 4429 2272 4429 16 4429 2274 4430 1007 4430 16 4430 576 4431 508 4431 2276 4431 647 4432 576 4432 2276 4432 2275 4433 1924 4433 2277 4433 1924 4434 2028 4434 2277 4434 2277 4435 2028 4435 2118 4435 647 4436 2276 4436 2278 4436 2277 4437 2118 4437 2279 4437 647 4438 2278 4438 683 4438 683 4439 2278 4439 2255 4439 2257 4440 2279 4440 2183 4440 2279 4441 2118 4441 2183 4441 683 4442 2255 4442 18 4442 2280 4443 1867 4443 1847 4443 1185 4444 2281 4444 2282 4444 2282 4445 2283 4445 1184 4445 1185 4446 2282 4446 1184 4446 2284 4447 2280 4447 1831 4447 2280 4448 1847 4448 1831 4448 47 4449 1194 4449 2285 4449 1194 4450 1193 4450 2285 4450 2283 4451 2286 4451 1182 4451 1193 4452 1192 4452 2287 4452 1184 4453 2283 4453 1182 4453 2285 4454 1193 4454 2287 4454 2288 4455 2284 4455 1827 4455 2284 4456 1831 4456 1827 4456 48 4457 47 4457 2289 4457 52 4458 48 4458 2289 4458 1182 4459 2286 4459 1180 4459 47 4460 2285 4460 2289 4460 1192 4461 1191 4461 2290 4461 2291 4462 2288 4462 1263 4462 2288 4463 1827 4463 1263 4463 2287 4464 1192 4464 2290 4464 2292 4465 2291 4465 1262 4465 59 4466 52 4466 2293 4466 2291 4467 1263 4467 1262 4467 52 4468 2289 4468 2293 4468 2286 4469 2294 4469 1431 4469 1180 4470 2286 4470 1431 4470 1191 4471 1190 4471 2295 4471 1190 4472 1189 4472 2295 4472 2292 4473 1262 4473 1265 4473 2290 4474 1191 4474 2295 4474 2294 4475 2296 4475 1384 4475 70 4476 59 4476 2297 4476 1431 4477 2294 4477 1384 4477 59 4478 2293 4478 2297 4478 2298 4479 2292 4479 1284 4479 2292 4480 1265 4480 1284 4480 2296 4481 2299 4481 1345 4481 1384 4482 2296 4482 1345 4482 1986 4483 1932 4483 2300 4483 1189 4484 1986 4484 2300 4484 2299 4485 2298 4485 1312 4485 2295 4486 1189 4486 2300 4486 2298 4487 1284 4487 1312 4487 1345 4488 2299 4488 1312 4488 70 4489 2297 4489 2301 4489 85 4490 70 4490 2301 4490 2300 4491 1932 4491 2302 4491 1932 4492 1894 4492 2302 4492 85 4493 2301 4493 2303 4493 1187 4494 137 4494 2303 4494 119 4495 85 4495 2303 4495 137 4496 119 4496 2303 4496 2302 4497 1894 4497 2304 4497 1894 4498 1867 4498 2304 4498 1187 4499 2303 4499 2281 4499 1186 4500 1187 4500 2281 4500 2304 4501 1867 4501 2280 4501 1186 4502 2281 4502 1185 4502 2305 4503 2306 4503 2307 4503 2308 4504 2309 4504 2310 4504 2307 4505 2311 4505 2312 4505 2309 4506 2305 4506 2313 4506 2305 4507 2307 4507 2313 4507 2310 4508 2309 4508 2313 4508 2307 4509 2312 4509 2314 4509 2307 4510 2314 4510 2315 4510 2316 4511 2313 4511 2317 4511 2318 4512 2317 4512 2319 4512 2313 4513 2307 4513 2320 4513 2317 4514 2313 4514 2320 4514 2319 4515 2317 4515 2320 4515 2307 4516 2315 4516 2320 4516 2321 4517 2322 4517 2323 4517 2324 4518 2321 4518 2323 4518 2315 4519 2324 4519 2323 4519 2320 4520 2315 4520 2323 4520 2325 4521 2320 4521 2326 4521 2323 4522 2327 4522 2328 4522 2320 4523 2323 4523 2328 4523 2320 4524 2328 4524 2329 4524 2326 4525 2320 4525 2329 4525 2303 4526 2313 4526 2316 4526 2281 4527 2303 4527 2316 4527 2294 4528 2286 4528 2320 4528 2281 4529 2316 4529 2317 4529 2282 4530 2281 4530 2317 4530 2296 4531 2294 4531 2325 4531 2294 4532 2320 4532 2325 4532 2282 4533 2317 4533 2318 4533 2283 4534 2282 4534 2318 4534 2296 4535 2325 4535 2326 4535 2286 4536 2283 4536 2319 4536 2283 4537 2318 4537 2319 4537 2299 4538 2296 4538 2329 4538 2286 4539 2319 4539 2320 4539 2298 4540 2299 4540 2329 4540 2296 4541 2326 4541 2329 4541 2292 4542 2298 4542 2328 4542 2298 4543 2329 4543 2328 4543 2291 4544 2292 4544 2327 4544 2292 4545 2328 4545 2327 4545 2291 4546 2327 4546 2323 4546 2288 4547 2291 4547 2322 4547 2291 4548 2323 4548 2322 4548 2284 4549 2288 4549 2321 4549 2288 4550 2322 4550 2321 4550 2280 4551 2284 4551 2324 4551 2284 4552 2321 4552 2324 4552 2304 4553 2280 4553 2315 4553 2302 4554 2304 4554 2315 4554 2280 4555 2324 4555 2315 4555 2300 4556 2302 4556 2314 4556 2302 4557 2315 4557 2314 4557 2300 4558 2314 4558 2312 4558 2295 4559 2300 4559 2312 4559 2295 4560 2312 4560 2311 4560 2290 4561 2295 4561 2311 4561 2290 4562 2311 4562 2307 4562 2290 4563 2307 4563 2306 4563 2287 4564 2290 4564 2306 4564 2285 4565 2287 4565 2306 4565 2285 4566 2306 4566 2305 4566 2289 4567 2285 4567 2305 4567 2289 4568 2305 4568 2309 4568 2293 4569 2289 4569 2309 4569 2293 4570 2309 4570 2308 4570 2293 4571 2308 4571 2310 4571 2297 4572 2293 4572 2310 4572 2301 4573 2297 4573 2310 4573 2301 4574 2310 4574 2313 4574 2303 4575 2301 4575 2313 4575 2330 4576 2331 4576 2332 4576 2333 4577 2330 4577 2334 4577 2335 4578 2336 4578 2337 4578 2335 4579 2337 4579 2338 4579 2335 4580 2338 4580 2339 4580 2335 4581 2339 4581 2331 4581 2335 4582 2333 4582 2340 4582 2335 4583 2331 4583 2330 4583 2335 4584 2330 4584 2333 4584 2341 4585 2336 4585 2335 4585 2342 4586 2343 4586 2344 4586 2345 4587 2336 4587 2341 4587 2346 4588 2345 4588 2347 4588 2346 4589 2344 4589 2348 4589 2346 4590 2348 4590 2349 4590 2346 4591 2349 4591 2336 4591 2346 4592 2336 4592 2345 4592 2350 4593 2351 4593 2352 4593 2350 4594 2352 4594 2342 4594 2353 4595 2346 4595 2354 4595 2353 4596 2342 4596 2344 4596 2353 4597 2344 4597 2346 4597 2353 4598 2350 4598 2342 4598 2342 4599 2269 4599 2265 4599 2343 4600 2342 4600 2265 4600 2343 4601 2265 4601 2260 4601 2344 4602 2343 4602 2260 4602 2344 4603 2260 4603 2259 4603 2337 4604 2336 4604 2271 4604 2344 4605 2259 4605 2262 4605 2337 4606 2271 4606 2275 4606 2337 4607 2275 4607 2277 4607 2348 4608 2344 4608 2262 4608 2338 4609 2277 4609 2279 4609 2338 4610 2337 4610 2277 4610 2349 4611 2348 4611 2262 4611 2349 4612 2262 4612 2267 4612 2349 4613 2267 4613 2271 4613 2339 4614 2279 4614 2257 4614 2339 4615 2338 4615 2279 4615 2336 4616 2349 4616 2271 4616 2331 4617 2257 4617 2256 4617 2331 4618 2339 4618 2257 4618 2332 4619 2256 4619 2261 4619 2332 4620 2331 4620 2256 4620 2330 4621 2261 4621 2264 4621 2330 4622 2332 4622 2261 4622 2334 4623 2330 4623 2264 4623 2333 4624 2264 4624 2270 4624 2333 4625 2270 4625 2274 4625 2333 4626 2334 4626 2264 4626 2340 4627 2333 4627 2274 4627 2335 4628 2274 4628 2272 4628 2335 4629 2340 4629 2274 4629 2341 4630 2272 4630 2268 4630 2341 4631 2268 4631 2266 4631 2341 4632 2335 4632 2272 4632 2345 4633 2341 4633 2266 4633 2345 4634 2266 4634 2263 4634 2347 4635 2345 4635 2263 4635 2346 4636 2347 4636 2263 4636 2346 4637 2263 4637 2258 4637 2354 4638 2346 4638 2258 4638 2354 4639 2258 4639 2255 4639 2353 4640 2354 4640 2255 4640 2353 4641 2255 4641 2278 4641 2353 4642 2278 4642 2276 4642 2350 4643 2353 4643 2276 4643 2350 4644 2276 4644 2273 4644 2351 4645 2350 4645 2273 4645 2352 4646 2351 4646 2273 4646 2352 4647 2273 4647 2269 4647 2342 4648 2352 4648 2269 4648 44 4649 46 4649 456 4649 984 5202 2634 5202 17 5202 766 5340 2710 5340 2720 5340 2718 5341 766 5341 2720 5341 2718 5345 2720 5345 2721 5345 2721 5349 2720 5349 2724 5349 2721 5435 2724 5435 2765 5435 2803 5573 2804 5573 2824 5573 2824 5574 2804 5574 2825 5574 2824 5576 2825 5576 2827 5576 2827 5578 2825 5578 2828 5578 2827 5617 2828 5617 2640 5617 2838 5618 2827 5618 2640 5618</p>
        </triangles>
        <triangles material="Material_002-material" count="1872">
          <input semantic="VERTEX" source="#link_4-mesh-vertices" offset="0"/>
          <input semantic="NORMAL" source="#link_4-mesh-normals" offset="1"/>
          <p>651 1100 653 1100 589 1100 655 1104 19 1104 653 1104 655 1105 653 1105 651 1105 772 1552 890 1552 891 1552 984 1732 17 1732 989 1732 1116 2105 1098 2105 1162 2105 2355 4650 456 4650 699 4650 2355 4651 44 4651 456 4651 2356 4652 2357 4652 2355 4652 2358 4653 2357 4653 2356 4653 2359 4654 2358 4654 2356 4654 2360 4655 2358 4655 2359 4655 2361 4656 2360 4656 2359 4656 2362 4657 2360 4657 2361 4657 2363 4658 2362 4658 2361 4658 2364 4659 2362 4659 2363 4659 2365 4660 2364 4660 2363 4660 2366 4661 2364 4661 2365 4661 2367 4662 2366 4662 2365 4662 2368 4663 2366 4663 2367 4663 2369 4664 2368 4664 2367 4664 2370 4665 2368 4665 2369 4665 2371 4666 2370 4666 2369 4666 2372 4667 2371 4667 2369 4667 2373 4668 2371 4668 2372 4668 2374 4669 2373 4669 2372 4669 2375 4670 2373 4670 2374 4670 653 4671 2375 4671 2374 4671 19 4672 2375 4672 653 4672 15 4673 2375 4673 19 4673 13 4674 2375 4674 15 4674 2357 4675 44 4675 2355 4675 2376 4676 2377 4676 2378 4676 2379 4677 2380 4677 2381 4677 2382 4678 2383 4678 2384 4678 2382 4679 2384 4679 2385 4679 2382 4680 2386 4680 2383 4680 2387 4681 2388 4681 2389 4681 2387 4682 2361 4682 2390 4682 2387 4683 2389 4683 2391 4683 2387 4684 2390 4684 2388 4684 2392 4685 2393 4685 368 4685 2392 4686 2378 4686 2393 4686 2392 4687 2376 4687 2378 4687 2394 4688 2379 4688 2381 4688 2394 4689 2381 4689 2386 4689 2395 4690 2386 4690 2382 4690 2395 4691 2394 4691 2386 4691 2396 4692 2397 4692 2398 4692 2396 4693 2398 4693 2399 4693 2400 4694 2391 4694 2380 4694 2400 4695 2387 4695 2391 4695 2400 4696 2380 4696 2379 4696 2401 4697 2382 4697 2385 4697 2401 4698 2395 4698 2382 4698 2402 4699 2397 4699 2396 4699 2402 4700 2385 4700 2397 4700 2403 4701 2396 4701 2399 4701 2403 4702 2399 4702 2404 4702 2405 4703 2395 4703 2401 4703 2406 4704 2402 4704 2396 4704 2406 4705 2396 4705 2403 4705 2407 4706 2408 4706 2409 4706 2407 4707 2409 4707 2376 4707 2410 4708 2361 4708 2387 4708 2410 4709 2387 4709 2400 4709 2411 4710 2400 4710 2379 4710 2411 4711 2410 4711 2400 4711 2412 4712 2407 4712 2376 4712 2412 4713 2376 4713 2392 4713 2412 4714 2392 4714 368 4714 2413 4715 2404 4715 2408 4715 2413 4716 2408 4716 2407 4716 2414 4717 2411 4717 2379 4717 2414 4718 2379 4718 2394 4718 2415 4719 2413 4719 2407 4719 2416 4720 688 4720 660 4720 2415 4721 2407 4721 2412 4721 2417 4722 2410 4722 2411 4722 2417 4723 2361 4723 2410 4723 2418 4724 660 4724 664 4724 2418 4725 664 4725 2419 4725 2420 4726 2411 4726 2414 4726 2420 4727 2417 4727 2411 4727 2421 4728 2394 4728 2395 4728 2421 4729 2395 4729 2405 4729 2421 4730 2414 4730 2394 4730 2422 4731 688 4731 2416 4731 2423 4732 660 4732 2418 4732 2423 4733 2416 4733 660 4733 2424 4734 2403 4734 2404 4734 2425 4735 2355 4735 699 4735 2425 4736 699 4736 688 4736 2424 4737 2404 4737 2413 4737 2425 4738 688 4738 2422 4738 2426 4739 2418 4739 2419 4739 2427 4740 2401 4740 2385 4740 2426 4741 2423 4741 2418 4741 2428 4742 2416 4742 2423 4742 2427 4743 2385 4743 2402 4743 2428 4744 2422 4744 2416 4744 2429 4745 2406 4745 2403 4745 2429 4746 2403 4746 2424 4746 2430 4747 2422 4747 2428 4747 2430 4748 2425 4748 2422 4748 2431 4749 664 4749 229 4749 2432 4750 2421 4750 2405 4750 2433 4751 2417 4751 2420 4751 2434 4752 2423 4752 2426 4752 2435 4753 2413 4753 2415 4753 2436 4754 229 4754 267 4754 2435 4755 2424 4755 2413 4755 2437 4756 2426 4756 2419 4756 2438 4757 2402 4757 2406 4757 2437 4758 664 4758 2431 4758 2438 4759 2427 4759 2402 4759 2437 4760 2419 4760 664 4760 2439 4761 2405 4761 2401 4761 2440 4762 2431 4762 229 4762 2439 4763 2401 4763 2427 4763 2441 4764 2412 4764 368 4764 2442 4765 2436 4765 267 4765 2443 4766 2429 4766 2424 4766 2444 4767 2431 4767 2440 4767 2444 4768 2437 4768 2431 4768 2443 4769 2424 4769 2435 4769 2445 4770 2423 4770 2434 4770 2445 4771 2428 4771 2423 4771 2446 4772 2355 4772 2425 4772 2447 4773 2427 4773 2438 4773 2446 4774 2425 4774 2430 4774 2447 4775 2439 4775 2427 4775 2448 4776 2420 4776 2414 4776 2449 4777 229 4777 2436 4777 2448 4778 2414 4778 2421 4778 2448 4779 2421 4779 2432 4779 2450 4780 2412 4780 2441 4780 2450 4781 2415 4781 2412 4781 2451 4782 229 4782 2449 4782 2450 4783 2435 4783 2415 4783 2452 4784 368 4784 460 4784 2451 4785 2440 4785 229 4785 2452 4786 2441 4786 368 4786 2452 4787 2450 4787 2441 4787 2453 4788 2428 4788 2445 4788 2453 4789 2446 4789 2430 4789 2454 4790 2448 4790 2432 4790 2453 4791 2356 4791 2355 4791 2453 4792 2355 4792 2446 4792 2453 4793 2430 4793 2428 4793 2455 4794 2450 4794 2452 4794 2455 4795 2452 4795 460 4795 2456 4796 2449 4796 2436 4796 2457 4797 2363 4797 2361 4797 2457 4798 2361 4798 2417 4798 2456 4799 2436 4799 2442 4799 2457 4800 2417 4800 2433 4800 2458 4801 2449 4801 2456 4801 2459 4802 2420 4802 2448 4802 2459 4803 2433 4803 2420 4803 2458 4804 2451 4804 2449 4804 2460 4805 267 4805 309 4805 2461 4806 2448 4806 2454 4806 2461 4807 2459 4807 2448 4807 2462 4808 2450 4808 2455 4808 2462 4809 2435 4809 2450 4809 2462 4810 2443 4810 2435 4810 2463 4811 2426 4811 2437 4811 2464 4812 2457 4812 2433 4812 2464 4813 2433 4813 2459 4813 2465 4814 2437 4814 2444 4814 2464 4815 2459 4815 2461 4815 2466 4816 2443 4816 2462 4816 2465 4817 2463 4817 2437 4817 2467 4818 2460 4818 309 4818 2468 4819 2406 4819 2429 4819 2468 4820 2438 4820 2406 4820 2469 4821 2442 4821 267 4821 2469 4822 2460 4822 2467 4822 2469 4823 267 4823 2460 4823 2470 4824 309 4824 325 4824 2471 4825 2432 4825 2405 4825 2471 4826 2405 4826 2439 4826 2470 4827 2467 4827 309 4827 2472 4828 2447 4828 2438 4828 2472 4829 2438 4829 2468 4829 2473 4830 2426 4830 2463 4830 2473 4831 2434 4831 2426 4831 2474 4832 2468 4832 2429 4832 2474 4833 2429 4833 2443 4833 2475 4834 2456 4834 2442 4834 2475 4835 2442 4835 2469 4835 2476 4836 2464 4836 2461 4836 2477 4837 2463 4837 2465 4837 2477 4838 2473 4838 2463 4838 2478 4839 2471 4839 2439 4839 2478 4840 2439 4840 2447 4840 2479 4841 2466 4841 2462 4841 2479 4842 2462 4842 2455 4842 2480 4843 2467 4843 2470 4843 2479 4844 2455 4844 460 4844 2481 4845 2440 4845 2451 4845 2481 4846 2451 4846 2458 4846 2482 4847 2466 4847 2479 4847 2483 4848 2468 4848 2474 4848 2481 4849 2444 4849 2440 4849 2484 4850 2469 4850 2467 4850 2483 4851 2472 4851 2468 4851 2484 4852 2475 4852 2469 4852 2484 4853 2467 4853 2480 4853 2485 4854 2432 4854 2471 4854 2485 4855 2454 4855 2432 4855 2486 4856 2444 4856 2481 4856 2486 4857 2465 4857 2444 4857 2487 4858 325 4858 293 4858 2488 4859 2471 4859 2478 4859 2487 4860 2470 4860 325 4860 2488 4861 2485 4861 2471 4861 2489 4862 2479 4862 460 4862 2490 4863 2445 4863 2434 4863 2489 4864 460 4864 314 4864 2489 4865 2482 4865 2479 4865 2490 4866 2434 4866 2473 4866 2363 4867 2365 4867 2491 4867 2491 4868 2457 4868 2464 4868 2491 4869 2363 4869 2457 4869 2492 4870 2481 4870 2458 4870 2493 4871 2489 4871 314 4871 2493 4872 2482 4872 2489 4872 2494 4873 2365 4873 2491 4873 2495 4874 2475 4874 2484 4874 2494 4875 2464 4875 2476 4875 2494 4876 2491 4876 2464 4876 2496 4877 2454 4877 2485 4877 2496 4878 2461 4878 2454 4878 2497 4879 2480 4879 2470 4879 2497 4880 2470 4880 2487 4880 2498 4881 2443 4881 2466 4881 2498 4882 2474 4882 2443 4882 2499 4883 2486 4883 2481 4883 2498 4884 2466 4884 2482 4884 2499 4885 2481 4885 2492 4885 2500 4886 2484 4886 2480 4886 2501 4887 2485 4887 2488 4887 2501 4888 2496 4888 2485 4888 2500 4889 2495 4889 2484 4889 2502 4890 2447 4890 2472 4890 2502 4891 2478 4891 2447 4891 2502 4892 2472 4892 2483 4892 2503 4893 2473 4893 2477 4893 2503 4894 2490 4894 2473 4894 2504 4895 2453 4895 2445 4895 2505 4896 2474 4896 2498 4896 2504 4897 2445 4897 2490 4897 2505 4898 2483 4898 2474 4898 2506 4899 2456 4899 2475 4899 2507 4900 2476 4900 2461 4900 2506 4901 2475 4901 2495 4901 2507 4902 2461 4902 2496 4902 2508 4903 2483 4903 2505 4903 2509 4904 2495 4904 2500 4904 2508 4905 2502 4905 2483 4905 2510 4906 2505 4906 2498 4906 2511 4907 2480 4907 2497 4907 2510 4908 2482 4908 2493 4908 2511 4909 2500 4909 2480 4909 2510 4910 2498 4910 2482 4910 2512 4911 2507 4911 2496 4911 2512 4912 2496 4912 2501 4912 2513 4913 2458 4913 2456 4913 2513 4914 2456 4914 2506 4914 2514 4915 2505 4915 2510 4915 2515 4916 2490 4916 2503 4916 2515 4917 2504 4917 2490 4917 2516 4918 2478 4918 2502 4918 2516 4919 2488 4919 2478 4919 2517 4920 2513 4920 2506 4920 2517 4921 2506 4921 2495 4921 2518 4922 2502 4922 2508 4922 2518 4923 2516 4923 2502 4923 2517 4924 2495 4924 2509 4924 2519 4925 2510 4925 2493 4925 2519 4926 2514 4926 2510 4926 2520 4927 2513 4927 2517 4927 2521 4928 2514 4928 2519 4928 2522 4929 2367 4929 2365 4929 2523 4930 2509 4930 2500 4930 2523 4931 2500 4931 2511 4931 2522 4932 2365 4932 2494 4932 2522 4933 2494 4933 2476 4933 2522 4934 2476 4934 2507 4934 2524 4935 2487 4935 293 4935 2367 4936 2369 4936 2525 4936 2525 4937 2507 4937 2512 4937 2525 4938 2522 4938 2507 4938 2525 4939 2367 4939 2522 4939 2526 4940 2477 4940 2465 4940 2526 4941 2465 4941 2486 4941 2527 4942 2488 4942 2516 4942 2526 4943 2486 4943 2499 4943 2527 4944 2501 4944 2488 4944 2528 4945 2509 4945 2523 4945 2529 4946 2505 4946 2514 4946 2529 4947 2518 4947 2508 4947 2529 4948 2508 4948 2505 4948 2530 4949 2356 4949 2453 4949 2531 4950 2516 4950 2518 4950 2530 4951 2453 4951 2504 4951 2531 4952 2527 4952 2516 4952 2532 4953 2517 4953 2509 4953 2532 4954 2520 4954 2517 4954 2532 4955 2509 4955 2528 4955 2533 4956 2512 4956 2501 4956 2533 4957 2501 4957 2527 4957 2534 4958 2487 4958 2524 4958 2534 4959 2497 4959 2487 4959 2535 4960 2493 4960 314 4960 2535 4961 2519 4961 2493 4961 2536 4962 2520 4962 2532 4962 2537 4963 2527 4963 2531 4963 2537 4964 2533 4964 2527 4964 2538 4965 2524 4965 293 4965 2539 4966 2529 4966 2514 4966 2538 4967 2534 4967 2524 4967 2540 4968 2497 4968 2534 4968 2539 4969 2514 4969 2521 4969 2541 4970 2521 4970 2519 4970 2541 4971 2519 4971 2535 4971 2540 4972 2511 4972 2497 4972 2542 4973 314 4973 313 4973 2543 4974 2526 4974 2499 4974 2542 4975 2535 4975 314 4975 2542 4976 2541 4976 2535 4976 2544 4977 2529 4977 2539 4977 2545 4978 2504 4978 2515 4978 2356 4979 2359 4979 2545 4979 2545 4980 2356 4980 2530 4980 2545 4981 2530 4981 2504 4981 2544 4982 2518 4982 2529 4982 2546 4983 2542 4983 313 4983 2546 4984 2541 4984 2542 4984 2547 4985 2534 4985 2538 4985 2547 4986 2540 4986 2534 4986 2548 4987 2544 4987 2539 4987 2549 4988 2540 4988 2547 4988 2550 4989 2521 4989 2541 4989 2551 4990 2477 4990 2526 4990 2550 4991 2548 4991 2539 4991 2551 4992 2526 4992 2543 4992 2550 4993 2539 4993 2521 4993 2551 4994 2503 4994 2477 4994 2552 4995 2525 4995 2512 4995 2553 4996 2523 4996 2511 4996 2552 4997 2369 4997 2525 4997 2552 4998 2512 4998 2533 4998 2553 4999 2511 4999 2540 4999 2553 5000 2540 5000 2549 5000 2554 5001 2531 5001 2518 5001 2555 5002 2513 5002 2520 5002 2554 5003 2544 5003 2548 5003 2554 5004 2518 5004 2544 5004 2556 5005 2533 5005 2537 5005 2556 5006 2369 5006 2552 5006 2556 5007 2552 5007 2533 5007 2555 5008 2492 5008 2458 5008 2555 5009 2458 5009 2513 5009 2557 5010 2537 5010 2531 5010 2557 5011 2531 5011 2554 5011 2558 5012 2553 5012 2549 5012 2559 5013 2548 5013 2550 5013 2560 5014 2543 5014 2499 5014 2560 5015 2499 5015 2492 5015 2560 5016 2492 5016 2555 5016 2561 5017 2554 5017 2548 5017 2561 5018 2548 5018 2559 5018 2562 5019 2551 5019 2543 5019 2561 5020 2557 5020 2554 5020 2563 5021 2550 5021 2541 5021 2564 5022 2532 5022 2528 5022 2563 5023 2541 5023 2546 5023 2564 5024 2536 5024 2532 5024 2563 5025 2559 5025 2550 5025 2565 5026 2557 5026 2561 5026 2566 5027 2536 5027 2564 5027 2567 5028 2563 5028 2546 5028 2568 5029 2561 5029 2559 5029 2569 5030 2553 5030 2558 5030 2568 5031 2565 5031 2561 5031 2569 5032 2523 5032 2553 5032 2570 5033 2563 5033 2567 5033 2569 5034 2528 5034 2523 5034 2570 5035 2559 5035 2563 5035 2571 5036 2520 5036 2536 5036 2572 5037 2372 5037 2369 5037 2571 5038 2555 5038 2520 5038 2572 5039 2369 5039 2556 5039 2572 5040 2556 5040 2537 5040 2571 5041 2560 5041 2555 5041 2572 5042 2537 5042 2557 5042 2572 5043 2557 5043 2565 5043 2573 5044 2565 5044 2568 5044 2574 5045 2503 5045 2551 5045 2574 5046 2515 5046 2503 5046 2575 5047 2570 5047 2567 5047 2576 5048 2564 5048 2528 5048 2577 5049 2572 5049 2565 5049 2577 5050 2565 5050 2573 5050 2577 5051 2372 5051 2572 5051 2576 5052 2528 5052 2569 5052 2578 5053 2538 5053 293 5053 2579 5054 313 5054 488 5054 2578 5055 293 5055 292 5055 2579 5056 2546 5056 313 5056 2579 5057 2567 5057 2546 5057 2580 5058 2568 5058 2559 5058 2580 5059 2559 5059 2570 5059 2580 5060 2570 5060 2575 5060 2581 5061 2569 5061 2558 5061 2581 5062 2576 5062 2569 5062 2582 5063 2580 5063 2575 5063 2583 5064 2573 5064 2568 5064 2583 5065 2568 5065 2580 5065 2584 5066 2560 5066 2571 5066 2583 5067 2580 5067 2582 5067 2585 5068 2578 5068 292 5068 2586 5069 2575 5069 2567 5069 2586 5070 2579 5070 488 5070 2587 5071 2515 5071 2574 5071 2586 5072 2567 5072 2579 5072 2588 5073 2374 5073 2372 5073 2588 5074 2577 5074 2573 5074 2587 5075 2545 5075 2515 5075 2588 5076 2372 5076 2577 5076 2389 5077 2551 5077 2562 5077 2589 5078 2583 5078 2582 5078 2389 5079 2574 5079 2551 5079 2590 5080 2571 5080 2536 5080 2591 5081 2575 5081 2586 5081 2591 5082 2582 5082 2575 5082 2590 5083 2536 5083 2566 5083 2590 5084 2584 5084 2571 5084 2592 5085 2573 5085 2583 5085 2592 5086 2583 5086 2589 5086 2592 5087 2588 5087 2573 5087 2398 5088 2576 5088 2581 5088 2592 5089 2374 5089 2588 5089 2593 5090 653 5090 2374 5090 2593 5091 2589 5091 2582 5091 2594 5092 2538 5092 2578 5092 2593 5093 2582 5093 2591 5093 2595 5094 2593 5094 2374 5094 2595 5095 2589 5095 2593 5095 2595 5096 2592 5096 2589 5096 2595 5097 2374 5097 2592 5097 2596 5098 488 5098 589 5098 2596 5099 2586 5099 488 5099 2596 5100 2591 5100 2586 5100 2597 5101 2584 5101 2590 5101 2598 5102 589 5102 653 5102 2598 5103 653 5103 2593 5103 2598 5104 2596 5104 589 5104 2598 5105 2593 5105 2591 5105 2598 5106 2591 5106 2596 5106 2599 5107 2547 5107 2538 5107 2599 5108 2538 5108 2594 5108 2600 5109 2594 5109 2578 5109 2600 5110 2578 5110 2585 5110 2388 5111 2574 5111 2389 5111 2388 5112 2587 5112 2574 5112 2601 5113 2547 5113 2599 5113 2601 5114 2549 5114 2547 5114 2602 5115 2594 5115 2600 5115 2602 5116 2599 5116 2594 5116 2377 5117 2601 5117 2599 5117 2377 5118 2599 5118 2602 5118 2603 5119 2543 5119 2560 5119 2603 5120 2560 5120 2584 5120 2604 5121 2576 5121 2398 5121 2604 5122 2566 5122 2564 5122 2604 5123 2564 5123 2576 5123 2605 5124 2549 5124 2601 5124 2605 5125 2558 5125 2549 5125 2384 5126 2566 5126 2604 5126 2409 5127 2601 5127 2377 5127 2409 5128 2605 5128 2601 5128 2383 5129 2590 5129 2566 5129 2383 5130 2597 5130 2590 5130 2383 5131 2566 5131 2384 5131 2397 5132 2384 5132 2604 5132 2397 5133 2604 5133 2398 5133 2606 5134 2359 5134 2545 5134 2606 5135 2545 5135 2587 5135 2385 5136 2384 5136 2397 5136 2386 5137 2597 5137 2383 5137 2607 5138 2584 5138 2597 5138 2607 5139 2603 5139 2584 5139 2608 5140 2543 5140 2603 5140 2608 5141 2603 5141 2607 5141 2608 5142 2562 5142 2543 5142 2609 5143 2581 5143 2558 5143 2609 5144 2558 5144 2605 5144 2359 5145 2361 5145 2390 5145 2390 5146 2587 5146 2388 5146 2390 5147 2606 5147 2587 5147 2390 5148 2359 5148 2606 5148 2408 5149 2605 5149 2409 5149 2408 5150 2609 5150 2605 5150 2399 5151 2398 5151 2581 5151 2399 5152 2581 5152 2609 5152 2610 5153 2600 5153 2585 5153 2610 5154 292 5154 346 5154 2610 5155 2585 5155 292 5155 2381 5156 2597 5156 2386 5156 2381 5157 2607 5157 2597 5157 2404 5158 2609 5158 2408 5158 2404 5159 2399 5159 2609 5159 2611 5160 2602 5160 2600 5160 2611 5161 2600 5161 2610 5161 2380 5162 2608 5162 2607 5162 2380 5163 2607 5163 2381 5163 2378 5164 2377 5164 2602 5164 2378 5165 2602 5165 2611 5165 2612 5166 346 5166 368 5166 2612 5167 2610 5167 346 5167 2612 5168 2611 5168 2610 5168 2612 5169 2378 5169 2611 5169 2391 5170 2562 5170 2608 5170 2391 5171 2389 5171 2562 5171 2391 5172 2608 5172 2380 5172 2393 5173 2612 5173 368 5173 2393 5174 2378 5174 2612 5174 2376 5175 2409 5175 2377 5175 2613 5176 92 5176 106 5176 2613 5177 1098 5177 1116 5177 2613 5178 1116 5178 92 5178 2614 5179 2615 5179 2613 5179 2616 5180 2615 5180 2614 5180 2617 5181 2616 5181 2614 5181 2618 5182 2616 5182 2617 5182 2619 5183 2618 5183 2617 5183 2620 5184 2618 5184 2619 5184 2621 5185 2620 5185 2619 5185 2622 5186 2620 5186 2621 5186 2623 5187 2620 5187 2622 5187 2624 5188 2623 5188 2622 5188 2625 5189 2623 5189 2624 5189 2626 5190 2625 5190 2624 5190 2627 5191 2625 5191 2626 5191 2628 5192 2627 5192 2626 5192 2629 5193 2627 5193 2628 5193 2630 5194 2629 5194 2628 5194 2631 5195 2629 5195 2630 5195 2632 5196 2630 5196 2633 5196 2632 5197 2631 5197 2630 5197 2634 5198 2632 5198 2633 5198 0 5199 2634 5199 2633 5199 3 5200 2634 5200 0 5200 17 5201 2634 5201 3 5201 2615 5203 1098 5203 2613 5203 2635 5204 2636 5204 2637 5204 2638 5205 2635 5205 2637 5205 2638 5206 2637 5206 2639 5206 2640 5207 2641 5207 2642 5207 826 5208 2640 5208 2642 5208 2643 5209 2644 5209 2645 5209 2644 5210 2646 5210 2645 5210 2647 5211 2643 5211 2648 5211 2649 5212 2647 5212 2648 5212 2643 5213 2645 5213 2648 5213 2641 5214 2650 5214 2651 5214 2642 5215 2641 5215 2651 5215 2652 5216 2620 5216 2618 5216 2653 5217 2618 5217 2652 5217 2654 5218 2653 5218 2652 5218 2655 5219 2654 5219 2652 5219 2620 5220 2655 5220 2652 5220 2646 5221 2656 5221 2657 5221 2658 5222 2638 5222 2659 5222 2650 5223 2658 5223 2659 5223 2637 5224 2649 5224 2660 5224 2639 5225 2637 5225 2660 5225 2648 5226 2645 5226 2661 5226 2657 5227 2656 5227 2662 5227 2656 5228 2663 5228 2662 5228 2639 5229 2660 5229 2664 5229 2659 5230 2638 5230 2665 5230 2638 5231 2639 5231 2665 5231 2650 5232 2659 5232 2666 5232 2651 5233 2650 5233 2666 5233 886 5234 826 5234 2667 5234 2642 5235 2651 5235 2667 5235 826 5236 2642 5236 2667 5236 2645 5237 2646 5237 2668 5237 2661 5238 2645 5238 2668 5238 2646 5239 2657 5239 2668 5239 2666 5240 2659 5240 2669 5240 2659 5241 2665 5241 2669 5241 2660 5242 2649 5242 2670 5242 2648 5243 2661 5243 2670 5243 2649 5244 2648 5244 2670 5244 1149 5245 1125 5245 2671 5245 2664 5246 2660 5246 2672 5246 1125 5247 1099 5247 2673 5247 2660 5248 2670 5248 2672 5248 1149 5249 2671 5249 2674 5249 2657 5250 2662 5250 2675 5250 2668 5251 2657 5251 2675 5251 1099 5252 1098 5252 2676 5252 2661 5253 2668 5253 2677 5253 1098 5254 2615 5254 2676 5254 2673 5255 1099 5255 2676 5255 2671 5256 1125 5256 2678 5256 2674 5257 2671 5257 2678 5257 1125 5258 2673 5258 2678 5258 2639 5259 2664 5259 2679 5259 1164 5260 1149 5260 2680 5260 2665 5261 2639 5261 2679 5261 2661 5262 2677 5262 2681 5262 2670 5263 2661 5263 2681 5263 2674 5264 2678 5264 2682 5264 2672 5265 2670 5265 2681 5265 747 5266 1164 5266 2683 5266 1164 5267 2680 5267 2683 5267 2651 5268 2666 5268 2684 5268 2667 5269 2651 5269 2684 5269 2683 5270 2680 5270 2685 5270 2680 5271 1149 5271 2686 5271 2672 5272 2681 5272 2687 5272 2685 5273 2680 5273 2686 5273 2677 5274 2668 5274 2688 5274 747 5275 2683 5275 2689 5275 2668 5276 2675 5276 2688 5276 2620 5277 2623 5277 2690 5277 2678 5278 2673 5278 2691 5278 2662 5279 2663 5279 2690 5279 2682 5280 2678 5280 2691 5280 2663 5281 2620 5281 2690 5281 2669 5282 2665 5282 2692 5282 2682 5283 2691 5283 2693 5283 2665 5284 2679 5284 2692 5284 766 5285 747 5285 2694 5285 747 5286 2689 5286 2694 5286 1033 5287 886 5287 2695 5287 886 5288 2667 5288 2695 5288 2691 5289 2673 5289 2696 5289 2667 5290 2684 5290 2695 5290 2673 5291 2676 5291 2696 5291 2693 5292 2691 5292 2696 5292 2666 5293 2669 5293 2697 5293 2684 5294 2666 5294 2697 5294 2679 5295 2664 5295 2698 5295 2694 5296 2689 5296 2699 5296 2664 5297 2672 5297 2698 5297 2685 5298 2686 5298 2700 5298 1033 5299 2695 5299 2701 5299 2684 5300 2697 5300 2701 5300 2695 5301 2684 5301 2701 5301 2693 5302 2696 5302 2702 5302 2692 5303 2679 5303 2703 5303 2686 5304 1149 5304 2704 5304 2679 5305 2698 5305 2703 5305 2674 5306 2682 5306 2704 5306 1149 5307 2674 5307 2704 5307 2662 5308 2690 5308 2705 5308 2705 5309 2625 5309 2623 5309 2683 5310 2685 5310 2706 5310 2690 5311 2623 5311 2705 5311 2689 5312 2683 5312 2706 5312 2675 5313 2662 5313 2705 5313 2688 5314 2675 5314 2705 5314 2699 5315 2689 5315 2706 5315 2681 5316 2677 5316 2707 5316 2686 5317 2704 5317 2708 5317 2700 5318 2686 5318 2708 5318 2677 5319 2688 5319 2707 5319 2687 5320 2681 5320 2707 5320 2698 5321 2672 5321 2709 5321 766 5322 2694 5322 2710 5322 2672 5323 2687 5323 2709 5323 2708 5324 2704 5324 2711 5324 2704 5325 2682 5325 2711 5325 2687 5326 2707 5326 2712 5326 2682 5327 2693 5327 2711 5327 2697 5328 2669 5328 2713 5328 2669 5329 2692 5329 2713 5329 2706 5330 2685 5330 2714 5330 2707 5331 2688 5331 2715 5331 2685 5332 2700 5332 2714 5332 2706 5333 2714 5333 2716 5333 2712 5334 2707 5334 2715 5334 2699 5335 2706 5335 2716 5335 2712 5336 2715 5336 2717 5336 782 5337 766 5337 2718 5337 2701 5338 2697 5338 2719 5338 2697 5339 2713 5339 2719 5339 782 5342 2718 5342 2721 5342 2703 5343 2698 5343 2722 5343 2698 5344 2709 5344 2722 5344 2688 5346 2705 5346 2723 5346 2715 5347 2688 5347 2723 5347 2705 5348 2625 5348 2723 5348 2692 5350 2703 5350 2725 5350 2713 5351 2692 5351 2725 5351 2716 5352 2714 5352 2726 5352 2708 5353 2711 5353 2727 5353 2719 5354 2713 5354 2728 5354 2713 5355 2725 5355 2728 5355 2702 5356 2696 5356 2729 5356 2676 5357 2615 5357 2729 5357 2709 5358 2687 5358 2730 5358 2687 5359 2712 5359 2730 5359 2696 5360 2676 5360 2729 5360 2710 5361 2694 5361 2731 5361 2720 5362 2710 5362 2731 5362 2703 5363 2722 5363 2732 5363 2694 5364 2699 5364 2731 5364 2725 5365 2703 5365 2732 5365 2729 5366 2615 5366 2733 5366 2702 5367 2729 5367 2733 5367 2699 5368 2716 5368 2734 5368 2712 5369 2717 5369 2735 5369 2730 5370 2712 5370 2735 5370 2709 5371 2730 5371 2736 5371 2722 5372 2709 5372 2736 5372 2731 5373 2699 5373 2734 5373 2700 5374 2708 5374 2737 5374 1033 5375 2701 5375 2738 5375 2701 5376 2719 5376 2738 5376 2726 5377 2714 5377 2737 5377 772 5378 1033 5378 2739 5378 1033 5379 2738 5379 2739 5379 2714 5380 2700 5380 2737 5380 2728 5381 2725 5381 2740 5381 2724 5382 2720 5382 2741 5382 2725 5383 2732 5383 2740 5383 2720 5384 2731 5384 2741 5384 2727 5385 2711 5385 2742 5385 2625 5386 2627 5386 2743 5386 2717 5387 2715 5387 2743 5387 2711 5388 2693 5388 2742 5388 2723 5389 2625 5389 2743 5389 2715 5390 2723 5390 2743 5390 2627 5391 2629 5391 2744 5391 2743 5392 2627 5392 2744 5392 2724 5393 2741 5393 2745 5393 2717 5394 2743 5394 2744 5394 2730 5395 2735 5395 2746 5395 2731 5396 2734 5396 2747 5396 2736 5397 2730 5397 2746 5397 2741 5398 2731 5398 2747 5398 2719 5399 2728 5399 2748 5399 2745 5400 2741 5400 2747 5400 2738 5401 2719 5401 2748 5401 772 5402 2739 5402 2749 5402 2745 5403 2747 5403 2750 5403 2739 5404 2738 5404 2749 5404 2738 5405 2748 5405 2749 5405 2732 5406 2722 5406 2751 5406 2722 5407 2736 5407 2751 5407 2726 5408 2737 5408 2752 5408 2693 5409 2702 5409 2753 5409 2742 5410 2693 5410 2753 5410 2732 5411 2751 5411 2754 5411 2740 5412 2732 5412 2754 5412 2708 5413 2727 5413 2755 5413 2737 5414 2708 5414 2755 5414 2751 5415 2736 5415 2756 5415 2752 5416 2737 5416 2755 5416 2736 5417 2746 5417 2756 5417 2742 5418 2753 5418 2757 5418 2728 5419 2740 5419 2758 5419 2727 5420 2742 5420 2757 5420 2748 5421 2728 5421 2758 5421 2749 5422 2748 5422 2758 5422 2716 5423 2726 5423 2759 5423 2734 5424 2716 5424 2759 5424 2749 5425 2758 5425 2760 5425 772 5426 2749 5426 2760 5426 804 5427 782 5427 2761 5427 2744 5428 2629 5428 2762 5428 782 5429 2721 5429 2761 5429 2735 5430 2717 5430 2762 5430 2717 5431 2744 5431 2762 5431 2754 5432 2751 5432 2763 5432 2757 5433 2753 5433 2764 5433 2751 5434 2756 5434 2763 5434 2735 5436 2762 5436 2766 5436 2629 5437 2631 5437 2766 5437 2746 5438 2735 5438 2766 5438 2762 5439 2629 5439 2766 5439 2761 5440 2721 5440 2765 5440 2740 5441 2754 5441 2767 5441 2758 5442 2740 5442 2767 5442 2760 5443 2758 5443 2767 5443 2765 5444 2724 5444 2768 5444 2760 5445 2767 5445 2769 5445 2756 5446 2746 5446 2770 5446 2752 5447 2755 5447 2771 5447 2746 5448 2766 5448 2770 5448 2766 5449 2631 5449 2770 5449 2747 5450 2734 5450 2772 5450 2767 5451 2754 5451 2773 5451 2734 5452 2759 5452 2772 5452 2754 5453 2763 5453 2773 5453 2767 5454 2773 5454 2774 5454 2769 5455 2767 5455 2774 5455 2759 5456 2726 5456 2775 5456 2726 5457 2752 5457 2775 5457 2772 5458 2759 5458 2775 5458 2763 5459 2756 5459 2776 5459 2770 5460 2631 5460 2776 5460 2631 5461 2632 5461 2776 5461 2747 5462 2772 5462 2777 5462 2750 5463 2747 5463 2777 5463 2756 5464 2770 5464 2776 5464 772 5465 2760 5465 2778 5465 2771 5466 2755 5466 2779 5466 2769 5467 2774 5467 2778 5467 2755 5468 2727 5468 2779 5468 2760 5469 2769 5469 2778 5469 2727 5470 2757 5470 2779 5470 772 5471 2778 5471 2780 5471 890 5472 772 5472 2780 5472 804 5473 2761 5473 2781 5473 2777 5474 2772 5474 2782 5474 2778 5475 2774 5475 2783 5475 2772 5476 2775 5476 2782 5476 2780 5477 2778 5477 2784 5477 2778 5478 2783 5478 2784 5478 890 5479 2780 5479 2784 5479 2774 5480 2773 5480 2785 5480 2763 5481 2776 5481 2785 5481 2773 5482 2763 5482 2785 5482 2777 5483 2782 5483 2786 5483 2776 5484 2632 5484 2785 5484 2774 5485 2785 5485 2787 5485 2783 5486 2774 5486 2787 5486 2785 5487 2632 5487 2787 5487 2632 5488 2634 5488 2788 5488 2771 5489 2779 5489 2789 5489 2787 5490 2632 5490 2788 5490 2781 5491 2761 5491 2790 5491 2783 5492 2787 5492 2788 5492 2784 5493 2783 5493 2791 5493 2788 5494 2634 5494 2791 5494 2783 5495 2788 5495 2791 5495 984 5496 890 5496 2792 5496 2634 5497 984 5497 2792 5497 2791 5498 2634 5498 2792 5498 2784 5499 2791 5499 2792 5499 890 5500 2784 5500 2792 5500 2724 5501 2745 5501 2793 5501 2745 5502 2750 5502 2793 5502 2768 5503 2724 5503 2793 5503 2761 5504 2765 5504 2794 5504 2790 5505 2761 5505 2794 5505 2794 5506 2765 5506 2795 5506 2765 5507 2768 5507 2795 5507 2750 5508 2777 5508 2796 5508 2793 5509 2750 5509 2796 5509 804 5510 2781 5510 2797 5510 2798 5511 2616 5511 2615 5511 2733 5512 2615 5512 2798 5512 2702 5513 2733 5513 2798 5513 2753 5514 2702 5514 2798 5514 2764 5515 2753 5515 2798 5515 2782 5516 2775 5516 2799 5516 2775 5517 2752 5517 2799 5517 2781 5518 2790 5518 2800 5518 2797 5519 2781 5519 2800 5519 2779 5520 2757 5520 2801 5520 2789 5521 2779 5521 2801 5521 2757 5522 2764 5522 2801 5522 2786 5523 2782 5523 2802 5523 2782 5524 2799 5524 2802 5524 2794 5525 2795 5525 2803 5525 2800 5526 2790 5526 2803 5526 2790 5527 2794 5527 2803 5527 2803 5528 2795 5528 2804 5528 2764 5529 2798 5529 2805 5529 2798 5530 2616 5530 2805 5530 2786 5531 2802 5531 2806 5531 2768 5532 2793 5532 2807 5532 2795 5533 2768 5533 2807 5533 2804 5534 2795 5534 2807 5534 2801 5535 2764 5535 2808 5535 2764 5536 2805 5536 2808 5536 2793 5537 2796 5537 2809 5537 2807 5538 2793 5538 2809 5538 2789 5539 2801 5539 2810 5539 2801 5540 2808 5540 2810 5540 2752 5541 2771 5541 2811 5541 2771 5542 2789 5542 2811 5542 2799 5543 2752 5543 2811 5543 2796 5544 2777 5544 2812 5544 2777 5545 2786 5545 2812 5545 2802 5546 2799 5546 2813 5546 2799 5547 2811 5547 2813 5547 2810 5548 2808 5548 2654 5548 2802 5549 2813 5549 2814 5549 2806 5550 2802 5550 2814 5550 2812 5551 2786 5551 2815 5551 2786 5552 2806 5552 2815 5552 2804 5553 2807 5553 2816 5553 2807 5554 2809 5554 2816 5554 805 5555 804 5555 2817 5555 804 5556 2797 5556 2817 5556 2816 5557 2809 5557 2818 5557 2789 5558 2810 5558 2819 5558 2811 5559 2789 5559 2819 5559 2813 5560 2811 5560 2819 5560 2797 5561 2800 5561 2820 5561 2817 5562 2797 5562 2820 5562 805 5563 2817 5563 2820 5563 2818 5564 2809 5564 2821 5564 2809 5565 2796 5565 2821 5565 2796 5566 2812 5566 2821 5566 2813 5567 2819 5567 2822 5567 2814 5568 2813 5568 2822 5568 805 5569 2820 5569 2823 5569 2820 5570 2800 5570 2824 5570 2823 5571 2820 5571 2824 5571 2800 5572 2803 5572 2824 5572 2814 5575 2822 5575 2826 5575 2823 5577 2824 5577 2827 5577 2821 5579 2812 5579 2829 5579 2812 5580 2815 5580 2829 5580 2815 5581 2806 5581 2830 5581 2831 5582 2618 5582 2616 5582 2805 5583 2616 5583 2831 5583 2808 5584 2805 5584 2831 5584 2654 5585 2808 5585 2831 5585 2818 5586 2821 5586 2832 5586 2821 5587 2829 5587 2832 5587 2822 5588 2819 5588 2833 5588 2819 5589 2810 5589 2833 5589 2810 5590 2654 5590 2833 5590 2825 5591 2804 5591 2834 5591 2828 5592 2825 5592 2834 5592 2804 5593 2816 5593 2834 5593 2831 5594 2618 5594 2653 5594 2654 5595 2831 5595 2653 5595 2828 5596 2834 5596 2835 5596 2832 5597 2829 5597 2636 5597 2834 5598 2816 5598 2836 5598 2835 5599 2834 5599 2836 5599 2816 5600 2818 5600 2836 5600 2835 5601 2836 5601 2658 5601 2822 5602 2833 5602 2837 5602 2826 5603 2822 5603 2837 5603 2814 5604 2826 5604 2644 5604 2830 5605 2806 5605 2644 5605 2806 5606 2814 5606 2644 5606 2837 5607 2833 5607 2655 5607 2833 5608 2654 5608 2655 5608 2636 5609 2829 5609 2647 5609 2815 5610 2830 5610 2647 5610 2829 5611 2815 5611 2647 5611 2826 5612 2837 5612 2656 5612 826 5613 805 5613 2838 5613 805 5614 2823 5614 2838 5614 2823 5615 2827 5615 2838 5615 826 5616 2838 5616 2640 5616 2655 5619 2620 5619 2839 5619 2656 5620 2837 5620 2839 5620 2837 5621 2655 5621 2839 5621 2839 5622 2620 5622 2663 5622 2656 5623 2839 5623 2663 5623 2644 5624 2826 5624 2646 5624 2826 5625 2656 5625 2646 5625 2636 5626 2647 5626 2649 5626 2832 5627 2636 5627 2635 5627 2818 5628 2832 5628 2635 5628 2836 5629 2818 5629 2635 5629 2658 5630 2836 5630 2635 5630 2830 5631 2644 5631 2643 5631 2647 5632 2830 5632 2643 5632 2658 5633 2635 5633 2638 5633 2828 5634 2835 5634 2641 5634 2640 5635 2828 5635 2641 5635 2641 5636 2835 5636 2650 5636 2835 5637 2658 5637 2650 5637 2636 5638 2649 5638 2637 5638 2840 5639 2368 5639 2841 5639 2842 5640 2843 5640 2844 5640 2845 5641 2846 5641 2847 5641 2848 5642 2840 5642 2841 5642 2849 5643 2845 5643 2847 5643 2850 5644 2851 5644 2852 5644 2853 5645 2854 5645 2855 5645 2856 5646 2857 5646 2858 5646 2859 5647 2853 5647 2855 5647 2851 5648 2860 5648 2852 5648 2854 5649 2861 5649 2855 5649 2848 5650 2841 5650 2862 5650 2857 5651 2849 5651 2858 5651 2841 5652 2370 5652 2862 5652 2863 5653 2848 5653 2862 5653 2859 5654 2855 5654 2864 5654 2865 5655 2866 5655 2867 5655 2360 5656 2868 5656 2869 5656 2866 5657 2870 5657 2867 5657 2860 5658 2863 5658 2871 5658 2872 5659 2873 5659 2869 5659 2873 5660 2360 5660 2869 5660 2874 5661 2875 5661 2876 5661 2868 5662 2872 5662 2869 5662 2877 5663 2878 5663 2879 5663 2880 5664 2874 5664 2876 5664 2881 5665 2882 5665 2883 5665 2884 5666 2877 5666 2879 5666 2882 5667 2885 5667 2883 5667 2878 5668 2886 5668 2879 5668 2887 5669 2888 5669 2889 5669 2879 5670 2886 5670 2890 5670 2891 5671 2887 5671 2889 5671 2886 5672 2865 5672 2890 5672 2843 5673 2881 5673 2892 5673 2888 5674 2893 5674 2894 5674 2881 5675 2883 5675 2892 5675 2893 5676 2880 5676 2894 5676 2889 5677 2888 5677 2895 5677 2896 5678 2897 5678 2898 5678 2888 5679 2894 5679 2895 5679 2870 5680 2896 5680 2898 5680 2897 5681 2856 5681 2898 5681 2860 5682 2871 5682 2899 5682 2883 5683 2885 5683 2900 5683 2852 5684 2860 5684 2899 5684 2901 5685 2902 5685 2903 5685 2904 5686 2901 5686 2903 5686 2905 5687 2850 5687 2906 5687 2861 5688 2907 5688 2908 5688 2855 5689 2861 5689 2908 5689 2864 5690 2855 5690 2908 5690 2909 5691 2910 5691 2911 5691 2875 5692 2905 5692 2906 5692 2891 5693 2889 5693 2912 5693 2913 5694 2909 5694 2911 5694 2907 5695 2913 5695 2911 5695 2847 5696 2846 5696 2914 5696 2633 5697 2630 5697 2915 5697 2891 5698 2912 5698 2916 5698 2630 5699 2917 5699 2915 5699 2903 5700 2902 5700 2918 5700 2906 5701 2850 5701 2919 5701 2911 5702 2910 5702 2920 5702 2902 5703 2921 5703 2918 5703 2850 5704 2852 5704 2919 5704 2910 5705 2868 5705 2920 5705 2889 5706 2895 5706 2922 5706 2870 5707 2898 5707 2923 5707 2915 5708 2917 5708 2924 5708 2916 5709 2912 5709 2922 5709 2912 5710 2889 5710 2922 5710 2917 5711 2925 5711 2924 5711 2867 5712 2870 5712 2923 5712 2621 5713 2619 5713 2926 5713 2619 5714 2884 5714 2926 5714 2916 5715 2922 5715 2927 5715 6 5716 2891 5716 2928 5716 2927 5717 6 5717 2928 5717 2891 5718 2916 5718 2928 5718 2864 5719 2908 5719 2929 5719 2916 5720 2927 5720 2928 5720 2926 5721 2884 5721 2930 5721 2880 5722 2876 5722 2931 5722 2884 5723 2879 5723 2930 5723 2894 5724 2880 5724 2931 5724 2932 5725 2933 5725 2934 5725 2862 5726 2370 5726 2935 5726 2370 5727 2371 5727 2935 5727 2863 5728 2862 5728 2935 5728 2936 5729 2932 5729 2934 5729 2871 5730 2863 5730 2935 5730 2930 5731 2879 5731 2937 5731 2876 5732 2875 5732 2938 5732 2933 5733 2939 5733 2940 5733 2939 5734 2941 5734 2940 5734 2879 5735 2890 5735 2937 5735 2875 5736 2906 5736 2938 5736 2941 5737 2844 5737 2940 5737 2622 5738 2621 5738 2942 5738 2621 5739 2926 5739 2942 5739 2906 5740 2919 5740 2943 5740 2914 5741 2846 5741 2944 5741 2907 5742 2911 5742 2945 5742 2904 5743 2903 5743 2944 5743 2938 5744 2906 5744 2943 5744 2371 5745 2373 5745 2946 5745 2935 5746 2371 5746 2946 5746 2846 5747 2904 5747 2944 5747 2899 5748 2871 5748 2946 5748 2871 5749 2935 5749 2946 5749 2934 5750 2933 5750 2947 5750 2931 5751 2876 5751 2948 5751 2849 5752 2847 5752 2949 5752 2858 5753 2849 5753 2949 5753 2876 5754 2938 5754 2948 5754 2852 5755 2899 5755 2950 5755 2856 5756 2858 5756 2951 5756 2919 5757 2852 5757 2950 5757 2947 5758 2933 5758 2952 5758 2933 5759 2940 5759 2952 5759 2843 5760 2892 5760 2953 5760 2898 5761 2856 5761 2951 5761 44 5762 2357 5762 2954 5762 2895 5763 2894 5763 2955 5763 2918 5764 2921 5764 2954 5764 2921 5765 2956 5765 2954 5765 2956 5766 2957 5766 2954 5766 2958 5767 44 5767 2954 5767 2844 5768 2843 5768 2953 5768 2957 5769 2958 5769 2954 5769 2894 5770 2931 5770 2955 5770 2895 5771 2955 5771 2959 5771 2945 5772 2911 5772 2960 5772 2922 5773 2895 5773 2959 5773 2911 5774 2920 5774 2960 5774 2923 5775 2898 5775 2961 5775 9 5776 6 5776 2962 5776 6 5777 2927 5777 2962 5777 2927 5778 2922 5778 2962 5778 2922 5779 2959 5779 2962 5779 2936 5780 2934 5780 2963 5780 2951 5781 2858 5781 2964 5781 2925 5782 2936 5782 2963 5782 2890 5783 2865 5783 2965 5783 2931 5784 2948 5784 2966 5784 2955 5785 2931 5785 2966 5785 2937 5786 2890 5786 2965 5786 2373 5787 2375 5787 2967 5787 2900 5788 2885 5788 2968 5788 2885 5789 2859 5789 2968 5789 2943 5790 2919 5790 2967 5790 2919 5791 2950 5791 2967 5791 2865 5792 2867 5792 2965 5792 2950 5793 2899 5793 2969 5793 2859 5794 2864 5794 2968 5794 2373 5795 2967 5795 2969 5795 2864 5796 2929 5796 2968 5796 2946 5797 2373 5797 2969 5797 2899 5798 2946 5798 2969 5798 2847 5799 2914 5799 2970 5799 2967 5800 2950 5800 2969 5800 2940 5801 2844 5801 2971 5801 2959 5802 2955 5802 2972 5802 2844 5803 2953 5803 2971 5803 2949 5804 2847 5804 2970 5804 2952 5805 2940 5805 2971 5805 2867 5806 2923 5806 2973 5806 2962 5807 2959 5807 2972 5807 2955 5808 2966 5808 2972 5808 2908 5809 2907 5809 2974 5809 2965 5810 2867 5810 2973 5810 2929 5811 2908 5811 2974 5811 2962 5812 2972 5812 2975 5812 2907 5813 2945 5813 2974 5813 2938 5814 2943 5814 2976 5814 2948 5815 2938 5815 2976 5815 2963 5816 2934 5816 2977 5816 2944 5817 2903 5817 2978 5817 9 5818 2962 5818 2979 5818 2934 5819 2947 5819 2977 5819 2962 5820 2975 5820 2979 5820 2943 5821 2967 5821 2980 5821 2976 5822 2943 5822 2980 5822 2937 5823 2965 5823 2981 5823 2979 5824 2975 5824 2982 5824 2633 5825 2915 5825 2983 5825 2948 5826 2976 5826 2982 5826 2966 5827 2948 5827 2982 5827 2915 5828 2924 5828 2984 5828 9 5829 2979 5829 2982 5829 2972 5830 2966 5830 2982 5830 2903 5831 2918 5831 2985 5831 2975 5832 2972 5832 2982 5832 2978 5833 2903 5833 2985 5833 2983 5834 2915 5834 2984 5834 2980 5835 2967 5835 2986 5835 2970 5836 2914 5836 2987 5836 2982 5837 2976 5837 2988 5837 2952 5838 2971 5838 2989 5838 2976 5839 2980 5839 2988 5839 2914 5840 2944 5840 2987 5840 2929 5841 2974 5841 2990 5841 2898 5842 2951 5842 2991 5842 2980 5843 2986 5843 2992 5843 2961 5844 2898 5844 2991 5844 2988 5845 2980 5845 2992 5845 2951 5846 2964 5846 2991 5846 105 5847 111 5847 2993 5847 2883 5848 2900 5848 2994 5848 2982 5849 2988 5849 2995 5849 2942 5850 2926 5850 2996 5850 106 5851 105 5851 2997 5851 2613 5852 106 5852 2997 5852 9 5853 2982 5853 2998 5853 11 5854 9 5854 2998 5854 2892 5855 2883 5855 2994 5855 2982 5856 2995 5856 2998 5856 2926 5857 2930 5857 2996 5857 2997 5858 105 5858 2999 5858 2920 5859 2868 5859 3000 5859 2930 5860 2937 5860 2996 5860 2988 5861 2992 5861 3001 5861 2995 5862 2988 5862 3001 5862 2937 5863 2981 5863 3002 5863 11 5864 2998 5864 3001 5864 2998 5865 2995 5865 3001 5865 2986 5866 2967 5866 3003 5866 2996 5867 2937 5867 3002 5867 2993 5868 111 5868 3004 5868 2994 5869 2900 5869 3005 5869 2999 5870 105 5870 3006 5870 2967 5871 2375 5871 3003 5871 105 5872 2993 5872 3006 5872 11 5873 3001 5873 3007 5873 2622 5874 2942 5874 3008 5874 2992 5875 2986 5875 3007 5875 3001 5876 2992 5876 3007 5876 2900 5877 2968 5877 3009 5877 2986 5878 3003 5878 3007 5878 11 5879 3007 5879 3010 5879 3005 5880 2900 5880 3009 5880 3003 5881 2375 5881 3010 5881 2991 5882 2964 5882 3011 5882 3007 5883 3003 5883 3010 5883 13 5884 11 5884 3012 5884 3009 5885 2968 5885 3013 5885 11 5886 3010 5886 3012 5886 2375 5887 13 5887 3012 5887 2968 5888 2929 5888 3013 5888 3010 5889 2375 5889 3012 5889 2858 5890 2949 5890 3014 5890 2964 5891 2858 5891 3014 5891 2960 5892 2920 5892 3015 5892 3006 5893 2993 5893 3016 5893 2920 5894 3000 5894 3015 5894 2949 5895 2970 5895 3014 5895 2942 5896 2996 5896 3017 5896 111 5897 134 5897 3018 5897 2953 5898 2892 5898 3019 5898 2996 5899 3002 5899 3017 5899 2892 5900 2994 5900 3019 5900 3008 5901 2942 5901 3017 5901 2965 5902 2973 5902 3020 5902 111 5903 3018 5903 3021 5903 2953 5904 3019 5904 3022 5904 3004 5905 111 5905 3021 5905 2971 5906 2953 5906 3022 5906 2981 5907 2965 5907 3020 5907 2989 5908 2971 5908 3022 5908 2993 5909 3004 5909 3023 5909 2624 5910 2622 5910 3024 5910 2622 5911 3008 5911 3024 5911 2994 5912 3005 5912 3025 5912 3019 5913 2994 5913 3025 5913 3017 5914 3002 5914 3026 5914 3018 5915 134 5915 3027 5915 2989 5916 3022 5916 3028 5916 2923 5917 2961 5917 3029 5917 2973 5918 2923 5918 3029 5918 3020 5919 2973 5919 3029 5919 3009 5920 3013 5920 3030 5920 3016 5921 2993 5921 3031 5921 2993 5922 3023 5922 3031 5922 3014 5923 2970 5923 3032 5923 2947 5924 2952 5924 3033 5924 2918 5925 2954 5925 3034 5925 2952 5926 2989 5926 3033 5926 2985 5927 2918 5927 3034 5927 2924 5928 2925 5928 3035 5928 2944 5929 2978 5929 3036 5929 3023 5930 3004 5930 3037 5930 2925 5931 2963 5931 3035 5931 2987 5932 2944 5932 3036 5932 3004 5933 3021 5933 3037 5933 3018 5934 3027 5934 3038 5934 2974 5935 2945 5935 3039 5935 2990 5936 2974 5936 3039 5936 3020 5937 3029 5937 3040 5937 3030 5938 3013 5938 3041 5938 3021 5939 3018 5939 3042 5939 3018 5940 3038 5940 3042 5940 3036 5941 2978 5941 3043 5941 2929 5942 2990 5942 3041 5942 2978 5943 2985 5943 3043 5943 3006 5944 3016 5944 3044 5944 3013 5945 2929 5945 3041 5945 2999 5946 3006 5946 3044 5946 2624 5947 3024 5947 3045 5947 3035 5948 2963 5948 3046 5948 2963 5949 2977 5949 3046 5949 3014 5950 3032 5950 3047 5950 2945 5951 2960 5951 3048 5951 3011 5952 2964 5952 3047 5952 3039 5953 2945 5953 3048 5953 2964 5954 3014 5954 3047 5954 3031 5955 3023 5955 3049 5955 3032 5956 2970 5956 3050 5956 2960 5957 3015 5957 3048 5957 2868 5958 2362 5958 3051 5958 2987 5959 3036 5959 3050 5959 3023 5960 3037 5960 3049 5960 3000 5961 2868 5961 3051 5961 2970 5962 2987 5962 3050 5962 3044 5963 3016 5963 3052 5963 2990 5964 3039 5964 3053 5964 3039 5965 3048 5965 3053 5965 3052 5966 3016 5966 3054 5966 3041 5967 2990 5967 3053 5967 3016 5968 3031 5968 3054 5968 3053 5969 3048 5969 3055 5969 3002 5970 2981 5970 3056 5970 2981 5971 3020 5971 3056 5971 3031 5972 3049 5972 3054 5972 3026 5973 3002 5973 3056 5973 134 5974 150 5974 3057 5974 2947 5975 3033 5975 3058 5975 3040 5976 3029 5976 3059 5976 3029 5977 2961 5977 3059 5977 2977 5978 2947 5978 3058 5978 2961 5979 2991 5979 3059 5979 2954 5980 2357 5980 3060 5980 3027 5981 134 5981 3061 5981 3034 5982 2954 5982 3060 5982 3033 5983 2989 5983 3062 5983 134 5984 3057 5984 3061 5984 150 5985 161 5985 3063 5985 3000 5986 3051 5986 3064 5986 3061 5987 3057 5987 3063 5987 3051 5988 2362 5988 3064 5988 3057 5989 150 5989 3063 5989 3015 5990 3000 5990 3064 5990 3059 5991 2991 5991 3065 5991 3063 5992 161 5992 3066 5992 2991 5993 3011 5993 3065 5993 3061 5994 3063 5994 3066 5994 0 5995 2633 5995 3067 5995 2633 5996 2983 5996 3067 5996 2983 5997 2984 5997 3067 5997 3026 5998 3056 5998 3068 5998 0 5999 3067 5999 3069 5999 3067 6000 2984 6000 3069 6000 3021 6001 3042 6001 3070 6001 3037 6002 3021 6002 3070 6002 3009 6003 3030 6003 3071 6003 3008 6004 3017 6004 3072 6004 3005 6005 3009 6005 3071 6005 3024 6006 3008 6006 3072 6006 3017 6007 3026 6007 3072 6007 3054 6008 3049 6008 3073 6008 2626 6009 2624 6009 3074 6009 2624 6010 3045 6010 3074 6010 3030 6011 3041 6011 3075 6011 3026 6012 3068 6012 3076 6012 3061 6013 3066 6013 3077 6013 3072 6014 3026 6014 3076 6014 2984 6015 2924 6015 3078 6015 3027 6016 3061 6016 3077 6016 3042 6017 3038 6017 3077 6017 3038 6018 3027 6018 3077 6018 3069 6019 2984 6019 3078 6019 3049 6020 3037 6020 3079 6020 3020 6021 3040 6021 3080 6021 2924 6022 3035 6022 3078 6022 3035 6023 3046 6023 3081 6023 3056 6024 3020 6024 3080 6024 3037 6025 3070 6025 3079 6025 3078 6026 3035 6026 3081 6026 3032 6027 3050 6027 3082 6027 3047 6028 3032 6028 3082 6028 3042 6029 3077 6029 3083 6029 3033 6030 3062 6030 3084 6030 3077 6031 3066 6031 3085 6031 3058 6032 3033 6032 3084 6032 3045 6033 3024 6033 3086 6033 3028 6034 3022 6034 3087 6034 3083 6035 3077 6035 3085 6035 3072 6036 3076 6036 3086 6036 3022 6037 3019 6037 3087 6037 3024 6038 3072 6038 3086 6038 3083 6039 3085 6039 3088 6039 3019 6040 3025 6040 3087 6040 3054 6041 3073 6041 3089 6041 3052 6042 3054 6042 3089 6042 3086 6043 3076 6043 3090 6043 3060 6044 2357 6044 3091 6044 2985 6045 3034 6045 3091 6045 3028 6046 3087 6046 3092 6046 2357 6047 2358 6047 3091 6047 3043 6048 2985 6048 3091 6048 3034 6049 3060 6049 3091 6049 3073 6050 3049 6050 3093 6050 3087 6051 3025 6051 3094 6051 3092 6052 3087 6052 3094 6052 3068 6053 3056 6053 3095 6053 3049 6054 3079 6054 3093 6054 3056 6055 3080 6055 3095 6055 3005 6056 3071 6056 3096 6056 3070 6057 3042 6057 3097 6057 3094 6058 3025 6058 3096 6058 3042 6059 3083 6059 3097 6059 3025 6060 3005 6060 3096 6060 3040 6061 3059 6061 3098 6061 3030 6062 3075 6062 3099 6062 3059 6063 3065 6063 3098 6063 3071 6064 3030 6064 3099 6064 3089 6065 3073 6065 3100 6065 3048 6066 3015 6066 3101 6066 3055 6067 3048 6067 3101 6067 3098 6068 3065 6068 3102 6068 3083 6069 3088 6069 3103 6069 3097 6070 3083 6070 3103 6070 3050 6071 3036 6071 3104 6071 3092 6072 3094 6072 3105 6072 3070 6073 3097 6073 3106 6073 3075 6074 3041 6074 3107 6074 3079 6075 3070 6075 3106 6075 3041 6076 3053 6076 3107 6076 3093 6077 3079 6077 3106 6077 3082 6078 3050 6078 3108 6078 3097 6079 3103 6079 3106 6079 3050 6080 3104 6080 3108 6080 3036 6081 3043 6081 3109 6081 3055 6082 3101 6082 3110 6082 3043 6083 3091 6083 3109 6083 3106 6084 3103 6084 3111 6084 3104 6085 3036 6085 3109 6085 3062 6086 2989 6086 3112 6086 2989 6087 3028 6087 3112 6087 3095 6088 3080 6088 3113 6088 3080 6089 3040 6089 3113 6089 2613 6090 2997 6090 3114 6090 3040 6091 3098 6091 3113 6091 2997 6092 2999 6092 3115 6092 3053 6093 3055 6093 3116 6093 3114 6094 2997 6094 3115 6094 3107 6095 3053 6095 3116 6095 3011 6096 3047 6096 3117 6096 3065 6097 3011 6097 3117 6097 3055 6098 3110 6098 3116 6098 3102 6099 3065 6099 3117 6099 3046 6100 2977 6100 3118 6100 2977 6101 3058 6101 3118 6101 3066 6102 161 6102 3119 6102 3085 6103 3066 6103 3119 6103 3074 6104 3045 6104 3120 6104 3045 6105 3086 6105 3120 6105 3088 6106 3085 6106 3121 6106 3071 6107 3099 6107 3122 6107 3096 6108 3071 6108 3122 6108 3085 6109 3119 6109 3121 6109 3120 6110 3086 6110 3123 6110 3062 6111 3112 6111 3124 6111 3086 6112 3090 6112 3123 6112 3084 6113 3062 6113 3124 6113 3093 6114 3106 6114 3125 6114 3106 6115 3111 6115 3125 6115 3075 6116 3107 6116 3126 6116 3095 6117 3113 6117 3127 6117 3073 6118 3093 6118 3128 6118 3100 6119 3073 6119 3128 6119 3107 6120 3116 6120 3126 6120 3090 6121 3076 6121 3129 6121 3099 6122 3075 6122 3130 6122 3068 6123 3095 6123 3129 6123 3075 6124 3126 6124 3130 6124 3076 6125 3068 6125 3129 6125 3125 6126 3111 6126 3131 6126 3126 6127 3116 6127 3132 6127 161 6128 169 6128 3133 6128 3090 6129 3129 6129 3134 6129 3119 6130 161 6130 3133 6130 3123 6131 3090 6131 3134 6131 3058 6132 3084 6132 3135 6132 3118 6133 3058 6133 3135 6133 3121 6134 3119 6134 3133 6134 3121 6135 3133 6135 3136 6135 2362 6136 2364 6136 3137 6136 3047 6137 3082 6137 3138 6137 3101 6138 3015 6138 3137 6138 3117 6139 3047 6139 3138 6139 3133 6140 169 6140 3136 6140 3064 6141 2362 6141 3137 6141 3015 6142 3064 6142 3137 6142 3046 6143 3118 6143 3139 6143 3121 6144 3136 6144 3140 6144 2626 6145 3074 6145 3141 6145 3103 6146 3088 6146 3140 6146 3081 6147 3046 6147 3139 6147 3074 6148 3120 6148 3141 6148 3088 6149 3121 6149 3140 6149 3137 6150 2364 6150 3142 6150 3120 6151 3123 6151 3141 6151 3103 6152 3140 6152 3143 6152 3101 6153 3137 6153 3142 6153 3110 6154 3101 6154 3142 6154 3111 6155 3103 6155 3143 6155 3143 6156 3140 6156 3144 6156 3141 6157 3123 6157 3145 6157 3069 6158 3078 6158 3146 6158 3078 6159 3081 6159 3146 6159 3109 6160 3091 6160 3147 6160 3140 6161 3136 6161 3144 6161 3125 6162 3131 6162 3148 6162 3117 6163 3138 6163 3149 6163 3094 6164 3096 6164 3150 6164 3102 6165 3117 6165 3149 6165 3128 6166 3093 6166 3148 6166 3096 6167 3122 6167 3150 6167 3093 6168 3125 6168 3148 6168 3081 6169 3139 6169 3151 6169 3134 6170 3129 6170 3152 6170 3146 6171 3081 6171 3151 6171 3132 6172 3116 6172 3153 6172 3129 6173 3095 6173 3152 6173 2999 6174 3044 6174 3154 6174 3116 6175 3110 6175 3153 6175 3108 6176 3104 6176 3155 6176 3115 6177 2999 6177 3154 6177 3122 6178 3099 6178 3156 6178 3143 6179 3144 6179 3157 6179 3099 6180 3130 6180 3156 6180 3098 6181 3102 6181 3158 6181 3113 6182 3098 6182 3158 6182 3127 6183 3113 6183 3158 6183 3044 6184 3052 6184 3159 6184 3028 6185 3092 6185 3160 6185 3109 6186 3147 6186 3161 6186 3092 6187 3105 6187 3160 6187 3155 6188 3104 6188 3161 6188 3154 6189 3044 6189 3159 6189 3112 6190 3028 6190 3160 6190 3104 6191 3109 6191 3161 6191 3148 6192 3131 6192 3162 6192 3094 6193 3150 6193 3163 6193 3105 6194 3094 6194 3163 6194 3134 6195 3152 6195 3164 6195 3131 6196 3111 6196 3165 6196 3102 6197 3149 6197 3166 6197 3143 6198 3157 6198 3165 6198 3160 6199 3105 6199 3167 6199 3105 6200 3163 6200 3167 6200 3158 6201 3102 6201 3166 6201 3162 6202 3131 6202 3165 6202 3111 6203 3143 6203 3165 6203 3118 6204 3135 6204 3168 6204 3127 6205 3158 6205 3169 6205 3139 6206 3118 6206 3168 6206 3114 6207 3115 6207 3170 6207 3158 6208 3166 6208 3169 6208 2614 6209 2613 6209 3170 6209 3149 6210 3138 6210 3171 6210 2613 6211 3114 6211 3170 6211 3115 6212 3154 6212 3172 6212 3170 6213 3115 6213 3172 6213 3136 6214 169 6214 3173 6214 3157 6215 3144 6215 3173 6215 3144 6216 3136 6216 3173 6216 3124 6217 3112 6217 3174 6217 169 6218 32 6218 3173 6218 3112 6219 3160 6219 3174 6219 3122 6220 3156 6220 3175 6220 3082 6221 3108 6221 3176 6221 3138 6222 3082 6222 3176 6222 3163 6223 3150 6223 3175 6223 3173 6224 32 6224 3177 6224 3157 6225 3173 6225 3177 6225 3150 6226 3122 6226 3175 6226 3165 6227 3157 6227 3178 6227 3169 6228 3166 6228 3179 6228 3145 6229 3123 6229 3180 6229 3132 6230 3153 6230 3181 6230 3123 6231 3134 6231 3180 6231 3084 6232 3124 6232 3182 6232 3162 6233 3165 6233 3183 6233 3165 6234 3178 6234 3183 6234 3135 6235 3084 6235 3182 6235 3134 6236 3164 6236 3180 6236 3178 6237 3157 6237 3184 6237 3163 6238 3175 6238 3185 6238 3157 6239 3177 6239 3184 6239 3147 6240 3091 6240 3186 6240 3091 6241 2358 6241 3186 6241 3130 6242 3126 6242 3187 6242 2626 6243 3141 6243 3188 6243 3126 6244 3132 6244 3187 6244 3052 6245 3089 6245 3189 6245 3156 6246 3130 6246 3187 6246 3141 6247 3145 6247 3188 6247 3159 6248 3052 6248 3189 6248 3160 6249 3167 6249 3190 6249 3152 6250 3095 6250 3191 6250 3174 6251 3160 6251 3190 6251 3127 6252 3169 6252 3191 6252 2614 6253 3170 6253 3192 6253 3164 6254 3152 6254 3191 6254 3132 6255 3181 6255 3193 6255 3095 6256 3127 6256 3191 6256 3170 6257 3172 6257 3194 6257 3192 6258 3170 6258 3194 6258 3187 6259 3132 6259 3193 6259 2628 6260 2626 6260 3195 6260 2364 6261 2366 6261 3196 6261 3142 6262 2364 6262 3196 6262 3110 6263 3142 6263 3196 6263 3153 6264 3110 6264 3196 6264 2366 6265 3181 6265 3196 6265 3183 6266 3178 6266 3197 6266 3181 6267 3153 6267 3196 6267 3178 6268 3184 6268 3197 6268 3188 6269 3145 6269 3198 6269 3154 6270 3159 6270 3199 6270 3161 6271 3147 6271 2873 6271 3156 6272 3187 6272 3200 6272 2358 6273 2360 6273 2873 6273 3186 6274 2358 6274 2873 6274 3147 6275 3186 6275 2873 6275 1 6276 0 6276 3201 6276 3172 6277 3154 6277 3199 6277 3069 6278 3146 6278 3201 6278 3146 6279 3151 6279 3201 6279 0 6280 3069 6280 3201 6280 3164 6281 3191 6281 3202 6281 3089 6282 3100 6282 3203 6282 3189 6283 3089 6283 3203 6283 2628 6284 3195 6284 3204 6284 3156 6285 3200 6285 3205 6285 3175 6286 3156 6286 3205 6286 3168 6287 3135 6287 3206 6287 3138 6288 3176 6288 3207 6288 3199 6289 3159 6289 3208 6289 3171 6290 3138 6290 3207 6290 3135 6291 3182 6291 3206 6291 3159 6292 3189 6292 3208 6292 3177 6293 32 6293 3209 6293 3187 6294 3193 6294 3210 6294 3180 6295 3164 6295 3211 6295 3200 6296 3187 6296 3210 6296 3164 6297 3202 6297 3211 6297 3184 6298 3177 6298 3209 6298 3180 6299 3211 6299 3212 6299 1 6300 3201 6300 3213 6300 3201 6301 3151 6301 3213 6301 3197 6302 3184 6302 2901 6302 3198 6303 3145 6303 3212 6303 3184 6304 3209 6304 2901 6304 3145 6305 3180 6305 3212 6305 32 6306 35 6306 3214 6306 3185 6307 3175 6307 3215 6307 3195 6308 2626 6308 3216 6308 3209 6309 32 6309 3214 6309 2626 6310 3188 6310 3216 6310 3175 6311 3205 6311 3215 6311 3151 6312 3139 6312 3217 6312 3139 6313 3168 6313 3217 6313 3203 6314 3100 6314 3218 6314 3216 6315 3188 6315 3219 6315 3213 6316 3151 6316 3217 6316 3188 6317 3198 6317 3219 6317 3100 6318 3128 6318 3218 6318 2617 6319 2614 6319 3220 6319 2614 6320 3192 6320 3220 6320 3192 6321 3194 6321 3220 6321 3167 6322 3163 6322 3221 6322 3163 6323 3185 6323 3221 6323 3149 6324 3171 6324 3222 6324 3220 6325 3194 6325 3223 6325 3182 6326 3124 6326 3224 6326 3124 6327 3174 6327 3224 6327 3166 6328 3149 6328 3222 6328 3194 6329 3172 6329 3225 6329 3172 6330 3199 6330 3225 6330 3108 6331 3155 6331 3226 6331 3176 6332 3108 6332 3226 6332 3181 6333 2366 6333 3227 6333 3223 6334 3194 6334 3225 6334 3193 6335 3181 6335 3227 6335 3207 6336 3176 6336 3226 6336 3155 6337 3161 6337 3228 6337 3199 6338 3208 6338 3229 6338 3224 6339 3174 6339 3230 6339 3226 6340 3155 6340 3228 6340 3225 6341 3199 6341 3229 6341 3174 6342 3190 6342 3230 6342 3212 6343 3211 6343 3231 6343 3168 6344 3206 6344 3232 6344 3208 6345 3189 6345 3233 6345 3217 6346 3168 6346 3232 6346 3167 6347 3221 6347 3234 6347 3179 6348 3166 6348 2854 6348 2901 6349 3209 6349 2902 6349 3209 6350 3214 6350 2902 6350 2902 6351 3214 6351 2921 6351 3190 6352 3167 6352 3234 6352 3166 6353 3222 6353 2854 6353 3214 6354 35 6354 2921 6354 3191 6355 3169 6355 3235 6355 3233 6356 3189 6356 3236 6356 3221 6357 3185 6357 3237 6357 3169 6358 3179 6358 3235 6358 3185 6359 3215 6359 3237 6359 3202 6360 3191 6360 3235 6360 3193 6361 3227 6361 3238 6361 2854 6362 3222 6362 3239 6362 3189 6363 3203 6363 3236 6363 3210 6364 3193 6364 3238 6364 3171 6365 3207 6365 3239 6365 3222 6366 3171 6366 3239 6366 3182 6367 3224 6367 3240 6367 3128 6368 3148 6368 3241 6368 3218 6369 3128 6369 3241 6369 3211 6370 3202 6370 3242 6370 3206 6371 3182 6371 3240 6371 3231 6372 3211 6372 3242 6372 3148 6373 3162 6373 3243 6373 3205 6374 3200 6374 3244 6374 3202 6375 3235 6375 3245 6375 3241 6376 3148 6376 3243 6376 3200 6377 3210 6377 3244 6377 3215 6378 3205 6378 3244 6378 3179 6379 2854 6379 2853 6379 3245 6380 3235 6380 2853 6380 3235 6381 3179 6381 2853 6381 2617 6382 3220 6382 3246 6382 3221 6383 3237 6383 3247 6383 3246 6384 3220 6384 2878 6384 3234 6385 3221 6385 3247 6385 3220 6386 3223 6386 2878 6386 3207 6387 3226 6387 2909 6387 3240 6388 3224 6388 3248 6388 3224 6389 3230 6389 3248 6389 3245 6390 2853 6390 2859 6390 2878 6391 3223 6391 3249 6391 3223 6392 3225 6392 3249 6392 3215 6393 3244 6393 3250 6393 2921 6394 35 6394 2956 6394 2854 6395 3239 6395 2861 6395 3210 6396 3238 6396 3251 6396 3208 6397 3233 6397 3252 6397 3244 6398 3210 6398 3251 6398 3250 6399 3244 6399 3251 6399 2909 6400 3226 6400 2910 6400 3229 6401 3208 6401 3252 6401 3250 6402 3251 6402 3253 6402 3226 6403 3228 6403 2910 6403 3236 6404 3203 6404 3254 6404 2630 6405 2628 6405 3255 6405 4 6406 1 6406 3256 6406 2628 6407 3204 6407 3255 6407 3217 6408 3232 6408 3256 6408 1 6409 3213 6409 3256 6409 3203 6410 3218 6410 3254 6410 3212 6411 3231 6411 2842 6411 3213 6412 3217 6412 3256 6412 3225 6413 3229 6413 3257 6413 3237 6414 3215 6414 3258 6414 3249 6415 3225 6415 3257 6415 3198 6416 3212 6416 2842 6416 3229 6417 3252 6417 3257 6417 3215 6418 3250 6418 3258 6418 3233 6419 3236 6419 2896 6419 3232 6420 3206 6420 3259 6420 3255 6421 3204 6421 2936 6421 3206 6422 3240 6422 3259 6422 3252 6423 3233 6423 2896 6423 3161 6424 2873 6424 2872 6424 3190 6425 3234 6425 3260 6425 3228 6426 3161 6426 2872 6426 3243 6427 3162 6427 2845 6427 3216 6428 3219 6428 3261 6428 3230 6429 3190 6429 3260 6429 3238 6430 3227 6430 2840 6430 3162 6431 3183 6431 2845 6431 3227 6432 2366 6432 2840 6432 2366 6433 2368 6433 2840 6433 3195 6434 3216 6434 3261 6434 3204 6435 3195 6435 3261 6435 2956 6436 35 6436 2957 6436 3247 6437 3237 6437 2905 6437 3231 6438 3242 6438 2881 6438 35 6439 44 6439 2958 6439 2957 6440 35 6440 2958 6440 3237 6441 3258 6441 2905 6441 2619 6442 2617 6442 3262 6442 3256 6443 3232 6443 3263 6443 3232 6444 3259 6444 3263 6444 3261 6445 3219 6445 2939 6445 2617 6446 3246 6446 3262 6446 3246 6447 2878 6447 2877 6447 3262 6448 3246 6448 2877 6448 3238 6449 2840 6449 2848 6449 3251 6450 3238 6450 2848 6450 3241 6451 3243 6451 2857 6451 2936 6452 3204 6452 2932 6452 3254 6453 3218 6453 2857 6453 3253 6454 3251 6454 2863 6454 3251 6455 2848 6455 2863 6455 3204 6456 3261 6456 2932 6456 3261 6457 2939 6457 2932 6457 3218 6458 3241 6458 2857 6458 3239 6459 3207 6459 2913 6459 3256 6460 3263 6460 3264 6460 2861 6461 3239 6461 2913 6461 3256 6462 3264 6462 3265 6462 3207 6463 2909 6463 2913 6463 2845 6464 3183 6464 2846 6464 4 6465 3256 6465 3265 6465 3183 6466 3197 6466 2846 6466 3260 6467 3234 6467 2874 6467 3234 6468 3247 6468 2874 6468 2878 6469 3249 6469 2886 6469 2932 6470 2939 6470 2933 6470 2630 6471 3255 6471 2917 6471 3248 6472 3230 6472 2893 6472 3230 6473 3260 6473 2893 6473 3249 6474 3257 6474 2865 6474 3231 6475 2881 6475 2843 6475 3240 6476 3248 6476 2887 6476 2886 6477 3249 6477 2865 6477 3259 6478 3240 6478 2887 6478 2842 6479 3231 6479 2843 6479 2917 6480 3255 6480 2925 6480 2857 6481 3243 6481 2849 6481 3243 6482 2845 6482 2849 6482 3258 6483 3250 6483 2851 6483 3255 6484 2936 6484 2925 6484 2905 6485 3258 6485 2851 6485 3253 6486 2863 6486 2860 6486 2896 6487 3236 6487 2897 6487 3198 6488 2842 6488 2941 6488 2851 6489 3250 6489 2860 6489 2939 6490 3219 6490 2941 6490 3250 6491 3253 6491 2860 6491 3236 6492 3254 6492 2897 6492 3219 6493 3198 6493 2941 6493 3257 6494 3252 6494 2866 6494 2887 6495 3248 6495 2888 6495 3248 6496 2893 6496 2888 6496 6 6497 4 6497 2891 6497 2861 6498 2913 6498 2907 6498 4 6499 3265 6499 2891 6499 2865 6500 3257 6500 2866 6500 3263 6501 3259 6501 2891 6501 3245 6502 2859 6502 2882 6502 3264 6503 3263 6503 2891 6503 3242 6504 3202 6504 2882 6504 3265 6505 3264 6505 2891 6505 2619 6506 3262 6506 2884 6506 3262 6507 2877 6507 2884 6507 3259 6508 2887 6508 2891 6508 3202 6509 3245 6509 2882 6509 3260 6510 2874 6510 2880 6510 2881 6511 3242 6511 2882 6511 2846 6512 3197 6512 2904 6512 2360 6513 2362 6513 2868 6513 2893 6514 3260 6514 2880 6514 2910 6515 3228 6515 2868 6515 3228 6516 2872 6516 2868 6516 3197 6517 2901 6517 2904 6517 3252 6518 2896 6518 2870 6518 2882 6519 2859 6519 2885 6519 2866 6520 3252 6520 2870 6520 2905 6521 2851 6521 2850 6521 3254 6522 2857 6522 2856 6522 2897 6523 3254 6523 2856 6523 3247 6524 2905 6524 2875 6524 2941 6525 2842 6525 2844 6525 2874 6526 3247 6526 2875 6526 2368 6527 2370 6527 2841 6527</p>
        </triangles>
      </mesh>
    </geometry>
  </library_geometries>
  <library_visual_scenes>
    <visual_scene id="Scene" name="Scene">
      <node id="link_4" name="link_4" type="NODE">
        <matrix sid="transform">1 0 0 0 0 1 0 0 0 0 1 0 0 0 0 1</matrix>
        <instance_geometry url="#link_4-mesh" name="link_4">
          <bind_material>
            <technique_common>
              <instance_material symbol="Material_001-material" target="#Material_001-material"/>
              <instance_material symbol="Material_002-material" target="#Material_002-material"/>
            </technique_common>
          </bind_material>
        </instance_geometry>
      </node>
      <node id="Camera" name="Camera" type="NODE">
        <matrix sid="transform">0.6859207 -0.3240135 0.6515582 7.358891 0.7276763 0.3054208 -0.6141704 -6.925791 0 0.8953956 0.4452714 4.958309 0 0 0 1</matrix>
        <instance_camera url="#Camera-camera"/>
      </node>
      <node id="Light" name="Light" type="NODE">
        <matrix sid="transform">-0.2908646 -0.7711008 0.5663932 4.076245 0.9551712 -0.1998834 0.2183912 1.005454 -0.05518906 0.6045247 0.7946723 5.903862 0 0 0 1</matrix>
        <instance_light url="#Light-light"/>
      </node>
    </visual_scene>
  </library_visual_scenes>
  <scene>
    <instance_visual_scene url="#Scene"/>
  </scene>
</COLLADA>