<?xml version="1.0" encoding="utf-8"?>
<COLLADA xmlns="http://www.collada.org/2005/11/COLLADASchema" version="1.4.1" xmlns:xsi="http://www.w3.org/2001/XMLSchema-instance">
  <asset>
    <contributor>
      <author>Blender User</author>
      <authoring_tool>Blender 4.3.2 commit date:2024-12-16, commit time:21:10, hash:32f5fdce0a0a</authoring_tool>
    </contributor>
    <created>2025-01-28T16:40:20</created>
    <modified>2025-01-28T16:40:20</modified>
    <unit name="meter" meter="1"/>
    <up_axis>Z_UP</up_axis>
  </asset>
  <library_cameras>
    <camera id="Camera-camera" name="Camera">
      <optics>
        <technique_common>
          <perspective>
            <xfov sid="xfov">39.59775</xfov>
            <aspect_ratio>1.777778</aspect_ratio>
            <znear sid="znear">0.1</znear>
            <zfar sid="zfar">100</zfar>
          </perspective>
        </technique_common>
      </optics>
      <extra>
        <technique profile="blender">
          <shiftx sid="shiftx" type="float">0</shiftx>
          <shifty sid="shifty" type="float">0</shifty>
          <dof_distance sid="dof_distance" type="float">10</dof_distance>
        </technique>
      </extra>
    </camera>
  </library_cameras>
  <library_lights>
    <light id="Light-light" name="Light">
      <technique_common>
        <point>
          <color sid="color">1000 1000 1000</color>
          <constant_attenuation>1</constant_attenuation>
          <linear_attenuation>0</linear_attenuation>
          <quadratic_attenuation>0</quadratic_attenuation>
        </point>
      </technique_common>
      <extra>
        <technique profile="blender">
          <type sid="type" type="int">0</type>
          <flag sid="flag" type="int">0</flag>
          <mode sid="mode" type="int">2097153</mode>
          <red sid="red" type="float">1</red>
          <green sid="green" type="float">1</green>
          <blue sid="blue" type="float">1</blue>
          <energy sid="blender_energy" type="float">1000</energy>
          <spotsize sid="spotsize" type="float">75</spotsize>
          <spotblend sid="spotblend" type="float">0.15</spotblend>
          <clipsta sid="clipsta" type="float">0.04999995</clipsta>
          <clipend sid="clipend" type="float">40</clipend>
          <radius sid="radius" type="float">0.1</radius>
          <area_shape sid="area_shape" type="int">1</area_shape>
          <area_size sid="area_size" type="float">0.1</area_size>
          <area_sizey sid="area_sizey" type="float">0.1</area_sizey>
          <area_sizez sid="area_sizez" type="float">1</area_sizez>
        </technique>
      </extra>
    </light>
  </library_lights>
  <library_effects>
    <effect id="Material_001-effect">
      <profile_COMMON>
        <technique sid="common">
          <lambert>
            <emission>
              <color sid="emission">0 0 0 1</color>
            </emission>
            <diffuse>
              <color sid="diffuse">0.578 0.578 0.578 1</color>
            </diffuse>
            <index_of_refraction>
              <float sid="ior">1.5</float>
            </index_of_refraction>
          </lambert>
        </technique>
      </profile_COMMON>
    </effect>
    <effect id="Material_002-effect">
      <profile_COMMON>
        <technique sid="common">
          <lambert>
            <emission>
              <color sid="emission">0 0 0 1</color>
            </emission>
            <diffuse>
              <color sid="diffuse">1 1 1 1</color>
            </diffuse>
            <index_of_refraction>
              <float sid="ior">1.5</float>
            </index_of_refraction>
          </lambert>
        </technique>
      </profile_COMMON>
    </effect>
    <effect id="Material_003-effect">
      <profile_COMMON>
        <technique sid="common">
          <lambert>
            <emission>
              <color sid="emission">0 0 0 1</color>
            </emission>
            <diffuse>
              <color sid="diffuse">0 0 0 1</color>
            </diffuse>
            <index_of_refraction>
              <float sid="ior">1.5</float>
            </index_of_refraction>
          </lambert>
        </technique>
      </profile_COMMON>
    </effect>
  </library_effects>
  <library_images/>
  <library_materials>
    <material id="Material_001-material" name="Material.001">
      <instance_effect url="#Material_001-effect"/>
    </material>
    <material id="Material_002-material" name="Material.002">
      <instance_effect url="#Material_002-effect"/>
    </material>
    <material id="Material_003-material" name="Material.003">
      <instance_effect url="#Material_003-effect"/>
    </material>
  </library_materials>
  <library_geometries>
    <geometry id="link_3-mesh" name="link_3">
      <mesh>
        <source id="link_3-mesh-positions">
          <float_array id="link_3-mesh-positions-array" count="14454">0.03863906 0.1025076 0.2086151 0.03698247 0.1035083 0.209594 0.03719705 0.1014027 0.2225692 0.03886491 0.10056 0.2215554 0.0306937 0.03130578 0.2753858 0.02837401 0.03210371 0.2763286 0.02837544 0.03145837 0.2763958 -0.02184659 0.09300535 0.2529044 -0.02339249 0.09276342 0.252442 -0.02353954 0.08286881 0.2610927 0.03886568 0.1005508 0.2215936 0.03719776 0.101393 0.2226074 -0.02198344 0.08306342 0.2615481 0.01217943 0.1134699 0.1999126 0.01217854 0.1134614 0.1995615 0.009048342 0.1139774 0.2003063 0.009047687 0.1139701 0.1999545 -0.006691396 0.07127892 0.2716262 -0.009893536 0.08361339 0.2642912 -0.009946107 0.0711652 0.2712948 -0.006693065 0.07055938 0.2719521 -0.04088938 0.06940817 0.09601253 -0.04006761 0.08771878 0.1400957 -0.04006159 0.08771222 0.1400662 -0.03772854 0.08977514 0.1409277 -0.03849142 0.07153809 0.09648197 -0.03772825 0.08978724 0.1409599 -0.04087722 0.06942921 0.09603255 -0.01310825 0.08342111 0.2638368 0.02796554 0.03212958 0.2764965 0.02796697 0.03148376 0.276564 -0.02354544 0.08239972 0.2614247 -0.02198898 0.08259266 0.2618801 0.02689158 0.1083433 0.2141836 0.02675276 0.1089375 0.1964031 0.02422755 0.1093012 0.2151236 -0.009948551 0.07044678 0.2716202 0.02410346 0.1100489 0.1972627 -0.04006123 0.08772438 0.1400982 -0.03594946 0.0973618 0.2359852 -0.03839796 0.09642761 0.2345702 -0.03620588 0.090209 0.2468101 -0.03369182 0.0908851 0.2480908 -0.03345531 0.09822458 0.2372931 0.02422875 0.1092823 0.2152592 -0.03369867 0.09063512 0.2483792 0.02689296 0.1083258 0.2143187 0.009419322 0.05403953 0.2774344 0.006119847 0.07057458 0.271997 0.006146311 0.05412167 0.2777584 -0.01268315 0.1104875 0.1754718 -0.01268315 0.1104803 0.175436 -0.01576739 0.1097192 0.1749897 0.002856254 0.07063525 0.2721759 -0.01272755 0.1024781 0.1462858 -0.01582264 0.1016663 0.145944 -0.03621327 0.08996367 0.2470995 -0.02492111 0.09250545 0.2519492 -0.02507829 0.08266139 0.2606073 -0.01576739 0.1097265 0.1750254 0.03475427 0.1025393 0.2239379 -0.02508461 0.08219414 0.2609395 0.03455579 0.1048578 0.2109153 0.02789211 0.05171537 0.273172 0.02512264 0.05196493 0.2741766 0.02518814 0.03229367 0.2775629 0.03475493 0.1025289 0.2239763 0.005889952 0.1115668 0.1761055 0.002749085 0.1117969 0.1762408 0.005904376 0.1143273 0.2002307 0.009421467 0.05284965 0.277744 0.006147742 0.05293023 0.2780694 0.005904793 0.1143339 0.2005831 0.02518939 0.03164499 0.2776322 -0.01317816 0.07100725 0.2708349 -0.01685601 0.1094084 0.1748075 -0.01629823 0.083175 0.2632552 -0.01691508 0.101335 0.1458045 -0.01318144 0.0702905 0.2711597 -0.01685601 0.1094158 0.1748431 -0.03867459 0.08947736 0.2454254 0.02151811 0.1101562 0.2159634 -0.04078263 0.09542667 0.2330555 -0.03868257 0.08923715 0.2457158 -1.18442e-4 0.07065212 0.2722257 0.002868592 0.05416917 0.2779461 0.02140861 0.111041 0.1980305 0.02151912 0.1101362 0.2160994 -0.0279178 0.09194391 0.2508766 -0.02809518 0.08220988 0.2595512 -0.01851999 0.10889 0.1745037 -0.02810233 0.08174651 0.2598836 -0.01858496 0.1007821 0.1455718 0.02230811 0.05218797 0.2750751 0.0223658 0.03244036 0.2785168 -0.01851999 0.1088974 0.1745392 0.03224432 0.1035959 0.2252116 0.002869248 0.05297678 0.2782577 0.03206187 0.1061117 0.2121447 0.03224498 0.1035848 0.2252501 0.02236688 0.03178906 0.2785876 -0.01638549 0.07080513 0.2702465 0.01999551 0.1105863 0.2163859 0.01989418 0.1115399 0.1984168 0.01836854 0.1120014 0.1987742 -0.02990728 0.081909 0.2588477 0.01999652 0.1105656 0.2165222 -0.02971744 0.09156948 0.2501618 0.02078074 0.03251421 0.2789971 -1.13935e-4 0.1118608 0.1762783 0.00275582 0.1145339 0.2003904 0.02072733 0.05230027 0.2755276 -0.04107958 0.08869397 0.2439439 0.002755999 0.11454 0.2007431 -0.04108679 0.08869123 0.243939 -0.0163896 0.07009053 0.2705703 -0.02991491 0.08144819 0.2591802 -0.04108816 0.08845919 0.2442353 -0.04136884 0.07941079 0.2530177 0.01846182 0.110984 0.2167768 -1.18964e-4 0.05418241 0.2779982 -0.00176829 0.07064568 0.2722067 0.01846271 0.1109628 0.2169132 -0.01751798 0.07072269 0.2700065 -0.02126544 0.1079159 0.173933 -0.01742452 0.08307456 0.2630181 -0.01914656 0.08290708 0.2626225 -0.02134007 0.09974348 0.1451349 -0.02126544 0.1079234 0.1739684 0.02078175 0.0318616 0.2790688 -0.03084242 0.09132063 0.2496868 -0.03104007 0.08170902 0.2583803 0.02967232 0.1045706 0.2263879 0.02950584 0.1072683 0.2132798 -0.01752239 0.07000893 0.27033 0.02967286 0.104559 0.2264264 -0.03104805 0.08124995 0.2587129 0.04050183 0.0996648 0.2205299 0.04049891 0.09966957 0.2205335 0.04078215 0.09551233 0.2328657 0.04078942 0.09542298 0.2330509 -1.18992e-4 0.05298978 0.2783101 0.04078686 0.0954253 0.233053 -0.001701891 0.1118364 0.1762639 -1.14228e-4 0.1145912 0.2004348 0.01918464 0.03258252 0.2794417 0.01913553 0.0524041 0.2759464 0.01753461 0.05249953 0.2763311 -0.00177592 0.05417734 0.2779783 0.01691883 0.1113492 0.2171358 -0.002142071 0.07064265 0.2721977 0.0191856 0.03192871 0.2795141 0.01683354 0.112425 0.1991025 0.01528906 0.1128112 0.1994018 -0.01924955 0.07058519 0.2696063 0.01691967 0.1113274 0.2172725 -0.003415405 0.07062798 0.2721545 -0.00215137 0.05417495 0.2779689 0.04199773 0.05422645 0.03299999 0.04029738 0.05544209 0.03299999 0.0402975 0.05544251 0.03301328 -1.14236e-4 0.1145972 0.2007876 0.03856408 0.05660444 0.03299999 0.0385645 0.05660563 0.03302592 0.03602737 0.05817949 0.03304308 -0.01925438 0.06987279 0.2699292 0.03602623 0.05817645 0.03299999 0.03342175 0.05964761 0.033059 -0.02276802 0.1073179 0.1735829 -0.001776337 0.05298483 0.27829 0.0334196 0.05964201 0.03299999 -0.02284801 0.09910601 0.1448668 -0.02276802 0.1073255 0.1736182 0.03075259 0.06100666 0.03307372 0.03074944 0.06099796 0.03299999 -0.001706063 0.1145693 0.2004178 0.02802145 0.06224131 0.03299999 0.02843415 0.06207525 0.03308528 0.0280255 0.06225323 0.03308719 0.01757937 0.03264522 0.2798502 -0.002061665 0.1118249 0.1762572 0.04186248 0.05571931 0.05049991 0.04185992 0.05572152 0.05049932 -0.002151846 0.0529825 0.2782806 -0.003430187 0.05416351 0.2779236 0.01536631 0.1116821 0.2174631 0.02524602 0.06338411 0.03309941 0.03913539 0.09621644 0.2339272 0.02524161 0.06336939 0.03299999 0.01758027 0.03199028 0.2799232 0.0401681 0.05701452 0.05059766 0.01536709 0.1116598 0.2175999 -0.03391659 0.08115833 0.2570939 -0.03392535 0.08070409 0.2574268 0.03913992 0.09612673 0.2341143 -0.003430962 0.05297124 0.2782351 -0.001706182 0.1145753 0.2007706 0.038441 0.05825269 0.05069178 0.01592427 0.05258655 0.2766821 0.01430767 0.05266505 0.2769988 0.0159648 0.03270244 0.2802228 0.02728456 0.108175 0.2141705 0.02743744 0.1053349 0.2273109 0.02241599 0.06437969 0.03299999 0.02242028 0.06439602 0.03311032 -0.02210789 0.07032698 0.2688552 0.02082884 0.06488925 0.03299999 0.02083277 0.06490576 0.0331158 -0.002066731 0.114559 0.2004098 0.01596558 0.03204649 0.2802965 -0.003287196 0.1117694 0.1762245 -0.02211344 0.06961727 0.269177 0.02743798 0.1053228 0.2273495 0.03591245 0.0599268 0.05081897 0.01434403 0.03275406 0.280559 -0.00206685 0.1145651 0.2007626 0.01923048 0.06536149 0.03299999 0.01923394 0.06537759 0.03312087 0.01762557 0.06581121 0.03312551 -0.02433854 0.0984261 0.144581 -0.02425336 0.1066802 0.1732096 0.0176227 0.06579589 0.03299999 0.03331542 0.06148719 0.05093729 -0.006722092 0.05410975 0.2777114 0.02704352 0.105462 0.2274645 -0.02367317 0.07016861 0.2683947 -0.03644961 0.08061921 0.2558355 -0.02425336 0.1066878 0.1732448 0.01600527 0.06619262 0.03299999 0.0160076 0.06620681 0.03312981 0.02704399 0.1054499 0.2275031 0.01438313 0.06656378 0.03313362 0.0143814 0.06655085 0.03299999 0.01434469 0.03209716 0.2806332 0.01341551 0.032781 0.2807347 0.0133816 0.05270606 0.2771643 -0.003295242 0.1145092 0.2003713 0.01268327 0.05273509 0.2772815 -0.006441414 0.111509 0.1760715 0.03065508 0.0629304 0.05104666 0.01373821 0.1131592 0.1996716 0.01380747 0.1119822 0.2177583 -0.03645914 0.08016967 0.2561687 0.01284956 0.1133411 0.1998127 -0.02367919 0.06946057 0.2687157 0.01345247 0.0667504 0.03313565 0.01274937 0.0668711 0.03299999 0.01275062 0.06688261 0.03313702 0.01341617 0.03212368 0.2808092 0.02834415 0.0640645 0.0511325 -0.006723582 0.05291849 0.2780221 0.01271539 0.03280013 0.2808592 0.01380813 0.1119594 0.2178953 -0.003295481 0.1145154 0.200724 0.03745406 0.09688961 0.2349426 -0.02522116 0.06999981 0.2679038 0.02793681 0.06425327 0.0511468 0.03745836 0.09679728 0.2351295 0.01271599 0.0321424 0.2809339 0.01291424 0.1121389 0.2179126 -0.0252276 0.06929349 0.2682242 -0.0389375 0.0800361 0.2544755 0.009472072 0.06740427 0.03314262 0.01291483 0.1121159 0.2180496 0.009471595 0.0673955 0.03299999 0.02516633 0.06545257 0.05123752 -0.009991824 0.05402159 0.2773635 0.01224064 0.11225 0.2180218 -0.03894782 0.07959163 0.254809 -0.009994089 0.05283206 0.2776729 0.01224124 0.1122268 0.2181589 0.00944519 0.03287541 0.2813502 0.006180763 0.06776487 0.03299999 0.006181061 0.06777137 0.03314656 0.02436345 0.1062685 0.2284393 0.02234965 0.06652516 0.05131858 -0.02825653 0.06963235 0.2668361 0.009445667 0.03221637 0.2814257 0.02436387 0.1062559 0.228478 -0.0282638 0.06892985 0.2671549 -0.04136186 0.0794121 0.253021 -0.02725917 0.09694492 0.1439588 -0.02716368 0.1052904 0.1723968 0.02076721 0.06706523 0.05135935 -0.0132389 0.05389916 0.2768808 -0.02716368 0.1052982 0.1724317 -0.04137289 0.07897305 0.253355 0.002884924 0.06798392 0.03314882 -0.04161852 0.06735461 0.2602351 0.002885341 0.06797879 0.03299999 -0.009573698 0.1110816 0.1758205 -0.006457269 0.1142755 0.2001906 -0.0300799 0.06938743 0.2661249 0.041435 0.06119859 0.0736528 0.04142409 0.061208 0.07365423 -0.03008764 0.06868749 0.2664427 0.03499209 0.09779798 0.2363141 -0.01324194 0.05271202 0.2771883 0.04142385 0.06121093 0.07366359 0.006163179 0.03292834 0.2816957 -0.006457686 0.1142823 0.2005429 0.03499609 0.0977022 0.2365006 0.01917344 0.06756508 0.05139714 -0.02891033 0.1043629 0.1718547 -0.03121989 0.06922477 0.2656525 -0.02901202 0.09595668 0.143544 0.006163477 0.0322684 0.2817717 -0.02891033 0.1043708 0.1718895 0.03975188 0.06262862 0.07385247 -0.03122794 0.06852644 0.2659696 0.009093701 0.1126875 0.2184525 -0.01646137 0.05374252 0.2762632 0.0397517 0.06263166 0.07386195 -1.19461e-4 0.06804305 0.03314948 -1.19526e-4 0.06803834 0.03299999 -0.00178653 0.06801611 0.03299999 0.009094119 0.1126637 0.2185898 0.01757019 0.06802433 0.05143177 -0.01759928 0.05367857 0.2760113 -0.01646518 0.05255836 0.2765683 0.02163803 0.1069886 0.2293103 0.0028764 0.03295898 0.2818956 0.02163839 0.1069755 0.229349 0.03804445 0.06398797 0.07404226 -0.03411495 0.06877672 0.2643527 -0.03000169 0.1037461 0.1714944 0.002876579 0.0322985 0.281972 -0.03010731 0.09529954 0.1432682 0.03804427 0.06399101 0.07405173 -0.03000175 0.103754 0.1715291 -0.01760333 0.05249565 0.2763154 -0.001785814 0.06802046 0.03314924 0.01595735 0.06844329 0.05146342 0.03246307 0.09864276 0.2375906 -0.03412383 0.06808304 0.2646679 -0.01933914 0.05357193 0.2755913 -0.009597301 0.1138919 0.1998941 -0.01934361 0.05239105 0.2758938 -0.003449738 0.06795507 0.03299999 -0.00216335 0.06800985 0.03314912 0.0324667 0.09854376 0.2377769 -0.006759881 0.06771683 0.03299999 -0.00344938 0.06795847 0.03314858 -1.19303e-4 0.0329675 0.2819513 0.01433801 0.06882119 0.05149191 0.02010661 0.1073508 0.2297486 -0.03666478 0.06833815 0.2630815 0.02010697 0.1073375 0.2297872 -1.19309e-4 0.03230684 0.2820277 -0.03667443 0.06764906 0.2633949 -0.009597957 0.1138995 0.2002458 -0.001780807 0.03296428 0.28193 0.01341027 0.06901878 0.05150681 0.005934298 0.1129949 0.2187552 0.03554421 0.06582409 0.07429873 0.03597259 0.03090095 0.2727113 0.03336399 0.03111135 0.2741006 0.02839952 6.19844e-4 0.277646 0.005934596 0.1129706 0.2188926 0.02840155 5e-4 0.2776507 0.04199993 5e-4 0.269941 -0.02221137 0.05337178 0.274803 0.0185641 0.1076858 0.230154 0.03554403 0.06582713 0.07430827 0.01271069 0.06915867 0.05151742 0.01856446 0.1076723 0.2301927 -0.00215727 0.03296273 0.28192 -0.03288632 0.09348779 0.1425087 -0.03277087 0.1020451 0.1705018 -0.01004815 0.06732422 0.03299999 -0.006759643 0.06771808 0.03314602 0.02799057 6.22546e-4 0.2778205 -0.03277087 0.1020532 0.1705362 -0.001780927 0.03230363 0.2820065 0.03297573 0.06753349 0.07453757 0.02987194 0.09942257 0.2387698 -0.00215733 0.03230214 0.2819964 -0.02221655 0.05219477 0.2751024 0.04109567 0.08845645 0.2442303 0.04108387 0.08869242 0.2439411 -0.003439605 0.03295534 0.2818717 0.03297555 0.06753665 0.07454711 0.02987527 0.09932059 0.2389559 -0.01271456 0.1133588 0.1994823 -0.03916972 0.06786388 0.2617081 0.009442389 0.06971073 0.05155903 -0.02378445 0.05324894 0.2743197 -0.01331269 0.06677764 0.03299999 -0.01004737 0.06732404 0.03314179 0.04109239 0.08845764 0.2442325 0.01701229 0.1079934 0.2305265 -0.003439784 0.03229486 0.281948 -0.04182714 0.05106645 0.2657604 -0.03918021 0.06717967 0.2620195 -0.02379 0.05207431 0.2746172 0.03034406 0.06911307 0.07475835 0.01701259 0.1079797 0.2305652 -0.02534019 0.05311805 0.2738046 0.03034394 0.06911623 0.07476794 0.02521008 6.39696e-4 0.2789298 0.006161689 0.07009905 0.05158829 -0.01271545 0.1133675 0.1998331 0.002769768 0.1131725 0.2189303 -0.0253461 0.05194592 0.2741001 -0.04161125 0.0673564 0.2602399 -0.00674051 0.03292071 0.2816455 0.002769887 0.113148 0.2190678 0.02805775 0.07035309 0.07493174 0.03942281 0.08924132 0.244979 -0.006740868 0.03226083 0.2817215 0.02805763 0.0703563 0.07494139 0.01342689 5e-4 0.2822345 0.02238482 6.55021e-4 0.2799224 0.01545101 0.1082738 0.230866 -0.01655161 0.06607729 0.03299999 -0.0133118 0.06677746 0.03313589 -0.028391 0.05283313 0.2726841 0.0276547 0.0705595 0.07496058 0.01545131 0.1082599 0.2309048 -0.02839767 0.05166643 0.2729753 0.0207982 6.62734e-4 0.2804222 -0.03520637 0.1003767 0.1695294 -0.03533059 0.09171152 0.1417648 0.02765458 0.07056266 0.07497024 -0.0100193 0.03286385 0.2812747 -0.03520643 0.1003851 0.1695635 0.002875924 0.07032376 0.05160522 0.02762085 0.1000342 0.2396955 -0.03022384 0.05264323 0.2719379 -0.01001977 0.03220504 0.2813501 0.03943097 0.08900278 0.2452697 0.01920062 6.6987e-4 0.2808849 0.02491325 0.07186967 0.07514381 0.02762389 0.09992986 0.2398814 -0.03023099 0.05148023 0.2722262 -0.0313698 0.05251699 0.2714423 0.02722406 0.100136 0.2398496 -0.03137731 0.05135643 0.2717287 0.01759392 6.76424e-4 0.2813101 0.02491313 0.07187288 0.07515352 -0.0132755 0.03278493 0.2807602 0.02722704 0.1000313 0.2400354 -0.01655083 0.06607848 0.03312838 -0.01769441 0.06579351 0.03312534 -0.01944321 0.0653156 0.03299999 -1.19099e-4 0.07038629 0.05160993 -0.01580667 0.1126757 0.1989549 -0.01327615 0.03212749 0.2808347 0.01597785 6.82401e-4 0.2816979 -0.03428047 0.0521695 0.2700786 0.01388341 0.1085265 0.2311722 -0.03428876 0.05101561 0.2703598 0.02212572 0.07304066 0.07530766 0.01435559 6.87791e-4 0.2820479 0.01388365 0.1085126 0.231211 -0.0158078 0.1126859 0.1993047 -0.01650714 0.0326839 0.280102 0.0221256 0.07304394 0.07531738 0.03772717 0.08976638 0.2459724 -0.01944267 0.06531828 0.03312021 -0.02232849 0.0644235 0.03299999 -0.01650792 0.03202825 0.2801754 0.03773492 0.08952414 0.2462624 0.0134263 6.90608e-4 0.2822309 -0.001780211 0.07036238 0.05160814 0.01298516 0.1086586 0.2313322 -0.01764833 0.03264266 0.2798336 -0.002156555 0.07035118 0.05160725 -0.03684449 0.05182927 0.2687452 -0.01689815 0.1123969 0.1987398 0.01272559 6.92603e-4 0.2823605 0.0129854 0.1086446 0.231371 -0.01764917 0.03198778 0.2799065 0.02055954 0.07363003 0.0753901 -0.03685349 0.05068194 0.2690212 -0.01939326 0.03257393 0.2793859 -1.14817e-4 0.1132219 0.2189789 0.02055943 0.07363331 0.07539987 -1.14823e-4 0.1131973 0.2191165 -0.01689934 0.1124077 0.1990891 -0.01939421 0.03192025 0.2794582 -0.03936392 0.05146133 0.2673047 -0.003438591 0.07029688 0.05160319 -0.03759545 0.09856873 0.1684769 0.0094527 7.0047e-4 0.2828719 0.0408858 0.06941848 0.09603112 0.04088187 0.06941825 0.09601354 -0.03759545 0.09857726 0.1685107 -0.03937363 0.05032104 0.2675752 -0.04195535 0.03095728 0.268912 -0.02227401 0.03244483 0.2785458 0.01230788 0.1087521 0.2314455 0.0400685 0.08770549 0.1400637 0.04088139 0.06942564 0.09603166 -0.02227509 0.03179347 0.2786167 -0.04181998 0.05106759 0.265765 -0.02232819 0.06442677 0.03311061 0.01230806 0.1087381 0.2314843 -0.02390849 0.06387788 0.03299999 0.01898199 0.07417535 0.07546645 -0.02385181 0.03236562 0.2780306 0.02452498 0.1007817 0.2408274 -0.002159416 5e-4 0.2834653 0.006168007 7.06001e-4 0.2832316 0.01898193 0.07417869 0.07547622 -0.023853 0.03171569 0.2781007 0.02452766 0.1006745 0.2410131 0.03923422 0.07089596 0.09632825 -0.02541226 0.03228121 0.2774817 -0.01856654 0.1119316 0.1983807 -0.02541357 0.03163272 0.2775509 0.002878665 7.092e-4 0.2834399 0.0392338 0.07090336 0.09634649 -0.02847266 0.03209739 0.2762877 -0.001714706 0.113203 0.2189603 -0.02547085 0.06329727 0.03299999 -0.02390807 0.0638802 0.03310477 -0.02847409 0.03145217 0.2763549 -1.19416e-4 7.1009e-4 0.2834979 -0.001714766 0.1131785 0.2190979 0.01739507 0.07467627 0.07553654 -0.03031134 0.03197491 0.2754926 -0.01856786 0.1119434 0.1987293 0.01739495 0.07467961 0.07554632 -0.03031289 0.03133189 0.2755584 -0.03146111 0.03189349 0.2749645 -0.002077162 0.1131942 0.2189515 -0.006738543 0.07004266 0.05158406 -0.001782238 7.0975e-4 0.2834758 -0.002077281 0.1131696 0.2190891 -0.002158939 7.0959e-4 0.2834653 0.03524482 0.09047526 0.2473145 0.0375514 0.07230913 0.0966295 -0.03146272 0.0312519 0.2750295 -0.003442347 7.08818e-4 0.283415 0.03525197 0.09022808 0.2476035 -0.0343815 0.03166919 0.2735114 -0.003311932 0.1131513 0.2189093 0.03755098 0.07231658 0.09664779 -0.028535 0.06203454 0.03299999 -0.02547025 0.06329792 0.03309845 -0.03438335 0.03103166 0.2735741 0.0157985 0.07513308 0.0756005 -0.03992003 0.09662985 0.1673498 -0.006745874 7.05198e-4 0.2831794 -0.03992676 0.09663927 0.1673803 -0.03992003 0.09663867 0.1673833 -0.03695452 0.03144967 0.2720907 -0.00331211 0.1131268 0.2190468 0.01579838 0.07513642 0.07561028 -0.03695648 0.03081601 0.2721511 -0.01765948 5e-4 0.2812795 -0.01002728 6.99261e-4 0.2827932 0.009143412 0.1091209 0.2318924 -0.03948307 0.03121215 0.2705561 0.0141955 0.07554513 0.07565814 -0.04199993 5e-4 0.269941 -0.03948521 0.03058272 0.2706139 -0.01328623 6.91017e-4 0.2822574 0.00914359 0.1091065 0.2319312 -0.04194849 0.03095793 0.2689158 -0.01652067 6.80462e-4 0.2815721 0.01419538 0.07554841 0.07566797 0.02178066 0.1013584 0.2417013 -0.01766288 6.76156e-4 0.2812927 -0.01940941 6.68973e-4 0.2808268 -0.0100159 0.06962585 0.05155259 0.02178299 0.1012489 0.2418868 -0.02229297 6.55485e-4 0.2799525 0.01327705 0.07576042 0.0756883 -0.02387237 6.4721e-4 0.2794165 -0.02131932 0.1110573 0.1977065 -0.02543449 6.38389e-4 0.2788454 -0.03033512 5e-4 0.2767682 -0.02849823 6.19185e-4 0.2776034 0.01327693 0.07576376 0.07569813 -0.02132087 0.1110711 0.1980537 -0.03033912 6.06383e-4 0.2767766 0.03269547 0.09113496 0.2485643 -0.03149026 5.97875e-4 0.2762275 -0.03441447 5.74442e-4 0.2747175 0.03508651 0.07421684 0.09703642 0.02023875 0.1016485 0.242141 -0.03699105 5.51497e-4 0.2732416 0.03508615 0.07422429 0.09705489 -0.03952348 5.26673e-4 0.2716481 -0.04199296 5.00099e-4 0.2699459 -0.02853268 0.06203186 0.0330848 0.03270202 0.09088319 0.2488525 0.01258444 0.07591289 0.07570964 0.02024096 0.101538 0.2423264 -0.02282607 0.1105206 0.1972928 0.01258438 0.07591623 0.07571947 -0.01327008 0.06904745 0.05150902 -0.006490051 0.1129503 0.2187112 -0.03037178 0.06118917 0.03307569 -0.03152477 0.06063449 0.03299999 -0.02282768 0.1105355 0.1976392 -0.006490349 0.1129261 0.2188487 0.005966722 0.1093798 0.2322064 0.03255367 0.07599169 0.09741538 0.03255331 0.07599914 0.09743398 0.005966782 0.1093654 0.2322453 -0.03444355 0.05909579 0.03299999 -0.03152143 0.06062966 0.03306967 0.009348809 0.0765143 0.07579386 0.01868575 0.1019169 0.2425479 0.00934875 0.07651764 0.07580369 0.01868778 0.1018053 0.2427333 -0.01649886 0.06830739 0.05145317 -0.02431547 0.1099481 0.1968517 0.03008407 0.09174424 0.2497195 0.02995783 0.07763057 0.09776562 -0.02431726 0.1099643 0.1971971 0.04137909 0.0789662 0.2533434 0.04136615 0.07941108 0.2530186 0.02995747 0.07763803 0.09778434 0.03009009 0.09148824 0.2500068 -0.0176388 0.06800562 0.0514304 0.01712352 0.1021633 0.2429217 -0.0370121 0.05759078 0.03299999 -0.0344401 0.05909097 0.03305298 0.006100714 0.07693713 0.07585304 0.04137718 0.07897204 0.2533526 0.01712536 0.1020509 0.243107 -0.009646117 0.1126203 0.2183862 0.006100654 0.07694053 0.07586294 -0.009646594 0.1125966 0.2185236 0.02770209 0.07891649 0.09804064 0.03969168 0.07984828 0.2540375 0.02770179 0.078924 0.09805941 0.002784848 0.1095296 0.2323881 -0.01938158 0.06750231 0.05139237 0.002784907 0.109515 0.232427 0.0155518 0.102388 0.2432625 0.02730441 0.07913047 0.09808641 0.02730411 0.07913798 0.09810519 0.02781575 0.09222239 0.2506265 -0.03953373 0.05596584 0.03299999 -0.03700965 0.05758768 0.03303664 0.01555347 0.1022747 0.2434477 0.002847433 0.07718175 0.07588732 0.03970217 0.07940548 0.2543712 0.0278213 0.09196305 0.2509133 0.002847433 0.07718515 0.07589721 0.02741593 0.09230196 0.2507775 -0.02723413 0.1087006 0.1958912 -0.02225786 0.0665577 0.05132102 0.02742141 0.09204208 0.2510641 0.02459907 0.08048838 0.09837704 -0.02723616 0.1087195 0.1962346 0.01397371 0.1025906 0.2435698 0.02459883 0.08049589 0.09839594 -0.03953284 0.05596494 0.03301894 0.01397526 0.1024765 0.243755 -0.02383267 0.06597846 0.05127727 0.03798264 0.08026665 0.2550129 0.03799265 0.07982015 0.2553464 0.01306957 0.1026964 0.2437304 -1.17937e-4 0.07724976 0.07589685 -0.01277947 0.1121617 0.2179349 -1.17937e-4 0.07725316 0.07590669 0.02184778 0.08170151 0.09863686 -0.02898597 0.107868 0.1952506 0.013071 0.1025819 0.2439156 0.02184754 0.08170902 0.09865581 -0.02538985 0.06536126 0.0512306 -0.01278007 0.1121387 0.2180719 -0.001762628 0.07722377 0.07589316 -1.15451e-4 0.1095712 0.2324386 -1.15453e-4 0.1095566 0.2324774 -0.001762628 0.07722717 0.07590305 -0.02898812 0.1078887 0.1955927 0.01238781 0.1027714 0.2438442 -0.002135276 0.07721155 0.07589149 0.01238912 0.1026566 0.2440294 -0.002135276 0.07721495 0.07590138 -0.04199075 0.05423194 0.03299999 -0.04199773 0.05422657 0.03299999 -0.04186248 0.05571931 0.05049991 0.0246967 0.09280693 0.2517361 0.02030175 0.08231186 0.09876763 0.02030158 0.08231943 0.09878665 0.02470159 0.0925436 0.2520221 -0.03008067 0.1073142 0.1948248 -0.003404617 0.07715249 0.0758832 -0.03008288 0.1073361 0.1951661 -0.001724064 0.1095553 0.2324193 -0.003404617 0.07715588 0.0758931 -0.001724123 0.1095407 0.2324581 0.01874446 0.08287662 0.09888863 -0.002088487 0.1095478 0.2324102 0.03548121 0.0808317 0.2563313 0.01874428 0.08288413 0.0989077 -0.02844238 0.06401848 0.05112904 0.01717776 0.08339524 0.09899979 -0.002088546 0.1095333 0.2324491 0.03549045 0.08038032 0.2566644 -0.01588779 0.1115742 0.2173569 0.01717758 0.08340281 0.09901887 -0.01588851 0.111552 0.2174937 -0.006671845 0.0768758 0.07584446 -0.003329992 0.1095117 0.2323663 -0.006671786 0.07687914 0.0758543 -0.003330051 0.1094971 0.2324052 -0.03027546 0.06312417 0.05106133 0.009202659 0.1030669 0.2442927 0.01560139 0.08386814 0.09910118 0.01560127 0.08387565 0.09912031 0.02193224 0.09325814 0.2525929 -0.03142136 0.06253021 0.05101633 0.01401865 0.08429455 0.09919261 0.009203612 0.1029511 0.2444778 0.02193653 0.0929917 0.2528784 0.01401847 0.08430212 0.09921175 -0.01698499 0.1113343 0.2171211 -0.009916603 0.07642191 0.07578086 -0.01698583 0.1113125 0.2172577 -0.03285837 0.105787 0.1936516 -0.009916543 0.07642525 0.07579076 -0.03286087 0.1058123 0.1939904 0.01311177 0.08451735 0.09924036 0.03291285 0.08135777 0.2575597 0.01311159 0.08452492 0.09925955 0.02037924 0.09348517 0.2530242 0.01242786 0.08467519 0.09927421 0.03292131 0.0809018 0.2578924 0.01242774 0.0846827 0.09929341 0.02038317 0.09321719 0.2533094 -0.03433042 0.06089574 0.05089247 -0.01866227 0.1109341 0.2167277 -0.01313829 0.07579165 0.07569265 -0.01866316 0.1109129 0.2168641 -0.01313823 0.07579499 0.07570248 -0.0368914 0.0592975 0.05077117 -0.006525456 0.1093423 0.2321608 -0.006525576 0.1093279 0.2321997 0.009232699 0.08529734 0.09940773 0.006005227 0.1032746 0.2446081 0.00923258 0.08530491 0.09942692 -0.01633459 0.07498496 0.0755797 0.0188151 0.09369528 0.2534233 -0.01633453 0.07498824 0.07558953 -0.03940606 0.05757075 0.05063998 0.006005883 0.1031579 0.2447932 -0.0353018 0.1042889 0.1925022 -0.01746296 0.07465583 0.07553368 0.01881873 0.09342581 0.2537083 -0.03530454 0.1043174 0.1928386 -0.0174629 0.0746591 0.07554346 0.03028243 0.08184385 0.2586954 0.006025016 0.08573466 0.09950155 0.03029018 0.0813837 0.259028 0.006024956 0.08574223 0.09952086 0.01724171 0.09388822 0.25379 -0.01918804 0.07410687 0.07545685 -0.01918792 0.07411015 0.07546663 0.01724505 0.09361737 0.2540746 -0.02142989 0.1101822 0.2159888 -0.04185557 0.05572491 0.05049955 0.002812147 0.08598756 0.0995559 -0.0214309 0.110162 0.2161248 0.04161554 0.06735557 0.2602372 0.04162961 0.06667464 0.2605416 0.002812147 0.08599513 0.09957516 -0.02203488 0.07307618 0.07531261 -0.009698927 0.1090642 0.2318237 -0.009699106 0.1090499 0.2318625 -0.02203476 0.07307946 0.07532238 -0.02359348 0.0724439 0.07522416 0.04162681 0.06667655 0.2605465 0.002802848 0.1033947 0.2447906 -0.02359336 0.07244712 0.07523387 -1.16492e-4 0.0860579 0.09957098 0.01565891 0.09406411 0.2541243 -1.16491e-4 0.08606547 0.0995903 -0.03769904 0.1026653 0.1912581 -0.02513444 0.07176989 0.07512986 0.002803146 0.1032776 0.2449756 0.02799803 0.0822255 0.2595876 -0.02513432 0.07177311 0.07513958 -0.0377019 0.1026974 0.1915919 -0.001740813 0.08603101 0.0995652 -0.001740813 0.08603858 0.09958451 0.01566195 0.09379208 0.2544088 -0.02294486 0.1097207 0.2155354 -0.002108812 0.08601838 0.09956252 -0.002108812 0.08602595 0.09958177 -0.022946 0.1097012 0.2156712 -0.003362417 0.08595734 0.09954941 0.0275954 0.08228898 0.2597361 -0.003362417 0.08596491 0.09956866 0.02800512 0.08176201 0.25992 0.03992915 0.06771111 0.2612657 0.02760243 0.08182495 0.2600684 0.04006564 0.08770823 0.1400648 0.01406979 0.09422278 0.2544259 0.03992593 0.09662562 0.1673468 0.04006534 0.08772039 0.1400967 -0.02815496 0.07030278 0.07492464 0.03993988 0.06702846 0.2615764 0.01407253 0.09394967 0.2547102 -0.02815479 0.070306 0.07493436 -0.02444255 0.1092283 0.215052 0.03845465 0.08915394 0.1406683 -0.0244438 0.1092095 0.2151876 0.01315933 0.09430569 0.2545835 -0.01284968 0.1086778 0.2313554 0.03845435 0.08916604 0.1407005 -0.006589114 0.08567118 0.09948796 -0.006589055 0.08567875 0.09950727 -0.01284986 0.1086637 0.2313942 -0.02996861 0.06932497 0.07478797 -1.16204e-4 0.1034281 0.2448413 -0.02996844 0.06932812 0.07479757 0.01316189 0.09403198 0.2548677 -0.0400319 0.1009238 0.1899255 0.03680866 0.09053564 0.1412457 -0.04003924 0.1009572 0.1902552 0.03820824 0.06805133 0.2622505 -1.16217e-4 0.1033108 0.2450262 0.03680837 0.09054768 0.1412781 0.0124728 0.0943644 0.2546951 -0.03110218 0.06867516 0.07469713 -0.031102 0.06867831 0.07470673 -0.040035 0.1009598 0.1902565 -0.00979346 0.08520168 0.09938722 0.02485734 0.0826922 0.2606793 -0.009793341 0.08520925 0.09940648 0.01247519 0.09409028 0.2549793 0.03439676 0.09239941 0.1420254 0.03821837 0.06736516 0.2625627 0.0248636 0.08222466 0.2610114 0.03439646 0.09241139 0.142058 -0.00173521 0.1034153 0.2448219 -0.03397965 0.06688576 0.07444703 -0.001735389 0.1032981 0.2450069 -0.002102017 0.1034093 0.2448128 -0.03397947 0.06688886 0.07445657 -0.01297479 0.0845496 0.09924733 -0.002102196 0.1032921 0.2449977 -0.01297461 0.08455717 0.09926652 -0.02737772 0.1081556 0.2139993 -0.02737903 0.1081383 0.2141343 0.03191721 0.09413194 0.1427509 0.03568989 0.06851094 0.2635821 -0.01597541 0.1081829 0.2307558 0.03191697 0.0941438 0.1427838 -0.03651231 0.06513404 0.07420229 -0.03651213 0.06513714 0.07421183 -0.01597571 0.1081691 0.2307946 -0.01613074 0.0837146 0.09906834 -0.003351509 0.1033803 0.2447687 -0.01613062 0.08372217 0.09908741 -0.003351867 0.1032632 0.2449537 0.02937513 0.09573048 0.1434209 0.02207404 0.08305257 0.2615227 0.009265601 0.0945959 0.2551354 0.02937483 0.09574228 0.1434541 -0.03899854 0.06323939 0.07393777 0.0356993 0.06782001 0.2638961 -0.03899836 0.06324237 0.07394719 0.009267389 0.09432023 0.2554193 -0.01724481 0.0833739 0.09899526 0.02207952 0.08258187 0.2618547 -0.01724463 0.08338147 0.0990144 -0.01707887 0.1079809 0.2305112 0.02716541 0.0969839 0.1439469 -0.01707917 0.1079672 0.2305499 -0.02913963 0.1074396 0.2132974 0.02716517 0.09699565 0.1439802 -0.01894789 0.08280551 0.09887349 -0.02914112 0.1074234 0.213432 0.02051055 0.08323389 0.2619473 -0.01894772 0.08281308 0.0988925 0.02677577 0.09719234 0.1440344 -0.03024071 0.1069635 0.2128307 -0.03024226 0.106948 0.2129651 0.02051568 0.0827617 0.2622792 0.03310459 0.06893891 0.264823 0.02677553 0.09720408 0.1440678 -0.0414198 0.0612117 0.07365477 -0.04143494 0.06120139 0.0736624 -0.04141962 0.06121468 0.07366412 -0.01876568 0.1076437 0.2301031 -0.02175813 0.08173811 0.09864479 -0.01876604 0.1076303 0.2301418 -0.0217579 0.08174562 0.09866374 -0.006567656 0.1032444 0.2445623 0.0241248 0.09851503 0.1445899 0.03311324 0.06824356 0.2651389 -0.006568372 0.1031278 0.2447474 0.02412456 0.09852665 0.1446234 -0.02329653 0.08108311 0.09850448 0.006046235 0.09475862 0.255445 -0.02329629 0.08109062 0.09852343 0.0214281 0.09969598 0.1450862 0.01893597 0.08340173 0.2623402 0.006047427 0.09448188 0.2557287 0.01894074 0.08292806 0.262672 0.02142792 0.0997076 0.1451199 -0.0248174 0.08038479 0.09835499 0.01735222 0.08355587 0.2627012 -0.0248171 0.0803923 0.09837388 -0.03303509 0.1056505 0.2115452 0.01991248 0.10029 0.1453359 0.03045743 0.06933444 0.2659708 -0.03303676 0.1056369 0.2116789 -0.02154928 0.1070104 0.2293367 0.0199123 0.1003016 0.1453698 0.01735657 0.08308088 0.263033 0.01838564 0.1008395 0.145567 -0.0215497 0.1069974 0.2293753 0.0304653 0.06863498 0.2662883 0.01838546 0.100851 0.1456009 -0.00976181 0.1030214 0.2442238 -0.02779805 0.07886409 0.09802955 -0.009762823 0.1029057 0.2444089 -0.02779775 0.0788716 0.09804832 0.002821922 0.09485274 0.2556241 0.01684939 0.101344 0.1457793 0.01575905 0.08369648 0.2630305 0.01684927 0.1013555 0.1458132 0.002822458 0.09457534 0.2559077 -0.02958738 0.0778501 0.09781271 -0.02307313 0.1066218 0.2288664 -0.02958709 0.07785761 0.09783142 0.01576298 0.08322024 0.2633622 -0.02307361 0.1066089 0.2289051 0.01530361 0.1018039 0.1459727 0.02815878 0.06964498 0.2668727 0.01530349 0.1018154 0.1460068 -0.03549367 0.1043627 0.2102857 -0.03070569 0.07717609 0.09766858 0.01415956 0.08382326 0.2633275 -0.03070533 0.07718354 0.09768724 0.03992414 0.0966264 0.1673477 0.02775365 0.06969666 0.2670228 0.0400362 0.1009207 0.1899225 0.03992414 0.09663516 0.1673813 -0.03549551 0.104351 0.2104188 0.02816599 0.0689423 0.2671915 0.01375138 0.1022186 0.1461473 -0.02457976 0.1062072 0.2283651 0.01375126 0.10223 0.1461814 0.01416307 0.08334594 0.2636591 0.01286196 0.1024352 0.1462385 -0.02458018 0.1061946 0.2284037 0.0277608 0.0689935 0.2673419 0.03831899 0.09798526 0.1681376 0.01324325 0.08388954 0.2634827 -0.01293319 0.1027116 0.2437536 0.01286184 0.1024466 0.1462727 0.03831899 0.09799385 0.1681713 -1.17004e-4 0.09487891 0.255674 0.01219123 0.1025886 0.1463031 -0.01293456 0.1025971 0.2439388 0.01324653 0.08341163 0.2638143 0.04183793 0.04993402 0.2660261 0.04182434 0.05106687 0.2657622 0.01219111 0.1026 0.1463373 -0.03354376 0.07531899 0.09727185 0.01255226 0.08393645 0.2635927 -0.0335434 0.0753265 0.09729039 -1.17026e-4 0.09460133 0.2559575 0.03667891 0.09928357 0.1688929 0.01255536 0.08345818 0.2639243 0.04183483 0.04993414 0.2660266 -0.001747012 0.09486895 0.2556549 0.03667891 0.09929203 0.1689268 -0.03604108 0.07349979 0.09688359 -0.03790622 0.1029672 0.2089225 -0.03604066 0.07350718 0.09690195 0.009057223 0.1031933 0.1465578 0.0249989 0.07002478 0.2679765 -0.04026132 0.1014696 0.2075942 -0.03790819 0.1029574 0.2090548 0.009057104 0.1032047 0.146592 -0.002116322 0.09486424 0.2556459 -0.001747369 0.09459143 0.2559384 0.04012781 0.05134278 0.2668407 0.03427565 0.1010344 0.1699125 -0.002116739 0.09458673 0.2559295 0.03427565 0.1010426 0.1699468 -0.03849184 0.07153069 0.09646368 0.02500528 0.06931823 0.268297 0.005910634 0.1036182 0.1467368 -0.02753257 0.105304 0.2272734 -0.02753305 0.105292 0.227312 -0.01607966 0.102315 0.2431518 0.005910575 0.1036295 0.1467711 0.03180497 0.1026613 0.1708613 -0.003374397 0.09484153 0.2556027 0.03180497 0.1026693 0.1708958 -0.01608145 0.1022019 0.243337 0.04013776 0.05020475 0.2671093 -0.04087769 0.06942182 0.09601449 0.009324431 0.08412152 0.2640264 -0.003375053 0.09456419 0.2558863 0.0027588 0.1038638 0.1468403 0.009326756 0.08364164 0.2643579 0.03839677 0.05160677 0.2678735 0.002758741 0.1038752 0.1468747 0.0292719 0.1041618 0.1717373 -0.01719051 0.1021531 0.2429063 -0.02930533 0.1047013 0.2265456 0.0292719 0.1041697 0.171772 0.02706998 0.1053381 0.1724247 -0.02930587 0.1046897 0.2265841 -0.01719236 0.1020406 0.2430916 -0.04025465 0.1014705 0.2074624 0.02219897 0.0703181 0.2688294 0.02706998 0.1053459 0.1724596 -1.14315e-4 0.103932 0.1468691 0.02220457 0.0696085 0.2691511 0.03840625 0.05046367 0.2681462 -0.03041326 0.1043006 0.2260618 -1.14314e-4 0.1039434 0.1469035 -0.03041386 0.1042892 0.2261003 0.02668172 0.1055337 0.1725391 -0.01888871 0.1018829 0.2424967 0.0206263 0.07046574 0.2692588 0.02668178 0.1055415 0.1725741 -0.001707851 0.103906 0.1468581 -0.01889073 0.1017715 0.242682 -0.006612539 0.09473502 0.2554001 -0.001707851 0.1039174 0.1468925 0.006084561 0.08425164 0.2643315 -0.002068877 0.1038937 0.1468529 -0.00661379 0.09445846 0.2556838 -0.002068817 0.1039051 0.1468874 -0.003298699 0.1038345 0.1468279 0.02063149 0.0697546 0.2695811 0.03586417 0.05196332 0.2692703 -0.003298699 0.1038458 0.1468623 0.02404016 0.1067746 0.1732649 0.006086051 0.08377063 0.2646629 0.01904255 0.07060235 0.2696563 0.03587287 0.05081337 0.2695482 0.02404016 0.1067823 0.1733002 0.01904731 0.06988978 0.2699792 -0.03322547 0.1031958 0.224729 0.02135294 0.1078824 0.1739134 -0.03322607 0.103185 0.2247675 -0.02169132 0.1013756 0.2417276 0.02135294 0.1078899 0.1739488 -0.0216937 0.1012661 0.2419131 -0.006464064 0.1035566 0.1467108 0.01744961 0.07072788 0.2700214 -0.006464004 0.103568 0.1467452 -0.009828627 0.09456032 0.2550678 0.01984268 0.1084395 0.1742397 0.002839803 0.08432692 0.264508 -0.009830534 0.09428495 0.2553517 0.03326463 0.05229532 0.270572 0.01984268 0.1084469 0.1742752 0.01832121 0.1089547 0.1745416 0.01745402 0.07001399 0.270345 0.002840518 0.08384525 0.2648394 0.01832121 0.1089621 0.1745772 -0.02322572 0.1010643 0.2412558 0.03842502 0.1021411 0.1908569 -0.02322828 0.100956 0.2414414 0.01584726 0.07084232 0.2703545 -0.009607315 0.1031004 0.1465186 0.03327268 0.05113899 0.2708551 -0.009607255 0.1031119 0.1465529 0.04026144 0.1014671 0.2074587 0.038428 0.1021744 0.1911899 -0.03570014 0.1021125 0.2234236 0.01585125 0.07012724 0.2706785 0.01679039 0.1094278 0.1748189 -0.03570085 0.1021023 0.2234619 -0.02474284 0.1007322 0.2407528 0.01679039 0.1094352 0.1748545 -0.02474552 0.1006252 0.2409385 0.03677928 0.1033071 0.1917498 0.01423871 0.0709455 0.270655 -0.013022 0.09431773 0.2546064 0.03678214 0.1033378 0.1920846 -1.17752e-4 0.08434784 0.264557 0.01525002 0.1098591 0.1750717 0.01525002 0.1098663 0.1751074 0.03060334 0.05260205 0.2717762 -0.01272767 0.1024667 0.1462517 -0.0130245 0.09404397 0.2548906 0.01424223 0.07022941 0.2709795 -1.17781e-4 0.083866 0.2648885 0.0133171 0.07099944 0.2708121 0.01370322 0.1102478 0.1752996 0.03061062 0.05143988 0.2720639 0.01370322 0.110255 0.1753354 0.01262223 0.07103765 0.2709234 0.01332044 0.07028281 0.2711368 0.03436797 0.1048793 0.1929551 -0.001758098 0.08433979 0.2645382 0.0343706 0.1049066 0.1932925 -0.03812903 0.1009389 0.2220109 0.0128169 0.1104509 0.1754187 -0.0381298 0.1009294 0.2220491 -0.002129733 0.08433604 0.2645295 0.0128169 0.1104581 0.1754546 0.01262539 0.0703206 0.2712482 0.01214849 0.1105947 0.1755031 -0.001758515 0.08385807 0.2648698 0.02829271 0.05284291 0.2727225 0.01214849 0.1106019 0.1755389 -0.01582276 0.1016548 0.14591 -0.00213027 0.08385431 0.2648609 -0.02771663 0.1000092 0.2396578 -0.01691526 0.1013234 0.1457705 -0.02771967 0.09990483 0.2398437 0.02788549 0.05288296 0.27288 0.03188943 0.1063401 0.1940764 -0.01619052 0.09400707 0.2540159 -0.003395736 0.08431786 0.2644868 0.03189182 0.1063642 0.1944161 -0.01619368 0.09373545 0.2543004 -0.01858514 0.1007705 0.1455379 0.02829939 0.05167609 0.2730138 -0.00339657 0.08383631 0.2648183 0.009025514 0.1111615 0.1758357 -0.01730918 0.09388035 0.253775 0.009025514 0.1111686 0.1758716 -0.02950227 0.09952682 0.2389278 0.02934861 0.1076874 0.1951118 0.009376287 0.07118833 0.2713623 -0.01731258 0.09360963 0.2540597 0.02935075 0.1077085 0.1954537 -0.0404939 0.09968072 0.220498 -0.02134025 0.09973186 0.1451011 -0.0405007 0.09968179 0.2204962 -0.02950555 0.09942436 0.2391139 -0.04078543 0.09550976 0.2328627 -0.04049474 0.09967201 0.2205362 0.005889952 0.1115596 0.1760695 0.009378612 0.07046973 0.2716878 -0.03061836 0.09920614 0.2384427 0.02511674 0.05313748 0.2738808 0.0271402 0.1087434 0.1959242 -0.03062176 0.09910494 0.2386289 -0.01901948 0.09366893 0.2533732 0.02714216 0.1087622 0.1962677 0.0267508 0.108919 0.1960594 -0.006654441 0.08423274 0.2642871 -0.01902318 0.09339964 0.2536582 -0.00665611 0.08375185 0.2646186 -0.02284818 0.09909439 0.1448332 0.04195779 0.03033232 0.2689666 0.04195284 0.03095746 0.2689127 0.006118297 0.0712943 0.271671 0.04025876 0.1014677 0.2074598 0.04026091 0.1014602 0.2075915 0.04195517 0.03033256 0.2689679 -0.02433872 0.09841448 0.1445475 0.02230292 0.05336487 0.2747759 0.002749085 0.1117898 0.1762047 -0.03345155 0.09832239 0.2371067 -0.0218423 0.09327185 0.2526189 0.02410167 0.1100329 0.1969171 0.04024982 0.03113561 0.2700617 0.03863704 0.1025166 0.2084829 -0.009891092 0.08409303 0.2639597 -0.0272594 0.09693318 0.1439254 -1.13935e-4 0.1118537 0.1762423 0.04025202 0.0305075 0.2701188 0.02072256 0.05347937 0.2752265 0.03698056 0.1035188 0.2094613 -0.0233879 0.09302824 0.2521563 0.002855539 0.07135558 0.2718496 0.02140706 0.1110271 0.1976833 0.0385124 0.03130602 0.271162 -0.001701891 0.1118293 0.1762279 -0.03594535 0.09745633 0.2357984 -0.02901226 0.09594488 0.1435108 0.01913112 0.05358529 0.2756437 -0.002061665 0.1118178 0.1762212 0.03851449 0.03067487 0.2712209 -0.02491617 0.09276854 0.2516631 -0.01310503 0.08389908 0.2635052 0.01989269 0.1115272 0.1980689 -0.03010755 0.09528768 0.1432351 0.01753056 0.05368256 0.276027 -0.003287196 0.1117623 0.1761885 -1.18412e-4 0.07137262 0.2718994 0.03597068 0.03153616 0.2726501 0.034554 0.1048702 0.210782 -0.03839355 0.09651851 0.2343832 0.01836717 0.1119896 0.1984256 0.01592057 0.05377125 0.2763766 -0.02791225 0.09220308 0.2505897 -0.001767873 0.07136613 0.2718803 0.01683235 0.1124142 0.1987532 0.03206026 0.106126 0.2120107 -0.002141535 0.07136309 0.2718715 -0.01629418 0.08365082 0.2629235 -0.03288656 0.09347593 0.1424759 -0.006441414 0.1115019 0.1760356 0.01430439 0.0538513 0.276692 0.01528799 0.1128012 0.1990518 -0.003414571 0.07134824 0.2718283 -0.01742017 0.08354955 0.2626863 0.03336226 0.03175038 0.2740371 0.01373726 0.1131501 0.1993212 -0.02971154 0.09182602 0.2498745 -0.04077792 0.0955137 0.2328682 -0.03533089 0.09169954 0.1417323 0.01337856 0.05389314 0.2768568 0.02950435 0.1072843 0.2131453 0.04049813 0.09967827 0.2204953 0.01284867 0.1133323 0.1994619 0.01268041 0.05392277 0.2769736 -0.009573698 0.1110744 0.1757846 -0.03083628 0.09157544 0.2493993 -0.01914179 0.08338057 0.2622907 0.0306921 0.03194832 0.2753202 0.02728319 0.1081923 0.2140355 -0.05518305 0.005432724 0.1751547 -0.0510661 0.006521344 0.1693941 -0.05111032 0.005019426 0.169884 -0.05501687 0.01314008 0.1011217 -0.0567255 0.003955245 0.08777874 -0.05226969 0.002990484 0.09853011 -0.05512201 0.007089436 0.17472 -0.05809295 0.01143121 0.08931016 -0.05135762 0.009391546 0.1072746 -0.05916309 0.01341384 0.1805132 -0.05473971 0.01187783 0.1728948 -0.05499345 0.009204745 0.1740316 -0.05885159 0.01577192 0.1794527 -0.03564953 0.002132594 0.1210159 -0.03128618 -0.01093155 0.1090382 -0.03127282 -0.002492666 0.1180968 -0.05923402 0.01344203 0.1806545 -0.03563445 -0.006007194 0.1113931 -0.05892169 0.01580655 0.1795944 -0.04383635 0.005786418 0.1169717 -0.0479322 6.0081e-4 0.104538 -0.0447461 -0.00578463 0.1025718 -0.04265594 0.00381124 0.1160378 -0.06196421 0.03545671 0.1880379 -0.06081324 0.03887301 0.183716 -0.0614376 0.03418183 0.1854222 -0.007759988 -1.42958e-4 0.127166 0 -0.005167305 0.1209657 0 3.37869e-4 0.1280781 -0.007614552 -0.002358853 0.1241317 -0.0552079 0.004223823 0.175419 -0.05112451 0.003907561 0.1701872 -0.008853077 -0.001872777 0.1246877 -0.01506853 -5.65429e-4 0.1258002 -0.01703709 -0.003112375 0.1221222 -0.01465713 -0.004479825 0.1208807 -0.008743166 -0.003445982 0.1227108 -0.05520921 0.004131019 0.1754373 -0.05915558 0.0216307 0.09131109 -0.05920141 0.02914583 0.09353864 -0.06164735 0.01180016 0.07544803 -0.05112504 0.003821551 0.1702083 -0.06168049 0.04250288 0.1901826 -0.06088685 0.04470705 0.1868757 -0.05853867 0.01420265 0.08960837 -0.0584886 0.01442915 0.08995836 -0.00902003 2.69619e-4 0.1277098 -0.05521851 0.002987027 0.1756348 -0.05112564 0.002753198 0.1704374 -0.05910384 0.02185338 0.09167033 -0.06270051 0.02956491 0.1897133 -0.05970853 0.03097558 0.1790152 -0.06090867 0.02695626 0.1831616 -0.03743016 0.004204869 0.1223284 -0.0374 -0.003789961 0.1124452 -0.05521851 0.002180993 0.1757348 -0.05112028 0.001991331 0.1705543 -0.05111032 0.001191318 0.1706247 -0.05109763 5e-4 0.1706348 -0.05979943 5e-4 0.1831384 -0.05946958 0.01030904 0.1815885 -0.01750808 6.18783e-4 0.1270977 -0.05507493 0.007983207 0.174449 -0.05954146 0.01032942 0.1817291 -0.0246123 0.001615405 0.1264896 -0.02405655 -0.002883791 0.1206692 -0.02582806 -0.001523852 0.1217238 -0.015248 7.79723e-4 0.1277838 -0.06230682 0.02027505 0.18758 -0.06135731 0.02510762 0.1846231 -0.05860787 0.0177477 0.1785363 -0.03174108 0.003421008 0.1255965 -0.05957263 0.008907675 0.1819722 -0.05631422 0.02040886 0.1030982 -0.05964493 0.008924841 0.1821123 -0.063174 0.02747398 0.1912165 -0.02642327 0.002844631 0.1276475 -0.06324702 0.03060203 0.1923849 -0.007925927 0.002106606 0.130889 -0.04700821 0.01179248 0.119824 -0.06117451 0.04857617 0.1933773 -0.06117451 0.04857712 0.193379 -0.05927997 0.05330038 0.1838626 -0.05130517 0.00923407 0.107225 -0.05963456 0.007889449 0.1822166 -0.01771301 0.001871287 0.1290915 -0.05970716 0.00790435 0.1823564 -0.05406779 0.01928049 0.1104664 -0.06266307 0.01798182 0.1886459 -0.00920999 0.00241971 0.1314023 -0.06286019 0.03859037 0.1946572 -0.05668812 0.02332222 0.1039296 -0.05972111 0.006020307 0.1825991 -0.00798887 0.002882897 0.1324529 0 0.003452658 0.1340556 -0.06372851 0.02841514 0.1939046 -0.01551878 0.002530515 0.1307704 -0.05979412 0.006031274 0.1827381 -0.06197297 0.04604357 0.1967948 -0.06316018 0.04163891 0.2014013 -0.009281933 0.003152906 0.1329483 -0.03620111 0.007669687 0.1289785 -0.06302279 0.01521903 0.1896996 -0.04274702 0.01127445 0.1268386 -0.05976265 0.004675686 0.1828247 -0.05976516 0.004573225 0.1828402 -0.01802146 0.003464519 0.1320756 -0.02526968 0.004706263 0.1317106 -0.05983603 0.00468415 0.1829632 -0.05983853 0.004581511 0.1829786 -0.03801935 0.009565711 0.1305051 -0.04394519 0.01310485 0.1280165 -0.05978852 0.003321647 0.1830052 -0.06418108 0.02207219 0.1942374 -0.03247416 0.007296204 0.1319212 -0.05986213 0.003327906 0.183143 -0.0597974 0.002452135 0.1830878 -0.02712565 0.005767107 0.132943 -0.05987119 0.002457201 0.1832255 -0.05980098 0.001556634 0.1831371 -0.00812304 0.004323661 0.1363239 -0.05987495 0.001560688 0.1832746 -0.05535113 0.02635931 0.1128771 -0.06417697 0.03314936 0.199133 -0.009649395 -0.06729573 0.03302788 -0.009649693 -0.0672968 0.03299999 0 -0.06799525 0.03299999 -0.01582372 0.004154801 0.1343377 -0.06338685 0.01162517 0.1907467 -0.00828737 -0.06741982 0.03601139 -0.05726736 0.03053933 0.1061123 -0.05640649 0.04317849 0.1193225 -0.009617686 -0.06723624 0.0360226 -0.0597999 7.94872e-4 0.1831432 -0.008226752 -0.06726938 0.03990632 -0.0503807 0.01988196 0.1237202 -0.05987399 7.98121e-4 0.1832808 -0.01647061 -0.06594717 0.03306436 -0.01907926 -0.06523531 0.03299999 -0.06456184 0.01953446 0.1953177 -0.02555352 0.005641758 0.1337639 -0.06475406 0.02278852 0.1969519 -0.009549736 -0.06707733 0.03992325 -0.05043333 0.0200293 0.1237921 -0.01907926 -0.06523442 0.03308194 -0.01643097 -0.06585383 0.03609782 -0.06316018 0.04163795 0.2013992 -0.008158802 -0.06700712 0.04379618 0 -0.06639569 0.05291527 -0.009434878 0.004489004 0.1367613 -0.06351405 0.01001757 0.1911118 -0.008173346 0.004725575 0.1380935 0 0.004642367 0.1384453 -0.06467223 0.03072702 0.2006908 -0.009472787 -0.06680464 0.04381817 -0.01903855 -0.06512296 0.03613454 -0.01593804 0.004661142 0.1358037 -0.01633244 -0.0656315 0.04003953 -0.01836758 0.004879176 0.1356079 -0.06359285 0.008855223 0.1913405 -0.05572253 0.02919757 0.1138842 -0.06514275 0.02015429 0.1980391 -0.01893073 -0.06486743 0.04009729 -0.02742838 0.006620764 0.1350167 -0.02734357 -0.06220155 0.03315174 -0.02734363 -0.06220811 0.03299999 -0.00949192 0.004846334 0.1384981 -0.06494921 0.01649457 0.1963797 -0.01621532 -0.06528234 0.04397034 -0.01849687 0.005295455 0.1370484 -0.06370872 0.006736814 0.191689 -0.02931964 -0.06128835 0.03317177 -0.03595334 -0.05763977 0.03299999 -0.06553918 0.01700508 0.1991064 -0.03704828 0.01110124 0.1356736 -0.02730238 -0.06201398 0.03628158 -0.008223474 0.004955887 0.1401843 -0.06376987 0.005230128 0.191887 -0.01880002 -0.06447857 0.04404646 -0.008027791 -0.06570816 0.05313456 -0.04717475 0.01865935 0.1316231 -0.06377381 0.005116164 0.1919003 -0.00932306 -0.06547558 0.05318003 -0.0259779 0.006701707 0.13678 -0.06448674 0.03562182 0.2059807 -0.06498628 0.03297138 0.2075726 -0.02927827 -0.06107825 0.03632408 -0.06534689 0.01256424 0.1974275 -0.02716821 -0.06162095 0.04033184 -0.009548664 0.005028843 0.140545 -0.03333193 0.009602427 0.1375148 -0.007994174 -0.06482529 0.05686616 0 -0.06364256 0.062518 -0.06381392 0.003734111 0.1920409 -0.06573009 0.02455031 0.2038011 -0.04346543 0.01600623 0.1357727 -0.03891658 0.01279413 0.1373718 -0.06383359 0.002786815 0.1921109 -0.03595393 -0.05762302 0.03324985 -0.06548839 0.01081371 0.1977895 -0.02788048 0.007544338 0.1380494 -0.009284257 -0.06457704 0.05693042 -0.01617789 0.00544697 0.1393499 -0.02913749 -0.06064504 0.04040032 -0.06498616 0.03297019 0.207569 -0.008272528 0.004781246 0.1428241 0 0.004748404 0.1415134 -0.0638476 0.001821696 0.1921544 -0.06590443 5e-4 0.1988103 -0.01597517 -0.06374138 0.05346059 -0.04469728 0.01766794 0.1371528 -0.06557726 0.009550929 0.1980147 -0.02699553 -0.06106913 0.04435718 -0.05630391 0.03623574 0.1165091 -0.009603798 0.004805982 0.143122 -0.03590869 -0.05732613 0.03649032 -0.06594789 0.01294177 0.2001576 -0.03369963 0.0101608 0.1396751 -0.02895408 -0.06004589 0.04444825 -0.05316603 0.02928143 0.1283854 -0.06613278 0.02168053 0.2049061 -0.0660941 0.01113462 0.2005202 -0.0082888 0.004498481 0.1439571 0 0.004284024 0.1437674 -0.01852595 -0.06283152 0.05359029 -0.06571078 0.007257342 0.1983529 -0.01626563 0.005569159 0.1409323 -0.04103267 -0.05412358 0.03306621 -0.04313027 -0.05246579 0.03299999 -0.0661863 0.009831905 0.2007453 -0.04103338 -0.05410254 0.03332263 -0.01876676 0.005863547 0.1405048 -0.007945954 -0.06267726 0.06319707 0 -0.05784547 0.07316684 -0.06654518 0.01826447 0.2059887 -0.02644926 0.007414519 0.1402455 -0.0159083 -0.06274443 0.05730193 -0.06578379 0.005635559 0.1985409 -0.009227991 -0.06239175 0.06330877 -0.008298516 0.004202306 0.1447452 -0.06578862 0.00551325 0.1985535 -0.03574162 -0.05673801 0.04066973 -0.009621858 0.004508495 0.1442261 -0.009632527 0.004204869 0.144994 -0.06632572 0.007468581 0.2010819 -0.04313164 -0.05245864 0.0330972 -0.01886487 0.005892515 0.1420336 -0.06583893 0.004037499 0.1986843 -0.04313218 -0.05243557 0.03335672 -0.04097932 -0.05372816 0.03664606 -0.03803271 0.01287275 0.1415499 -0.06646198 0.02316391 0.2118515 -0.06605452 0.02626067 0.21073 -0.01844739 -0.06178891 0.05746471 -0.06586527 0.003033816 0.1987499 -0.01635128 0.005498349 0.1427711 -0.06640279 0.005800724 0.2012677 -0.02838146 0.008079469 0.1415088 -0.04307234 -0.05202674 0.03671902 -0.06640785 0.005675137 0.2012799 -0.008311808 0.003440678 0.1460766 0 0.003536939 0.1453236 -0.03551721 -0.05595684 0.04480808 -0.06588572 0.002017796 0.1987932 -0.0266236 0.007531225 0.1416227 -0.02660584 -0.0589959 0.05409258 -0.04078435 -0.05300158 0.04092377 -0.0506311 0.02612423 0.136562 -0.06697368 0.01387649 0.2070534 -0.01580762 -0.06035161 0.06390327 -0.06589818 0.00116682 0.1988084 -0.06646203 0.02316355 0.2118499 -0.05068534 0.02626013 0.1366531 -0.02853298 -0.05785065 0.05423539 -0.06646162 0.004161655 0.2014085 -0.009647011 0.003437161 0.1462919 -0.008318245 0.002709209 0.1468913 0 0.002715885 0.1463251 -0.06649017 0.003135144 0.2014732 -0.04286307 -0.05123811 0.04104316 -0.008318662 0.00264734 0.1469467 -0.04955321 -0.0464164 0.03320854 -0.04955345 -0.04643833 0.03299999 -0.06712853 0.01193088 0.2074201 -0.01832747 -0.05930924 0.06414365 -0.03424656 0.01059663 0.1427892 -0.03995609 0.01432543 0.1433804 -0.0665127 0.0020985 0.2015172 -0.04955232 -0.04638683 0.03347909 -0.02856647 0.008120775 0.1428745 -0.06722676 0.01053065 0.2076471 -0.02648311 -0.05778032 0.05806833 -0.01895999 0.005720555 0.1437996 -0.04052001 -0.05205726 0.0451489 -0.06747424 0.0127114 0.2143997 -0.06688016 0.01949036 0.2129463 -0.04802817 0.0226987 0.1413864 -0.06737691 0.00799638 0.2079843 -0.0510416 -0.04476898 0.0332387 -0.05515265 -0.0396229 0.03299999 -0.009653747 0.002706706 0.1470879 -0.0445289 0.01852381 0.1432461 -0.05104017 -0.04473793 0.03351229 -0.02839738 -0.05658727 0.0582351 -0.06746119 0.006215333 0.2081678 -0.03845322 0.01317971 0.143797 -0.007772624 -0.05608671 0.07465338 -0.06746679 0.00608164 0.2081798 -0.008322477 0.001826524 0.1475274 0 0.001856625 0.146978 -0.06731611 0.01478987 0.2140254 -0.009654164 0.002645015 0.1471421 -0.04946488 -0.04586547 0.03698164 -0.05640655 0.04317671 0.1193217 -0.06752675 0.004474997 0.2083057 -0.007766723 -0.05590522 0.07489395 -0.01643151 0.005013644 0.1450486 0 -0.05057305 0.0817396 -0.0675593 0.003391802 0.2083702 -0.06747424 0.01271116 0.2143977 -0.008324205 0.001197397 0.1478079 0 0.001201272 0.1472852 0 5e-4 0.1474632 -0.04257929 -0.05022054 0.04530942 -0.009028077 -0.05568224 0.07488119 -0.05447882 0.03591227 0.1318114 -0.06758576 0.002303361 0.2084175 -0.06757485 0.01121723 0.2146282 -0.06760311 0.001397967 0.2084426 -0.06798005 5.00001e-4 0.215471 -0.009657979 0.001827716 0.1477116 -0.06781637 0.006628811 0.215156 -0.06772923 0.008518755 0.2149697 -0.009021341 -0.05549752 0.0751242 -0.008325219 5.17313e-4 0.147975 -0.008324801 5e-4 0.1479809 -0.06781631 0.006628692 0.2151542 -0.05094367 -0.04418939 0.03705292 -0.0349729 -0.05329579 0.05479013 -0.04580265 0.01999729 0.1447877 -0.009659528 0.001201212 0.1479879 -0.016492 5e-4 0.1495067 -0.06782215 0.006487071 0.2151663 -0.0491988 -0.04487109 0.04147434 -0.0678845 0.004790127 0.2152926 -0.01645642 0.004632115 0.1460146 -0.06791847 0.00365138 0.2153589 -0.04039955 0.0145207 0.1456692 -0.02628844 -0.05499833 0.06497156 -0.0269832 0.007376432 0.1448352 -0.06794637 0.002511739 0.215411 -0.05514973 -0.0395838 0.03333359 -0.01904785 0.0051288 0.1459713 -0.06796479 0.001567423 0.2154441 -0.05514645 -0.03954857 0.03361654 -0.01647037 0.00428313 0.1466848 -0.05486494 0.03857553 0.1332291 -0.05066108 -0.0431441 0.04159164 -0.03484964 0.01050126 0.1462558 -0.02818071 -0.05372691 0.06518805 -0.01907455 0.004711151 0.1468881 -0.03478521 -0.05185419 0.05887126 -0.03907746 0.01320451 0.1470019 -0.0154733 -0.05306464 0.07602339 -0.02894729 0.007784426 0.1460375 -0.01648759 0.003468453 0.1478204 -0.01546239 -0.05286532 0.07627832 -0.0271117 0.007095456 0.146213 -0.05501925 -0.03892397 0.03727704 -0.01908922 0.004341542 0.1475235 -0.03985571 -0.04898142 0.05530744 -0.01649385 0.002730786 0.1485245 -0.04884177 -0.04360854 0.04589051 -0.03507137 0.01027613 0.147594 -0.01649415 0.002669274 0.1485729 -0.01794099 -0.05181485 0.07645541 -0.05351692 0.03479093 0.1424737 -0.0179286 -0.05161052 0.07671463 -0.0410574 0.01436406 0.1489195 -0.05028349 -0.04182046 0.04604893 -0.02908289 0.007425487 0.1473831 -0.04185706 -0.0469585 0.05554962 -0.01910644 0.003501951 0.1486006 -0.04574966 0.01923203 0.1497257 -0.007490277 -0.04792559 0.08376967 -0.03961634 -0.04738467 0.05945402 -0.01649594 0.001859009 0.1490859 -0.0546832 -0.03773295 0.04196107 -0.0516166 0.02943658 0.1471968 -0.05974757 -0.03221541 0.03346848 -0.05982947 -0.03213506 0.03299999 -0.02723401 0.006584823 0.1477702 -0.05982178 -0.03207737 0.03347098 -0.05974119 -0.03217595 0.03376483 -0.05167311 0.02955907 0.147304 -0.05981534 -0.03203791 0.03376764 -0.04925704 0.02444714 0.1495209 -0.008705019 -0.04739642 0.08408159 -0.03447932 -0.04871368 0.06598341 -0.01649528 0.001239299 0.1493394 -0.01911187 0.002756178 0.149271 -0.04159259 -0.04529285 0.05972456 -0.05956774 -0.03146779 0.0375958 -0.01911205 0.002694308 0.1493172 -0.01649326 5.6624e-4 0.1494939 -0.05964106 -0.03132843 0.03760176 -0.04706871 0.0204913 0.1513933 -0.05424088 -0.03623181 0.04654848 -0.02921169 0.006829261 0.148895 -0.02572542 -0.04689282 0.07783854 -0.05548948 0.04519701 0.1368818 -0.0397641 0.01258373 0.1505045 -0.02570831 -0.04667502 0.07811081 -0.0191124 0.001882016 0.1498088 -0.0479052 -0.0397225 0.05642187 -0.04626864 0.0190494 0.1521656 -0.0191105 0.001262068 0.1500533 -0.039222 -0.04401189 0.06668305 -0.0149573 -0.04421323 0.08564907 -0.0275712 -0.04548531 0.07817828 -0.02734309 0.005626082 0.1496355 -0.03552585 0.009300053 0.1506151 -0.02755296 -0.04526484 0.0784536 -0.04001641 0.01213794 0.1518332 -0.05915623 -0.03010571 0.04248762 -0.04178082 0.01351284 0.1524453 -0.05922818 -0.02996349 0.04249751 -0.04760658 0.02021151 0.1538741 -0.02737432 0.005078792 0.1504088 -0.007292747 -0.04178345 0.08933591 -0.04928785 -0.03777772 0.05665898 -0.0293259 0.005775868 0.1506931 -0.04115557 -0.04181951 0.06700152 -0.05489873 0.04090863 0.1468009 -0.06380838 -0.02316176 0.0336349 -0.06382441 -0.02323842 0.03299999 -0.02739042 0.00463128 0.1509416 -0.008479356 -0.04118639 0.08969056 -0.06379836 -0.02311968 0.03394776 -0.03568691 0.008666336 0.1518633 -0.04204654 0.01297062 0.1537731 -0.01735705 -0.04277807 0.08624351 -0.04754799 -0.03782814 0.06069165 -0.02935826 0.005193889 0.1514346 -0.04703766 0.0182839 0.1555877 -0.05862492 -0.02839058 0.04726237 -0.02740639 0.003687262 0.1518447 -0.05869519 -0.02824479 0.04727578 -0.04890513 -0.03582632 0.06095314 -0.0506556 0.02428793 0.1565152 -0.02937477 0.00472486 0.1519445 -0.06357192 -0.02234488 0.03798907 -0.05306053 -0.03173154 0.0574063 -0.05531162 0.04336792 0.1485854 -0.05299967 0.03038179 0.1560202 -0.03369581 -0.04004377 0.07936733 -0.03367364 -0.0398156 0.07965278 -0.05305886 0.03048938 0.1561401 -0.05564355 0.05175995 0.1407243 -0.05564343 0.05176252 0.1407259 -0.05620729 0.05557411 0.1579405 -0.06585562 -0.01649433 0.03375816 -0.06650733 -0.01384818 0.03299999 -0.03583914 0.007766664 0.1532359 -0.01460039 -0.03770661 0.09149551 -0.05464237 0.03723233 0.1541571 -0.0658434 -0.01645177 0.03408324 -0.02740818 0.002896249 0.1524121 -0.06307721 -0.02082681 0.04313892 -0.027408 0.002831816 0.1524515 -0.04695355 -0.03403043 0.06811803 -0.0484035 0.0192905 0.1573441 -0.02494025 -0.03737783 0.08815091 -0.0405333 0.01063352 0.1547718 -0.06648576 -0.01375854 0.03380894 -0.02939057 0.003749907 0.1528082 -0.01695507 -0.03617984 0.0921902 -0.02740299 0.00199598 0.1528754 -0.05259811 -0.02961409 0.0617752 -0.06647276 -0.0137161 0.03413897 -0.05124872 0.0237143 0.1591235 -0.02939152 0.002943575 0.1533518 -0.06558519 -0.01565062 0.03828036 -0.02739661 0.001365005 0.1530898 -0.04826748 -0.03194969 0.06841582 -0.02939128 0.002878189 0.1533896 -0.0407167 0.009772717 0.1559566 -0.02673995 -0.03588026 0.08862012 -0.02738779 6.81018e-4 0.1532229 -0.02936422 5e-4 0.1541518 -0.03828024 -0.03504443 0.08035337 -0.04259169 0.01123583 0.1566845 -0.03597301 0.006372988 0.1548243 -0.03825479 -0.03481185 0.08064663 -0.06244921 -0.01890623 0.04814827 -0.02938514 0.002032816 0.1537972 -0.06620401 -0.01290905 0.03840035 -0.04788368 0.01666575 0.1592187 -0.05719327 -0.02332925 0.05847567 -0.02937769 0.001396894 0.1540041 -0.05725908 -0.02317392 0.05849581 -0.03601044 0.005663096 0.1554659 -0.04014045 -0.03273719 0.08078813 -0.02936768 7.08365e-4 0.1541327 -0.04278546 0.0102759 0.1578462 -0.0401135 -0.03250318 0.08108466 -0.05599856 0.04949009 0.1531627 -0.06504124 -0.0140528 0.04362249 -0.007040202 -0.02986925 0.09901714 -0.04089057 0.008620798 0.157236 -0.0492807 0.01747798 0.1610079 -0.0675643 -0.006828904 0.03393805 -0.06759417 -0.006924629 0.03299999 -0.03602921 0.005112707 0.1559034 -0.06796342 9.64883e-5 0.03299999 -0.06755 -0.006787598 0.03428083 -0.0481953 0.01580399 0.1605565 -0.05182611 -0.02551162 0.06934458 -0.05212771 0.02232587 0.162745 -0.008191049 -0.02919721 0.09944158 -0.0561093 0.04271984 0.1592456 -0.0656436 -0.01128643 0.04382199 -0.05456143 0.02933549 0.1635469 -0.02441054 -0.03056716 0.09445554 -0.0566225 -0.02100861 0.06294882 -0.05462342 0.02942681 0.1636766 -0.05668634 -0.02084982 0.06297093 -0.03604632 0.004015922 0.1566411 -0.04960405 0.01653563 0.162351 -0.03271144 -0.03020453 0.09026175 -0.06435585 -0.01201891 0.04880839 -0.04296964 0.009013593 0.1590906 -0.06726217 -0.005977153 0.03870558 -0.05617952 0.03721141 0.1637966 -0.02618253 -0.02903628 0.09502071 -0.04104465 0.006939113 0.158681 -0.06493884 -0.009214878 0.0490815 -0.03604608 0.003144681 0.1571069 -0.05655223 0.04492223 0.1613406 -0.04567879 -0.02462905 0.08226031 -0.04564696 -0.02439224 0.08256733 -0.03604567 0.003075122 0.1571394 -0.05522274 0.02836853 0.166331 -0.06074458 -0.01328927 0.05981075 -0.01414716 -0.02541816 0.1016642 -0.05528587 0.02845269 0.1664639 -0.03717648 -0.02509868 0.09161984 -0.03603678 0.002186059 0.1574921 -0.06667131 -0.004311203 0.04433077 -0.04108846 0.006117761 0.1592531 -0.04692363 -0.02248203 0.08264231 -0.0488379 0.01330763 0.1634133 -0.03602671 0.001526415 0.1576725 -0.04689055 -0.02224493 0.0829519 -0.04109054 5e-4 0.1613116 -0.04313397 0.007204592 0.1604809 -0.05566835 -0.01663732 0.07066017 -0.04111075 0.005494475 0.15964 -0.05572891 -0.01647394 0.0706849 -0.05309712 0.01993238 0.1665186 -0.01644629 -0.02381402 0.1025469 -0.05620729 0.05557239 0.1579391 -0.05755275 0.05582129 0.172269 -0.06761676 0.001030385 0.03901731 -0.06761687 0.001032233 0.03901743 -0.04318124 0.006333112 0.1610262 -0.0389859 -0.02276659 0.09221684 -0.05027228 0.01384741 0.1652019 -0.04113221 0.004283726 0.1602877 -0.03206723 -0.02329832 0.09701836 -0.06005549 -0.0107668 0.06441533 -0.0490688 0.01201999 0.1645163 -0.007013261 -0.02088689 0.1062048 -0.04320567 0.005676627 0.1613933 -0.06592977 -0.002166092 0.04978001 -0.05345577 0.01874983 0.1678836 -0.008160769 -0.02020299 0.106682 -0.0562033 0.02636039 0.1701655 -0.06248658 -0.006081581 0.06081533 -0.05626821 0.02643334 0.1703024 -0.05027115 -0.01587867 0.08381354 -0.0411334 0.003347575 0.1606962 -0.06701272 0.00271368 0.04485231 -0.06701278 0.002715528 0.04485243 -0.05023437 -0.01564162 0.08413064 -0.0411331 0.003273665 0.1607248 -0.06301271 -0.003166913 0.06123417 -0.05773282 0.0419929 0.1694658 -0.05051326 0.01247721 0.1662943 -0.05730164 0.05039578 0.1667008 -0.03647083 -0.01819783 0.09868985 -0.06172508 -0.00344181 0.06552302 -0.04323011 0.004412829 0.1620057 -0.0579006 0.03511774 0.1719422 -0.05890244 -0.006137013 0.07230216 -0.0237506 -0.01809149 0.1055228 -0.04112428 0.002338051 0.1610352 -0.04929125 0.01039123 0.165668 -0.04436057 -0.01465755 0.09422737 -0.06625288 0.004902303 0.05049979 -0.04111373 0.001652359 0.1611946 -0.06625282 0.004904508 0.05049997 -0.04323279 0.003445625 0.1623911 -0.03825581 -0.01588201 0.09942853 -0.04323256 0.003369569 0.1624181 -0.01410526 -0.01642107 0.1092279 -0.05820399 0.04390513 0.1717941 -0.04109948 9.19652e-4 0.1612931 -0.02549165 -0.01656514 0.106286 -0.05074632 0.01075583 0.1674278 -0.06222587 -4.86325e-4 0.06598645 -0.04322457 0.002411007 0.1627112 -0.04556512 -0.01252782 0.09474563 -0.05383437 -0.006857156 0.08543759 -0.05862832 0.03369438 0.1749302 -0.05420154 0.01549118 0.1707341 -0.007121264 -0.01386672 0.1121859 -0.04321438 0.001712322 0.1628617 -0.01640242 -0.01484197 0.1102591 -0.04949581 0.00815469 0.1669088 -0.05388998 -0.006691813 0.08546787 -0.05728858 0.0232045 0.1741055 -0.06389117 0.004108786 0.06231588 -0.05379283 -0.006621837 0.08576446 -0.0573554 0.02326375 0.1742455 -0.05384838 -0.006456553 0.08579492 -0.04955786 0.007111966 0.1673799 -0.008285403 -0.01320588 0.1127049 -0.06045013 0.001333534 0.07354938 -0.0544734 0.01387536 0.1718036 -0.06305289 0.006874322 0.06718897 -0.0509625 0.008410215 0.1686384 -0.0487957 -0.006011605 0.09632515 -0.05769205 0.02170836 0.1755108 -0.04959189 0.006340384 0.1676916 -0.06090807 0.004338681 0.07407438 -0.05755275 0.05581986 0.1722674 -0.043558 -0.007877349 0.1019265 -0.06414955 0.0113309 0.06344914 -0.06327944 0.01415717 0.06845933 -0.0577597 0.02176201 0.1756516 -0.05954003 0.03914523 0.1780391 -0.05102914 0.007323086 0.169094 -0.01431363 -0.009585618 0.1155099 -0.05900567 0.04863899 0.1777318 -0.0237112 -0.009297311 0.1138044 -0.00730139 -0.008412361 0.1173415 -0.04963117 0.004888534 0.1682031 -0.05677181 0.0037238 0.08744055 -0.008492887 -0.007803022 0.1178888 -0.0600385 0.04075026 0.1805353 -0.02545607 -0.007836639 0.1147282 -0.04964238 0.003807663 0.1685211 -0.01664274 -0.008088588 0.1166611 -0.04964268 0.0037238 0.1685432 -0.0603035 0.03739851 0.1811661 -0.06327921 0.01415586 0.06845903 -0.04964095 0.002679347 0.1687841 -0.05853849 0.01770734 0.1783946 -0.05221647 0.002828955 0.09848999 -0.04963409 0.001931309 0.1689073 -0.05814206 0.01120322 0.08896362 -0.007518887 -0.003974437 0.1221528 -0.04962283 0.001143515 0.1689818 -0.05927997 0.05330181 0.1838645 0.06045222 0.02074599 0.1824004 0.05941724 0.02525156 0.178997 0.06158494 0.02168083 0.1854228 0.06051462 0.0264765 0.1819808 0.01275432 -0.003731191 0.1220051 0.01454293 -0.006104528 0.1190756 0.01484787 -0.002641379 0.123066 0.06075149 0.01910543 0.183352 0.01537162 -0.002363443 0.1233379 0.06015688 0.03701663 0.1805123 0.06047844 0.03787606 0.1819875 0.06227523 0.03232198 0.1885492 0.01505696 -0.005800068 0.1193356 0.06193673 0.03164869 0.1870169 0.01761239 -0.004248738 0.1206637 0.05351263 0.002097249 0.1734517 0.05351513 0.002883732 0.1733447 0.05450373 0.002942562 0.1746494 0.05449616 0.004072129 0.1744465 0.0563836 5e-4 0.1774941 0.0524826 0.001238405 0.1722413 0.0535053 0.001275539 0.1735157 0.06007641 0.05050295 0.1867573 0.05864614 0.05445587 0.1800563 0.06009352 0.05149376 0.1882349 0.06009358 0.05149525 0.1882371 0.05447226 0.005354225 0.1741569 0.05625915 0.007271051 0.1764209 0.05632585 0.005565583 0.1768413 0.04357033 0.001719594 0.112294 0.04632699 -0.007902681 0.09827005 0.04507708 0.00442785 0.1134234 0.05628335 0.007275044 0.1764582 0.05866491 0.01532322 0.08985501 0.05987221 0.01183706 0.08282274 0.05878353 0.0164861 0.09011459 0.06008309 0.0141434 0.08329385 0.0538854 0.008433938 0.09990072 0.05558222 -0.001111209 0.08650749 0.05472159 0.01181221 0.1007732 0.05635017 0.005568504 0.1768784 0.05450266 0.002144932 0.1747523 0.05646097 0.002358794 0.08717358 0.05895346 0.01333135 0.1800997 0.05959671 0.01834529 0.1806441 0.06024533 0.0138601 0.1827586 0.05350464 0.0108391 0.103318 0.06203454 0.02208667 0.1867481 0.05264717 0.007816731 0.1024819 0.002457022 -4.06e-4 0.1269486 0.002380132 -0.004321575 0.1219132 0.06094974 0.02700769 0.1832887 0.007436454 -0.00261712 0.123813 0.009848952 -0.005189776 0.1205962 0.01012206 -0.001541256 0.125034 0.06131702 0.04138487 0.1872818 0.05985319 0.04750883 0.1823972 0.06162512 0.04306828 0.1902869 0.06141406 0.04111135 0.1876696 0.03613263 -2.79992e-4 0.1175606 0.03636872 -0.008844554 0.1078736 0.03804218 0.002077758 0.118893 0.0621643 0.02868783 0.1874848 0.06254333 0.0292961 0.1890275 0.05782014 0.007540643 0.1789451 0.05767101 0.009829342 0.178295 0.03827345 -0.006353139 0.1089223 0.06172299 0.04277604 0.1906812 0.05738729 0.01274949 0.1771979 0.05924975 0.01033973 0.1811504 0.05766421 0.009915292 0.1782673 0.02979761 -0.00191766 0.1195436 0.0320419 -0.004851937 0.1149765 0.03221905 3.94071e-4 0.1211095 0.05449664 0.001313328 0.1748137 0.06189548 0.01994544 0.1863808 0.007448136 -0.002423465 0.124058 0.01013749 -0.001359641 0.1252781 0.04712897 -0.00630325 0.09869396 0.04789775 -0.004691123 0.09912133 0.0458678 0.00594604 0.1140574 0.05925714 0.01024931 0.1811774 0.05635601 0.004230797 0.1771129 0.05638039 0.004233002 0.1771498 0.02495568 -0.002520143 0.1208095 0.02470493 -0.006345808 0.1165531 0.02756696 -4.43072e-4 0.1224048 0.02728873 -0.004166185 0.1180243 0.06249374 0.02252715 0.1881956 0.02783542 -0.003687918 0.1183472 0.06139385 0.02758377 0.184717 0.06288796 0.0299009 0.1905745 0.05504745 0.01328265 0.1011593 0.05680406 0.003870427 0.08746939 0.06098014 0.03942245 0.184677 0.06280362 0.03353244 0.1913394 0.01982933 -0.006285727 0.1179376 0.02228218 -0.0045318 0.1192726 0.02263075 -0.001001179 0.1234695 0.02014172 -0.002647459 0.1220421 0.02362608 -0.003534317 0.1200338 0.06234967 0.0203104 0.1877091 0.06030255 0.01758402 0.0840227 0.06180912 0.01576733 0.07622611 0.06040686 0.0209884 0.08477813 0.05636841 0.003062486 0.1773019 0.06182855 0.01746159 0.07657009 0.05897986 0.01877635 0.09063708 0.05639284 0.003064155 0.1773386 0.02811968 1.20421e-5 0.1227556 0.01797521 -9.48285e-4 0.1247306 0.05789548 0.005763351 0.1793472 0.06142777 0.01439386 0.1854656 0.06297188 0.0339778 0.1923781 0.06113988 0.03999197 0.1856793 0.04932385 -0.001461505 0.09997922 0.04662626 0.007474184 0.1146968 0.05637031 0.002242147 0.1773974 0.05639487 0.002243459 0.177434 0.06181061 0.04472869 0.193317 0.05537617 0.01488107 0.101584 0.0571506 0.005514264 0.08779543 0.03950339 -0.004643201 0.1096389 0.03927648 0.003692209 0.1198062 0.06003057 0.04950791 0.1852913 0.05942016 0.007845938 0.1818079 0.06055891 0.01072722 0.1837965 0.02399474 -6.65511e-5 0.1242852 0.06056678 0.01063275 0.1838231 0.06041646 0.0226823 0.08516812 0.06281369 0.02070665 0.1891601 0.004921376 2.42939e-4 0.1278669 0.0619089 0.04441779 0.1937173 0.004771769 -0.003442704 0.1229022 0.05433523 0.01418602 0.1042609 0.05793166 0.00437957 0.1796042 0.05636721 0.001390397 0.1774541 0.002484083 8.62006e-4 0.128896 0.05639177 0.00139147 0.1774906 0.03986281 0.004486739 0.120256 0.06329101 0.02337211 0.1910008 0.04008722 -0.00380069 0.1099913 0.01309943 -2.99064e-4 0.126464 0.06342607 0.03098821 0.1933904 0.06185787 0.04555326 0.1948481 0.03413295 -0.002589464 0.1162557 0.03432941 0.002539992 0.1225681 0.05794876 0.00317496 0.1797818 0.01311886 -1.31146e-4 0.1267079 0.06326067 0.03485274 0.194438 0.06195622 0.04523301 0.1952511 0.06187468 0.04637438 0.1963912 0.06384581 0.03869503 0.2038378 0.03010386 0.0016945 0.1240567 0.02534443 8.82672e-4 0.1251178 0.05950528 0.00598818 0.1821926 0.06359738 0.03138828 0.1944382 0.05795365 0.002333283 0.1798712 0.054659 0.01564264 0.1046778 0.06039756 0.02437084 0.08556705 0.06039768 0.0243681 0.0855664 0.06260067 0.01498603 0.1884978 0.05918115 0.022192 0.09144681 0.0636835 0.02383804 0.1925644 0.02055168 5.10395e-4 0.1261821 0.06074237 0.008125901 0.1844394 0.06175822 0.01112002 0.1864944 0.05774116 0.008678019 0.0884369 0.05593544 0.01795572 0.1024168 0.06176656 0.01102143 0.1865206 0.06361955 0.02146714 0.1919726 0.06187462 0.04637295 0.1963886 0.04803419 0.01053029 0.1159796 0.05795341 0.001462578 0.1799243 0.04805248 0.01057213 0.1159972 0.05954837 0.004548966 0.1824355 0.04934233 -0.001417279 0.09999102 0.004973769 0.001414954 0.1297723 0.007674396 0.001001358 0.1289575 0.06306684 0.015244 0.189829 0.06404066 0.02430146 0.1941321 0.05498558 0.01722598 0.105136 0.06389153 0.03217405 0.1965159 0.002624928 -0.06793969 0.03299999 0.002624928 -0.06793922 0.03300476 0.01524329 6.29563e-4 0.1275488 0.005237936 -0.06778621 0.03301167 0.005238056 -0.0677874 0.03299999 0.06401646 0.0218867 0.1935404 0.008137047 -0.06749826 0.03299999 0.008136868 -0.06749701 0.03302168 0.01526552 7.87346e-4 0.1277929 0.0595709 0.003303289 0.1826019 0.01577943 8.66483e-4 0.1278278 0.002602815 -0.06784272 0.03791654 0.06358563 0.03615194 0.1975485 0.01102751 -0.06708276 0.03299999 0.01102721 -0.06708198 0.03303414 0.06083637 0.006195008 0.184811 0.005197703 -0.06768262 0.03793311 0.03634953 0.004725694 0.1240599 0.04196834 -9.33535e-4 0.1111881 0.04175394 0.007186114 0.1217868 0.06354331 0.01552456 0.191284 0.008080482 -0.06738001 0.03795832 0.05957931 0.002437233 0.1826854 0.01420944 -0.06647557 0.03305077 0.06195449 0.008410751 0.1871259 0.0142098 -0.0664764 0.03299999 0.002567172 -0.06753218 0.04373037 0.01580238 0.001021683 0.128072 0.06294894 0.0115574 0.1895205 0.0164892 -0.06594252 0.03306448 0.05802559 0.0104283 0.08880048 0.05620425 0.01965612 0.1028874 0.01705843 -0.06579774 0.03299999 0.06295782 0.0114544 0.1895464 0.01095837 -0.06694561 0.03799074 0.0643776 0.02230423 0.1951125 0.03255397 0.003887355 0.1257631 0.01705807 -0.06579643 0.03306818 0.06088578 0.00470525 0.185043 0.02799594 0.002823412 0.1268337 0.00513041 -0.06735897 0.04375493 0.05958241 0.001544833 0.182735 0.02308714 0.002007961 0.1276908 0.0198794 -0.06499534 0.03299999 0.0198791 -0.06499326 0.03308779 0.0645985 0.02513515 0.1969849 0.01413041 -0.06631076 0.03803473 0.05927169 0.02557092 0.09228819 0.06342256 0.01174849 0.1908501 0.0285573 0.003248155 0.1272116 0.06343162 0.01164352 0.190876 0.05050551 0.001503288 0.100771 0.04920214 0.01333075 0.1171621 0.007982015 -0.06703203 0.04379338 0.06422245 0.03334063 0.1996515 0.05169034 0.004815816 0.1016635 0.06091338 0.003421723 0.1852006 0.01640462 -0.0657525 0.03807163 0.007753252 0.002065062 0.1308213 0.06205731 0.006406188 0.1874866 0.02266263 -0.06407219 0.03299999 0.02266252 -0.06406879 0.03310954 0.01043659 0.001798629 0.1301258 0.0169723 -0.0655995 0.03808152 0.06378042 0.0374307 0.2006756 0.05827975 0.01217347 0.0891698 0.0564441 0.02135127 0.1033644 0.06477624 0.025442 0.1980462 0.0108323 -0.06656324 0.04384356 0.06437152 0.01606422 0.1941059 0.05554133 0.02027153 0.1060336 0.060925 0.002533257 0.1852794 0.002535939 0.003108322 0.1331892 0.02539777 -0.06302702 0.03313332 0.02539813 -0.06303191 0.03299999 0.01978838 -0.06475847 0.03813499 0.06315886 0.008729279 0.1901428 0.01844394 0.002072811 0.1292622 0.06390678 0.01195657 0.1923041 0.02447676 0.002857327 0.1285551 0.002522468 -0.06632024 0.05297285 0.06391608 0.01184952 0.19233 0.06494188 0.02305543 0.1979732 0.01397728 -0.06587862 0.04391247 0.03828054 0.006952702 0.1255866 0.06211304 0.00486505 0.1877093 0.05927616 0.02725213 0.09272348 0.05696028 0.03978395 0.1125254 0.02689647 -0.06240367 0.03299999 0.02689671 -0.06239748 0.03314739 0.0609312 0.001620829 0.1853266 0.02256798 -0.06379085 0.03819471 0.06382936 0.03806459 0.2022517 0.04336696 0.009678959 0.1232051 0.06477981 0.01636254 0.1956799 0.01847028 0.002214968 0.1295074 0.005044519 -0.06611555 0.05304068 0.03469091 0.005919039 0.1273558 0.06512171 0.02333205 0.1990374 0.02838093 -0.06173175 0.03316205 0.06363815 0.008868813 0.1914696 0.02838087 -0.06173902 0.03299999 0.05580854 0.0219559 0.1065402 0.01623374 -0.06527704 0.04397088 0.06508129 0.02604478 0.2001496 0.03057318 0.004816591 0.1286147 0.01679724 -0.06511223 0.04398661 0.06214565 0.003543078 0.1878593 0.06442058 0.03448843 0.2028011 0.0258519 0.00371921 0.1294388 0.06327116 0.006642997 0.1904942 0.002511858 -0.06551504 0.05652582 0.002551317 0.003697454 0.1346887 0.0252999 -0.0627008 0.03826051 0.06384581 0.03869384 0.2038348 0.03952997 0.008475422 0.1266348 0.06216055 0.002631664 0.1879341 0.06515151 0.01665979 0.1972586 0.007853507 -0.06573688 0.05312865 0.06412839 0.009020984 0.192921 0.01054042 0.002752125 0.1319528 0.05680704 0.02441054 0.1042469 0.03130179 -0.06029319 0.03319329 0.06474906 0.01235777 0.1951262 0.03130143 -0.06030344 0.03299999 0.01959294 -0.06420683 0.04407185 0.06475871 0.01224672 0.1951519 0.005073726 0.003450095 0.1339451 0.06216984 0.001698791 0.1879794 0.03192138 -0.05996531 0.03320032 0.06375437 0.006746947 0.1918177 0.0341506 -0.05872976 0.03299999 0.005023598 -0.06528925 0.05663263 0.0654304 0.02387547 0.2011466 0.05037474 0.01645541 0.1184918 0.06447029 0.03505718 0.2043876 0.06569832 0.02869033 0.2097147 0.01349467 0.002725124 0.1315131 0.06333369 0.005044758 0.1907084 0.02679699 -0.06204235 0.03829962 0.05604708 0.02363514 0.1070532 0.06516444 0.01258003 0.1967012 0.06542462 0.02693986 0.2033216 0.02107977 0.003316462 0.1307656 0.01066374 -0.06519913 0.0532301 0.02827912 -0.06134635 0.03834056 0.06517434 0.01246678 0.1967269 0.04012382 0.009224116 0.1271516 0.06337171 0.003679752 0.1908513 0.03415066 -0.05872786 0.03303116 0.04488658 0.01221948 0.1246563 0.03415119 -0.05871593 0.03322684 0.0642488 0.006860554 0.1932661 0.06381976 0.005123853 0.1920288 0.02235317 -0.06316626 0.04416781 0.05691856 0.02554017 0.1045804 0.06573265 0.01719558 0.2001326 0.0211094 0.003445267 0.1310124 0.007821381 -0.06488192 0.0567618 0.06339007 0.002742648 0.1909225 0.03673809 0.007984936 0.1289872 0.06498146 0.009315133 0.1957401 0.01376646 -0.06441849 0.05335843 0.06554281 0.01280182 0.1982815 0.005103111 0.003968894 0.1353938 0.06386005 0.003739953 0.192169 0.03306406 0.006857275 0.1304584 0.03119516 -0.05984336 0.038428 0.06555289 0.01268637 0.1983073 0.04568523 0.01364219 0.125472 0.06431716 0.00521028 0.1934742 0.00249648 -0.06348919 0.06273019 0.06340277 0.001786708 0.1909664 0.01569437 0.003421306 0.1325768 0.03691917 -0.05702328 0.03299999 0.03691947 -0.05701893 0.03306448 0.06577777 0.0246827 0.2043266 0.02506607 -0.06199538 0.04427409 0.0659179 0.01739311 0.2012019 0.02855426 0.005479395 0.1312636 0.0638799 0.002791583 0.1922389 0.00790292 0.00386238 0.1348709 0.03692007 -0.05700516 0.03326272 0.06390452 5e-4 0.1922894 0.06340986 8.04407e-4 0.1909747 0.01362437 0.003554582 0.1333048 0.06540244 0.009478449 0.1973143 0.03181356 -0.05950099 0.03844773 0.05132341 0.01928335 0.119707 0.01062047 -0.06431007 0.05690234 0.0643599 0.003805875 0.1936119 0.06510949 0.007080554 0.1960807 0.01624423 0.003599345 0.1328517 0.06563007 0.0278204 0.2065039 0.02655249 -0.06128889 0.04433751 0.06389403 0.001825451 0.1922824 0.05710291 0.02776509 0.1052503 0.01599335 -0.06373536 0.05346143 0.0643813 0.002845168 0.1936805 0.06390255 8.34292e-4 0.1922918 0.02912652 0.005864262 0.1316661 0.05640828 0.02666592 0.1080012 0.004992961 -0.06319797 0.06294292 0.06623607 0.01778155 0.2033213 0.02367335 0.004593253 0.1323357 0.065786 0.009641706 0.1988945 0.06613463 0.0132023 0.2011595 0.01654946 -0.06354856 0.05348867 0.042041 0.01176536 0.1289125 0.06614506 0.01308286 0.2011854 0.02370613 0.004708468 0.1325846 0.03403842 -0.05819731 0.03852248 0.06518334 0.005378067 0.1962841 0.03935301 -0.05536603 0.03299999 0.03935337 -0.05535858 0.03309643 0.06439691 0.001868009 0.1937238 0.04645204 0.01507329 0.1262949 0.03935396 -0.05534309 0.03329718 0.02802383 -0.06054252 0.04440414 0.06553435 0.007202982 0.1976532 0.03869676 0.01008659 0.1306594 0.06568139 0.02825659 0.2081049 0.06598567 0.02547687 0.2075163 0.05651938 0.02778512 0.108359 0.06632339 0.01335012 0.2022308 0.002586483 0.004714548 0.1389013 0.01371055 -0.06348568 0.05707198 0.00794661 0.004301905 0.1362667 0.007773518 -0.0627129 0.06318211 0.06633388 0.01322931 0.2022566 0.01930838 -0.06252443 0.05363273 0.06523042 0.003934025 0.1964176 0.0250948 0.00531727 0.1332381 0.065611 0.005471646 0.1978545 0.03523826 0.008744597 0.132182 0.04170548 -0.05360013 0.03312999 0.06592148 0.00732553 0.1992321 0.01584184 0.004159867 0.1343465 0.04170548 -0.05361151 0.03299999 0.06569814 0.02868932 0.2097109 0.06603759 0.02587026 0.2091206 0.04170596 -0.0535829 0.0333333 0.03679907 -0.05641424 0.03862375 0.02512937 0.005424797 0.1334884 0.06525462 0.002949476 0.1964843 0.03118222 0.007284462 0.1331624 0.06638622 0.009937107 0.2017735 0.01592797 -0.0627672 0.05720376 0.06659436 0.01835924 0.2065166 0.01073622 0.004308223 0.1358896 0.03091728 -0.05893284 0.04454672 0.06566035 0.00400561 0.1979861 0.0163961 0.004314899 0.1346163 0.06664764 0.01364123 0.2043542 0.01648163 -0.0625711 0.05723804 0.05217528 0.02212989 0.1209437 0.06527304 0.0019508 0.1965274 0.03153061 -0.05856657 0.04457902 0.06665837 0.01351755 0.2043802 0.01897567 0.004508316 0.1342731 0.002473533 -0.06060379 0.06872898 0.06600081 0.005565464 0.1994317 0.03996515 0.01152193 0.1318086 0.01055473 -0.06205826 0.06342554 0.06657767 0.01004642 0.2028455 0.06568604 0.003007829 0.198052 0.05729115 0.03108501 0.1062856 0.06605231 0.004077494 0.1995617 0.05670326 0.02998989 0.1090773 0.0220313 -0.06135112 0.05379027 0.06694155 5e-4 0.2036421 0.06570589 0.001997172 0.1980953 0.02650165 0.006051957 0.1341627 0.04397761 -0.05174368 0.03316521 0.0665276 0.007547855 0.2021099 0.04397773 -0.05175912 0.03299999 0.0436787 0.01410895 0.1305465 0.04397791 -0.05172473 0.03337115 0.06607937 0.00306642 0.199627 0.03922337 -0.0546844 0.03872132 0.06672102 0.007630228 0.2031818 0.0669068 0.01026183 0.204971 0.02653795 0.006151676 0.1344144 0.06680899 0.01892834 0.2097204 0.0478779 0.01793324 0.1279475 0.01922804 -0.06149774 0.05741655 0.06661123 0.005735993 0.2023072 0.06701302 0.01407486 0.2075563 0.03373628 -0.05717301 0.04470151 0.04056829 0.01222723 0.1323755 0.04789644 0.01797235 0.1279702 0.06610053 0.002043783 0.1996705 0.06702393 0.01394701 0.2075825 0.004947662 -0.06019735 0.06907892 0.04617172 -0.04980701 0.03299999 0.04546201 -0.05043905 0.03318983 0.06680601 0.005799293 0.2033784 0.005170047 0.004811108 0.1394395 0.06666612 0.004208445 0.2024351 0.04546207 -0.05041885 0.03339767 0.02470558 -0.06003475 0.05396097 0.01079297 0.004667401 0.1372362 0.06730502 0.01492613 0.2140009 0.06686264 0.01921039 0.2113312 0.06705349 0.007792949 0.2053074 0.01362407 -0.06113672 0.06370121 0.06669539 0.003173351 0.2024996 0.03732299 0.01066064 0.1339499 0.002603948 0.004745006 0.1417431 0.06686204 0.004257142 0.2035057 0.04617196 -0.04978746 0.03320205 0.06727778 0.01058351 0.2081769 0.002604365 0.004735767 0.1418269 0.06671869 0.002128899 0.202544 0.0461719 -0.04976671 0.0334109 0.04156363 -0.05285513 0.03882396 0.01914864 0.005108296 0.1360149 0.06689202 0.003213226 0.2035701 0.0216763 0.005449116 0.1357753 0.02193742 -0.06027096 0.05760753 0.06714093 0.005924582 0.2055033 0.06723213 0.0145027 0.2107669 0.03372383 0.009129822 0.135132 0.06724315 0.01437079 0.2107933 0.02616971 -0.05924218 0.05406159 0.01386767 0.004839599 0.1371285 0.06673616 0.001068413 0.2025648 0.05300277 0.02528136 0.1223316 0.06691604 0.002160668 0.203615 0.03647065 -0.05527043 0.04486817 0.06719893 0.004353642 0.2056297 0.06728702 0.01471501 0.2123809 0.007703661 -0.05958688 0.06946051 0.05737489 0.03437221 0.1073579 0.06742846 0.008036494 0.2085144 0.01582556 -0.06034469 0.06390494 0.04522389 0.01649469 0.1322208 0.06693416 0.00109297 0.2036372 0.002439796 -0.05743181 0.07365077 0.06729805 0.01458102 0.2124073 0.01637512 -0.0601297 0.06395667 0.05689173 0.03328049 0.1101855 0.06723016 0.003292262 0.205694 0.02761793 -0.05840623 0.05416637 0.02926695 0.007552027 0.1360772 0.06750047 0.01090174 0.2113918 0.04906356 0.02055203 0.1294716 0.06725537 0.00222373 0.2057398 0.04382151 -0.0509271 0.03893178 0.06751877 0.006112635 0.2087098 0.008045196 0.004946529 0.1401375 0.04848581 -0.04752826 0.03324449 0.06730502 0.01492577 0.2139985 0.04848551 -0.04755324 0.03299999 0.0293067 0.007635891 0.1363324 0.04251706 0.01461893 0.1343088 0.04848527 -0.04750567 0.03345656 0.06755638 0.01105993 0.2130079 0.02459716 -0.05889743 0.05781066 0.06757903 0.004499018 0.2088356 0.01046031 -0.05880951 0.06983661 0.06765371 0.00827825 0.2117311 0.06761181 0.003411471 0.2089002 0.05332618 0.02665299 0.1229426 0.02985274 0.007879912 0.1365004 0.03886872 -0.05342829 0.04502916 0.06763845 0.002319097 0.2089478 0.06774592 0.006299972 0.2119269 0.045295 -0.04957407 0.0390073 0.005202591 0.004755675 0.1421505 0.06798034 5e-4 0.2154721 0.06771034 0.008398771 0.2133483 0.01393771 0.005108594 0.1384245 0.004881858 -0.05689066 0.07411795 0.06780761 0.004644334 0.2120527 0.02989321 0.007960319 0.1367564 0.06780308 0.006393611 0.2135445 0.02605259 -0.05807155 0.05792891 0.03931951 0.01260697 0.1357642 0.06784129 0.003531098 0.212118 0.06786519 0.00471723 0.2136705 0.01909989 -0.0589599 0.06421917 0.06786882 0.002415001 0.2121677 0.005203425 0.00474447 0.1422302 0.0678991 0.003591179 0.2137362 0.0304625 -0.05660742 0.05438846 0.05737823 0.03600931 0.1079115 0.0678904 0.001290142 0.2122021 0.002614319 0.004239618 0.1439705 0.06792688 0.002463281 0.2137872 0.06794869 0.001327633 0.2138239 0.04599916 -0.04889899 0.03904497 0.04603701 0.01782959 0.1331626 0.05049264 -0.04538273 0.03328466 0.01611733 0.005246758 0.1380957 0.0504924 -0.04541254 0.03299999 0.05049157 -0.04535853 0.03349977 0.02186954 0.005931973 0.1374982 0.0310648 -0.05619889 0.05443841 0.02433276 0.006418347 0.137355 0.02749168 -0.05720126 0.05805122 0.04118049 -0.05148404 0.04519897 0.03594416 0.01083427 0.1369764 0.01667946 0.005351841 0.1383479 0.01350206 -0.05775535 0.07024878 0.05365318 0.02814418 0.1236122 0.007603704 -0.05613857 0.07462257 0.02178579 -0.0576331 0.06448888 0.04681849 0.01917183 0.1341134 0.05241477 -0.04314118 0.0333265 0.05241495 -0.04317671 0.03299999 0.04061347 0.01393467 0.1370121 0.05697679 0.03653997 0.1113313 0.03322863 -0.05464708 0.054627 0.0319575 0.009089767 0.1380758 0.04829186 -0.04656153 0.03917539 0.01091992 0.005110681 0.1409426 0.05241316 -0.04311531 0.03354489 0.002619802 0.003492414 0.1454526 0.01568329 -0.05686974 0.07054466 0.01619631 0.005449831 0.1393579 0.04340755 -0.04943919 0.04537779 0.0257886 0.006969273 0.1382673 0.03031653 -0.05533099 0.05830782 0.0441839 0.01682192 0.1361046 0.01622766 -0.05663162 0.07061874 0.05025708 0.02347266 0.1311852 0.05343937 -0.04190188 0.03299999 0.05343854 -0.04186272 0.0333504 0.0309143 -0.05490654 0.05836516 0.03200066 0.009157478 0.1383351 0.005221545 0.004212677 0.1442689 0.05343651 -0.04183608 0.03357058 0.008092284 0.004791855 0.1427104 0.01032757 -0.05522787 0.0751146 0.01676052 0.005538344 0.1396018 0.02441972 -0.05615669 0.0647661 0.04122918 0.01458656 0.137628 0.04485893 -0.04800683 0.04550331 0.008093416 0.004778325 0.1427859 0.0245456 0.006782889 0.1390631 0.05698126 0.03816378 0.1119219 0.05027687 -0.04434633 0.03929895 0.03807502 0.01256245 0.1388707 0.05443114 -0.04056054 0.03337472 0.002622961 0.002683937 0.1464111 0.05443298 -0.04060345 0.03299999 0.01946991 0.005894005 0.1396633 0.03590548 -0.0525344 0.05488169 0.0272296 0.007529139 0.1392049 0.05442875 -0.04053306 0.03359675 0.02585977 -0.05527245 0.0649237 0.05421167 0.0310136 0.1249178 0.04555195 -0.04729288 0.04556596 0.00523132 0.003461182 0.1456802 0.01892602 -0.05534797 0.07098817 0.002624988 0.001839995 0.1470406 0.03306084 -0.05329579 0.05858039 0.0482738 0.02185237 0.1360241 0.04829275 0.02188903 0.1360504 0.01333433 -0.05403548 0.07564777 0.02601218 0.007267475 0.1399687 0.02728253 -0.05434298 0.06508415 0.0569604 0.03978151 0.1125245 0.05217504 -0.04203671 0.03942805 0.05122566 0.02611535 0.1327506 0.0382471 -0.0504952 0.05512624 0.04575866 0.0190621 0.1379461 0.05630469 -0.03791117 0.03342419 0.05630904 -0.03796184 0.03299999 0.03456139 0.01066124 0.1401546 0.05790066 -0.03548973 0.03299999 0.0563293 -0.03787451 0.03342485 0.05630147 -0.03788232 0.03365004 0.0140928 0.0053249 0.1419606 0.05632609 -0.03784561 0.03365075 0.002345025 -0.04985755 0.08239948 0.05448156 0.03260141 0.1256508 0.008118927 0.004202306 0.1447136 0.02158427 -0.05391055 0.07135772 0.01097941 0.00485295 0.1433849 0.04780536 -0.04482531 0.04578304 0.03460788 0.01071244 0.1404184 0.01956129 0.005997002 0.1408782 0.01549088 -0.05305624 0.07602649 0.03571379 -0.05110573 0.0588687 0.0109809 0.004836976 0.1434563 0.002626121 0.001194775 0.1473394 0.05318474 -0.04072165 0.0395016 0.04322022 0.01679527 0.1397297 0.01602911 -0.05279541 0.07612073 0.005236625 0.002661645 0.1465973 0.03007215 -0.05235236 0.06541389 0.0401178 0.0143159 0.1408167 0.02222692 0.006463825 0.1410723 0.04049819 -0.04834949 0.05538308 0.02746373 0.007760584 0.1409006 0.05416274 -0.0393837 0.03957659 0.0465883 0.02031463 0.1389827 0.05789411 -0.03543221 0.03347051 0.03006249 0.0086748 0.1411544 0.03066194 -0.05190175 0.06548643 0.004698097 -0.04903578 0.08303743 0.05472362 0.03418523 0.1263902 0.005239903 0.001829981 0.1472042 0.05789005 -0.03540211 0.03369987 0.01636987 0.005499839 0.142778 0.02418917 -0.05232697 0.07172793 0.0081321 0.003441393 0.1460496 0.04975235 -0.04249274 0.04598927 0.03066277 0.008925616 0.1415866 0.002319037 -0.04770839 0.08447897 0.04948651 0.02430528 0.1377875 0.03803163 -0.04899454 0.05914366 0.05209827 0.02877551 0.1343423 0.01869726 -0.05140328 0.07658791 0.03683817 0.01211202 0.1421052 0.02561229 -0.05138468 0.0719347 0.0327776 -0.05019479 0.0657556 0.0169385 0.005546331 0.1429939 0.04266047 -0.04609966 0.05565255 0.005241572 0.001193165 0.1474946 0.04738616 0.02157336 0.1400294 0.01101219 0.004211962 0.1452786 0.00732696 -0.04799461 0.08372747 0.05600607 -0.03666669 0.03972911 0.04144293 0.01551079 0.1421563 0.05603027 -0.03662914 0.03973126 0.03688782 0.01214802 0.1423736 0.02232807 0.006482541 0.1422513 0.05952715 -0.03261089 0.03352326 0.05953669 -0.03267592 0.03299999 0.05952215 -0.03257966 0.03375673 0.01416397 0.004948675 0.1442664 0.05161035 -0.04006671 0.04620492 0.04492551 0.01882696 0.1416834 0.01416563 0.00492984 0.1443336 0.00464785 -0.04682254 0.08514851 0.02701759 -0.05039811 0.07214254 0.008138895 0.002647817 0.1469224 0.04025721 -0.04677581 0.05943077 0.0249378 0.007058918 0.1425713 0.02132558 -0.04986524 0.0770502 0.04207384 0.01609718 0.1428176 0.04406589 -0.04452788 0.0558412 0.03031766 0.0087713 0.1428422 0.05259704 -0.03868818 0.04632806 0.05509328 0.03704643 0.1277485 0.0328201 0.00985223 0.1431994 0.0447359 -0.04374575 0.05593532 0.008142709 0.001826465 0.1475046 0.03538769 -0.04788106 0.06610959 0.01102763 0.003436863 0.1465426 0.03092241 0.00899291 0.1432732 0.03902548 0.01358234 0.1441121 0.009963572 -0.04681813 0.08440136 0.05756694 -0.03413033 0.03987205 0.02642333 0.007400393 0.1434438 0.06089174 -0.03008043 0.03299999 0.06087982 -0.03000915 0.03357195 0.01976037 0.005793452 0.1441355 0.06087392 -0.02997714 0.03380918 0.01644825 0.005035459 0.1449905 0.007251441 -0.04571622 0.08587455 0.05071014 0.02703928 0.1397713 0.05355167 -0.03728759 0.04645359 0.0552082 0.03810393 0.1282585 0.04239219 -0.04445213 0.05973058 0.01645016 0.005014419 0.1450548 0.02977019 -0.04829645 0.07256227 0.008144438 0.00119698 0.1477857 0.01651179 5e-4 0.1495067 0.05294948 0.03172123 0.136126 0.02390056 -0.04818886 0.0775085 0.03035163 -0.04782247 0.07265341 0.03907817 0.01360297 0.1443853 0.03766328 -0.04565727 0.06644135 0.02504831 0.006992757 0.1437174 0.04887402 0.02408522 0.142134 0.04690891 -0.0410487 0.05626088 0.04377824 -0.04283034 0.0599398 0.01420187 0.004245221 0.1460452 0.04889339 0.02411955 0.1421629 0.02530699 -0.04719823 0.07776236 0.01701867 0.00505954 0.1451836 0.06213665 -0.02742272 0.03299999 0.06212246 -0.02734565 0.0336219 0.01702052 0.005037844 0.1452472 0.01287966 -0.04535835 0.08513289 0.04653888 0.02089035 0.1436879 0.01103496 0.002645075 0.1473726 0.05916768 -0.03125053 0.04003494 0.06211572 -0.02731293 0.03386294 0.04411584 0.01808226 0.1450756 0.009864509 -0.0444808 0.08658581 0.04443848 -0.04202377 0.06004393 0.02789372 0.007749617 0.144345 0.05534768 -0.03444963 0.04670935 0.05328339 0.03300374 0.1369102 0.05537122 -0.03441047 0.04671287 0.02653896 0.007286787 0.1445728 0.03243589 -0.04603219 0.07298803 0.03309607 0.009812355 0.1448833 0.05540078 0.04018908 0.1292777 0.02669543 -0.04616558 0.07801628 0.0110386 0.001830637 0.1479306 0.03549075 0.01105821 0.1453351 0.01497441 -0.04420346 0.0856533 0.0473898 0.02204293 0.1448166 0.03984344 -0.04332625 0.06678301 0.01421862 0.003449022 0.1472331 0.04877895 -0.03850829 0.05656975 0.04112464 0.01507341 0.1461766 0.02254682 0.006064832 0.1453828 0.01648902 0.004283487 0.1466904 0.01549762 -0.04390078 0.08578294 0.0604912 -0.02860105 0.04018539 0.05170565 0.02951204 0.1415839 0.06335985 -0.02434623 0.03367829 0.01103991 0.001206398 0.1482023 0.0633769 -0.02442938 0.03299999 0.06335216 -0.02431291 0.03392362 0.01275646 -0.04296278 0.08736026 0.05362188 0.03439831 0.1377687 0.04118043 0.01507848 0.1464551 0.05686491 -0.03180789 0.04694926 0.01706004 0.004294931 0.1468641 0.04657757 -0.03924489 0.06040352 0.03500342 -0.04361629 0.07342058 0.050116 0.02638173 0.1440771 0.0198484 0.005192637 0.1462156 0.0643773 -0.02166509 0.03299999 0.06385302 -0.02302455 0.03370314 0.02941387 -0.04397827 0.07852476 0.02801442 0.007588267 0.1454578 0.01985043 0.00516808 0.1462758 0.06384497 -0.02299106 0.03395038 0.02998781 -0.04348701 0.07863444 0.04820889 0.02320051 0.1459566 0.0419299 -0.04089087 0.06713551 0.01422578 0.002654612 0.1480172 0.0505566 -0.03587526 0.05689239 0.04586744 0.01990598 0.1471757 0.03078496 0.008470296 0.1462319 0.01483488 -0.04177045 0.08791279 0.0424878 0.01608908 0.1475992 0.01809298 -0.04231303 0.08642596 0.01650625 0.003468632 0.1478256 0.06170505 -0.02589452 0.0403397 0.04254567 0.01608353 0.1478813 0.03578764 0.0108807 0.147019 0.06435793 -0.02157706 0.03373038 0.06434947 -0.02154344 0.03397971 0.03782826 0.01217371 0.1473462 0.01535415 -0.04145902 0.08805066 0.05560487 0.04330646 0.130838 0.01422852 0.001843988 0.1485489 0.0484153 -0.03663057 0.06074368 0.05841714 -0.02881705 0.04722309 0.0313977 0.008629143 0.1466524 0.01707726 0.00347495 0.1479865 0.04313719 0.01658737 0.148302 0.05149769 -0.03438305 0.05707657 0.03723782 -0.04130411 0.07381927 0.02528589 0.006358802 0.1467318 0.05260497 0.0320003 0.1434273 0.04328161 -0.03919434 0.06737935 0.05420273 0.03708314 0.1394396 0.03204452 -0.041637 0.07903522 0.04319608 0.01657664 0.1485859 0.04392462 -0.03835153 0.06750011 0.01422888 0.001223266 0.1488101 0.02065223 -0.04060095 0.08706301 0.01989245 0.004362583 0.1478028 0.02264201 0.005346953 0.1473596 0.05240607 -0.03287011 0.05726432 0.01651281 0.002669394 0.1485778 0.02264416 0.005319416 0.1474165 0.06523776 -0.01876139 0.03378349 0.06526011 -0.01885396 0.03299999 0.05137145 0.02893924 0.146264 0.06291168 -0.02285367 0.04051387 0.03091573 0.008212924 0.1473146 0.01793062 -0.03983086 0.08873558 0.0170837 0.002674162 0.1487308 0.06522852 -0.01872754 0.03403693 0.04973822 0.02550816 0.1482494 0.04975819 0.02553963 0.1482809 0.002211213 -0.03605014 0.09441781 0.05015915 -0.03392404 0.06109833 0.02678674 0.006531655 0.1475258 0.0596975 -0.02607333 0.04747647 0.04752695 0.02175611 0.1493313 0.03937441 -0.03888887 0.07422411 0.03153061 0.008350968 0.147729 0.06339204 -0.02151614 0.04059076 0.05448514 0.03856962 0.1403759 0.06569695 -0.01728165 0.03299999 0.06567251 -0.0171867 0.03381329 0.01651459 0.001859128 0.1490907 0.03360056 0.009218811 0.1482274 0.06566292 -0.01715284 0.03406894 0.03457599 -0.0391525 0.07954877 0.03814417 0.0118705 0.1490332 0.05108106 -0.03239166 0.06130045 0.04007631 0.01330608 0.1494208 0.04600381 -0.0354523 0.06791478 0.01708513 0.001863658 0.149239 0.01990962 0.003514587 0.1488624 0.02316135 -0.03877174 0.0876953 0.01651394 0.001239478 0.1493442 0.05570852 0.04640167 0.1324357 0.04524129 0.01827353 0.1507026 0.05410909 -0.02981364 0.05764698 0.02827239 0.006711244 0.1483517 0.05413132 -0.02977156 0.05765229 0.04840314 0.02278864 0.1505453 0.06388348 -0.02005267 0.04067504 0.05348509 0.03475493 0.1454925 0.02047228 -0.03808414 0.08941614 0.06609553 -0.01570177 0.03299999 0.06606894 -0.01560461 0.03384321 0.01708424 0.001244068 0.1494905 0.004439473 -0.0349251 0.09521114 0.02268826 0.0044474 0.1488585 0.02538776 0.005521178 0.1486117 0.06605899 -0.01557075 0.03410118 0.05473965 0.04005306 0.1413187 0.06086915 -0.02327817 0.0477367 0.05197 -0.0308389 0.06150645 0.04530358 0.01824516 0.150993 0.04141497 -0.03637337 0.07463657 0.02539008 0.005490541 0.1486656 0.01651191 5.66387e-4 0.1494987 0.05239492 0.03125047 0.1482625 0.02453231 -0.03770488 0.08804577 0.01991486 0.002703726 0.149568 0.03677672 -0.03678518 0.08001798 0.03374147 0.008864641 0.1492832 0.04778444 -0.03273075 0.06830394 0.0510171 0.02761542 0.1503666 0.02588599 -0.03660213 0.08839631 0.05572336 0.04794681 0.1332533 0.05383127 0.03595411 0.1464003 0.05554091 -0.02697962 0.05800622 0.04924738 0.02382493 0.1517716 0.04273456 -0.03462523 0.07491916 0.0268923 0.00562638 0.1493543 0.02296495 -0.03622579 0.09009337 0.02689468 0.005593955 0.1494066 0.04041135 0.01287674 0.1511138 0.06473886 -0.01721042 0.04083937 0.04223638 0.01445603 0.1515601 0.03632962 0.009992718 0.1503261 0.006938755 -0.03358036 0.09608781 0.01991474 0.001890301 0.1500532 0.06669008 -0.01271867 0.03389787 0.06672018 -0.01281905 0.03299999 0.02270501 0.003567397 0.1498581 0.06667953 -0.012685 0.03416007 0.04704898 0.0198217 0.1529372 0.04336154 -0.03375792 0.0750584 0.05571371 0.04949098 0.1340845 0.05571371 0.04948848 0.1340832 0.06203114 -0.02014696 0.04803091 0.05418288 0.03725796 0.1473938 0.05363392 -0.02770519 0.06192582 0.01991242 0.001269996 0.1502948 0.05365568 -0.02766203 0.06193166 0.02543598 0.00454849 0.1500271 0.06726324 -0.009612381 0.03299999 0.06688833 -0.01164317 0.03391832 0.03119409 0.007089912 0.1500976 0.04711437 0.01977723 0.1532337 0.0668776 -0.01160955 0.03418201 0.05513185 0.04273486 0.1430466 0.02432721 -0.0351451 0.09046953 0.06516104 -0.01562339 0.0409314 0.02838164 0.005737423 0.1501307 0.05332142 0.03357452 0.1502948 0.03887867 -0.03432148 0.0804907 0.04946887 -0.02991896 0.06870722 0.02838408 0.00570321 0.1501814 0.02270895 0.002742946 0.1505264 0.03181344 0.00717473 0.1504894 0.06249284 -0.01877266 0.04816097 0.02853673 -0.03429216 0.08909863 0.04364067 0.01524025 0.153037 0.03648078 0.009541153 0.1513583 0.05699872 -0.02378386 0.05841678 0.05231225 0.02995938 0.1527495 0.05525511 0.04372686 0.1436938 0.009454905 -0.03213495 0.09696406 0.02694165 0.004611492 0.1507253 0.02567249 -0.03403007 0.0908463 0.05082565 0.02588886 0.1542378 0.05084627 0.02591705 0.1542717 0.06554573 -0.01403057 0.04102408 0.06722939 -0.009509265 0.03395891 0.04259079 0.01389998 0.1532617 0.06721836 -0.009475946 0.0342257 0.02909642 -0.03377753 0.08925008 0.04431015 0.01562523 0.1537671 0.03872066 0.01071423 0.1523139 0.05035704 -0.02832943 0.06893622 0.02270698 0.00192368 0.1509886 0.02545225 0.003632664 0.1509697 0.06296467 -0.01727116 0.04830366 0.04876446 0.02139133 0.155232 0.05502998 -0.02480328 0.06231927 0.0453853 -0.03077989 0.07553309 0.05478835 0.03976792 0.1493267 0.04088371 -0.03176367 0.08096879 0.02270317 0.001300871 0.1512205 0.05121183 -0.02672052 0.06916898 0.05819517 -0.02086389 0.05879729 0.04883289 0.02133047 0.1555348 0.02843219 0.004679203 0.1514586 0.03404074 0.007493197 0.1519648 0.05546402 0.04568397 0.1449846 0.03110176 -0.03185087 0.08980345 0.06614786 -0.01112943 0.04119348 0.03131103 0.005976617 0.1517827 0.01224786 -0.0304175 0.09793871 0.02545481 0.002791345 0.1516019 0.05423015 0.03614538 0.1525718 0.02830719 -0.03170019 0.09160256 0.02695769 0.003674149 0.1516374 0.03131365 0.005938649 0.1518304 0.06761437 -0.006287992 0.0340203 0.04400819 0.01459842 0.1547458 0.06765127 -0.006392717 0.03299999 0.04217886 -0.02999037 0.08129447 0.03888148 0.01017415 0.1533271 0.06760293 -0.006255149 0.0342918 0.05337005 0.03207498 0.1549268 0.06378448 -0.01436102 0.04858225 0.04967141 0.02226686 0.1565247 0.04711365 -0.02799135 0.07597458 0.02886354 -0.03118205 0.09176582 0.03193211 0.006030976 0.1521551 0.0564481 -0.02153509 0.06276875 0.03193473 0.005992174 0.1522023 0.06633991 -0.01004964 0.04125678 0.05508393 0.04115754 0.1504091 0.04279381 -0.0291118 0.08145445 0.05214774 0.02777123 0.156515 0.002180397 -0.02713972 0.1014287 0.04974156 0.02219682 0.1568311 0.06418836 -0.01273947 0.04873865 0.04468411 0.01494151 0.1554799 0.02545106 0.001963376 0.1520417 0.01426005 -0.0291025 0.09864735 0.04102295 0.01145178 0.1543746 0.05280727 -0.02347868 0.06964159 0.05458831 0.03726392 0.1535724 0.04648172 0.01692897 0.1562646 0.05282807 -0.02343416 0.06964808 0.02695953 0.002822041 0.15225 0.05928474 -0.01790076 0.05918902 0.0284481 0.00371927 0.1523409 0.02544569 0.001336455 0.1522635 0.01476329 -0.02876305 0.09882587 0.05054605 0.02314519 0.1578306 0.05535119 0.04254424 0.1514986 0.03356921 -0.02928805 0.09051191 0.05061787 0.02306598 0.1581407 0.06667006 -0.007909417 0.04138255 0.0308572 -0.02924489 0.09236323 0.03136432 0.004828572 0.1530286 0.03680187 0.007919311 0.1539476 0.0678845 -0.003160834 0.03299999 0.06784594 -0.003055393 0.03408211 0.02695477 0.001988172 0.1526775 0.04874396 -0.02511662 0.07642877 0.05495256 0.03847968 0.1546674 0.06783425 -0.003023207 0.03435832 0.05569225 0.04861336 0.1469535 0.06455582 -0.01111453 0.04889619 0.02844923 0.002855479 0.1529344 0.03416591 0.006237447 0.1535627 0.05760926 -0.01855272 0.06318545 0.004380047 -0.02593261 0.102302 0.04119372 0.01082301 0.1553713 0.04477638 -0.02610033 0.08199733 0.03416872 0.006195664 0.1536077 0.05432945 0.03419977 0.1571404 0.06794333 -0.001535356 0.03299999 0.06796342 9.64933e-5 0.03299999 0.06790423 -0.001429855 0.03411328 0.04960167 -0.02349412 0.0766853 0.03198599 0.004863023 0.153384 0.05414044 -0.02048271 0.07008367 0.02694863 0.001358211 0.1528937 0.06789249 -0.001398086 0.03439188 0.06733965 0.001797616 0.04195952 0.04323804 0.0122056 0.1565089 0.01726382 -0.02701139 0.09972274 0.05348908 0.02986234 0.1590772 0.04687744 0.01610434 0.1579924 0.04835087 0.01812738 0.1585931 0.06035947 -0.01459509 0.05963313 0.02844357 0.002014815 0.1533496 0.03138017 0.00382018 0.1538536 0.03571295 -0.02686744 0.09115839 0.02843666 0.001381397 0.1535602 0.06704217 -0.004683673 0.04157304 0.05576545 0.04505121 0.1534934 0.03331053 -0.02667367 0.09312927 0.06512987 -0.008161067 0.04918479 0.05218362 0.02489346 0.1604573 0.0586642 -0.01553004 0.06361472 0.05220502 0.0249173 0.1604933 0.0504257 -0.02185368 0.0769453 0.03200191 0.003843724 0.1541972 0.03922331 0.008323967 0.1558406 0.006850123 -0.0245139 0.1032811 0.05558109 0.04081875 0.156797 0.06078469 -0.01314884 0.05982995 0.05225867 0.024796 0.1607747 0.04646646 -0.02328717 0.08249926 0.05228006 0.02481955 0.1608109 0.06531262 -0.007063865 0.0492928 0.03422248 0.004995584 0.1547319 0.04467993 0.01272213 0.1579871 0.05548906 -0.01711541 0.07058787 0.04341906 0.01148802 0.1574914 0.01973551 -0.02516758 0.1006301 0.03196918 5e-4 0.1554716 0.02842718 6.95109e-4 0.1536909 0.06121796 -0.01157182 0.06004631 0.05581951 0.05152654 0.14896 0.03693616 0.006518602 0.1554652 0.03775876 -0.02436649 0.09180855 0.03138017 0.002930164 0.1544098 0.03544205 -0.02425009 0.09382945 0.05589646 0.04597854 0.1542399 0.03693914 0.006472885 0.1555076 0.06726539 -0.001452445 0.04176509 0.05527234 0.03654724 0.1596194 0.05970203 -0.0121625 0.06410175 0.04536789 0.01297646 0.1587193 0.06562614 -0.004892349 0.04950773 0.03200179 0.002947628 0.1547456 0.00933963 -0.02301257 0.1042745 0.05458658 0.03174716 0.1614174 0.04876643 0.0171743 0.1603369 0.05195963 -0.01855343 0.07747101 0.05012774 0.01934343 0.1609872 0.0519796 -0.01850813 0.07747828 0.04805785 -0.02039307 0.08301287 0.05588871 0.042113 0.157989 0.002190351 -0.02125787 0.1061167 0.03137296 0.002073645 0.154801 0.0673213 1.70263e-4 0.04186201 0.05584597 0.05298274 0.1499827 0.0601117 -0.01069062 0.06431782 0.05658847 -0.01404863 0.07105499 0.05564457 0.03756749 0.1607084 0.03423887 0.0039348 0.1555029 0.02216392 -0.023238 0.1015484 0.04486805 0.01194459 0.1589613 0.03199428 0.002087295 0.1551316 0.06196737 -0.008524835 0.06047004 0.05355799 0.02648657 0.1628824 0.03136461 0.001431822 0.1550002 0.03970843 -0.02178633 0.09246462 0.05612015 0.04780822 0.1557276 0.04155743 0.008743941 0.1578165 0.0488938 -0.01876199 0.0833019 0.05363589 0.02637237 0.1632067 0.0374763 -0.02175003 0.09453445 0.06733959 0.001795291 0.0419594 0.05106854 0.02002215 0.1623369 0.06052857 -0.009086787 0.06455552 0.04555952 0.01216965 0.1596898 0.05323678 -0.0155093 0.07796072 0.004399836 -0.02004152 0.1070428 0.05616742 0.04340404 0.1591884 0.03198564 0.001443386 0.1553284 0.0369969 0.005179286 0.156563 0.02349269 -0.0221284 0.1020648 0.03936684 0.006789803 0.1572912 0.06233465 -0.00683242 0.06070864 0.03135347 7.37982e-4 0.1551241 0.03937005 0.00674045 0.1573314 0.0558477 0.0544371 0.1510182 0.0558477 0.05443954 0.1510199 0.0565589 0.05599516 0.1626594 0.01210618 -0.0212543 0.105396 0.05602353 0.03867578 0.1618996 0.06597793 -0.001627445 0.04983419 0.03423827 0.003015041 0.1560235 0.04969608 -0.01711446 0.08359408 0.05558359 0.03363752 0.1637951 0.04096662 -0.02000594 0.09291052 0.05056339 0.01826107 0.1627492 0.05758273 -0.01094615 0.0715363 0.03197413 7.47707e-4 0.1554508 0.04760217 0.01384091 0.1612299 0.04156363 -0.01912617 0.09312921 0.05197674 0.02070331 0.1637012 0.02480602 -0.02099192 0.1025863 0.03422987 0.002139687 0.156391 0.03701454 0.004062294 0.1572832 0.04380583 0.009179174 0.1598752 0.06266748 -0.005140304 0.06094974 0.05495506 0.02825462 0.1656102 0.03941488 -0.01917463 0.09524655 0.05151528 0.01886808 0.1641098 0.01410126 -0.01992356 0.1062221 0.03422039 0.001487553 0.1565788 0.05636894 0.05054706 0.1579938 0.06124788 -0.005990862 0.06502151 0.05660086 0.04573667 0.1613831 0.006880879 -0.01862269 0.1080902 0.055036 0.02812188 0.1659422 0.01460051 -0.01958191 0.1064316 0.03943234 0.005359351 0.1583289 0.04171115 0.00707513 0.1592054 0.05452364 -0.01209396 0.07851755 0.0478059 0.01293587 0.1621897 0.06618678 0.001633465 0.05016434 0.0417146 0.007022023 0.1592437 0.05118685 -0.01380449 0.08418297 0.05667847 0.04080587 0.164215 0.03701394 0.003109455 0.1577697 0.05120623 -0.01375907 0.08419108 0.002215147 -0.01693516 0.1097037 0.05673849 0.04659903 0.162204 0.04066586 -0.01739943 0.09573084 0.04952907 0.01463961 0.1635783 0.06159943 -0.004273056 0.06528437 0.05656516 0.03572291 0.1664557 0.0585559 -0.007496416 0.07208305 0.0524345 0.01947754 0.1654855 0.06318408 -0.002074599 0.06139314 0.04527103 0.009480595 0.1613077 0.05367982 0.02205979 0.1664466 0.04348647 -0.01612067 0.09386968 0.05370205 0.02207833 0.1664844 0.05699956 0.04198324 0.1655101 0.02738106 -0.01864063 0.1036451 0.0662378 0.003267645 0.05033147 0.03700488 0.002212464 0.1581142 0.03945195 0.004188418 0.1590058 0.04125946 -0.0165227 0.09596842 0.02792531 -0.01812154 0.1038758 0.04597061 0.009629905 0.1620191 0.05610024 0.02984654 0.1681002 0.05695319 0.03662824 0.1676236 0.06334739 -9.38971e-4 0.06155967 0.05618387 0.02969706 0.1684392 0.009381532 -0.01713216 0.1091619 0.03699463 0.001548409 0.1582908 0.05893844 -0.005990922 0.07232588 0.04178243 0.005551218 0.1601874 0.05651456 0.05327105 0.1602986 0.01708251 -0.01782989 0.1074916 0.04397094 0.007374167 0.1612078 0.04974406 0.01364535 0.1645306 0.0619173 -0.002556681 0.06555026 0.04397463 0.007317364 0.1612442 0.05697429 0.04829978 0.1638391 0.05556839 -0.008988738 0.07903236 0.05729097 0.04315674 0.1668124 0.06625288 0.004901766 0.05049973 0.06625282 0.004904508 0.05049997 0.05242508 -0.01075619 0.08472949 0.03945195 0.003202974 0.1594628 0.004448592 -0.01574033 0.1106668 0.05136448 0.01545381 0.1659997 0.05932658 -0.004351913 0.07259339 0.05734854 0.03761082 0.1689005 0.04512298 -0.01332575 0.09455174 0.05415928 0.02069193 0.1682552 0.06362563 0.001303374 0.06189227 0.05418181 0.0207085 0.1682932 0.05511218 0.02329653 0.1689829 0.02987676 -0.0161913 0.1047251 0.05654942 0.0546329 0.1614715 0.03944283 0.002284109 0.1597872 0.04317122 -0.01353001 0.09677314 0.0454443 0.007583081 0.1626051 0.01953828 -0.01600289 0.1085765 0.04180479 0.00432384 0.1608238 0.04544824 0.007523655 0.1626405 0.0624088 5.49522e-4 0.06604021 0.05714243 0.03144139 0.1706284 0.05650931 -0.005852162 0.0795623 0.04824525 0.01014137 0.1644666 0.01216059 -0.01539868 0.1103823 0.05233782 0.01590967 0.1673675 0.006955504 -0.0143522 0.111763 0.05722856 0.03127509 0.1709743 0.05366963 -0.007341086 0.08534902 0.03943228 0.001607835 0.1599537 0.06256359 0.00169909 0.06622451 0.0440489 0.00575453 0.1621384 0.05999302 -0.001192569 0.07311892 0.04614806 0.007687032 0.1633002 0.05159109 0.0143699 0.1669465 0.04666119 -0.01046127 0.09524697 0.04615211 0.007626354 0.163335 0.002254605 -0.01273679 0.1133906 0.05745166 0.05589705 0.1714378 0.0565589 0.05599308 0.1626576 0.04479801 -0.01074975 0.09751445 0.05723893 0.05084377 0.1663269 0.04180604 0.003303468 0.1612529 0.06393265 0.004661738 0.0624004 0.05774497 0.04527449 0.1691935 0.05803257 0.03949701 0.1713801 0.0322808 -0.01365166 0.1058259 0.05327844 0.01636826 0.1687517 0.01416504 -0.01409423 0.1112874 0.05561095 0.02179998 0.1708149 0.02195346 -0.01410657 0.1096861 0.05257087 0.01477617 0.168312 0.0578894 0.04605662 0.1700834 0.01466673 -0.01376032 0.1115177 0.05657136 0.02466958 0.1718364 0.06031686 5.57914e-4 0.07341617 0.04552745 0.0058977 0.1635035 0.04179745 0.002360761 0.1615577 0.05742573 -0.00236988 0.08016431 0.04407483 0.004468262 0.1627369 0.05021029 0.0106191 0.1667669 0.06282615 0.003967285 0.06659322 0.04746812 -0.00885117 0.09563702 0.05817025 0.03319853 0.1734545 0.00948137 -0.01289975 0.1128914 0.05836832 0.04053813 0.1727656 0.04178696 0.001671016 0.1617143 0.05467718 -0.004240095 0.08592039 0.004526078 -0.01159512 0.1143835 0.04623389 0.005969285 0.1641836 0.05825895 0.03301352 0.1738082 0.02327597 -0.01302242 0.1103147 0.04843753 0.008045434 0.1656972 0.05778455 -8.51891e-4 0.08043181 0.048442 0.007980465 0.1657303 0.06060832 0.00230503 0.07371753 0.05351811 0.01518517 0.1696947 0.04407805 0.003410756 0.1631394 0.04824173 -0.007227599 0.09603029 0.04177272 9.34775e-4 0.1618109 0.04552072 5e-4 0.1649795 0.05739742 0.05337172 0.1688538 0.05813729 0.0475977 0.1718544 0.03437161 -0.01127725 0.1068421 0.04555624 0.004570424 0.1640779 0.05857712 0.03396052 0.174694 0.06410706 0.008000373 0.06291842 0.05867326 0.04157477 0.1741578 0.01716101 -0.01205319 0.1126877 0.05866676 0.0337674 0.1750509 0.02458381 -0.01191627 0.1109528 0.05504548 0.01728427 0.1715424 0.05506861 0.01729679 0.1715807 0.05814754 7.99628e-4 0.08072674 0.06311279 0.00736016 0.0671581 0.05709087 0.02303087 0.1736959 0.01228785 -0.01121735 0.1141839 0.05776995 0.02590608 0.1744412 0.0440706 0.0024423 0.1634256 0.04626417 0.004621624 0.1647467 0.05743759 0.05463451 0.1701382 0.0641449 0.009667396 0.06318223 0.06330186 0.01408326 0.068331 0.04556113 0.003486752 0.1644635 0.007073938 -0.01027232 0.1155211 0.05208534 0.01111066 0.1691482 0.05899184 0.03478693 0.1760483 0.0610556 0.005462586 0.07427459 0.04406058 0.001737952 0.1635725 0.04967683 -0.003973543 0.09682017 0.05908262 0.03458505 0.1764088 0.04853314 0.006217539 0.1665332 0.04969549 -0.003929018 0.09683102 0.05041724 0.008383095 0.1679567 0.05042207 0.008314192 0.1679884 0.04627001 0.003524899 0.1651242 0.04404658 9.88776e-4 0.1636627 0.002307116 -0.008715212 0.1172121 0.05529814 0.01600331 0.1724836 0.06119519 0.006629645 0.07448488 0.01962965 -0.01028168 0.1138925 0.05532145 0.01601445 0.172522 0.04555469 0.002499938 0.1647374 0.0574516 0.0558952 0.171436 0.01431173 -0.009955644 0.1151471 0.05876797 0.003979861 0.08130693 0.05308097 0.01138776 0.1704972 0.05841672 0.04989933 0.1745457 0.05914872 0.04344284 0.1766999 0.02715027 -0.00963968 0.1122573 0.01481825 -0.009633243 0.1153927 0.05653512 0.01812249 0.1741254 0.06327098 0.01072782 0.06773608 0.0583074 0.02413994 0.1763265 0.04554527 0.001785099 0.164878 0.02769309 -0.009139001 0.1125429 0.05886274 0.02714478 0.1770853 0.04626423 0.002528846 0.1653923 0.009639561 -0.00889194 0.1166999 0.04856932 0.004799962 0.1670606 0.05906784 0.005740165 0.08163577 0.05930006 0.04413181 0.1776489 0.04553169 0.00102663 0.1649641 0.06142991 0.008929967 0.07490676 0.004629015 -0.007667303 0.118219 0.05971032 0.03637146 0.1786752 0.04625511 0.001808702 0.1655299 0.05404424 0.01166772 0.1718651 0.05086624 -9.84744e-4 0.09754973 0.059803 0.03615254 0.1790425 0.0505228 0.006453275 0.168754 0.06330227 0.01240736 0.06803137 0.0523079 0.008733093 0.1703018 0.0523132 0.008660197 0.1703324 0.04624181 0.001045584 0.165614 0.05679953 0.01675295 0.175067 0.04857879 0.003657758 0.1674124 0.02205842 -0.008451104 0.1151314 0.0600633 0.03724497 0.1801413 0.05933648 0.007495999 0.08196955 0.05858582 0.05218195 0.177274 0.02964043 -0.007282733 0.1135989 0.0173366 -0.007987916 0.116644 0.05956 0.04548776 0.1795355 0.06330156 0.01408147 0.06833064 0.05331259 0.008931398 0.1716328 0.05805605 0.01905608 0.1770364 0.05331814 0.008856236 0.1716628 0.05994254 0.02850925 0.1800393 0.02338886 -0.007407903 0.1158361 0.04857552 0.002629399 0.1676618 0.01248878 -0.007297396 0.1180583 0.05056512 0.004970133 0.1692517 0.007230997 -0.006454229 0.119382 0.06038397 0.03811383 0.1816129 0.04856789 0.001890659 0.1677895 0.05242443 0.006699264 0.1710644 0.06168025 0.01236492 0.07555657 0.05585652 0.01223063 0.1746303 0.05205887 0.002356112 0.09837269 0.05862957 0.05332046 0.1786587 0.05588024 0.01223832 0.1746684 0.06037044 0.02910083 0.1813341 0.0597456 0.01066625 0.08258849 0.05428504 0.009132504 0.1729843 0.05429083 0.009055078 0.1730137 0.05057865 0.003784716 0.1695819 0.05833333 0.01758915 0.17798 0.0534355 0.006839394 0.172378 0.05864614 0.05445754 0.1800584 0.002376198 -0.004537165 0.1216645 0.05930823 0.01989924 0.179697 0.06080716 0.02974224 0.1827483 0.05057835 0.002725422 0.1698153 0.05247366 0.00514847 0.1715351 0.05057239 0.001968741 0.1699345 0.06088429 0.03967726 0.1842959 0.05302214 0.005383789 0.09912806 0.05441457 0.006981909 0.173713 0.05249184 0.003918051 0.1718451 0.05611604 0.00953871 0.1757209 0.05614006 0.009544312 0.1757587 0.05348891 0.005250334 0.1728348 0.004764139 -0.003648042 0.1226555 0.05612236 0.009456872 0.1757494 0.05614638 0.009462356 0.1757871 0.06104356 0.04025304 0.1852959 0.06156432 0.03097146 0.1854889 0.052495 0.002826154 0.1720634 0.05350983 0.003994286 0.1731343 0.05249118 0.002050518 0.1721746 -0.0677452 0.005619406 0.03299999 -0.06708669 0.01110726 0.03299999 -0.06514132 0.01733988 0.05050003 -0.06494241 0.02034646 0.03299999 -0.06574749 0.01749461 0.03299999 -0.06643056 0.01460903 0.03299999 -0.06678128 0.01286274 0.03299999 -0.05866509 0.03477203 0.03299999 -0.06009465 0.03217303 0.03299999 -0.06143838 0.02926242 0.05049997 -0.06140708 0.02952545 0.03299999 -0.06272971 0.026524 0.03299999 -0.06391108 0.02345663 0.03299999 -0.04925221 0.04747712 0.03299999 -0.05036646 0.04625439 0.03299999 -0.05358338 0.04282432 0.05049997 -0.05145215 0.04500526 0.03299999 -0.05351698 0.04245179 0.03299999 -0.05451095 0.04112976 0.03299999 -0.05547422 0.03978377 0.03299999 -0.05712753 0.03730487 0.03299999 -0.04327768 0.05316859 0.03299999 -0.04452884 0.05208426 0.03299999 -0.04694467 0.04983645 0.03299999 0.06790137 0.003057062 0.03299999 0.0677132 0.006007552 0.03299999 0.06744748 0.008561193 0.03299999 0.0651412 0.01733988 0.05049997 0.06708669 0.01110726 0.03299999 0.06680691 0.01272666 0.03299999 0.06648981 0.01433396 0.03299999 0.06574434 0.01751267 0.03299999 0.06484705 0.02065855 0.03299999 0.06143832 0.02926242 0.05049997 0.06379801 0.02376979 0.03299999 0.062608 0.0268138 0.03299999 0.0619542 0.02832585 0.03299999 0.06126427 0.02982336 0.03299999 0.05993282 0.03247886 0.03299999 0.05358332 0.04282438 0.05049997 0.05849599 0.0350629 0.03299999 0.05694133 0.03759765 0.03299999 0.05528581 0.04005569 0.03299999 0.0533266 0.04269969 0.03299999 0.05229872 0.04398876 0.03299999 0.05123937 0.04525482 0.03299999 0.04924696 0.04748171 0.03299999 0.04716426 0.04961937 0.03299999 0.04498857 0.05167126 0.03299999 0.04351127 0.05296957 0.03299999 -0.05846816 0.06271433 0.2010866 -0.05835843 0.06306225 0.2003702 -0.058802 0.06113183 0.1982075 -0.05364745 0.07729744 0.2039241 -0.05289715 0.0791198 0.1952152 -0.0548762 0.07415348 0.1993346 -0.06065273 0.05377602 0.2002843 -0.05922329 0.05802333 0.1925343 -0.06076651 0.04974794 0.1915171 -0.05386227 0.07660353 0.206164 -0.05510354 0.07352644 0.2015294 -0.04890853 0.0874778 0.2059702 -0.04715424 0.09081757 0.1996325 -0.04841107 0.08852124 0.1970061 -0.06104123 0.05242258 0.2021492 -0.06117457 0.04857808 0.1933811 -0.06261897 0.04374921 0.1993687 -0.06017589 0.0564298 0.2060238 -0.04761034 0.08967953 0.20873 -0.06316024 0.04163962 0.2014034 -0.05627793 0.06928801 0.2114855 -0.0570603 0.06644821 0.1907957 -0.06054699 0.05495548 0.2078896 -0.05980843 0.05778104 0.2089365 -0.05637544 0.06886667 0.2122223 -0.04026955 0.1014506 0.2075782 -0.04647266 0.09012562 0.1803676 -0.04702103 0.09096282 0.1966104 -0.04004734 0.1009443 0.1902434 -0.06016927 0.05624514 0.2108025 -0.04951179 0.08512616 0.215159 -0.06240952 0.0469641 0.208074 -0.05496191 0.07199752 0.2162835 -0.04032313 0.1012049 0.2108002 -0.05505251 0.07154434 0.217029 -0.04968172 0.08426874 0.2175096 -0.04816061 0.08719247 0.2180433 -0.06292086 0.04462492 0.2100643 -0.04831516 0.08629268 0.2204227 -0.06184929 0.0490818 0.2137736 -0.06475502 0.03423124 0.2068479 -0.05755072 0.06303519 0.2201979 -0.06335508 0.01970046 0.06662273 -0.06327944 0.0141589 0.06845963 -0.06143331 0.05015987 0.2166653 -0.06498628 0.03297191 0.2075747 -0.0628255 0.02132284 0.06973487 -0.06262141 0.02439349 0.06733638 -0.06233483 0.04659092 0.2157346 -0.0621072 0.02676254 0.06770354 -0.04050713 0.09966903 0.2204833 -0.05786311 0.06125962 0.2220635 -0.06209099 0.02599447 0.07058745 -0.06128656 0.0210576 0.0800842 -0.06190389 0.04759156 0.2186111 -0.06158071 0.02835267 0.07102614 -0.05613863 0.0653221 0.2250558 -0.05919408 0.03579699 0.06915783 -0.05053424 0.07875561 0.2280276 -0.06073623 0.02817511 0.08219021 -0.05060327 0.0782234 0.2287939 -0.05871063 0.03734683 0.07276386 -0.05642551 0.06344193 0.2269201 -0.05747491 0.03962028 0.06980258 -0.05999565 0.0328139 0.08359622 -0.06442779 0.03654217 0.2153319 -0.05702304 0.04115408 0.07353436 -0.04908639 0.0805422 0.2310436 -0.05949974 0.03515553 0.08431905 -0.06464678 0.03518295 0.2160286 -0.05920135 0.02914756 0.09353935 -0.04914855 0.07998913 0.2318151 -0.05204236 0.04879689 0.07141965 -0.04072952 0.09659069 0.2303478 -0.05858707 0.03629875 0.09661304 -0.05894821 0.05434888 0.2278366 -0.05679339 0.04409211 0.08717739 -0.06376492 0.03806263 0.2208849 -0.05034822 0.05112779 0.07184213 -0.04079163 0.09550315 0.2328547 -0.05169981 0.05029642 0.07546758 -0.06646198 0.02316427 0.2118536 -0.05004155 0.05261987 0.07597297 -0.06397283 0.03663742 0.2215616 -0.05522781 0.04788029 0.08844262 -0.05785804 0.04095768 0.09865623 -0.05934947 0.05147856 0.2297202 -0.05738437 0.04331004 0.09970372 -0.06328928 0.03883594 0.2237007 -0.05726349 0.03812903 0.1093822 -0.05741769 0.05617034 0.2326493 -0.05033087 0.05699872 0.09161216 -0.06671714 0.02099633 0.2125292 -0.05141675 0.07102596 0.2369368 -0.05486565 0.0522986 0.1038273 -0.04881292 0.05932229 0.09244006 -0.06349062 0.03737699 0.224367 -0.0566737 0.04531079 0.1136033 -0.05162769 0.06888371 0.238794 -0.05342906 0.05611783 0.1056432 -0.05778318 0.05316787 0.2345036 -0.05640643 0.04318022 0.1193237 -0.04987692 0.07253366 0.2399858 -0.0559982 0.04999119 0.1163931 -0.06604999 0.02468574 0.2200995 -0.05556327 0.05235606 0.1178182 -0.05006456 0.07032191 0.2418403 -0.04109388 0.08868503 0.2439298 -0.05587655 0.05032896 0.1242631 -0.04896587 0.0653463 0.1101689 -0.06629407 0.02238023 0.2207373 -0.04111731 0.08803743 0.2447243 -0.04089146 0.06940901 0.09601169 -0.05591839 0.04702043 0.1278449 -0.06052583 0.04183524 0.2345609 -0.04758763 0.06770783 0.1113458 -0.06747424 0.01271158 0.2144016 -0.05525034 0.0549913 0.1275171 -0.06530696 0.02568483 0.2254928 -0.05326569 0.06141275 0.1233947 -0.06069642 0.04024493 0.2351846 -0.05484366 0.05734878 0.129176 -0.0519573 0.06527525 0.1258335 -0.05234616 0.06070661 0.2443976 -0.05546021 0.05409157 0.1333928 -0.05488198 0.05870783 0.1370391 -0.06553947 0.02328866 0.2261049 -0.06478333 0.0261923 0.2282252 -0.05885142 0.04313611 0.2392277 -0.05267417 0.06639385 0.1356452 -0.05450004 0.06104391 0.1388952 -0.05069988 0.06190395 0.2474069 -0.05260699 0.05737215 0.2461717 -0.05564343 0.05176413 0.1407274 -0.04788273 0.07466012 0.1318702 -0.05566084 0.05260252 0.1435374 -0.05900603 0.04148834 0.2398313 -0.05142891 0.07026207 0.1384635 -0.06500881 0.02374994 0.2288238 -0.04662132 0.07707607 0.1334309 -0.06781637 0.00662893 0.215158 -0.06702262 0.01359838 0.2224996 -0.05531919 0.05861234 0.1471673 -0.05242794 0.07002329 0.1461154 -0.05092912 0.05848109 0.2491582 -0.0413767 0.079405 0.2530075 -0.05536812 0.05938297 0.150165 -0.0414381 0.07687437 0.254845 -0.06623464 0.01417976 0.2277913 -0.05481773 0.06309193 0.1513888 -0.06179034 0.02815598 0.2387402 -0.05122417 0.07387357 0.149252 -0.05447161 0.06536233 0.1535341 -0.06735521 0.007168352 0.2232142 -0.06568282 0.0144748 0.2304697 -0.04752171 0.0796979 0.145413 -0.05335932 0.04636538 0.2505796 -0.05488318 0.06382048 0.1545076 -0.06198084 0.02553421 0.239282 -0.05606824 0.05526548 0.1556551 -0.05346709 0.04457354 0.2511289 -0.05454421 0.06607025 0.1567139 -0.05999553 0.02900499 0.2432438 -0.04630529 0.08213704 0.1472039 -0.05158615 0.04721486 0.2534765 -0.05620735 0.05557566 0.1579423 -0.04007363 0.0877096 0.1400904 -0.04162663 0.06735044 0.2602258 -0.05590826 0.06166297 0.1630502 -0.06655246 0.007521748 0.2284757 -0.05167979 0.04538482 0.2540104 -0.05251646 0.07411605 0.1618548 -0.06016749 0.02630519 0.2437582 -0.06751471 6.95574e-4 0.223523 -0.06751823 5e-4 0.2235273 -0.04741001 0.08329945 0.156965 -0.05606979 0.06188219 0.1654727 -0.06599074 0.007700979 0.2311374 -0.04168695 0.0635212 0.2618653 -0.05675858 0.05608671 0.1649197 -0.06254893 0.01561403 0.2407539 -0.05260843 0.07475084 0.1652671 -0.06670361 8.23657e-4 0.228779 -0.06613928 5e-4 0.2314444 -0.04621422 0.08574515 0.1589484 -0.066136 8.88605e-4 0.2314365 -0.0554865 0.06585896 0.1678901 -0.05415022 0.0311042 0.2541503 -0.05135047 0.07788574 0.1654577 -0.06067883 0.01610535 0.2451446 -0.05426764 0.02821016 0.2545892 -0.06280553 0.008392632 0.2413442 -0.05517256 0.06798958 0.170347 -0.05227059 0.03165429 0.2569209 -0.0556575 0.06602025 0.1704006 -0.04183608 0.05106306 0.2657511 -0.05144637 0.07849258 0.1689687 -0.04185438 0.04905754 0.2662111 -0.03995907 0.09293252 0.1548228 -0.05237162 0.02870899 0.2573382 -0.06090795 0.008690655 0.245694 -0.06292033 0.001139104 0.2416147 -0.06100994 5e-4 0.2459574 -0.05534678 0.06812202 0.172902 -0.05667847 0.06207317 0.1728378 -0.05461323 0.01731657 0.2557346 -0.05755281 0.05582261 0.172271 -0.06100726 0.001246988 0.2459452 -0.05779862 0.05559808 0.1741982 -0.05628716 0.06600588 0.1780186 -0.05266767 0.01763302 0.2584142 -0.04195189 0.03413349 0.2685877 -0.04758387 0.08716642 0.1742911 -0.05476427 0.009424448 0.2561636 -0.05328732 0.07623481 0.1798584 -0.04196518 0.03095513 0.268901 -0.052796 0.009615898 0.2588077 -0.05482429 0.001512467 0.2563491 -0.05284643 5e-4 0.2589825 -0.05598205 0.06800496 0.1806479 -0.05750834 0.06139242 0.1805447 -0.05284601 0.001581728 0.2589725 -0.04199725 0.01905339 0.2696428 -0.04200708 0.01047396 0.2698648 -0.03993225 0.09662353 0.1673713 -0.04201 0.001891732 0.2699306 -0.04638707 0.08958834 0.176558 -0.04767483 0.08771568 0.1780402 -0.05346381 0.07625997 0.1825839 -0.05775821 0.0610435 0.1825537 -0.05212229 0.07980287 0.1839684 -0.059161 0.05353754 0.1831818 -0.05712246 0.06505548 0.1859585 -0.05928003 0.05330294 0.1838665 -0.05229437 0.07978397 0.1867668 -0.05737036 0.06462574 0.1880211 -0.05681478 0.06691879 0.188706 -0.05408835 0.0757566 0.1908215 -0.05910748 0.05831491 0.1918336 -0.04826635 0.08864176 0.1940298 -0.04001182 0.1004435 0.1861759 -0.05868989 0.06146079 0.1974964 0.05307453 0.07866042 0.1946579 0.052863 0.07897794 0.1919133 0.04873883 0.087933 0.2030902 0.04826074 0.08864444 0.1939112 0.04724997 0.09054315 0.1960227 0.0608381 0.0495485 0.1918498 0.06009358 0.05149602 0.1882386 0.05955904 0.05869024 0.2027052 0.05873072 0.06134212 0.1977568 0.055121 0.07347553 0.201694 0.05478078 0.07439595 0.1983829 0.05406111 0.07613193 0.2057063 0.05373668 0.07713866 0.2023357 0.04700893 0.09051579 0.1899905 0.04376167 0.09614777 0.1957588 0.04394108 0.09608453 0.2020092 0.04769665 0.08976095 0.2053155 0.04891079 0.08747112 0.2060077 0.05929827 0.05980098 0.2049236 0.05848425 0.06255972 0.1999533 0.055848 0.07102316 0.2080841 0.05796134 0.06407988 0.1964066 0.06187474 0.04637497 0.1963928 0.06271654 0.04338151 0.1997427 0.0400446 0.1009079 0.1899122 0.04017227 0.1015973 0.2009957 0.0435214 0.09538084 0.1850255 0.04785686 0.08927083 0.2082678 0.0602411 0.0561769 0.2063587 0.05996686 0.05720043 0.2085836 0.05475002 0.07348573 0.2121945 0.05631345 0.06913566 0.2117555 0.04026788 0.1014573 0.2074493 0.0494399 0.08546346 0.2141369 0.04427093 0.09510564 0.2116289 0.06384581 0.03869551 0.2038393 0.05518835 0.07146859 0.2159093 0.06117999 0.05224019 0.2108708 0.0483486 0.0871669 0.2164878 0.04438859 0.09453588 0.2146812 0.04969471 0.08419984 0.2176855 0.05702716 0.06580102 0.2168413 0.06088554 0.05314582 0.2130908 0.04858469 0.08585178 0.2200722 0.06193691 0.04864531 0.2141361 0.06330186 0.01408457 0.06833124 0.05585712 0.06792998 0.2210344 0.06262254 0.02439028 0.06732964 0.04044485 0.1003025 0.2173762 0.06223851 0.02620077 0.06760966 0.05760574 0.06272912 0.2205339 0.06211447 0.02592259 0.07044386 0.06488651 0.033522 0.2072625 0.06173312 0.0277251 0.07077616 0.0616253 0.04945784 0.216343 0.06128466 0.02106404 0.08009552 0.0502268 0.08097171 0.2244659 0.05919504 0.0357939 0.06915038 0.06039756 0.02437216 0.08556747 0.04474818 0.09215646 0.2231636 0.04050838 0.09965932 0.2205231 0.05873209 0.03727692 0.07260459 0.05772417 0.0391044 0.06970733 0.05639666 0.0646907 0.2247369 0.04907631 0.08250582 0.2269114 0.05999362 0.03282082 0.08360904 0.04491978 0.09069252 0.2268516 0.0505594 0.07856291 0.2283086 0.05728691 0.04057401 0.07326573 0.05962228 0.03461033 0.08416074 0.06294929 0.04316747 0.2180569 0.05907213 0.03614163 0.08973294 0.06569832 0.02869069 0.2097162 0.0583924 0.0580362 0.2250103 0.05870628 0.03793293 0.09038579 0.05204302 0.04879391 0.07141125 0.05066567 0.05070251 0.07175683 0.05679154 0.04409903 0.08719158 0.0626139 0.04385727 0.2202363 0.04938238 0.0800172 0.2307795 0.04070359 0.0970214 0.2292546 0.05171507 0.05022835 0.07528889 0.05036556 0.05213099 0.07569944 0.05712699 0.05977052 0.2291998 0.05545151 0.04737883 0.08828544 0.05105841 0.07440495 0.2335465 0.04624611 0.05613547 0.07274574 0.05902069 0.05384367 0.2281864 0.0559535 0.04743504 0.09396648 0.04527413 0.08700436 0.2338601 0.04603826 0.05754905 0.07687485 0.04079681 0.09541571 0.2330412 0.05465966 0.05072224 0.09525644 0.06388312 0.03725945 0.2212718 0.05726563 0.03811728 0.1093608 0.04983991 0.0757324 0.2360392 0.05032956 0.0570057 0.09162801 0.06352561 0.03783541 0.2234183 0.05696022 0.03978526 0.1125262 0.04909533 0.05890804 0.09230571 0.0577082 0.0553981 0.2323462 0.04973226 0.06038457 0.09919095 0.04549211 0.08428257 0.2378011 0.06676477 0.02056747 0.2126525 0.05600017 0.04997998 0.1163695 0.051454 0.07065528 0.2372727 0.04854738 0.06229692 0.09998744 0.04515123 0.06433665 0.09424591 0.05985563 0.04757761 0.2319229 0.05567365 0.05178701 0.117457 0.05020105 0.07187777 0.239769 0.06461459 0.03182899 0.2235412 0.05572533 0.0516411 0.1199126 0.05540549 0.05344766 0.1210573 0.04098778 0.09139806 0.2402109 0.0447666 0.0677607 0.1022656 0.06423979 0.03231215 0.2256583 0.04089146 0.06941562 0.09602892 0.05591934 0.04701089 0.127823 0.0458132 0.07962596 0.2431222 0.0532673 0.06140148 0.1233686 0.05198073 0.06504052 0.2416834 0.05214679 0.06474459 0.1254768 0.05847847 0.04889464 0.2360228 0.06730508 0.01492631 0.2140024 0.04110294 0.08844995 0.2442207 0.05304348 0.06306481 0.1272725 0.05571371 0.04949223 0.1340856 0.0506795 0.0661199 0.2441669 0.05194169 0.06641155 0.1294861 0.06062281 0.04093843 0.2349178 0.05488258 0.05869919 0.1370149 0.04606199 0.07546299 0.2468602 0.05459636 0.06048405 0.138432 0.05239349 0.06011742 0.2447293 0.06558293 0.02281552 0.2262169 0.05565834 0.05253672 0.1433081 0.04126709 0.08343058 0.249598 0.04788374 0.07464867 0.1318414 0.05918443 0.04203534 0.2389464 0.05477625 0.06103408 0.1439999 0.04685789 0.0766257 0.1331186 0.05105262 0.06108319 0.2471902 0.06518572 0.02316105 0.228292 0.05450373 0.06279867 0.1455256 0.06122273 0.03491234 0.2369902 0.04774165 0.07633858 0.1361604 0.04638457 0.06928384 0.251217 0.0467295 0.07832276 0.1374983 0.04138827 0.07896554 0.253341 0.05242824 0.07001495 0.1460889 0.05293279 0.05288696 0.2482067 0.0558477 0.05444073 0.1510213 0.06607848 0.01660901 0.2274329 0.04358524 0.08231133 0.1367514 0.05139815 0.07334673 0.1488012 0.05973559 0.03583025 0.2409545 0.05153793 0.05370271 0.2506237 0.0548768 0.06376451 0.1542539 0.06566995 0.01686739 0.2294861 0.05606311 0.05525141 0.1555638 0.04663032 0.06391227 0.2541707 0.0434978 0.08403444 0.1413012 0.04153531 0.07237243 0.2576529 0.05240184 0.07223504 0.1537575 0.06201642 0.02501726 0.2393807 0.05462318 0.06548446 0.1559351 0.0534206 0.04535418 0.2508946 0.04007434 0.08769708 0.1400586 0.05197465 0.04603105 0.2532598 0.0513913 0.07554042 0.1566682 0.04694217 0.05608946 0.2574701 0.04163843 0.06667137 0.2605344 0.05519503 0.06530433 0.1627879 0.05655896 0.05599623 0.1626608 0.06046348 0.02567106 0.2432503 0.04741007 0.08329129 0.1569358 0.05379748 0.03860265 0.2526894 0.06242161 0.01825386 0.2404437 0.054955 0.06697142 0.1645933 0.05231076 0.0391671 0.2550079 0.05676126 0.05608701 0.1649488 0.04721534 0.04800885 0.2599488 0.06083416 0.0187416 0.2442612 0.05259996 0.07470297 0.1649896 0.04643803 0.0852921 0.1585593 0.04175662 0.0584132 0.2636965 0.05548006 0.06585097 0.1677902 0.06627964 8.73258e-4 0.2308096 0.06628292 5e-4 0.2308172 0.05428951 0.0276404 0.2546682 0.05524635 0.06747919 0.1696655 0.04742074 0.04081422 0.2615545 0.04184716 0.04993039 0.2660151 0.05160653 0.07794201 0.1681848 0.05274766 0.02804023 0.2569167 0.0474435 0.08543324 0.1653838 0.05453664 0.02020823 0.2555004 0.05745166 0.05589807 0.1714393 0.06292033 0.001139104 0.2416148 0.06128722 5e-4 0.2453764 0.04647529 0.08742922 0.1671212 0.05296605 0.02050548 0.257709 0.04331392 0.09108018 0.1631635 0.04768091 0.02920466 0.26325 0.06128466 0.001232445 0.2453638 0.05297541 0.0759235 0.1743065 0.04780763 0.02137023 0.2639206 0.05606573 0.06609839 0.1755602 0.04196816 0.03033018 0.2689556 0.05321836 5e-4 0.2585088 0.05482423 0.001512467 0.2563491 0.05781775 0.05557799 0.1743428 0.05321788 0.001569092 0.2584985 0.0558384 0.06765246 0.1775379 0.04794871 0.001733541 0.2645286 0.04794985 5e-4 0.2645361 0.05629014 0.06600415 0.1780506 0.0519846 0.07907688 0.1777303 0.05606371 0.06753051 0.1800593 0.05328059 0.07623201 0.17975 0.04335153 0.0932154 0.1720455 0.0399326 0.09661471 0.1673392 0.04766672 0.08767533 0.1777355 0.0586462 0.05445843 0.18006 0.0522859 0.07931959 0.1833029 0.04669058 0.08964717 0.1796371 0.05701923 0.06521636 0.1850664 0.05920428 0.05345284 0.1834318 0.05679172 0.06665223 0.1871554 0.05387246 0.07602024 0.1881693 0.05738955 0.06459009 0.188176 0.05715954 0.06597948 0.1902968 0.05409127 0.07575255 0.190856 0.04800379 0.08858358 0.1879553 0.05820006 0.06279385 0.1942334 0.02110815 5e-4 0.2288957 0.02377641 5e-4 0.2232254 -0.009203076 5e-4 0.1922556 -0.01469463 5e-4 0.1952745 -0.01711362 5e-4 0.2337242 -0.003133296 5e-4 0.1906971 0.02495062 5e-4 0.2170698 -0.02110815 5e-4 0.2288957 -0.01204383 5e-4 0.2374076 0.02455717 5e-4 0.2108154 -0.02377641 5e-4 0.2232254 0.003133296 5e-4 0.1906971 -0.006217241 5e-4 0.2397146 0.009203076 5e-4 0.1922556 -0.02495062 5e-4 0.2170698 0.02262067 5e-4 0.2048555 0 5e-4 0.2405 0.01469463 5e-4 0.1952745 -0.02455717 5e-4 0.2108154 0.01926279 5e-4 0.1995644 0.006217241 5e-4 0.2397146 -0.02262067 5e-4 0.2048555 0.01204383 5e-4 0.2374076 -0.01926279 5e-4 0.1995644 0.01711362 5e-4 0.2337242 -0.03738445 0.05680137 0.03299999 -0.03875094 0.0558781 0.03299999 0.06679761 0.01273095 0.03299999 -0.05416852 0.04110676 0.03299999 -0.05514949 0.03978103 0.03299999 0.06646919 0.01434713 0.03299999 0.06610172 0.01595485 0.03299999 -0.05315566 0.04240834 0.03299999 -0.05211156 0.04368495 0.03299999 0.06569534 0.01755326 0.03299999 0.06525033 0.01914125 0.03299999 0.06476694 0.02071809 0.03299999 0.06424546 0.02228266 0.03299999 -0.04009467 0.05492186 0.03299999 -0.04141479 0.05393338 0.03299999 -0.0427106 0.05291312 0.03299999 0.06368619 0.02383416 0.03299999 -0.04398125 0.05186176 0.03299999 0.06308943 0.02537161 0.03299999 -0.05103683 0.04493594 0.03299999 -0.04522603 0.05077993 0.03299999 0.06245559 0.02689415 0.03299999 -0.04993206 0.04616039 0.03299999 -0.0487979 0.04735773 0.03299999 -0.04763507 0.04852724 0.03299999 0.06178498 0.02840089 0.03299999 -0.04644423 0.04966819 0.03299999 0.06107807 0.02989089 0.03299999 0.06033521 0.03136336 0.03299999 0.05955684 0.03281736 0.03299999 0.05874347 0.03425204 0.03299999 0.05789554 0.03566658 0.03299999 0.05701351 0.03706014 0.03299999 0.05609798 0.03843188 0.03299999 0.05514949 0.03978103 0.03299999 0.05416852 0.04110676 0.03299999 0.05315566 0.04240834 0.03299999 0.05211156 0.04368495 0.03299999 0.05103683 0.04493594 0.03299999 0.04993206 0.04616039 0.03299999 0.0487979 0.04735773 0.03299999 0.04763507 0.04852724 0.03299999 0.04644423 0.04966819 0.03299999 0.04522603 0.05077993 0.03299999 0.04398125 0.05186176 0.03299999 0.0427106 0.05291312 0.03299999 0.04141479 0.05393338 0.03299999 0.04009467 0.05492186 0.03299999 0.03875094 0.0558781 0.03299999 0.03738445 0.05680137 0.03299999 0.0359959 0.05769133 0.03299999 0.03458625 0.05854731 0.03299999 0.03315621 0.05936884 0.03299999 0.03170669 0.06015551 0.03299999 0.0302385 0.0609067 0.03299999 0.02875256 0.06162214 0.03299999 0.02724963 0.06230127 0.03299999 0.02573072 0.06294381 0.03299999 0.02419668 0.06354933 0.03299999 0.02264845 0.06411743 0.03299999 0.02108681 0.06464785 0.03299999 0.01951283 0.06514018 0.03299999 0.01792734 0.06559425 0.03299999 0.01633131 0.06600975 0.03299999 0.01472568 0.0663864 0.03299999 0.01311141 0.066724 0.03299999 0.01148939 0.06702232 0.03299999 0.009860634 0.06728124 0.03299999 0.008226037 0.06750059 0.03299999 0.00658667 0.06768023 0.03299999 0.00494337 0.06782007 0.03299999 0.003297209 0.06791996 0.03299999 0.001649081 0.06797999 0.03299999 0 0.06799995 0.03299999 -0.001649081 0.06797999 0.03299999 -0.003297209 0.06791996 0.03299999 -0.00494337 0.06782007 0.03299999 -0.00658667 0.06768023 0.03299999 -0.008226037 0.06750059 0.03299999 -0.009860634 0.06728124 0.03299999 -0.01148939 0.06702232 0.03299999 -0.06679761 0.01273095 0.03299999 -0.01311141 0.066724 0.03299999 -0.06646919 0.01434713 0.03299999 -0.01472568 0.0663864 0.03299999 -0.06610172 0.01595485 0.03299999 -0.01633131 0.06600975 0.03299999 -0.06569534 0.01755326 0.03299999 -0.01792734 0.06559425 0.03299999 -0.06525033 0.01914125 0.03299999 -0.01951283 0.06514018 0.03299999 -0.06476694 0.02071809 0.03299999 -0.02108681 0.06464785 0.03299999 -0.06424546 0.02228266 0.03299999 -0.02264845 0.06411743 0.03299999 -0.06368619 0.02383416 0.03299999 -0.02419668 0.06354933 0.03299999 -0.06308943 0.02537161 0.03299999 -0.02573072 0.06294381 0.03299999 -0.06245559 0.02689415 0.03299999 -0.02724963 0.06230127 0.03299999 -0.06178498 0.02840089 0.03299999 -0.02875256 0.06162214 0.03299999 -0.06107807 0.02989089 0.03299999 -0.0302385 0.0609067 0.03299999 -0.06033521 0.03136336 0.03299999 -0.03170669 0.06015551 0.03299999 -0.05955684 0.03281736 0.03299999 -0.03315621 0.05936884 0.03299999 -0.05874347 0.03425204 0.03299999 -0.03458625 0.05854731 0.03299999 -0.05789554 0.03566658 0.03299999 -0.0359959 0.05769133 0.03299999 -0.05701351 0.03706014 0.03299999 -0.05609798 0.03843188 0.03299999 0.02377641 0.01049995 0.2232254 0.02110815 0.01049995 0.2288957 0.02495062 0.01049995 0.2170698 0.02455717 0.01049995 0.2108154 0.02262067 0.01049995 0.2048555 0.006217241 0.01049995 0.2397146 0 0.01049995 0.2405 0.01469463 0.01049995 0.1952745 0.01204383 0.01049995 0.2374076 0.01711362 0.01049995 0.2337242 0.01926279 0.01049995 0.1995644 0.009203076 0.01049995 0.1922556 -0.01711362 0.01049995 0.2337242 -0.02110815 0.01049995 0.2288957 -0.02377641 0.01049995 0.2232254 0.003133296 0.01049995 0.1906971 -0.003133296 0.01049995 0.1906971 -0.009203076 0.01049995 0.1922556 -0.01204383 0.01049995 0.2374076 -0.006217241 0.01049995 0.2397146 -0.02495062 0.01049995 0.2170698 -0.02455717 0.01049995 0.2108154 -0.02262067 0.01049995 0.2048555 -0.01469463 0.01049995 0.1952745 -0.01926279 0.01049995 0.1995644 0.05027747 -0.04578393 0.03299999 0.05138283 -0.0445398 0.03299999 0.049142 -0.04700064 0.03299999 0.05245745 -0.04326903 0.03299999 0.05350065 -0.04197233 0.03299999 0.05451178 -0.04065048 0.03299999 0.04797703 -0.04818916 0.03299999 0.05549025 -0.03930425 0.03299999 0.04678338 -0.04934889 0.03299999 0.04556167 -0.05047899 0.03299999 0.05643552 -0.03793448 0.03299999 0.05734694 -0.03654205 0.03299999 0.04431271 -0.05157887 0.03299999 0.04303717 -0.05264782 0.03299999 0.05822408 -0.03512769 0.03299999 0.05906629 -0.0336923 0.03299999 0.04173588 -0.0536853 0.03299999 0.04040956 -0.05469059 0.03299999 0.0598731 -0.03223669 0.03299999 0.03905904 -0.0556631 0.03299999 0.06064409 -0.03076183 0.03299999 0.03768515 -0.05660235 0.03299999 0.06137877 -0.0292685 0.03299999 0.03628867 -0.05750763 0.03299999 0.06207662 -0.02775764 0.03299999 0.03487044 -0.05837845 0.03299999 0.06273734 -0.02623015 0.03299999 0.03343135 -0.05921435 0.03299999 0.06336045 -0.02468699 0.03299999 0.06394565 -0.02312904 0.03299999 0.03197222 -0.06001478 0.03299999 0.03049397 -0.06077921 0.03299999 0.06449252 -0.02155721 0.03299999 0.06500077 -0.01997244 0.03299999 0.02899742 -0.06150728 0.03299999 0.02748352 -0.06219846 0.03299999 0.06547003 -0.01837575 0.03299999 0.02595311 -0.06285244 0.03299999 0.06590014 -0.01676803 0.03299999 0.0244072 -0.06346875 0.03299999 0.06629073 -0.0151503 0.03299999 0.06664168 -0.01352345 0.03299999 0.02284669 -0.06404703 0.03299999 0.02127248 -0.06458699 0.03299999 0.06695264 -0.01188856 0.03299999 0.0196855 -0.06508821 0.03299999 0.06722354 -0.01024651 0.03299999 0.01808673 -0.0655505 0.03299999 0.06745415 -0.008598327 0.03299999 0.01647716 -0.06597346 0.03299999 0.06764441 -0.006944954 0.03299999 0.0148577 -0.06635695 0.03299999 0.06779408 -0.005287468 0.03299999 0.01322931 -0.06670069 0.03299999 0.06790322 -0.003626823 0.03299999 0.06797158 -0.001963973 0.03299999 0.01159304 -0.06700444 0.03299999 0.009949803 -0.06726813 0.03299999 0.0679993 -3e-4 0.03299999 0.06799948 0 0.03299999 0.008300662 -0.06749147 0.03299999 0.06797456 0.001859307 0.03299999 0.006646454 -0.06767439 0.03299999 0.06789833 0.003717184 0.03299999 0.004988312 -0.06781679 0.03299999 0.06777125 0.005572378 0.03299999 0.00332719 -0.06791853 0.03299999 0.06759357 0.007423341 0.03299999 0.001664102 -0.06797963 0.03299999 0.06736534 0.00926876 0.03299999 -0.06798702 0.001326203 0.03299999 -0.0679053 -0.003587484 0.03299999 -0.06771373 0.006232976 0.03299999 -0.004911184 -0.06782239 0.03299999 -0.009796738 -0.0672906 0.03299999 -0.01463109 -0.06640726 0.03299999 -0.01938903 -0.06517714 0.03299999 -0.02404576 -0.06360661 0.03299999 -0.03295868 -0.05947875 0.03299999 -0.02857685 -0.0617038 0.03299999 -0.03716838 -0.05694305 0.03299999 -0.04118388 -0.05410987 0.03299999 -0.04498434 -0.05099415 0.03299999 -0.04854989 -0.04761201 0.03299999 -0.05186176 -0.04398125 0.03299999 -0.05490285 -0.04012078 0.03299999 -0.05765712 -0.03605067 0.03299999 -0.06011027 -0.03179234 0.03299999 -0.06224942 -0.02736794 0.03299999 -0.06406348 -0.02280062 0.03299999 -0.06554293 -0.0181142 0.03299999 -0.06668001 -0.01333314 0.03299999 -0.06746882 -0.008482456 0.03299999 -0.06317609 0.02515512 0 -0.06582915 0.01704454 0 0.06799948 0 0 0.06746453 0.008516669 0 -0.06744557 0.008665502 0 -0.06799983 1.5e-4 0 0.06586664 0.01689928 0 -0.06748318 -0.008367836 0 -0.06590372 -0.01675391 0 0.0632314 0.02501571 0 -0.06328642 -0.02487617 0 -0.05967247 -0.03260666 0 0.05960041 0.0327382 0 -0.05511873 -0.03982359 0 -0.04082077 -0.05438435 0.008383572 -0.04969698 -0.04641342 0 -0.04349255 -0.05227226 0 -0.03660321 -0.05730795 0 -0.039424 -0.05540525 0.008383572 -0.03800165 -0.05639034 0.008383572 0.05503076 0.03994512 0 -0.03655475 -0.05733889 0.008383572 -0.02913743 -0.06144106 0 0.04082077 0.05438435 0.008383572 0.04959446 0.04652291 0 0.04337716 0.0523681 0 -0.03590846 -0.05774581 0.01463001 -0.03655475 -0.05733889 0.01463001 -0.03525763 -0.05814546 0.01463001 0.039424 0.05540525 0.008383572 -0.04082077 -0.05438435 0.02465111 0.03647673 0.05738854 0 -0.03460234 -0.05853778 0.01463001 0.03800165 0.05639034 0.008383572 0.03655475 0.05733889 0.008383572 0.02900183 0.06150519 0 -0.02823996 -0.06185871 0.008383572 0.03590846 0.05774581 0.01463001 0.03655475 0.05733889 0.01463001 -0.03655475 -0.05733889 0.02465111 -0.03517758 -0.05819392 0.01867431 -0.03448146 -0.05860906 0.01867431 0.03525763 0.05814546 0.01463001 -0.0358687 -0.05777049 0.01867431 -0.03655475 -0.05733889 0.01867431 0.04082077 0.05438435 0.02465111 -0.02599602 -0.06283473 0.008383572 -0.02121275 -0.0646066 0 0.03460234 0.05853778 0.01463001 -0.039424 -0.05540525 0.02465111 -0.02371847 -0.06372934 0.008383572 -0.02141016 -0.06454145 0.008383572 -0.03800165 -0.05639034 0.02465111 0.02823996 0.06185871 0.008383572 -0.01918882 -0.06523638 0.01113951 -0.01863378 -0.06539702 0.01025176 0.03655475 0.05733889 0.02465111 0.03655475 0.05733889 0.01867431 0.0358687 0.05777049 0.01867431 -0.02823996 -0.06185871 0.02465111 0.03517758 0.05819392 0.01867431 0.03448146 0.05860906 0.01867431 -0.01781535 -0.06562477 0.009429693 0.02599602 0.06283473 0.008383572 0.02107018 0.06465327 0 -0.01952654 -0.06513625 0.01213473 -0.0166341 -0.06593388 0.008706152 -0.01295399 -0.06675469 0 0.039424 0.05540525 0.02465111 -0.01965576 -0.06509739 0.01308548 0.02371847 0.06372934 0.008383572 0.03800165 0.05639034 0.02465111 -0.01521062 -0.0662769 0.008247315 0.02141016 0.06454145 0.008383572 -0.02375847 -0.06371444 0.02265858 -0.02607303 -0.06280279 0.02066767 -0.01968073 -0.06508964 0.01405298 -0.01294296 -0.06675684 0.008082211 -0.02599602 -0.06283473 0.02465111 -0.01050186 -0.06718415 0.008082211 0.02606582 0.06280583 0.02067416 0.03058189 0.06073504 0.01669716 0.0260728 0.06280291 0.01254689 0.01822149 0.06551313 0.009790182 0.01884233 0.0653373 0.01053547 0.01933032 0.0651946 0.01146793 0.02823996 0.06185871 0.02465111 0.01747232 0.06571686 0.009177446 0.01956152 0.06512576 0.01230555 0.02375829 0.0637145 0.01046609 -0.01461678 -0.06641048 0.01435673 -0.01447278 -0.06644195 0.0138089 -0.01419669 -0.06650149 0.01329463 0.0166307 0.06593471 0.008704721 0.01572757 0.06615614 0.00837177 0.01280671 0.06678313 0 -0.02141016 -0.06454145 0.02465111 0.01968073 0.06508964 0.01405298 -0.01465994 -0.06640094 0.01513022 -0.01380944 -0.06658297 0.01286453 -0.01333189 -0.06668025 0.01254105 -0.01279193 -0.06678593 0.01234161 -0.01230841 -0.0668767 0.01227062 0.0143522 0.06646806 0.008128285 -0.01181656 -0.0669654 0.01225697 -0.008046865 -0.06752216 0.008082211 -0.004491269 -0.06785148 0 0.01294296 0.06675684 0.008082211 -0.01968073 -0.06508964 0.02465099 -0.01012444 -0.06724202 0.01225697 0.01050186 0.06718415 0.008082211 -0.02371847 -0.06372934 0.02465111 -0.0055812 -0.06777054 0.008082211 -0.004150211 -0.06787317 0.008127689 -0.01465994 -0.06640094 0.02465099 -0.008425891 -0.06747591 0.01225697 -0.002739548 -0.06794476 0.008371233 -0.01801842 -0.06556928 0.02465099 -0.01634448 -0.06600648 0.02465099 0.01457583 0.06641942 0.01414191 0.01449644 0.06643682 0.01387232 0.01440995 0.0664556 0.01366293 0.01456284 0.06642228 0.01408845 -0.001807153 -0.06797575 0.008705258 0.004042148 -0.06787973 0 0.0146445 0.06640434 0.0146051 0.01437616 0.06646293 0.01359349 0.01423341 0.06649369 0.01334828 0.01464658 0.06640386 0.0146327 0.01405352 0.06653189 0.01311075 0.01394748 0.06655424 0.01299518 0.01409888 0.0665223 0.01316511 0.02599602 0.06283473 0.02465111 0.02141016 0.06454145 0.02465111 0.01465994 0.06640094 0.01513022 0.01311969 0.06672233 0.01244461 0.01295566 0.0667544 0.01238632 0.01329028 0.06668853 0.01252037 0.01348853 0.06664872 0.01262938 0.01362657 0.06662064 0.01272058 0.01367527 0.06661069 0.0127561 0.01258224 0.06682574 0.0123012 0.01239287 0.06686109 0.01227784 0.01181656 0.0669654 0.01225697 -9.3741e-4 -0.06799346 0.009178698 0.008046865 0.06752216 0.008082211 0.004341602 0.06786125 0 0.01968073 0.06508964 0.02465099 0.01012444 0.06724202 0.01225697 0.02371847 0.06372934 0.02465111 0.0055812 0.06777054 0.008082211 -0.00391829 -0.067887 0.01414036 -0.004067063 -0.06787824 0.01370662 -0.00398302 -0.06788325 0.01391768 -0.003919601 -0.06788694 0.014135 0.003270745 0.06792128 0.008246779 0.01465994 0.06640094 0.02465099 0.008425891 0.06747591 0.01225697 -0.00384587 -0.06789112 0.01462918 -0.004240989 -0.06786757 0.01338863 -0.004122853 -0.0678749 0.01359182 -0.003845691 -0.06789118 0.01463192 -0.004525423 -0.06784921 0.01302975 -0.004452526 -0.06785404 0.01310926 -0.004374504 -0.06785911 0.01320278 0.01801842 0.06556928 0.02465099 -1.61994e-4 -0.06799978 0.009791076 -0.003831923 -0.06789195 0.01513022 -0.006722033 -0.06766688 0.01225697 -0.00611478 -0.06772446 0.01228052 -0.005948185 -0.0677393 0.01230144 -0.005522251 -0.06777536 0.01240104 -0.005403697 -0.0677849 0.01244384 -0.005185008 -0.06780201 0.01254177 -0.00498557 -0.06781697 0.01265472 -0.004887819 -0.06782406 0.01271945 -0.004797995 -0.0678305 0.01278519 0.001809239 0.06797569 0.008704185 -0.004191875 0.06787067 0 0.005884468 -0.06774491 0.008383572 0.001356422 -0.06798642 0.01405298 0.001234471 -0.06798893 0.01231378 9.93313e-4 -0.06799274 0.0114746 4.83575e-4 -0.06799823 0.01053714 0.007606089 -0.06757324 0.008383572 0.01251196 -0.06683897 0 -0.003831923 -0.06789195 0.02465099 0.009322762 -0.06735789 0.008383572 0.01103347 -0.06709885 0.008383572 -0.002103447 -0.06796741 0.02465099 0.01634448 0.06600648 0.02465099 0.01178634 -0.06697076 0.01463001 0.01103347 -0.06709885 0.01463001 0.01253771 -0.06683415 0.01463001 0.005884468 -0.06774491 0.02465111 0.001356422 -0.06798642 0.02465099 -3.73634e-4 -0.06799894 0.02465099 0.01328754 -0.06668913 0.01463001 5.86149e-4 0.06799745 0.009428203 0.00387752 0.06788939 0.01435339 0.004023432 0.06788086 0.01380836 0.003979325 0.06788343 0.01392763 0.004121303 0.06787496 0.01359474 0.02024215 -0.06491726 0.008383572 0.02078473 -0.0647456 0 0.003856003 0.06789058 0.01452088 0.00423479 0.06786799 0.0133984 0.004305183 0.06786358 0.01329457 0.004365444 0.0678597 0.01321399 0.004609048 0.06784361 0.01294672 0.003831923 0.06789195 0.01513022 0.006722033 0.06766688 0.01225697 0.004700899 0.06783729 0.01286417 0.004780709 0.06783169 0.01279884 0.004964649 0.06781852 0.01266795 0.005187153 0.06780183 0.01254069 0.005282878 0.06779444 0.01249486 0.0054937 0.06777769 0.01241087 0.005710542 0.06775975 0.01234722 0.005736112 0.0677576 0.0123412 0.006212949 0.06771552 0.01227146 0.006226062 0.06771433 0.01227045 0.01103347 -0.06709885 0.02465111 0.01103347 -0.06709885 0.01867431 0.01183241 -0.06696259 0.01867431 0.01262962 -0.0668168 0.01867431 0.01342511 -0.06666153 0.01867431 -2.65039e-4 0.06799942 0.01025116 0.02256482 -0.06414693 0.008383572 0.007606089 -0.06757324 0.02465111 0.02485823 -0.06329345 0.008383572 0.02873021 -0.06163257 0 0.009322762 -0.06735789 0.02465111 0.02711951 -0.06235808 0.008383572 -0.005884468 0.06774491 0.008383572 -8.42929e-4 0.06799477 0.01113903 -0.001195251 0.06798958 0.01213437 -0.001330256 0.06798714 0.01308524 -0.001356422 0.06798642 0.01405298 0.02774757 -0.06208115 0.008383572 -0.007606089 0.06757324 0.008383572 -0.01265937 0.0668112 0 0.02956098 -0.0612384 0.008383572 0.003831923 0.06789195 0.02465099 -0.009322762 0.06735789 0.008383572 0.02024215 -0.06491726 0.02465111 0.03134888 -0.06034272 0.008383572 -0.01103347 0.06709885 0.008383572 0.03310966 -0.05939483 0.008383572 0.03622317 -0.05754894 0 0.002103447 0.06796741 0.02465099 3.73634e-4 0.06799894 0.02465099 0.02256482 -0.06414693 0.02465111 -0.01178634 0.06697076 0.01463001 -0.01103347 0.06709885 0.01463001 0.02711951 -0.06235808 0.02465111 0.02250152 -0.0641691 0.0206806 -0.01253771 0.06683415 0.01463001 -0.005884468 0.06774491 0.02465111 -0.001356422 0.06798642 0.02465099 0.0370782 -0.05700176 0.01123791 0.03415864 -0.05879777 0.01123791 -0.01328754 0.06668913 0.01463001 0.02485823 -0.06329345 0.02465111 0.03990346 -0.05506092 0.01123791 0.04314571 -0.05255895 0 -0.02024215 0.06491726 0.008383572 -0.02092748 0.06469959 0 0.04356104 -0.05221527 0.008383572 0.04262739 -0.05298018 0.01123791 0.04507756 -0.05091178 0.008383572 0.03387516 -0.05896157 0.02465111 -0.01103347 0.06709885 0.02465111 -0.01262962 0.0668168 0.01867431 -0.01342511 0.06666153 0.01867431 -0.01183241 0.06696259 0.01867431 -0.01103347 0.06709885 0.01867431 -0.02256482 0.06414693 0.008383572 0.0465551 -0.0495643 0.008383572 0.04938876 -0.04674124 0 -0.007606089 0.06757324 0.02465111 0.04799234 -0.04817396 0.008383572 0.03698664 -0.05706125 0.02465111 -0.02485823 0.06329345 0.008383572 -0.02886605 0.06156903 0 -0.009322762 0.06735789 0.02465111 0.05485397 -0.04018747 0 -0.02711951 0.06235808 0.008383572 -0.02774757 0.06208115 0.008383572 0.03999179 -0.05499684 0.02465111 -0.02956098 0.0612384 0.008383572 0.04288202 -0.05277431 0.02465111 -0.02249401 0.06417173 0.02067422 -0.02013921 0.06494927 0.0146147 -0.02250128 0.06416922 0.01253384 -0.01774829 0.06564295 0.01669716 -0.02024215 0.06491726 0.02465111 -0.03134888 0.06034272 0.008383572 -0.03310966 0.05939483 0.008383572 -0.03635001 0.05746889 0 -0.02256482 0.06414693 0.02465111 -0.02711951 0.06235808 0.02465111 0.05945539 -0.03300082 0 -0.0370782 0.05700176 0.01123791 -0.03415864 0.05879777 0.01123791 -0.02485823 0.06329345 0.02465111 -0.03990346 0.05506092 0.01123791 -0.04326152 0.05246365 0 0.06312042 -0.02529442 0 -0.04356104 0.05221527 0.008383572 -0.04262739 0.05298018 0.01123791 -0.03387516 0.05896157 0.02465111 0.06579142 -0.01718968 0 -0.04507756 0.05091178 0.008383572 -0.0465551 0.0495643 0.008383572 -0.04949176 0.04663223 0 0.06742632 -0.008814215 0 -0.04799234 0.04817396 0.008383572 -0.03698664 0.05706125 0.02465111 0.0679993 -3e-4 0 -0.05494248 0.04006642 0 0.01774829 -0.06564295 0.01669716 0.02013939 -0.06494921 0.01868969 -0.03999179 0.05499684 0.02465111 -0.03058189 -0.06073504 0.01669716 -0.04288202 0.05277431 0.02465111 -0.05952805 0.03286957 0 0.02480286 0.003133296 0 0.004684507 -0.02455717 0 -0.001569747 0.02495062 0 -0.02499997 0 0 0.004684507 0.02455717 0 -0.001569747 -0.02495062 0 0.02480286 -0.003133296 0 -0.02421456 -0.006217241 0 -0.007725417 0.02377641 0 0.02324438 -0.009203076 0 -0.007725417 -0.02377641 0 -0.01339566 0.02110815 0 -0.02190762 -0.01204383 0 0.0202254 -0.01469463 0 -0.01822417 0.01711362 0 -0.01339566 -0.02110815 0 -0.01822417 -0.01711362 0 0.01593559 -0.01926279 0 -0.02190762 0.01204383 0 0.01064443 -0.02262067 0 0.01593559 0.01926279 0 0.0202254 0.01469463 0 -0.02421456 0.006217241 0 0.01064443 0.02262067 0 0.02324438 0.009203076 0 -0.03656339 -0.05721467 0.01463001 -0.04083001 -0.05425232 0.008383572 -0.03943318 -0.05527597 0.008383572 -0.03801065 -0.05626362 0.008383572 -0.03656339 -0.05721467 0.008383572 -0.03656339 -0.05721467 0.01867431 -0.03591704 -0.05762267 0.01463001 -0.03587734 -0.0576474 0.01867431 -0.03526616 -0.05802327 0.01463001 -0.03518617 -0.05807185 0.01867431 -0.0346108 -0.0584166 0.01463001 -0.03448992 -0.05848801 0.01867431 -0.04083001 -0.05425232 0.02465111 -0.03058999 -0.06061893 0.01669716 -0.02824795 -0.0617451 0.008383572 -0.02600401 -0.06272321 0.008383572 -0.02372628 -0.06361973 0.008383572 -0.02141767 -0.06443363 0.008383572 -0.03943312 -0.05527597 0.02465111 -0.03801065 -0.05626362 0.02465111 -0.03656339 -0.05721467 0.02465111 -0.02608108 -0.06269115 0.02066743 -0.02824795 -0.0617451 0.02465111 -0.02600401 -0.06272321 0.02465111 -0.02376627 -0.06360477 0.0226584 -0.02372628 -0.06361973 0.02465111 -0.02141767 -0.06443363 0.02465111 -0.005588233 -0.06766963 0.008082211 -0.008054018 -0.0674206 0.008082211 -0.01050907 -0.0670818 0.008082211 -0.01295018 -0.0666536 0.008082211 -0.01521784 -0.06617265 0.008247256 -0.01664131 -0.06582891 0.008706092 -0.01782256 -0.06551921 0.009429574 -0.01864105 -0.06529098 0.01025158 -0.01919615 -0.06512999 0.01113933 -0.01953393 -0.06502962 0.01213455 -0.01966321 -0.06499063 0.01308542 -0.01968824 -0.06498295 0.01405298 -0.01968824 -0.06498295 0.02465099 -0.01802587 -0.06546354 0.02465099 -0.01635187 -0.06590163 0.02465099 -0.01466721 -0.06629693 0.02465099 -0.01466721 -0.06629693 0.01513022 -0.01462405 -0.06630647 0.01435673 -0.01448005 -0.06633806 0.01380884 -0.0142039 -0.06639772 0.01329457 -0.01381665 -0.06647938 0.01286447 -0.0133391 -0.06657683 0.01254099 -0.01279908 -0.06668275 0.01234161 -0.01231557 -0.06677371 0.01227062 -0.01182371 -0.06686258 0.01225697 -0.006729125 -0.06756573 0.01225697 -0.008433043 -0.06737422 0.01225697 -0.01013159 -0.06713986 0.01225697 -0.003838956 -0.06779134 0.01513022 -0.003852725 -0.06779062 0.01463192 -0.006121873 -0.06762337 0.01228052 -0.005955278 -0.06763827 0.01230144 -0.005529344 -0.06767445 0.01240104 -0.00541079 -0.06768405 0.01244384 -0.005192101 -0.06770116 0.01254177 -0.004992663 -0.06771618 0.01265466 -0.004894912 -0.06772333 0.01271945 -0.004805088 -0.06772977 0.01278513 -0.004532516 -0.06774854 0.01302969 -0.004459619 -0.06775337 0.0131092 -0.004381597 -0.06775844 0.01320278 -0.004248023 -0.06776696 0.01338863 -0.004129946 -0.06777423 0.01359176 -0.004074156 -0.06777763 0.01370662 -0.003990054 -0.06778264 0.01391768 -0.003926634 -0.06778633 0.01413494 -0.003925323 -0.06778639 0.01414036 -0.003852903 -0.06779056 0.01462918 -0.003838956 -0.06779134 0.02465099 -0.002110481 -0.06786715 0.02465099 -3.80641e-4 -0.06789892 0.02465099 0.001349449 -0.06788659 0.02465099 0.001349449 -0.06788659 0.01405298 0.001227438 -0.06788903 0.01231378 9.86317e-4 -0.06789278 0.0114746 4.76565e-4 -0.06789827 0.01053708 -1.6902e-4 -0.06789976 0.009791016 -9.44452e-4 -0.06789338 0.009178698 -0.001814246 -0.06787556 0.008705258 -0.002746582 -0.06784439 0.008371233 -0.004157245 -0.06777256 0.008127689 0.01341807 -0.06656098 0.01867431 0.020235 -0.06481474 0.02465111 0.02255767 -0.0640434 0.02465111 0.02485102 -0.06318885 0.02465111 0.02711206 -0.06225222 0.02465111 0.02249443 -0.06406563 0.02068072 0.0201323 -0.06484669 0.01868975 0.01774114 -0.06554126 0.01669716 0.02711206 -0.06225222 0.008383572 0.02485102 -0.06318885 0.008383572 0.02255767 -0.0640434 0.008383572 0.020235 -0.06481474 0.008383572 0.01328051 -0.06658858 0.01463001 0.01253068 -0.06673371 0.01463001 0.0117793 -0.06687045 0.01463001 0.01102644 -0.06699872 0.01463001 0.01102644 -0.06699872 0.008383572 0.009315788 -0.06725788 0.008383572 0.007599115 -0.06747341 0.008383572 0.005877494 -0.06764513 0.008383572 0.005877494 -0.06764513 0.02465111 0.007599115 -0.06747341 0.02465111 0.009315788 -0.06725788 0.02465111 0.01102644 -0.06699872 0.02465111 0.01102644 -0.06699872 0.01867431 0.01182538 -0.06686228 0.01867431 0.01262259 -0.06671637 0.01867431 0.03752434 -0.05670905 0.02060669 0.03751629 -0.05659443 0.02060669 0.03542959 -0.05792361 0.01475805 0.03543746 -0.05803602 0.01475805 0.0374931 -0.05672973 0.01475805 0.03748524 -0.05661499 0.01475805 0.03950065 -0.05535066 0.01475805 0.03949266 -0.05523347 0.01475805 0.04145753 -0.05390053 0.01475805 0.04144912 -0.05378079 0.01475805 0.03946202 -0.05525535 0.02060669 0.03947019 -0.05537235 0.02060669 0.03882676 -0.05582541 0.02060669 0.03881865 -0.05570924 0.02060669 0.03817808 -0.05627101 0.02060669 0.03817003 -0.05615562 0.02060669 0.03415089 -0.05868667 0.01123791 0.03707051 -0.05688744 0.01123791 0.03989559 -0.05494314 0.01123791 0.04261893 -0.05285865 0.01123791 0.04355239 -0.05209213 0.008383572 0.04654622 -0.04943531 0.008383572 0.0479831 -0.04804193 0.008383572 0.04506891 -0.05078583 0.008383572 0.0428735 -0.05265235 0.02465111 0.03998392 -0.05487883 0.02465111 0.03697901 -0.05694693 0.02465111 0.03386741 -0.0588507 0.02465111 0.02774012 -0.06197494 0.008383572 0.02955359 -0.06113094 0.008383572 0.03134137 -0.06023389 0.008383572 0.03310197 -0.05928462 0.008383572 -0.04145753 0.05390053 0.01475805 -0.04144912 0.05378079 0.01475805 -0.03946202 0.05525535 0.02060669 -0.03947019 0.05537235 0.02060669 -0.03949266 0.05523347 0.01475805 -0.03950065 0.05535066 0.01475805 -0.03748524 0.05661499 0.01475805 -0.0374931 0.05672973 0.01475805 -0.03542959 0.05792361 0.01475805 -0.03543746 0.05803602 0.01475805 -0.03752434 0.05670905 0.02060669 -0.03751629 0.05659443 0.02060669 -0.03386741 0.0588507 0.02465111 -0.03697901 0.05694693 0.02465111 -0.03998392 0.05487883 0.02465111 -0.0428735 0.05265235 0.02465111 -0.02774012 0.06197494 0.008383572 -0.03134137 0.06023389 0.008383572 -0.03310197 0.05928462 0.008383572 -0.02955359 0.06113094 0.008383572 -0.03415089 0.05868667 0.01123791 -0.03989559 0.05494314 0.01123791 -0.04261893 0.05285865 0.01123791 -0.03707051 0.05688744 0.01123791 -0.04355239 0.05209213 0.008383572 -0.04506891 0.05078583 0.008383572 -0.04654622 0.04943531 0.008383572 -0.0479831 0.04804193 0.008383572 -0.03817003 0.05615562 0.02060669 -0.03817808 0.05627101 0.02060669 -0.03881865 0.05570924 0.02060669 -0.03882676 0.05582541 0.02060669 -0.01341807 0.06656098 0.01867431 -0.020235 0.06481474 0.02465111 -0.02711206 0.06225222 0.02465111 -0.02485102 0.06318885 0.02465111 -0.02255767 0.0640434 0.02465111 -0.02249443 0.06406563 0.02068072 -0.0201323 0.06484669 0.01868975 -0.01774114 0.06554126 0.01669716 -0.02711206 0.06225222 0.008383572 -0.02255767 0.0640434 0.008383572 -0.020235 0.06481474 0.008383572 -0.02485102 0.06318885 0.008383572 -0.01328051 0.06658858 0.01463001 -0.0117793 0.06687045 0.01463001 -0.01102644 0.06699872 0.01463001 -0.01253068 0.06673371 0.01463001 -0.01102644 0.06699872 0.008383572 -0.007599115 0.06747341 0.008383572 -0.005877494 0.06764513 0.008383572 -0.009315788 0.06725788 0.008383572 -0.005877494 0.06764513 0.02465111 -0.01102644 0.06699872 0.02465111 -0.009315788 0.06725788 0.02465111 -0.007599115 0.06747341 0.02465111 -0.01102644 0.06699872 0.01867431 -0.01262259 0.06671637 0.01867431 -0.01182538 0.06686228 0.01867431 0.01050907 0.0670818 0.008082211 0.01295018 0.0666536 0.008082211 0.008054018 0.0674206 0.008082211 0.005588233 0.06766963 0.008082211 0.01521593 0.06617313 0.008246898 0.01663833 0.06582969 0.008704721 0.01782131 0.06551951 0.00942856 0.01864099 0.06529098 0.0102511 0.01919609 0.06512999 0.01113885 0.01953375 0.06502968 0.01213431 0.01966315 0.06499069 0.01308524 0.01968824 0.06498295 0.01405298 0.01968824 0.06498295 0.02465099 0.01635187 0.06590163 0.02465099 0.01466721 0.06629693 0.02465099 0.01802587 0.06546354 0.02465099 0.01466721 0.06629693 0.01513022 0.01462405 0.06630647 0.01435661 0.01447993 0.06633806 0.01380866 0.01420378 0.06639772 0.01329439 0.01381641 0.06647938 0.01286435 0.01333874 0.06657689 0.01254093 0.01279872 0.06668281 0.01234143 0.01231539 0.06677377 0.01227056 0.01182371 0.06686258 0.01225697 0.01013159 0.06713986 0.01225697 0.008433043 0.06737422 0.01225697 0.006729125 0.06756573 0.01225697 0.00611025 0.06762444 0.01228189 0.005955696 0.06763821 0.01230156 0.005507409 0.06767624 0.01240843 0.005411624 0.06768399 0.01244348 0.005171418 0.06770277 0.01255238 0.004973053 0.06771761 0.01266717 0.004895508 0.06772327 0.01271903 0.00478667 0.06773102 0.01279944 0.004516422 0.06774961 0.01304668 0.004460036 0.06775331 0.01310873 0.004367113 0.06775939 0.0132212 0.004235327 0.06776773 0.01340842 0.004130184 0.06777423 0.01359134 0.004064619 0.06777822 0.01372808 0.003982603 0.06778305 0.01393985 0.003925263 0.06778645 0.01414012 0.003921151 0.06778663 0.01415771 0.003852486 0.06779062 0.01463174 0.003851771 0.06779062 0.0146408 0.003838956 0.06779134 0.01513022 0.003838956 0.06779134 0.02465099 3.80641e-4 0.06789892 0.02465099 -0.001349449 0.06788659 0.02465099 0.002110481 0.06786715 0.02465099 -0.001349449 0.06788659 0.01405298 -0.001224219 0.06788909 0.01230281 -9.82715e-4 0.06789284 0.0114656 -4.74452e-4 0.06789833 0.01053452 1.70885e-4 0.06789976 0.009789347 9.47863e-4 0.06789332 0.009176433 0.001816511 0.0678755 0.008704185 0.002744615 0.06784445 0.008371829 0.004152595 0.0677728 0.008128464 0.03656339 0.05721467 0.01463001 0.04083001 0.05425232 0.008383572 0.03943318 0.05527597 0.008383572 0.03801065 0.05626362 0.008383572 0.03656339 0.05721467 0.008383572 0.03656339 0.05721467 0.01867431 0.03591704 0.05762267 0.01463001 0.03587734 0.0576474 0.01867431 0.03526616 0.05802327 0.01463001 0.03518617 0.05807185 0.01867431 0.0346108 0.0584166 0.01463001 0.03448992 0.05848801 0.01867431 0.04083001 0.05425232 0.02465111 0.03058999 0.06061893 0.01669716 0.02824795 0.0617451 0.008383572 0.02600401 0.06272321 0.008383572 0.02372628 0.06361973 0.008383572 0.02141767 0.06443363 0.008383572 0.03943312 0.05527597 0.02465111 0.03801065 0.05626362 0.02465111 0.03656339 0.05721467 0.02465111 0.0260812 0.06269115 0.02066761 0.02824795 0.0617451 0.02465111 0.02600401 0.06272321 0.02465111 0.02376633 0.06360477 0.02265852 0.02372628 0.06361973 0.02465111 0.02141767 0.06443363 0.02465111 -0.02421456 0.006217241 -0.00999999 -0.02190762 0.01204383 -0.00999999 -0.01822417 0.01711362 -0.00999999 -0.001569747 0.02495062 -0.00999999 -0.01339566 0.02110815 -0.00999999 -0.007725417 0.02377641 -0.00999999 0.01064443 0.02262067 -0.00999999 0.004684507 0.02455717 -0.00999999 -0.02190762 -0.01204383 -0.00999999 -0.02421456 -0.006217241 -0.00999999 -0.02499997 0 -0.00999999 -0.01822417 -0.01711362 -0.00999999 0.0202254 0.01469463 -0.00999999 0.01593559 0.01926279 -0.00999999 -0.007725417 -0.02377641 -0.00999999 -0.01339566 -0.02110815 -0.00999999 0.02480286 0.003133296 -0.00999999 0.02324438 0.009203076 -0.00999999 -0.001569747 -0.02495062 -0.00999999 0.02480286 -0.003133296 -0.00999999 0.02324438 -0.009203076 -0.00999999 0.01064443 -0.02262067 -0.00999999 0.004684507 -0.02455717 -0.00999999 0.01593559 -0.01926279 -0.00999999 0.0202254 -0.01469463 -0.00999999 -0.00125581 0.01996052 0.03299999 0.008515536 0.0180965 0.03299999 0.003747582 0.01964575 0.03299999 -0.01457935 0.01369088 0.03299999 -0.006180286 0.01902109 0.03299999 -0.01071649 0.01688653 0.03299999 -0.01752609 0.009635031 0.03299999 0.01984226 -0.002506613 0.03299999 -0.01999998 0 0.03299999 -0.01937162 0.004973769 0.03299999 -0.01457935 -0.01369088 0.03299999 -0.01937162 -0.004973769 0.03299999 -0.01752609 -0.009635031 0.03299999 0.01859551 -0.007362484 0.03299999 0.003747582 -0.01964575 0.03299999 -0.01071649 -0.01688653 0.03299999 0.01274847 -0.01541024 0.03299999 0.01274847 0.01541024 0.03299999</float_array>
          <technique_common>
            <accessor source="#link_3-mesh-positions-array" count="4818" stride="3">
              <param name="X" type="float"/>
              <param name="Y" type="float"/>
              <param name="Z" type="float"/>
            </accessor>
          </technique_common>
        </source>
        <source id="link_3-mesh-normals">
          <float_array id="link_3-mesh-normals-array" count="28845">0.5653755 0.8156102 0.1230058 0.5047701 0.8548931 0.1198533 0.4028719 0.09574151 0.910235 -0.3115824 0.6280558 0.7130655 0.5316043 0.8257113 0.1886735 0.5354182 0.8209285 0.1985036 -0.289632 0.6302623 0.7203352 0.1569861 0.9873024 -0.02427774 0.1577569 0.9872546 -0.02100533 -0.1052801 0.4879512 0.8664985 -0.1065573 0.4104209 0.905649 -0.6231225 0.726341 -0.2900814 -0.5652379 0.7665419 -0.3048273 -0.5750869 0.7680438 -0.2817512 -0.708262 0.6565338 -0.2594771 -0.1507731 0.4852167 0.8612968 -0.6003332 0.7424907 -0.2971662 0.3835811 0.09689205 0.9184103 0.3840365 0.09653508 0.9182576 -0.2968913 0.5541908 0.7776426 -0.2963659 0.5527229 0.7788868 0.3471311 0.9373801 0.02861058 -0.1065136 0.4105821 0.9055811 0.3964197 0.9173771 0.03564786 -0.573055 0.7678051 -0.2865017 -0.5351234 0.7105835 0.4568524 -0.5652133 0.7728493 -0.2885099 -0.4516802 0.7424299 0.4947555 0.3743883 0.9188422 0.1247493 -0.4716055 0.6718625 0.5711295 -0.4983833 0.7286992 0.469693 0.3715614 0.9211683 0.11572 0.1012268 0.3289493 0.9389065 -0.2086153 0.9587032 -0.1933074 0.057801 0.3300321 0.9421984 -0.2179479 0.9405904 -0.2603623 -0.4686334 0.6797094 0.5642498 -0.3329942 0.6257295 0.7053917 -0.1958592 0.9457237 -0.2593181 -0.3097857 0.6284273 0.7135208 -0.2080741 0.9582609 -0.1960642 0.5045331 0.8390244 0.2036768 -0.3170261 0.5506075 0.7722213 0.4783946 0.8680225 0.1329496 -0.3175929 0.55222 0.7708359 0.5382695 0.831104 0.1397567 0.3493291 0.1600909 0.9232226 0.5090433 0.8328697 0.2172627 0.3620823 0.1573101 0.9187763 0.06774038 0.9912302 -0.1134637 0.1018517 0.2507048 0.9626907 0.1023941 0.9882879 -0.1131478 0.1016207 0.2513097 0.9625573 0.1108351 0.9936158 -0.02105325 0.1112924 0.9936106 -0.01876425 0.3618007 0.09971767 0.926907 0.3621726 0.09774017 0.9269724 -0.1481181 0.4084969 0.9006615 -0.2245499 0.9391502 -0.2599504 -0.2389503 0.951323 -0.1946464 -0.1929749 0.4826709 0.8542771 -0.146336 0.4864156 0.8613858 -0.2498707 0.9329437 -0.2591922 -0.1480561 0.4087243 0.9005686 -0.2386589 0.9511494 -0.195849 -0.4807932 0.7439557 0.4640774 0.3113198 0.9495616 0.03758651 -0.5686638 0.699248 0.4332132 -0.5035591 0.6724417 0.5424486 -0.5043443 0.6649807 0.5508516 0.0176621 0.3306681 0.9435818 0.3561326 0.9334048 0.04387462 0.05870771 0.3301767 0.9420917 0.3360934 0.9320532 0.1353446 -0.3644565 0.6232495 0.6919042 0.3337761 0.9340277 0.1272231 -0.3484046 0.5461912 0.7617673 -0.3396976 0.6242085 0.7035406 -0.2437521 0.9344418 -0.2596217 -0.3473212 0.5500778 0.7594619 -0.2708372 0.927073 -0.2591965 -0.2591862 0.9459814 -0.194786 0.3117831 0.1640197 0.9358893 -0.2586628 0.9456877 -0.1968967 0.4473253 0.8816781 0.1501464 0.323509 0.1615723 0.9323284 0.05906504 0.2521294 0.9658893 0.5041886 0.849298 0.1564821 0.05893874 0.252457 0.9658114 0.4761993 0.8471671 0.2356739 0.4720813 0.8528031 0.2233074 0.3232851 0.1028296 0.940698 0.323616 0.1011236 0.9407692 -0.1895976 0.405945 0.8940142 0.2832174 0.9579743 0.04553186 -0.1873064 0.4843266 0.8546017 0.3043158 0.9426449 0.1371585 0.3236337 0.9449478 0.04832059 0.2996391 0.9528 0.0488727 -0.3710908 0.621571 0.689885 -0.3807973 0.5427892 0.7485808 0.3048635 0.9418538 0.141314 -0.3979184 0.6176983 0.6783139 0.2930467 0.1649872 0.9417552 0.02070039 0.9934256 -0.1125934 0.2928497 0.1038435 0.9505028 0.2822487 0.1664314 0.9447942 0.05935239 0.9918856 -0.1124296 -0.5390442 0.656204 0.5280414 0.06433951 0.9977512 -0.01878643 -0.5120347 0.7367553 0.4416018 -0.5557612 0.7137795 0.4262023 0.0645554 0.9977613 -0.01746428 -0.1895298 0.4061926 0.8939161 -0.3797257 0.5455164 0.7471414 -0.5353404 0.6654329 0.5202017 -0.9906038 0.1098278 0.08149796 -0.5797138 0.6428327 0.5006975 0.2633275 0.9632459 0.05306655 0.01800477 0.2528347 0.967342 -0.0121839 0.3307399 0.9436433 0.01793396 0.3307105 0.9435619 0.2830949 0.9478734 0.1462652 0.2820275 0.9487601 0.1425298 -0.2150595 0.48167 0.8495548 -0.2747459 0.9260081 -0.2588893 -0.2405018 0.4793506 0.8440272 -0.3044006 0.9165669 -0.2593172 -0.2176553 0.4039121 0.8885276 -0.2214689 0.4814667 0.848022 -0.2917249 0.9364203 -0.1949709 -0.2907453 0.9359517 -0.1986494 0.2932246 0.1047877 0.9502835 -0.4183647 0.6139863 0.669322 0.4150899 0.8944307 0.1664159 -0.4006139 0.5405627 0.7397977 -0.3902745 0.6198073 0.6808266 0.4686121 0.8664253 0.1723651 -0.2176015 0.4039889 0.8885058 0.4419467 0.8605629 0.2532086 0.4383881 0.8657057 0.2415979 -0.3996279 0.5423773 0.7390024 0.8875362 0.4423844 0.1287463 0.9933539 0.11401 0.0158044 0.01804679 0.2529331 0.9673154 0.7586084 0.5980266 0.2586072 -0.01426982 0.9935716 -0.1123033 0.01812207 0.9935096 -0.1122959 0.271193 0.1669523 0.9479353 0.2710247 0.1054656 0.9567772 0.2610413 0.1682655 0.9505493 0.2398417 0.1691671 0.9559595 0.01971155 0.9996531 -0.01747268 -0.01236176 0.3307234 0.9436468 0.2417432 0.9688645 0.05349594 -0.02516609 0.3306492 0.9434182 0.2713427 0.1062623 0.9565989 0.2524409 0.9659653 0.05643129 -0.2335216 0.4809275 0.8450896 0.2767386 0.9593168 0.05591982 -0.2711731 0.4763228 0.8364101 -0.2363784 0.4022783 0.8844758 0.2607759 0.9535347 0.1508895 -0.03583258 0.330538 0.9431122 0.2598405 0.9543312 0.1474273 -0.02560335 0.3306369 0.9434107 0.5813293 0.8131147 -0.03001302 0.01966917 0.9996607 -0.01707708 0.5563176 0.8296087 -0.04754006 0.5568681 0.8300455 -0.0303713 0.5263032 0.848941 -0.04800045 -0.2362765 0.4024942 0.8844047 0.5251542 0.8477974 -0.07384121 0.4891727 0.8690088 -0.07438933 -0.3043267 0.9165896 -0.2593238 -0.02570456 0.2528506 0.9671639 0.4876272 0.8673017 -0.1000375 -0.3369334 0.9054884 -0.2580048 -0.3220777 0.9256457 -0.19861 0.4509985 0.8868415 -0.1005607 -0.01244521 0.2529554 0.9673979 -0.01241064 0.2529105 0.96741 -0.3226169 0.9259039 -0.1965205 0.4493165 0.8847944 -0.1235049 -0.0124827 0.9935822 -0.1124219 0.4037739 0.8858783 -0.2284432 0.4148477 0.901405 -0.1239772 0.3947006 0.9077858 -0.1419029 0.2492695 0.16956 0.9534748 -0.02957284 0.9932247 -0.1123844 0.6546118 0.7536413 -0.05923157 -0.02574539 0.2528383 0.967166 -0.03653824 0.2527574 0.9668396 0.5801891 0.8119004 -0.06479483 0.221326 0.9733585 0.05990022 -0.0650677 0.330034 0.9417238 -0.03639453 0.3304928 0.9431065 0.3725011 0.9170805 -0.1421484 0.5175194 0.8143667 0.2626416 0.3716675 0.9158872 -0.1517034 0.5831027 0.7703523 0.2579703 0.249417 0.1068815 0.9624799 0.2491377 0.1076291 0.9624689 0.6034369 0.7946251 -0.06659644 0.6010704 0.7702404 0.2131764 0.2382882 0.9587054 0.1552505 -0.417131 0.6143529 0.6697554 -0.4459982 0.611374 0.6536876 -0.4276195 0.5396947 0.7251697 0.2374544 0.9594371 0.1519734 0.555559 0.828527 -0.06997936 0.549997 0.7581402 0.3503236 -0.42724 0.5353324 0.7286188 -0.03662091 0.2526736 0.9668583 0.545917 0.76506 0.3415521 -0.01355487 0.9997622 -0.01707959 0.578565 0.8124783 -0.07170552 -0.01358294 0.9997596 -0.01721274 0.5252789 0.8475874 -0.07535135 0.197382 0.17225 0.9650753 0.2273086 0.1704524 0.9587892 0.4341851 0.8815227 0.1854756 0.2186359 0.1714996 0.9606177 0.3844709 0.9051385 0.1814012 0.332826 0.9308654 -0.1507195 0.3327018 0.9306776 -0.1521468 -0.2633177 0.4788142 0.8374967 0.3024756 0.942157 -0.1443908 0.3017203 0.9413527 -0.1510625 -0.02585345 0.993321 -0.1124501 -0.2665677 0.3994159 0.8771594 0.2274506 0.1081905 0.9677608 0.2271935 0.1088716 0.9677448 -0.04199349 0.9927762 -0.1123918 -0.2664703 0.3997442 0.8770395 0.4089748 0.8723394 0.267887 0.4888349 0.8684941 -0.08221006 0.2053067 0.1726296 0.9633526 0.5476174 0.8330529 -0.07834601 0.4063063 0.8764079 0.258504 -0.02806961 0.9994578 -0.01721251 0.2807553 0.9502872 -0.1346502 0.2796515 0.9491484 -0.1446109 0.2575715 0.9568018 -0.1348596 -0.02813273 0.9994549 -0.01727855 -0.3596855 0.8968386 -0.2575011 0.2588764 0.9580785 -0.122754 0.4515636 0.8878225 -0.08866631 -0.3253513 0.9093881 -0.2591522 -0.06633847 0.2523044 0.9653714 -0.1070232 0.3287212 0.9383434 -0.06608009 0.3298326 0.9417239 0.3684231 0.9095523 0.1922991 0.5102994 0.8557839 -0.08502042 -0.2923036 0.474882 0.8300878 -0.3008208 0.4745407 0.8272351 0.4143443 0.8902391 0.1891904 -0.4530401 0.6090621 0.6509976 -0.3438829 0.9175906 -0.1994294 -0.3445673 0.9178705 -0.1969444 0.2367672 0.9653307 -0.1098995 -0.4651821 0.5290841 0.7097011 0.3899066 0.8797407 0.2720827 0.2354026 0.9640898 -0.1229497 -0.4836027 0.6042484 0.6332553 0.2130736 0.9708151 -0.1100809 0.3894087 0.8803967 0.2706704 0.2144355 0.9719417 -0.09667849 0.2052134 0.11004 0.9725115 0.2054642 0.1093831 0.9725326 0.1879862 0.1732105 0.9667778 0.1807175 0.1737778 0.9680612 -0.03674465 0.9929521 -0.1126769 0.1700489 0.1740954 0.9699351 -0.07632505 0.9907232 -0.1124373 0.1879011 0.1104112 0.9759624 0.4163236 0.9042887 -0.09453332 0.228899 0.9714516 0.06234586 0.4719571 0.8768815 -0.09129774 -0.4636941 0.5338708 0.7070854 0.2096406 0.9757661 0.06270039 -0.2958365 0.3966249 0.8690049 0.195488 0.9759159 -0.09681212 -0.2957233 0.3963966 0.8691475 0.1910597 0.9737254 -0.1239154 0.1842932 0.9792839 -0.08389836 0.1881116 0.1107082 0.9758882 0.199678 0.9780054 0.06028324 0.3969667 0.9125213 -0.09860122 -0.06649678 0.2518913 0.9654683 0.1442441 0.1750242 0.9739405 0.2155867 0.9634332 0.1591192 0.2149022 0.9640552 0.1562513 0.1769896 0.1741338 0.9686858 -0.0399757 0.9990459 -0.01758533 -0.03989702 0.9990544 -0.01727646 0.4355996 0.8949559 -0.09647244 0.49701 0.8220059 0.2780058 -0.3529495 0.4669938 0.8107672 -0.3127632 0.4727288 0.8238365 0.4156877 0.9042017 -0.09809678 0.5608602 0.7813893 0.2736178 0.5242334 0.772702 0.3579261 -0.3218162 0.4722658 0.8206092 0.1771346 0.1109269 0.9779154 0.5280072 0.7661554 0.3663526 0.1833105 0.980937 0.06449735 0.1769152 0.111171 0.9779274 0.3745877 0.9217567 -0.1002427 -0.3164367 0.3940334 0.8629052 -0.3165477 0.3942584 0.8627618 -0.5186316 0.597034 0.6120226 -0.4867953 0.6030812 0.6319205 0.1564396 0.9841052 -0.08404487 -0.5000137 0.5224676 0.690662 0.1975806 0.9669097 0.1613923 0.1576891 0.985606 -0.06095021 0.3349124 0.9363459 -0.1053096 -0.1487608 0.3267453 0.9333316 0.1971281 0.9672591 0.1598452 -0.1091001 0.2509945 0.9618206 0.1724584 0.9828919 0.06466597 0.3923335 0.9140921 -0.1025194 -0.1086813 0.3283687 0.9382763 -0.498382 0.5276947 0.6878616 0.1976497 0.9781006 0.06522125 -0.1093288 0.2503948 0.961951 0.1857351 0.9691824 0.1618276 0.1860834 0.9689416 0.1628654 0.150132 0.1758306 0.9729049 0.1114379 0.9928 -0.04392832 0.1105757 0.9919826 -0.06118553 0.3472012 0.9171193 0.1958152 0.393118 0.8972182 0.2011409 0.3035205 0.9465121 -0.1094998 0.3511095 0.9301542 -0.1074024 -0.3858708 0.4629008 0.7980142 -0.3429383 0.4708557 0.8128273 -0.3472244 0.3900303 0.8528257 0.1500778 0.1126158 0.9822394 0.1502654 0.1116448 0.9823215 0.3672749 0.8884881 0.2751327 0.3697625 0.8843526 0.2849493 -0.3470828 0.3905525 0.8526443 -0.5202459 0.5963805 0.6112892 -0.5531012 0.5889524 0.5892488 -0.4239003 0.6375426 0.6433103 -0.5345525 0.5151261 0.669999 -0.3927879 0.8827726 -0.2577406 0.2809474 0.9531868 -0.1118189 -0.1904262 0.3241037 0.9266578 -0.377229 0.9049909 -0.196697 -0.3567756 0.8979092 -0.2578184 -0.1510273 0.3262306 0.9331475 0.3184794 0.9414908 -0.1102995 -0.1515972 0.2490701 0.9565471 -0.3754127 0.9045372 -0.2021826 -0.4394506 0.5508175 0.7095655 0.06426334 0.9969619 -0.04401367 -0.9959965 0.06019419 0.06608867 -0.532772 0.5207989 0.6670252 0.06474149 0.997324 -0.03396022 -0.1254389 0.9856294 -0.1131364 -0.4060785 0.460169 0.7895218 -0.06674689 0.9912654 -0.1137443 -0.375099 0.4664119 0.8010997 0.6286055 0.7593408 -0.1680972 -0.379766 0.3855619 0.8409042 -0.3796162 0.3859295 0.8408032 0.5334843 0.7931185 0.2938668 -0.1519277 0.2481949 0.9567221 0.4975036 0.782224 0.3749876 0.6174418 0.754443 -0.2226686 0.470683 0.8319019 0.293933 0.1058065 0.1132357 0.9879183 -0.07259184 0.9971785 -0.01911491 -0.07251071 0.9972128 -0.0175746 0.1058449 0.1767953 0.9785399 0.1016576 0.1775415 0.9788487 0.500214 0.7745511 0.3871132 0.25831 0.9593162 -0.1139664 -0.3893751 0.8841609 -0.2581595 0.2949272 0.9488627 -0.1125941 -0.3997387 0.3825943 0.8329649 -0.3948422 0.4634444 0.7932963 -0.4281221 0.8667556 -0.2558246 -0.4107552 0.8897876 -0.1988924 0.10594 0.1138846 0.9878294 -0.4095591 0.8895937 -0.2021988 0.626523 0.7609659 -0.1685223 -0.3995794 0.3828618 0.8329185 0.6156406 0.7557781 -0.223128 0.1185052 0.9904749 0.07011264 -0.1932632 0.3234163 0.9263105 0.5909035 0.7865617 -0.1793146 0.1681308 0.9833131 0.06947958 0.6151257 0.7554889 -0.225515 0.1462634 0.9870418 0.06599736 -0.218622 0.3217604 0.9212355 0.01966017 0.9992234 -0.03415107 -0.01333302 0.9994189 -0.03137308 0.15827 0.9729992 0.1679977 0.0197997 0.9993113 -0.03138417 0.2356203 0.9649046 -0.1159401 -0.2218201 0.3213279 0.9206216 0.2712788 0.9556406 -0.1147122 0.157622 0.9738178 0.1638116 -0.2373817 0.3201869 0.9171314 -0.2226234 0.2439191 0.9438974 -0.1943844 0.2464241 0.9494681 0.3532914 0.9107522 0.2138119 -0.1939753 0.2453559 0.9498285 0.3116284 0.9269836 0.2087798 0.058954 0.1785173 0.982169 0.3318464 0.894813 0.2986432 0.06142133 0.1780987 0.9820938 0.589988 0.7734375 -0.2317512 0.6008144 0.7794511 -0.1774206 -0.4337524 0.4575996 0.7761839 0.3298854 0.8983735 0.2900009 -0.4092906 0.8750612 -0.2583584 -0.4312401 0.879796 -0.1999775 0.565523 0.8031006 -0.1876517 -0.4221726 0.4576216 0.7825297 0.06140285 0.1146286 0.9915089 -0.4496331 0.8561816 -0.2545254 0.06147015 0.1142928 0.9915436 0.5894039 0.7730636 -0.234469 -0.4303864 0.8797072 -0.2021951 -0.2231227 0.2434192 0.9439085 -0.01355427 0.9994898 -0.02891904 0.2128679 0.9699612 -0.117739 0.4396505 0.8414217 0.3141925 0.4992465 0.8073661 0.3145042 -0.4271085 0.3779579 0.8214172 -0.4272395 0.3786081 0.8210495 -0.2408149 0.3195794 0.9164481 -0.2677089 0.3173839 0.9097249 0.2475363 0.9618306 -0.1166522 -0.1194642 0.9926549 -0.0190894 -0.2421665 0.2423459 0.9394806 -0.1740272 0.9780788 -0.1143521 -0.109713 0.9872463 -0.1153593 -0.03664892 0.9980486 -0.05055487 -0.2416731 0.2416495 0.9397871 0.4637928 0.792073 0.3968837 -0.02807128 0.9991899 -0.02883714 0.467743 0.7842118 0.4077109 -0.07176309 0.9971578 -0.02294254 -0.03987532 0.9989386 -0.02305334 0.01875376 0.1148164 0.9932097 0.01801294 0.1788932 0.9837036 0.2237046 0.9674374 -0.118411 0.01875936 0.1787828 0.9837097 0.3211091 0.9208592 0.2211501 0.2836621 0.9333863 0.2198312 -0.4590735 0.4515551 0.7650812 -0.4646243 0.3712979 0.8039044 0.1949625 0.9735365 -0.1192316 -0.4714281 0.4509927 0.7578662 0.3004562 0.9046285 0.3022803 -0.5070132 0.4413787 0.7403529 0.3011811 0.9029061 0.3066765 0.01879638 0.1150065 0.9931869 -0.4644127 0.3720379 0.8036845 -0.1189564 0.9926655 -0.02155303 -0.012932 0.1789078 0.9837808 0.2049433 0.9714542 -0.1194782 0.103492 0.9919531 0.07292807 0.1835367 0.9756553 -0.120046 -0.01242202 0.1788679 0.9837946 0.5341795 0.8218469 -0.1980406 0.4715244 0.02572119 0.8814778 0.1113483 0.979266 0.1692323 0.4927577 0.04248195 0.8691289 0.1117208 0.9786932 0.1722733 0.4354283 0.03370445 0.8995923 0.5689295 0.8008347 -0.1870373 0.4012057 0.03741437 0.9152236 0.5581277 0.7937639 -0.2417278 0.4929586 0.01846688 0.8698568 -0.2715137 0.3164107 0.9089359 -0.2970784 0.3140672 0.9017241 0.2630665 0.9379832 0.2257955 0.2980122 0.9271353 0.2271758 -0.2724517 0.2397267 0.9318268 0.5574989 0.7933031 -0.2446736 0.1929642 0.9738191 -0.120171 0.2786145 0.9093073 0.3090862 -0.03655242 0.1787477 0.9832158 0.2794546 0.9076359 0.3132126 -0.0268107 0.1788206 0.9835163 -0.4782159 0.840426 -0.2549387 -0.02569663 0.1788052 0.9835488 -0.4375615 0.8618935 -0.2562799 -0.1185463 0.9929135 -0.008336424 0.3925608 0.03755909 0.9189589 -0.4601355 0.8652849 -0.19889 -0.07242709 0.9973379 -0.008442282 0.3824283 0.03788191 0.9232082 0.3925077 0.04273587 0.9187553 -0.457732 0.8650387 -0.2054006 -0.01292812 0.1149408 0.9932882 0.4966682 0.8424775 -0.2086924 -0.02680277 0.1149109 0.9930142 -0.012959 0.1150174 0.9932789 0.40755 0.8501941 0.333276 -0.0268709 0.1148723 0.9930168 0.4636018 0.8206707 0.3340253 -0.2730172 0.2382967 0.932028 0.9974014 0.07015508 0.01639509 0.5301268 0.824303 -0.1987211 0.57115 0.7050237 0.4203919 -0.038046 0.1786455 0.9831776 0.7691339 0.5527296 0.3208163 0.5196742 0.8161247 -0.2527433 0.4333063 0.7934699 0.4273771 0.518929 0.8155123 -0.2562271 -0.06637156 0.1783926 0.9817183 0.4298493 0.8007198 0.417226 -0.03803485 0.1148324 0.9926565 -0.1523009 0.9813188 -0.1175489 -0.5421465 0.433658 0.7197346 0.155748 0.980171 -0.1225045 -0.4935508 0.4479033 0.7455134 -0.4998046 0.3643839 0.7857606 -0.1657782 0.9859287 -0.02149891 0.1098636 0.9862641 -0.1233416 -0.2220823 0.968096 -0.116059 0.1638245 0.9790551 -0.1208828 -0.3012 0.3132776 0.9006307 -0.3178787 0.3116003 0.8954654 -0.1651296 0.9862696 0.002102911 0.5801174 0.6426182 0.5005055 -0.1189965 0.9928929 0.001856386 0.2746506 0.9329465 0.2327614 -0.0380907 0.1147248 0.9926669 -0.555186 0.2735558 0.7854526 0.2422859 0.9422214 0.2313361 -0.4995781 0.3651941 0.7855286 -0.3028092 0.2362108 0.9233151 -0.3022142 0.2354304 0.9237095 0.4583587 0.8614626 -0.2186081 0.2574034 0.9120384 0.3192638 0.4901932 0.8460142 -0.2096917 0.4800314 0.8366469 -0.2638029 0.2566865 0.9135591 0.3154708 -0.3486607 0.3078292 0.8852552 -0.3222066 0.3107371 0.8942177 0.4794093 0.8360226 -0.2668948 0.360661 0.0392419 0.9318711 0.06376606 0.9901176 -0.1249039 0.3699316 -0.04569989 0.9279344 0.3704959 0.03807002 0.9280536 -0.1649492 0.9859871 -0.02492409 0.05994361 0.9955097 0.0732609 -0.3239238 0.2337691 0.9167472 -0.3232662 0.2329048 0.9171992 0.1155412 0.9854989 -0.1242666 0.06890207 0.9948192 0.07474792 -0.5672473 0.4284721 0.703308 -0.5713429 0.187246 0.7990659 -0.5347763 0.3568239 0.7659577 -0.5280755 0.4409599 0.7257345 -0.06910407 0.1145413 0.991012 0.02104151 0.9969657 0.0749455 0.06467306 0.9827802 0.1730911 -0.1091194 0.1773141 0.9780862 0.06483012 0.9824607 0.1748372 -0.06912541 0.1779195 0.9816141 0.4222589 0.8776382 -0.2268231 0.4424918 0.8540754 -0.273416 0.5200708 0.7275063 0.4475052 0.452225 0.8644787 -0.2194749 -0.06918525 0.114133 0.9910535 0.4420108 0.8535181 -0.2759225 0.5421223 0.6621537 0.5173547 0.1032708 -0.93569 0.3373712 0.3313705 0.03967416 0.9426662 0.322231 0.04073172 0.9457844 0.2510508 0.9382846 0.2378977 0.2062652 -0.7736495 0.5991002 0.2213348 0.9461002 0.2364429 0.2919143 0.04113328 0.9555596 -0.2113421 0.9774088 0.002558469 -0.3813168 0.3030176 0.8733714 -0.1651371 0.986268 0.002279579 0.4026418 0.8860267 -0.2298615 -0.3543606 0.2303146 0.9063022 0.2351813 0.9160236 0.3249472 -0.35325 0.3064206 0.8839235 -0.3550528 0.2283143 0.9065374 0.4311724 0.8735979 -0.2256482 0.2345541 0.9174511 0.3213531 0.3004021 0.04149681 0.9529095 -0.4748749 0.8421541 -0.2554807 0.1091242 -0.926284 0.3606796 -0.5172387 0.8176324 -0.2528664 -0.497967 0.8437343 -0.2003531 0.4218072 0.8627449 -0.2788366 -0.1135914 0.1136883 0.9870015 -0.4954358 0.843744 -0.2064927 0.4217227 0.8626563 -0.2792384 -0.1136305 0.1765037 0.977719 0.01949626 0.9918718 -0.1257384 0.3984215 0.8072014 0.43553 -0.3861606 0.3018236 0.8716551 -0.4013522 0.2998301 0.8654584 0.3771063 0.8572319 0.3506341 -0.3873254 0.2253642 0.8939742 0.4292084 0.8325228 0.3502657 0.06705987 0.9898301 -0.1254563 -0.1137258 0.1130045 0.9870645 0.5424787 0.6567703 0.5238031 0.2781236 0.04177689 0.9596364 0.2701317 0.04231339 0.9618932 0.1448137 -0.8460557 0.5130485 0.4071967 0.8840898 -0.2292947 0.3995248 0.8021571 0.4437611 -0.388057 0.2240187 0.8939951 -0.4289599 0.2955921 0.8535917 -0.4063389 0.2987765 0.8634936 -0.4075301 0.2221003 0.8857713 0.3795034 0.8945564 -0.2361059 0.4095376 0.8401285 0.3556166 -0.4082576 0.2212154 0.8856577 0.3610953 0.8591175 0.3626669 0.2483016 0.04296749 0.9677293 0.1883901 -0.6655356 0.722199 0.2557422 0.04247832 0.9658113 0.2264164 0.04319459 0.9730724 0.3977217 0.8720749 -0.285137 0.3982168 0.8727165 -0.2824702 -0.1516211 0.1746469 0.9728872 0.3815371 0.8078884 0.4491612 -0.1939976 0.1734039 0.9655547 -0.2109282 0.9774718 -0.00762999 0.3804814 0.8090587 0.4479485 -0.1577403 0.1123509 0.9810684 -0.2417963 0.970299 -0.007378458 -0.2525203 0.9585982 -0.1316173 -0.1577988 0.1754835 0.9717536 0.02050036 0.9918316 -0.1258964 -0.2540568 0.9598754 -0.118719 -0.1945319 0.9734914 -0.1202993 -0.1579422 0.1113057 0.9811551 0.2045241 0.04377681 0.9778822 -0.01343792 0.9919505 -0.1259108 0.2166208 -0.3584787 0.9080576 0.233317 0.04349964 0.9714273 -0.434077 0.2938254 0.8516125 0.2272352 0.9431459 0.2425698 -0.4664219 0.2888588 0.8360689 0.2002326 0.9496168 0.2411117 -0.4360539 0.2182823 0.8730463 0.3642665 0.9004124 -0.2378391 -0.4352751 0.2160966 0.8739781 0.210836 0.04405903 0.976528 0.212267 0.920926 0.326861 0.2101482 -0.0707302 0.9751077 0.2127665 0.9196969 0.3299816 0.3390138 0.9086861 -0.2436374 -0.2108547 0.9770801 -0.02923804 -0.2017842 0.1718676 0.9642327 0.355615 0.8875296 -0.2929661 -0.2111221 0.9771445 -0.02482336 0.550283 0.7067439 0.4446366 0.5194412 0.7227882 0.455805 0.3559547 0.8880439 -0.2909883 -0.2226621 0.1711165 0.9597609 -0.2621708 0.9648006 -0.02064305 -0.2953216 0.9551827 -0.02027726 0.4958278 0.7393046 0.4556134 -0.2016817 0.1092674 0.9733371 0.517944 0.6683011 0.5339548 -0.2019237 0.1104425 0.9731544 0.5207713 0.6619684 0.5390689 0.1872484 0.04444503 0.9813066 -0.01413148 0.9919489 -0.1258479 0.1763193 0.04453283 0.9833251 -0.02783012 0.9916642 -0.1258077 0.1930757 0.0442177 0.980187 0.1931561 0.0191394 0.9809814 0.1836486 0.9519469 0.2450925 0.2083107 0.9467927 0.2453367 -0.2314533 0.1702613 0.9578311 -0.02926403 0.9916273 -0.1257733 -0.5017002 0.2819739 0.8177943 -0.2753577 0.9538879 -0.1194821 -0.4716615 0.2870473 0.8337501 -0.223234 0.967219 -0.1210532 -0.03952568 0.9912773 -0.1257251 0.181905 0.0191462 0.9831297 0.1818272 0.04461568 0.9823179 0.194706 0.9231957 0.3313598 0.194989 0.9225345 0.3330307 -0.2316159 0.1085643 0.9667305 -0.2313296 0.1080594 0.9668556 0.3301945 0.9116876 -0.2445349 -0.4737008 0.2117133 0.8548596 0.322549 0.8987231 -0.2970842 0.3071415 0.918696 -0.2483179 -0.4728725 0.2095816 0.855843 -0.251034 0.1075428 0.9619857 -0.01450592 0.9970492 0.07538205 0.01979595 0.9843314 0.1752136 0.3223888 0.8984274 -0.2981504 0.01832866 0.9969866 0.07537835 -0.2416483 0.1689855 0.9555364 -0.2724386 0.1676388 0.9474568 -0.251167 0.1694492 0.9529963 0.0197795 0.9842486 0.1756795 -0.2416792 0.9698635 -0.03091704 -0.2513127 0.1067292 0.9620035 -0.2414851 0.9699672 -0.02912914 -0.5069975 0.2800277 0.8151921 -0.04156994 0.991213 -0.1255736 -0.509934 0.8217969 -0.2541989 -0.5332491 0.8217042 -0.2011154 -0.07176816 0.9895144 -0.1253408 0.1536091 -0.08477002 0.9844889 0.1495764 0.04535496 0.9877094 0.8001148 0.569153 -0.1894236 -0.5532999 0.7943219 -0.2508227 0.1543137 0.04481989 0.9870048 -0.5303932 0.8219065 -0.2077327 -0.5090466 0.2050802 0.8359507 0.6068783 0.7507304 -0.2609646 -0.5633695 0.131427 0.8156849 -0.5082001 0.2028371 0.8370124 -0.2827584 0.105817 0.9533366 0.172996 0.953386 0.2472398 0.5863696 0.7648931 -0.2666629 0.8256651 0.5262795 -0.2032413 0.1962416 0.9488934 0.247165 -0.28293 0.1655377 0.9447475 0.8273557 0.5267496 -0.1949808 -0.2830674 0.1042595 0.9534164 -0.5419884 0.2735222 0.7946283 -0.2950184 0.9551098 -0.02700829 0.1834272 0.9246068 0.3338514 -0.5498228 0.1773644 0.8162333 -0.3263243 0.9448832 -0.02661418 -0.5432215 0.1981238 0.8158782 0.3057288 0.9191316 -0.2484491 0.1836569 0.9240943 0.3351417 -0.5484722 0.2735455 0.7901589 0.2841808 0.9251128 -0.2518089 -0.3135946 0.1639782 0.9352912 -0.3021265 0.1635986 0.9391247 0.3402203 0.8655337 0.3675618 0.03449368 -0.8988962 0.4368018 0.1088508 0.0455892 0.9930121 0.1054471 0.04596334 0.9933621 0.3882309 0.844365 0.3692218 0.07440477 -0.7196749 0.6903129 0.2984308 0.9054778 -0.3017433 0.2985671 0.9057298 -0.3008511 -0.3133755 0.1023073 0.9441022 0.3612168 0.8098088 0.4623118 -0.3137561 0.1032727 0.9438707 0.3587518 0.815642 0.4539 0.6169632 0.7431028 -0.2591423 -0.3542507 0.1596441 0.9214229 -0.3352265 0.1617999 0.92814 0.5814003 0.7678409 -0.2690615 -0.3231797 0.1614385 0.9324657 0.6085796 0.7397179 -0.2871381 -0.2419787 0.9624591 -0.1229586 -0.335363 0.1015396 0.936601 -0.309536 0.9432038 -0.1206399 -0.3349753 0.100553 0.9368461 0.06318193 0.04612255 0.9969357 0.06118363 0.04633659 0.9970504 0.03649556 -0.8075506 0.5886682 0.6086106 0.7397321 -0.2870359 -0.3668486 0.09934878 0.9249606 -0.3671379 0.1566053 0.9168885 -0.03003776 0.9967172 0.07518452 -0.3482683 0.9371927 -0.01946526 -0.3268076 0.9448851 -0.0197224 -0.0126264 0.997087 0.07522058 -0.3672272 0.09709787 0.9250493 0.01932334 0.04641211 0.9987354 0.01819515 -0.3234979 0.9460539 -0.01362979 0.9843501 0.1756963 0.01870852 0.04647088 0.9987444 -0.0136426 0.9843788 0.1755339 0.2811515 0.9259675 -0.2520678 -0.4008277 0.154392 0.9030506 -0.2617875 0.9646332 -0.0308246 -0.4004826 0.09574091 0.9112889 0.274499 0.9121922 -0.3042296 -0.2617449 0.9645449 -0.03380584 -0.4072722 0.1524723 0.9004896 -0.3871037 0.1538332 0.9091127 0.2611836 0.9309931 -0.2550193 0.2743645 0.9118881 -0.3052607 -0.4008647 0.09435838 0.911265 -0.4214019 0.1504932 0.8942999 -0.0261721 0.9968311 0.07511824 -0.4210061 0.09348142 0.9022278 -0.07549548 0.9893252 -0.1246436 -0.01332342 -0.02574968 0.9995796 -0.01332819 0.04647499 0.9988306 -0.1179175 0.9852408 -0.12408 -0.02824336 0.9840793 0.1754717 -0.01289844 0.04645264 0.9988372 -0.02674621 0.04644048 0.9985629 -0.0282762 0.9840942 0.1753832 -0.0379123 0.04641425 0.9982026 -0.02759802 -8.21734e-5 0.9996191 0.4906415 0.6751363 0.5508739 -0.02758795 0.04642945 0.9985405 0.5911426 0.760937 -0.2674419 -0.4214276 0.09251654 0.9021305 0.5498602 0.7875795 -0.2781588 0.4716277 0.7381202 0.4824374 0.5830515 0.7571082 -0.2946833 -0.03916853 -5.69751e-5 0.9992327 0.4913212 0.6679149 0.559011 -0.06886315 0.04628956 0.9965516 -0.03915423 0.04636168 0.9981571 -0.4725171 0.1439121 0.8694923 -0.07756131 0.9941999 0.07450479 -0.449631 0.1483712 0.8808053 -0.0426765 0.9962928 0.07469338 0.5832183 0.7571959 -0.2941273 -0.4349167 0.1468154 0.8884215 -0.3810082 0.9245635 -0.003883361 -0.03717356 0.9964839 0.07508587 -0.3492326 0.9370269 -0.004161417 -0.4491466 0.08863306 0.8890509 -0.4496594 0.09121024 0.888531 -0.0401594 0.983695 0.1753035 0.2381473 0.9363478 -0.2579508 -0.5885304 0.7693782 -0.2483732 -0.1132 0.04587292 0.9925127 -0.5813944 0.7742595 -0.2500053 -0.5678209 0.7980527 -0.2017213 -0.08181524 0.9474285 -0.3093308 -0.07111704 0.04604601 0.9964046 0.2564855 0.932198 -0.2553859 -0.5445792 0.799766 -0.2526022 -0.06960988 -0.1919674 0.9789295 -0.5644246 0.7985122 -0.2092922 -0.5077421 0.1383817 0.8503226 0.1956961 0.9487161 -0.2482756 -0.4877297 0.1400895 0.8616814 -0.4872029 0.08676832 0.8689675 -0.0400933 0.98378 0.1748409 0.2501568 0.9175808 -0.3089775 -0.4876145 0.08428436 0.8689811 -0.05835443 -0.9085 0.4137904 -0.07415723 -0.7632235 0.6418648 0.1669541 0.952907 0.2531694 -0.1572194 0.0452252 0.9865276 0.2503477 0.9180126 -0.3075369 -0.1168391 0.04547125 0.9921094 -0.5233412 0.1342658 0.8414788 0.2260674 0.9231166 -0.3110458 0.1467558 0.9571697 0.2495774 -0.5227347 0.08244359 0.8484995 0.2150735 0.9411852 -0.2606025 -0.5641807 0.02870303 0.8251522 -0.5231519 0.07977449 0.8484976 -0.09136003 -0.8177675 0.5682514 0.156192 0.9268382 0.3414307 -0.1621847 0.04466342 0.9857491 -0.4945524 0.1253157 0.8600662 -0.5584641 0.1309795 0.8191228 -0.4770371 0.4029781 0.7810533 0.1556949 0.9285675 0.3369296 -0.5577804 0.0778563 0.8263289 -0.2072095 0.04429519 0.9772933 0.2317425 0.937829 -0.2584035 -0.1985027 -0.2737379 0.9410973 -0.2009887 0.04368442 0.978619 -0.2305665 0.04340547 0.9720879 0.2260513 0.9230705 -0.3111941 0.3050799 0.8720925 0.3825975 -0.237564 0.04306435 0.9704169 0.348605 0.8547001 0.3846587 -0.2501903 0.04292941 0.9672445 -0.2366405 -0.07752072 0.9684998 -0.2818287 0.04211455 0.9585401 -0.2577034 0.04239857 0.9652934 -0.256699 -0.07752549 0.9633771 -0.1240453 0.9846372 -0.1228917 -0.1636845 0.9789262 -0.1221099 0.3216426 0.8220154 0.4699328 -0.290075 0.04118329 0.9561175 -0.2657598 -0.3879382 0.8825393 0.2070668 0.9270176 -0.3126685 -0.3123828 0.04089403 0.9490757 0.3236926 0.8168143 0.4775328 -0.1925135 -0.7919573 0.5794327 -0.3418328 0.9315758 -0.1237619 -0.3213268 0.04026812 0.9461118 0.2122302 0.94178 -0.2607847 -0.2719706 0.9539472 -0.1265568 -0.142421 -0.9038091 0.4035412 0.1969473 0.9446787 -0.2622862 -0.1353011 -0.9149692 0.3801643 -0.3432759 0.03995454 0.9383845 -0.2950365 0.9548949 -0.03360539 -0.3338941 0.03955847 0.9417801 -0.3657047 0.03908419 0.92991 -0.2927342 -0.6156338 0.7316432 -0.3756196 0.03779041 0.9260032 0.2070788 0.9270573 -0.312543 -0.2930927 0.9552813 -0.03916949 -0.3992269 0.03740739 0.9160887 -0.4076619 -0.08706206 0.908973 -0.4096599 0.03648602 0.9115084 0.436439 0.7526649 0.4929671 0.4870569 0.7247151 0.4874049 0.4492468 0.7408638 0.4992976 -0.4282998 -0.08708047 0.8994311 -0.4197036 0.03582352 0.906954 -0.4303959 0.03612345 0.9019171 -0.4134398 -0.4214031 0.8071474 0.5117834 0.8092542 -0.2884187 -0.4587773 0.03511226 0.8878573 -0.4478117 0.03399997 0.8934811 0.5590293 0.7814387 -0.2772001 0.2774589 0.8757565 0.3950532 0.316693 0.8628413 0.3939677 -0.4858031 0.03328621 0.8734342 0.5515138 0.7772169 -0.3029301 -0.1948142 -0.9145995 0.3543375 0.292999 0.8252145 0.4828796 -0.4969873 0.03181493 0.8671745 0.5516473 0.7772977 -0.302479 -0.5212975 0.03132474 0.8527998 -0.06014257 -0.9928864 0.1027588 -0.09917378 -0.9799388 0.1728713 -0.5325581 0.02978307 0.8458693 -0.1711204 -0.9494781 0.2630763 -0.3819054 0.9233565 0.03951019 0.4583002 0.6744766 0.5788283 -0.5675138 0.02903556 0.8228518 0.1949591 0.9293884 -0.3134139 -0.5745794 0.02973431 0.8179085 0.4554398 0.6821395 0.5720667 0.1853837 0.9467213 -0.2633472 0.2930444 0.822842 0.486884 0.1997852 0.9441294 -0.2621175 -0.3646117 0.9226751 -0.1254156 0.194916 0.9292272 -0.3139181 -0.3013467 0.9448499 -0.1282533 -0.1721675 0.9776821 -0.1203994 -0.2091768 0.9705567 -0.119435 -0.1274147 0.9892113 0.07229399 -0.06747031 0.9950596 0.07282936 -0.4164026 0.9083005 0.03998804 -0.4176554 0.8919051 -0.1734052 -0.3251061 0.9448771 -0.03889966 -0.3249248 0.944793 -0.04230886 -0.07289159 0.9819592 0.1744794 -0.07287913 0.9822978 0.1725676 0.103644 0.961207 0.2556147 0.5203592 0.8040339 -0.287673 0.4727747 0.829303 -0.2978937 0.1179032 0.9588381 0.2583184 0.5135161 0.7994219 -0.3118106 0.5134152 0.7993541 -0.3121502 0.1102297 0.9314551 0.3467577 -0.4647058 0.8814902 0.08380728 -0.4364293 0.8958619 0.08343249 0.1695969 0.9494425 -0.2641892 0.1099838 0.9325973 0.3437526 0.2571836 0.8788009 0.401952 0.2715815 0.8281567 0.4903058 0.2937862 0.867572 0.4012587 0.157227 0.9509629 -0.2663629 0.1654391 0.9342854 -0.3158175 0.2715728 0.8259767 0.4939744 0.1653617 0.9340057 -0.3166841 -0.2398797 0.9637812 -0.1165489 -0.3218222 0.9377824 -0.1303631 -0.2199412 0.9684505 -0.1171734 -0.3984167 0.9084376 -0.1265119 0.4153645 0.7476296 0.5181915 0.4056326 0.7511243 0.5208402 0.4218549 0.6875215 0.5910606 0.4807081 0.8249294 -0.2973399 -0.3468213 0.9369869 -0.04207712 -0.3465617 0.9369135 -0.04569631 0.4358583 0.8463859 -0.3060367 0.9996365 0.02676743 -0.003215193 0.4745775 0.8200348 -0.3198735 0.5971677 0.5680618 0.5663008 0.4743334 0.8198417 -0.3207294 0.4221198 0.6812639 0.5980756 -0.2602278 0.9586668 -0.1150622 -0.2520742 0.960809 -0.1153458 0.236765 0.8815866 0.4083471 0.2500079 0.8308652 0.497151 -0.5024617 0.8575489 0.1101913 -0.4640215 0.8790135 0.1096324 0.2706496 0.8719395 0.4080077 0.1108326 0.9566525 -0.2693181 0.9842343 0.1220889 0.1279733 0.1195665 0.9559929 -0.2679205 0.2499527 0.8288176 0.5005848 -0.1108259 0.9913988 0.06961435 0.1165426 0.9401055 -0.3203428 -0.1199156 0.9778282 0.171675 0.1166219 0.9405112 -0.3191207 -0.1766492 0.9818686 0.06876766 -0.1195032 0.9784381 0.1684573 0.4155452 0.8549568 -0.3104373 0.5594827 0.5815554 0.5905696 0.4431957 0.8427641 -0.3054932 0.5239884 0.6015049 0.6030157 0.4375001 0.8374725 -0.3274651 0.5392072 0.5184796 0.6636524 0.437401 0.8373743 -0.3278482 0.06018728 0.9637871 0.2597923 0.06844347 0.9627836 0.2614634 -0.2733942 0.9552111 -0.1132579 0.06396138 0.9345715 0.3499785 -0.2929923 0.9494724 -0.1125064 0.06387114 0.9352102 0.3482847 0.2472987 0.8759434 0.4142058 0.3921423 0.8644834 -0.3144723 0.216209 0.8841197 0.4142296 0.4226912 0.8518503 -0.3093271 0.4171154 0.8462344 -0.3315148 0.4170662 0.846194 -0.3316797 0.3890679 0.691876 0.6082218 -0.5385522 0.8357489 0.1071701 0.373932 0.7567738 0.5361607 -0.5026023 0.8579155 0.1066393 0.2286805 0.8313344 0.5065456 0.06935584 0.9602375 -0.2704327 0.2278284 0.833373 0.503571 0.5386942 0.5151392 0.6666634 0.06429493 0.9603831 -0.2711653 0.3890044 0.687011 0.613752 0.06761771 0.9443429 -0.3219383 0.06762242 0.9443832 -0.3218193 0.355771 0.7624046 0.540524 0.3973072 0.7481942 0.5313684 -0.4329832 0.891883 -0.1306538 -0.3076861 0.945176 -0.1094153 -0.3514016 0.9263804 -0.135412 -0.3800035 0.9238772 -0.04525709 0.3715165 0.6913708 0.6196627 0.3703542 0.692511 0.6190851 0.3506039 0.8795856 -0.321568 0.393516 0.8558336 -0.3356992 -0.3768509 0.9247483 -0.05314129 0.2064486 0.8354725 0.5092787 0.3986998 0.8615661 -0.3142328 0.3936901 0.8560368 -0.3349762 0.1955201 0.886403 0.4195968 0.2237656 0.8795819 0.4198387 -0.5400034 0.8388855 0.06831955 0.2063312 0.8338294 0.5120116 -0.3469024 0.9318739 -0.1061587 -0.3246977 0.939728 -0.1071577 0.5355989 0.587616 0.6064991 -0.3405445 0.9340071 -0.1079814 0.5153734 0.5234951 0.6784861 0.5009756 0.6060283 0.6178617 0.5148484 0.5203538 0.681295 0.2051007 0.8824678 0.4233017 0.1792754 0.8877128 0.4240592 0.01965087 0.9621255 -0.2718977 0.02119028 0.9621449 -0.2717135 0.02066415 0.9463271 -0.3225494 -0.1536884 0.9859703 0.06513434 0.02066397 0.9463176 -0.322577 -0.2252065 0.9722091 0.06396478 -0.1663112 0.9718025 0.167154 0.3564588 0.8772727 -0.3214494 -0.453866 0.8810338 -0.1333605 -0.4129577 0.9092359 -0.05249798 -0.3835763 0.9131493 -0.1379406 0.3177593 0.8901178 -0.3266792 0.1888704 0.836763 0.5139607 0.3520225 0.8714925 -0.3414396 0.3519726 0.8714289 -0.3416534 0.1894153 0.8357794 0.5153586 -0.3796314 0.9193934 -0.1029363 -0.1655864 0.972692 0.1626394 -0.3638146 0.9256785 -0.1037217 -0.01460433 0.9622091 -0.2719196 0.02091127 0.9646841 0.2625783 0.01840114 0.9648691 0.2620862 0.01953291 0.9362915 0.3506801 -0.01354569 0.9622422 -0.2718573 0.01953119 0.9360912 0.3512147 -0.01424086 0.9464244 -0.3226114 -0.01424068 0.9463587 -0.322804 -0.4103943 0.9100757 -0.05778324 0.1931733 0.8840823 0.425538 -0.03023868 0.9618936 -0.2717467 0.1688476 0.8885902 0.4264951 -0.02805346 0.9619634 -0.2717344 -0.0294882 0.9460471 -0.3226844 0.1778757 0.837574 0.5165559 -0.02953642 0.9464083 -0.3216191 0.1783497 0.836865 0.5175406 -0.5752165 0.815095 0.06889158 -0.6085444 0.791033 -0.06277304 0.3351525 0.7675497 0.5463885 -0.07627314 0.108055 -0.9912146 0.3231188 0.888308 -0.326348 0.3190658 0.8822751 -0.3461036 0.2941495 0.8970176 -0.3299021 0.3758527 0.7499599 0.5443297 0.3499939 0.6973372 0.62548 0.3190672 0.8822774 -0.3460966 0.3499569 0.6921311 0.6312564 -0.4833607 0.865128 -0.1338505 -0.4032303 0.9043909 -0.1395794 -0.04297107 0.9614565 -0.2715782 -0.432839 0.8996489 -0.05729198 -0.04192644 0.9459928 -0.3214648 -0.430791 0.9004033 -0.06077021 -0.03985148 0.9616231 -0.2714645 -0.01267951 0.964818 0.2626132 -0.01440811 0.9648483 0.2624123 -0.04192048 0.9459275 -0.3216583 -0.01345854 0.9362036 0.3512003 -0.01345765 0.9361856 0.3512484 0.2991047 0.8954728 -0.3296434 -0.02986013 0.9645457 0.2622212 0.2953537 0.8893066 -0.3491419 -0.02628129 0.9646172 0.2623412 0.2704524 0.9033588 -0.3328638 0.5062357 0.5935075 0.625679 0.2954178 0.8894221 -0.3487933 0.4725013 0.6120538 0.6341393 -0.3979474 0.9121128 -0.09842818 0.4860082 0.5299208 0.6949676 -0.4141857 0.904949 -0.0975582 0.2466872 0.909143 -0.335566 -0.02788001 0.9359283 0.3510854 -0.02789682 0.9359883 0.350924 0.4856376 0.5254591 0.698605 0.2716283 0.8958827 -0.3515853 -0.196057 0.978791 0.0594117 0.2750129 0.9020528 -0.3326689 0.2716881 0.8960025 -0.3512338 -0.2112883 0.9649993 0.1553502 -0.07805126 0.9594658 -0.2708018 -0.07239735 0.9600748 -0.270213 -0.2118789 0.9639494 0.1609627 -0.0761488 0.9440284 -0.3209543 -0.04238754 0.9642311 0.2616517 -0.03732734 0.9643051 0.2621495 -0.07614409 0.9439922 -0.3210622 -0.03962302 0.9356212 0.3507751 -0.03961002 0.9357029 0.3505582 -0.4337088 0.8961272 -0.09408915 -0.435261 0.8953835 -0.09400081 0.1642871 0.8865971 0.4323833 0.1432202 0.8916347 0.4295061 0.2228518 0.9143773 -0.3380105 0.2508262 0.9080607 -0.3354279 0.247778 0.9018618 -0.3539088 0.3050592 0.7652249 0.5668948 0.2478008 0.9019049 -0.3537827 0.3367309 0.7568345 0.5601909 0.2998741 0.7714028 0.5612604 -0.4640133 0.8811697 -0.09072822 -0.4554532 0.8855718 -0.09124213 0.2040815 0.9180892 -0.3397986 0.1515672 0.8380942 0.5240471 0.150926 0.8406677 0.5200953 0.3137135 0.6964913 0.6453556 0.312089 0.7015864 0.6406066 0.2265889 0.9134918 -0.3379203 0.2238364 0.9071983 -0.3562143 0.2238805 0.9073106 -0.3559002 -0.2252302 0.9725238 0.05889654 -0.257018 0.9647707 0.05620813 -0.1282858 0.9546874 -0.2685419 -0.1251453 0.9393475 -0.3193194 -0.2421907 0.9579242 0.1540287 -0.1190303 0.9561205 -0.2677041 -0.2420763 0.9583228 0.151712 -0.5215842 0.8419697 -0.1379747 -0.4287038 0.8916282 -0.1456443 -0.1252175 0.9396926 -0.3182742 -0.4579042 0.8862773 -0.06954342 0.1921167 0.9202833 -0.340837 -0.460432 0.8856638 -0.06001657 0.451082 0.5358841 0.7136899 0.4707717 0.6009042 0.6459785 0.4387497 0.6172785 0.6530436 0.2075089 0.9173763 -0.339648 0.2050278 0.9111143 -0.3575394 0.2050973 0.9113287 -0.3569526 0.2726878 0.7703542 0.5763644 0.163028 0.925109 -0.3429217 0.2838544 0.7031026 0.6519765 0.1930676 0.9135747 -0.3579193 0.1953259 0.9196648 -0.3406827 0.4506739 0.5317409 0.7170389 0.1929972 0.913321 -0.358604 0.2833812 0.7008255 0.6546288 -0.4852965 0.8702031 -0.08505189 -0.5027968 0.8603189 -0.08394432 -0.244243 0.9680687 0.05646508 -0.3131415 0.9483071 0.05153578 -0.1653593 0.9502171 -0.2640907 -0.2781772 0.9591037 0.05232459 -0.1781198 0.9476315 -0.2650808 -0.2620492 0.9538125 0.1468737 -0.1738332 0.9328039 -0.3156883 -0.2624627 0.9530932 0.1507533 -0.1739328 0.9331454 -0.3146221 -0.5389278 0.8387998 -0.07727664 -0.5251497 0.8474095 -0.07819861 -0.07695215 0.9628073 0.258999 -0.06784844 0.9628833 0.2612516 -0.07198315 0.9340249 0.3498796 -0.07190465 0.9349892 0.3473113 0.1149278 0.9312374 -0.3458157 0.1657082 0.9245715 -0.3430866 0.1067614 0.8429346 0.5273171 0.1637508 0.9182616 -0.3605292 0.1011103 0.8940819 0.4363419 0.1637283 0.9181925 -0.3607152 0.1159895 0.8911321 0.4386684 -0.2222125 0.9239964 -0.3112111 -0.2114964 0.9423354 -0.2593711 0.2520216 0.7747156 0.5799146 0.2627766 0.7049448 0.6587877 -0.2276123 0.9382817 -0.260423 0.283087 0.7657081 0.5775403 -0.2223032 0.9242364 -0.3104327 -0.5621211 0.8239977 -0.07104688 0.1066981 0.8411753 0.5301317 -0.574449 0.8155257 -0.07018613 -0.4643293 0.8727875 -0.1504669 -0.5568981 0.8184217 -0.1415997 -0.2610346 0.9308088 -0.2558435 -0.2548198 0.9167496 -0.3076314 -0.2425916 0.9356385 -0.2563784 0.2623014 0.7027952 0.6612691 -0.4943652 0.8657928 -0.07749783 -0.4970012 0.865062 -0.06824529 -0.2549884 0.9171151 -0.3063998 0.4156408 0.5412461 0.7309551 0.1168001 0.9309498 -0.3459627 0.4044663 0.6219025 0.6705553 0.4345526 0.6076023 0.6648185 0.06666076 0.9352278 -0.3477146 0.4152088 0.5374354 0.7340059 0.1154187 0.9245231 -0.3632293 0.1154605 0.9247376 -0.3626693 0.2375727 0.773095 0.5881184 0.2317923 0.7763065 0.5861916 -0.2831176 0.9250682 -0.2531664 0.2416304 0.7065733 0.6651082 -0.2765352 0.9115442 -0.304328 0.2605183 0.7685264 0.5843777 -0.2633039 0.9308498 -0.253357 -0.2765927 0.9116609 -0.3039258 0.2411705 0.7046077 0.6673564 -0.2733082 0.960828 0.04595655 -0.5982588 0.7987807 -0.063528 -0.6309933 0.7733778 -0.06110781 -0.2953075 0.9443086 0.1451712 0.06695383 0.9288222 -0.3644263 0.06772971 0.9351129 -0.3478169 -0.2934576 0.945968 0.1379387 0.02036774 0.9370476 -0.3486073 0.9847609 0.1031795 0.1400002 0.999767 0.02150505 0.001928687 0.06695979 0.9288792 -0.3642802 0.5473414 0.434975 0.7149924 -0.2967234 0.9222487 -0.2478154 -0.3185881 0.9147424 -0.2484917 -0.1115083 0.9596714 0.2580636 -0.3112331 0.9016659 -0.3002209 -0.1182906 0.9308799 0.3456443 -0.1262906 0.9588782 0.2541719 -0.1180353 0.931998 0.342706 -0.3115449 0.9022249 -0.2982115 -0.3288945 0.9125429 -0.2430924 -0.352886 0.9037572 -0.2422694 0.8826205 0.206907 0.4221026 0.06732547 0.8942084 0.4425593 0.05870378 0.8955692 0.4410325 -0.3449056 0.8913388 -0.2942025 -0.3450312 0.8915509 -0.2934117 0.06197834 0.8443076 0.5322624 0.0204541 0.9307503 -0.3650828 0.2117887 0.7757304 0.5944644 -0.01403653 0.9371373 -0.3486785 0.02068948 0.9370284 -0.3486401 0.02045261 0.9306654 -0.3652991 -0.591176 0.7933529 -0.1452656 -0.4973082 0.8534979 -0.1556472 -0.3516181 0.9051322 -0.2389571 0.06190025 0.8432698 0.5339142 -0.3769596 0.895152 -0.2379168 0.4003519 0.6135702 0.6806246 -0.3685044 0.8831322 -0.2903136 -0.3686993 0.8834331 -0.2891486 0.3823963 0.5454341 0.7458382 0.3723084 0.625303 0.6858445 -0.5277577 0.8450366 -0.08593642 -0.02909916 0.9368424 -0.3485391 -0.01426672 0.9371395 -0.3486633 -0.5308842 0.8440349 -0.07594215 -0.01410055 0.9307684 -0.3653374 -0.01410096 0.9307245 -0.3654493 0.2197694 0.708155 0.6709828 0.220606 0.7061597 0.6728087 -0.3035354 0.9517416 0.04532247 -0.04130506 0.9364461 -0.3483713 -0.02952969 0.936833 -0.3485285 -0.3444674 0.9379264 0.04045277 -0.02918773 0.9304252 -0.365318 -0.02922874 0.9306223 -0.3648121 -0.324774 0.9365727 0.1317322 -0.3254302 0.9357095 0.1361718 -0.0415011 0.9302225 -0.3646419 0.3814223 0.6180316 0.6874257 -0.04197448 0.9364319 -0.3483294 -0.0750367 0.9346348 -0.3476019 0.3550108 0.6254197 0.6948506 -0.04149329 0.9301582 -0.364807 0.3818907 0.5424324 0.7482824 0.3644054 0.5463542 0.7541259 0.5336781 0.4371582 0.7239339 0.5401188 0.3562892 0.7624498 0.5230643 0.4403612 0.7297162 0.3636626 0.5459929 0.754746 0.6002655 0.7425377 -0.2971855 0.1910998 0.779005 0.5971869 0.7926743 0.5806723 -0.1857072 0.6088265 0.7433807 -0.2769755 -0.385274 0.8933506 -0.2312759 0.2150212 0.773414 0.5963192 -0.412212 0.8810908 -0.2318628 0.5399383 0.355719 0.7628438 -0.4032064 0.8698667 -0.284177 0.1985504 0.7094594 0.676199 -0.4035011 0.8702423 -0.2826042 0.1992856 0.7076825 0.6778427 -0.4017612 0.9150791 0.0349006 0.5697469 0.7626824 -0.3061113 -0.3238974 0.9452069 0.04091894 0.5787771 0.7640004 -0.2851674 -0.3670474 0.9295154 0.0357393 -0.3469495 0.9287705 0.1304283 -0.3461825 0.9297004 0.1257574 0.6065658 0.7388452 -0.2935742 0.1969854 0.7754118 0.5999445 0.1751059 0.7795239 0.6013988 -0.1641171 0.9259011 0.3402538 0.5802015 0.7642119 -0.2816849 -0.1233577 0.9302288 -0.3456258 -0.0753948 0.9283307 -0.36403 -0.1749208 0.9529991 0.2473769 -0.1547231 0.9550057 0.2530315 -0.07626742 0.9346036 -0.347418 -0.07537931 0.9282312 -0.3642865 -0.1635417 0.9278184 0.3352718 -0.4397798 0.8543814 -0.2768143 -0.4495463 0.8649722 -0.223005 0.01894438 0.844707 0.5348938 -0.4205869 0.8790876 -0.2243028 -0.4403553 0.8550148 -0.2739289 0.01794451 0.896069 0.443552 0.02056878 0.8957791 0.4440231 0.1818826 0.710036 0.6802703 0.1824901 0.7090789 0.6811054 0.1687521 0.9684713 -0.1832652 -0.5648398 0.8209205 -0.08393782 0.5543361 0.7808049 -0.2881929 0.5446328 0.7788292 -0.3111273 -0.9798969 0.1951095 -0.04164725 -0.529706 0.8327734 -0.1609349 0.5097386 0.4422568 0.7379536 0.4932012 0.4468833 0.7463564 0.515902 0.3615994 0.7765893 0.01890963 0.8444275 0.5353359 0.581615 0.7563938 -0.2993199 0.5556091 0.781068 -0.2850114 0.1648734 0.7799514 0.6037322 -0.4722711 0.8542861 -0.2171526 -0.4624211 0.8445087 -0.270133 0.1854744 0.7764793 0.6022285 -0.4421422 0.8696217 -0.2197005 0.1717364 0.7104249 0.6824977 -0.4628775 0.8449616 -0.2679262 -0.5591772 0.8236187 -0.09472686 -0.4960349 0.8627119 -0.09837436 -0.1254174 0.930082 -0.3452793 0.3432366 0.5502836 0.7611679 -0.1239537 0.9237582 -0.362362 -0.1713176 0.9237041 -0.3426676 0.3599837 0.6190624 0.6979781 0.3343038 0.6295676 0.7013455 -0.123954 0.9237593 -0.362359 0.1712408 0.7097997 0.6832723 0.5507371 0.7767646 -0.3054921 0.5157515 0.3611368 0.7769046 0.3427825 0.5470768 0.76368 0.5135705 0.7972815 -0.3171558 0.5237594 0.8001117 -0.2923993 0.5252729 0.8005229 -0.2885335 -0.01238387 0.8959009 0.4440814 -0.01417177 0.8959729 0.4438827 -0.4719992 0.8560576 -0.2106702 -0.01307064 0.8446205 0.5352059 -0.01304328 0.8445077 0.5353846 -0.5029469 0.8382332 -0.2107359 -0.02935802 0.895726 0.443636 -0.4930353 0.8294992 -0.2623874 -0.02562558 0.8957727 0.4437732 -0.4935479 0.8299862 -0.2598721 -0.2189847 0.9150491 -0.3387197 -0.1721801 0.9171213 -0.3595032 -0.02701628 0.8443907 0.5350462 -0.1742237 0.9233629 -0.3421217 -0.0270527 0.8444232 0.534993 -0.1721457 0.9170209 -0.3597756 -0.3794841 0.9168934 0.1236866 -0.4358273 0.8996806 0.02508896 -0.3516619 0.9357404 0.02690434 -0.37633 0.9194961 0.1135898 0.5132818 0.7992614 -0.3126066 0.4766961 0.8175353 -0.3231049 0.4862307 0.3678548 0.7926301 0.4804608 0.4476212 0.7541835 -0.1974772 0.9488909 0.2461884 -0.2227943 0.9452006 0.2386596 0.4871422 0.821438 -0.2965334 0.488723 0.821939 -0.2925169 -0.5119323 0.8354609 -0.199826 -0.5339569 0.8071662 -0.2517392 -0.5443698 0.8148702 -0.1991184 -0.5345829 0.80765 -0.2488425 -0.2085366 0.9220945 0.3259668 -0.2092508 0.9197508 0.3320736 -0.2511543 0.908016 -0.3353034 -0.03642302 0.8955209 0.4435266 -0.2227569 0.914429 -0.3379334 -0.04170829 0.895551 0.4429998 -0.0384466 0.8441142 0.5347834 -0.2200878 0.908209 -0.3559743 -0.2200131 0.908041 -0.3564492 -0.0383467 0.8443952 0.5343466 0.4747856 0.8202118 -0.3191102 0.30629 0.5540051 0.774122 0.4392404 0.8361864 -0.3284208 0.3216807 0.6238948 0.7122337 0.2984391 0.6326883 0.7145904 0.4499573 0.8412275 -0.299791 0.1575717 0.7775995 0.6086955 0.1398032 0.7822507 0.607074 0.4512639 0.8418365 -0.296095 -0.5492251 0.8141407 -0.1884853 -0.5826626 0.7907774 -0.1875513 0.4860755 0.3671282 0.7930621 -0.5727702 0.784703 -0.2370138 0.1452232 0.7126903 0.6862818 -0.5720051 0.7841776 -0.2405737 0.1458123 0.7101967 0.6887375 -0.2724596 0.9027326 -0.3329259 0.3058544 0.551194 0.7762978 -0.2554463 0.9070457 -0.3346869 -0.2523229 0.9008294 -0.3533265 -0.2523642 0.9009037 -0.3531076 -0.2550843 0.9381654 0.2340464 0.4041516 0.8520638 -0.3326391 -0.2258086 0.9445329 0.2384702 -0.2392184 0.915524 0.3234044 -0.238909 0.9165745 0.3206455 0.4382227 0.8381524 -0.3247483 -0.383239 0.9234296 0.02014362 -0.4118403 0.9044324 0.1113085 0.4148898 0.8582217 -0.3021954 0.4158971 0.858803 -0.2991437 -0.456308 0.8896262 0.01866084 -0.2738001 0.8955333 -0.3507902 -0.4094088 0.9063345 0.1046057 0.2703187 0.6339407 0.7246012 -0.3067471 0.8932381 -0.3286819 0.2913897 0.6280403 0.721566 -0.2771642 0.9016062 -0.3320939 -0.2736996 0.895362 -0.3513053 0.2772912 0.5559896 0.7835721 0.3852291 0.8602345 -0.3340587 -0.4024673 0.9152995 0.01571333 -0.4313035 0.8962896 0.1031607 -0.4294521 0.8976786 0.09871202 0.276778 0.5545878 0.784746 0.4179632 0.8471134 -0.3281856 0.4577813 0.4509209 0.7662289 0.4509096 0.3744525 0.8102259 0.3961729 0.8671522 -0.3018181 0.3960212 0.8670903 -0.3021945 0.421553 0.4593994 0.7818219 -0.6092849 0.7594045 -0.2282028 -0.6134451 0.7709691 -0.1711484 -0.6267868 0.7607599 -0.1684716 0.4453169 0.456426 0.770304 -0.5858935 0.790957 -0.1763966 -0.6199871 0.764792 -0.1752405 -0.6157119 0.7444258 -0.2583197 -0.6241263 0.7493718 -0.221152 -0.2448017 0.9407227 0.2347614 -0.6100482 0.7598187 -0.2247593 -0.3121071 0.8918491 -0.3274057 -0.2760446 0.9336123 0.2284016 -0.3081765 0.8857297 -0.3471457 -0.3398388 0.88299 -0.3237877 -0.2592217 0.9116975 0.3187661 -0.3080261 0.8855015 -0.3478607 -0.2586672 0.9132433 0.3147667 -0.07570248 0.8947784 0.4400463 0.3731992 0.8761391 -0.3051274 -0.06984645 0.8429806 0.5333904 0.3627452 0.8687003 -0.3373065 -0.06617754 0.8943829 0.4423795 0.3948233 0.8573067 -0.3303631 0.4507763 0.3738526 0.8105769 -0.06963151 0.8441482 0.5315687 0.3742163 0.8768635 -0.3017821 -0.3457367 0.8811367 -0.3225899 0.1111555 0.7805809 0.6150919 -0.3631356 0.875025 -0.3200999 -0.3413043 0.8751111 -0.3430627 0.09861254 0.7834288 0.6136081 -0.3412516 0.875033 -0.343314 0.3534393 0.8733609 -0.3351439 0.2564543 0.5576736 0.78945 0.2696622 0.6301652 0.7281306 0.2500519 0.6353479 0.7306211 0.3237543 0.8825742 -0.3409487 0.1027828 0.7121859 0.6944256 0.1023949 0.7139568 0.6926621 0.2559597 0.5563485 0.7905448 0.3337693 0.8912575 -0.307015 0.3345029 0.8918249 -0.3045588 -0.3973956 0.8621169 -0.3143742 -0.3694518 0.8728727 -0.3187454 0.2478963 0.6321001 0.7341641 0.2356079 0.5591736 0.7948671 0.2297642 0.6366131 0.7361604 -0.3647535 0.8670557 -0.339366 -0.364713 0.8670011 -0.3395489 -0.4820102 0.8761594 0.003290414 -0.4309263 0.9022594 0.01518392 0.3205831 0.8845543 -0.3388069 0.4102179 0.459583 0.7877212 0.3027007 0.9018846 -0.3081827 0.3877063 0.4642396 0.796345 0.415152 0.3805661 0.8263282 -0.4553138 0.8863143 0.08447688 0.2932265 0.8923745 -0.3430538 -0.4588842 0.8832169 0.09671121 -0.291505 0.9044559 0.3114234 -0.2753393 0.9338075 0.2284552 0.3030331 0.9022406 -0.3068108 -0.3093305 0.9256231 0.218029 0.2351654 0.5580098 0.7958155 0.2712468 0.8986802 -0.3446727 0.2969436 0.8919494 -0.3409556 -0.2899753 0.9075509 0.3037526 0.280256 0.9087787 -0.3091565 0.4150166 0.3799782 0.8266668 0.2806344 0.9092342 -0.3074697 -0.124287 0.8920876 0.4344335 -0.4044589 0.8595895 -0.31228 -0.1087685 0.8920744 0.4386031 -0.1147854 0.8406869 0.5292165 -0.4335914 0.8471245 -0.3072109 -0.3992475 0.853959 -0.3336997 -0.1143588 0.8426231 0.526221 -0.3989444 0.8536355 -0.3348876 0.05722224 0.7840611 0.6180403 0.06448775 0.7826591 0.6191011 0.2492208 0.9044747 -0.3461424 0.0196985 0.7841008 0.6203209 0.05957984 0.7146167 0.6969743 0.2147441 0.5605853 0.7997682 0.273191 0.8987606 -0.3429229 0.2260686 0.6338564 0.739675 0.2578048 0.9152464 -0.309614 0.2094528 0.6377434 0.7412239 0.2579638 0.9154625 -0.3088415 0.05943495 0.7136414 0.6979853 -0.4556591 0.8371965 -0.3024515 -0.3039513 0.927298 0.2184767 -0.4412472 0.8439019 -0.3051729 -0.4352951 0.8383266 -0.3282174 -0.4351708 0.8382135 -0.3286706 -0.3416643 0.9159533 0.2104638 0.2143064 0.5594533 0.8006777 -0.3215723 0.8980331 0.3002132 -0.3207217 0.8999111 0.2954619 0.227174 0.9097581 -0.3474653 0.3816522 0.3856583 0.8400055 0.249311 0.9049948 -0.3447152 0.3771032 0.4645351 0.8012492 0.369325 0.4660185 0.8040062 0.2350656 0.9209514 -0.3107936 -0.4654158 0.8850851 0.003537356 0.2353476 0.9212889 -0.3095775 -0.4857385 0.8224632 -0.2959939 -0.5569663 0.8304948 -0.008191883 -0.4636685 0.8335071 -0.300462 -0.5191133 0.8546695 -0.00784415 -0.4573314 0.8280776 -0.3242458 0.1891254 0.6387436 0.7458138 -0.4573853 0.8281213 -0.3240584 0.1938755 0.5617752 0.8042519 0.2041949 0.6354408 0.7446606 0.228596 0.9257071 -0.3013477 0.3590383 0.4676255 0.8077239 0.829002 0.5486342 -0.1084266 0.2613554 0.9337737 -0.2444585 -0.4907045 0.8685227 0.06983888 -0.494507 0.8653112 0.08184987 0.3815361 0.3852556 0.8402431 0.363424 0.3881057 0.8469339 0.2253322 0.910647 -0.3463343 0.2051013 0.9145373 -0.3486475 -0.3242293 0.921912 0.2120224 0.2124266 0.9262533 -0.3113355 -0.363983 0.9089395 0.2033354 0.2126213 0.9265981 -0.3101743 0.1934829 0.5607768 0.8050427 0.2064043 0.9146422 -0.3476018 0.1946118 0.9301311 -0.31142 -0.3428893 0.8925831 0.2927836 -0.34192 0.8945786 0.2877846 0.1877647 0.9179865 -0.3493497 0.3632728 0.3880438 0.8470271 0.5474377 0.796278 -0.2573972 0.1869782 0.6368352 0.7479841 0.1731649 0.6391505 0.7493334 0.5702649 0.7946417 -0.2081889 0.1774836 0.562421 0.807578 0.5957865 0.7654656 -0.2431067 -0.1722108 0.8879584 0.4264662 -0.159295 0.837473 0.5227465 -0.1509601 0.8888095 0.4326995 0.1946633 0.9302482 -0.3110378 0.5934443 0.7901653 -0.1531755 0.5724937 0.7943826 -0.2029958 0.01821553 0.7147471 0.6991457 0.01750063 0.7838371 0.6207197 0.1943578 0.9170092 -0.3483086 -0.158598 0.8401997 0.5185665 0.1771182 0.5619378 0.8079944 0.1831977 0.9323292 -0.3117704 0.1767167 0.9200046 -0.3498039 0.9999296 0.01091754 -0.004653275 0.8832074 0.1586396 0.4413369 0.1832295 0.9324181 -0.311486 0.542138 0.2724567 0.7948924 -0.5262837 0.8008221 -0.2858487 0.1670496 0.5628941 0.8094719 -0.4945104 0.8183251 -0.2929227 0.1629966 0.639483 0.7513278 0.1759492 0.6375758 0.7500261 -0.4874539 0.8129982 -0.3184689 -0.4877082 0.8132021 -0.3175582 0.01815885 0.7144404 0.6994606 0.5467327 0.8112421 -0.2072915 0.1666789 0.5625399 0.8097944 0.5714154 0.783209 -0.2450878 0.523661 0.8118068 -0.2583581 0.1741966 0.2254117 0.9585641 -0.01358848 0.7840002 0.620612 -0.02814882 0.7837696 0.6204134 0.5486894 0.811106 -0.202601 -0.012057 0.7839013 0.6207683 -0.5357779 0.79574 -0.2823826 -0.5899801 0.8071818 -0.01951986 -0.5639711 0.7785049 -0.2754395 -0.492413 0.8701466 -0.01934969 -0.528195 0.7909736 -0.3088215 -0.5282281 0.7909944 -0.3087115 0.1650016 0.9223129 -0.3494473 0.1497836 0.924213 -0.3512768 0.348005 0.4677161 0.8124864 0.3381385 0.4712966 0.8145807 0.3423381 0.3911305 0.8542959 -0.556756 0.8290145 0.05251288 -0.5229119 0.8506364 0.0545988 -0.5273299 0.8469799 0.06743997 0.1555364 0.9373626 -0.3117046 -0.03996062 0.7835151 0.6200865 0.1553261 0.9369387 -0.3130808 -0.02498227 0.783887 0.6204007 -0.01255124 0.7145946 0.6994263 -0.01251995 0.7145034 0.6995199 0.5178883 0.2777474 0.8091033 0.4940144 0.8296262 -0.2601346 0.5473748 0.2721586 0.7913978 0.5169967 0.8304755 -0.2074245 0.5414111 0.8038141 -0.2464893 -0.02588969 0.7144193 0.6992388 0.5196353 0.83043 -0.200911 -0.02600771 0.7144946 0.6991574 -0.6009045 0.7544034 -0.2641765 -0.5741381 0.7724597 -0.2714251 -0.5661089 0.7682918 -0.2987447 0.3422297 0.3906891 0.8545414 -0.5660349 0.7682532 -0.2989844 0.1095039 0.9431734 -0.3137403 -0.3958453 0.8986115 0.1892194 0.1054962 0.9298371 -0.3525246 -0.3545979 0.912442 0.2042302 -0.374809 0.8826866 0.2835184 -0.372007 0.8873136 0.2725533 0.1163651 0.9289577 -0.351421 -0.2194733 0.882396 0.4161837 0.109606 0.9435454 -0.3125838 -0.19276 0.8845759 0.4246988 0.4590272 0.8492464 -0.2609112 -0.03692567 0.7142568 0.6989091 -0.03546667 0.7839018 0.619871 0.5047636 0.8266415 -0.248752 0.4841192 0.8518369 -0.2000066 -0.2027924 0.8367231 0.508694 -0.2029628 0.8334118 0.5140341 0.5485951 0.1966074 0.8126431 0.4816732 0.8517807 -0.2060598 0.549429 0.1947827 0.8125193 -0.7240116 0.6530084 -0.2222323 0.138182 0.6412955 0.7547489 -0.6116738 0.7473094 -0.2595838 -0.6031364 0.7437484 -0.2882096 -0.7173227 0.6510223 -0.2482303 -0.6029609 0.7436739 -0.2887686 0.1493437 0.6382109 0.7552372 -0.03682625 0.7144721 0.6986942 0.06750112 0.9332794 -0.3527508 0.06113994 0.9335172 -0.353281 0.1416788 0.5631563 0.8141144 0.06351 0.9473283 -0.3139039 0.1413038 0.5646824 0.8131217 0.4881186 0.2836934 0.8253837 0.06352502 0.9474345 -0.31358 0.5231335 0.277493 0.8058095 0.4455462 0.8715599 -0.2046267 -0.2327604 0.8311389 0.5050055 -0.2205412 0.8821817 0.4160732 0.423427 0.8673871 -0.2614369 -0.2513582 0.8766552 0.4102371 -0.3851059 0.903039 0.1902999 0.4670635 0.8479336 -0.2507194 -0.4068214 0.8733913 0.2677386 -0.4301245 0.8849843 0.1783131 0.4476155 0.8718303 -0.1988776 0.431168 0.8661904 -0.2526032 -0.4047485 0.8765298 0.2605268 0.3900552 0.8829053 -0.2614105 -0.2319992 0.8326421 0.5028753 -0.5280851 0.8489372 -0.02078175 -0.6938666 0.7194722 -0.03014969 -0.5229406 0.8517697 -0.03196048 -0.5132404 0.8576477 -0.03201115 0.4114342 0.8886141 -0.2026991 0.3053017 0.3956345 0.8661779 0.412862 0.8889167 -0.198424 0.3015728 0.4752367 0.8265615 0.31047 0.4722179 0.8249962 0.01867431 0.9352315 -0.3535439 0.3052024 0.3952417 0.8663921 0.0206235 0.9352356 -0.3534249 0.5252191 0.1998319 0.8271712 0.5243713 0.2016394 0.8272705 0.01939958 0.9491646 -0.314182 -0.4260846 0.8672883 0.2574159 0.01940095 0.9492624 -0.3138861 -0.4508364 0.8760365 0.1711916 -0.4034755 0.8968858 0.1811173 -0.4246607 0.8693173 0.2528851 0.3931311 0.8973976 -0.2003133 0.4110749 0.8752904 -0.2547236 -0.2391675 0.8794038 0.4116404 0.3722766 0.8909428 -0.2600598 -0.2523846 0.8283817 0.500086 -0.2721315 0.8735076 0.4036445 0.2809514 0.4756786 0.8335443 0.25977 0.4784713 0.8387997 0.2728817 0.4776093 0.8351197 0.3933663 0.8974978 -0.1994006 0.2762264 0.3986876 0.8744983 -0.01286232 0.9353576 -0.3534694 -0.2513532 0.8308548 0.4964897 -0.07256627 0.7835755 0.6170442 -0.1193282 0.7801281 0.6141343 -0.0671066 0.71338 0.697557 -0.01421803 0.9353254 -0.3535029 -0.01336312 0.9493175 -0.3140344 -0.06446933 0.7827934 0.6189331 -0.01336175 0.9493566 -0.3139164 0.1052542 0.6402522 0.7609196 -0.02946341 0.9350103 -0.3533946 -0.02666479 0.9350902 -0.3534054 -0.02770233 0.9490397 -0.3139365 0.09738236 0.6422087 0.7603188 0.09978717 0.5659174 0.8184009 -0.06687247 0.7145295 0.6964019 -0.02771872 0.9490806 -0.3138116 -0.03787112 0.9347476 -0.3532882 0.2761148 0.3984649 0.8746351 -0.03934937 0.9487118 -0.3136838 0.4933845 0.2837917 0.8222128 -0.04182821 0.934567 -0.3533198 0.4527102 0.2904255 0.8430341 -0.0393294 0.9486142 -0.3139812 0.4946299 0.2054936 0.8444606 0.3886606 0.8857038 -0.2539129 0.350438 0.8992161 -0.2619231 0.09957361 0.5648164 0.8191871 0.2386526 0.4802417 0.8440456 0.2523325 0.4786192 0.8409828 0.2553774 0.4006992 0.8798992 0.3705715 0.9066966 -0.20144 0.4954501 0.2076381 0.8434546 0.3720518 0.9071536 -0.1965957 0.255309 0.4005637 0.8799808 -0.4771544 0.8650581 0.1549138 -0.4302513 0.8858884 0.1734519 0.3130923 0.9128797 -0.2619616 0.348045 0.9020734 -0.2552025 -0.4498218 0.8617029 0.2347939 -0.4537528 0.8558002 0.2484239 -0.2839177 0.8232584 0.4915651 -0.3051784 0.8680633 0.3915767 0.3330328 0.9224039 -0.1956022 -0.2691287 0.8742617 0.4040251 0.331779 0.9219562 -0.1997988 -0.2822791 0.827771 0.4848853 -0.06886309 0.9331773 -0.3527579 -0.0715267 0.9469249 -0.3133963 0.2317762 0.4803085 0.8459218 -0.07597643 0.9325382 -0.3529874 0.2345702 0.4026111 0.8848057 -0.07148754 0.9467607 -0.3139009 -0.1103405 0.7118579 0.6936017 -0.1058501 0.7832687 0.6126058 0.3013446 0.9327746 -0.1977958 -0.1656036 0.7769991 0.6073284 0.05647397 0.6426963 0.7640368 0.05785977 0.5665979 0.8219605 0.06104326 0.6416844 0.7645357 0.2838916 0.9225954 -0.2611959 0.3156908 0.9134712 -0.2567288 -0.1099156 0.7137708 0.6917007 0.4578608 0.2905756 0.840196 0.3017674 0.9330081 -0.1960418 0.2627418 0.9288417 -0.2611892 0.4168285 0.2966641 0.8592115 0.2344893 0.4024522 0.8848994 0.2790812 0.9397473 -0.1974552 0.2924799 0.9210208 -0.2572473 0.05773997 0.5660134 0.8223716 0.2795327 0.9400367 -0.1954288 -0.2973377 0.8702843 0.3926774 -0.3372458 0.860385 0.3821035 0.5700866 0.8077148 -0.1503269 0.5383095 0.8285592 -0.1539889 -0.3131363 0.8196536 0.4797015 -0.3130316 0.8221528 0.4754745 0.2111557 0.4824969 0.8500647 0.1963264 0.4832926 0.8531613 -0.1133452 0.9292474 -0.3516421 0.2137274 0.4043174 0.8892964 -0.1176812 0.9426153 -0.312454 -0.1248641 0.927706 -0.3518104 0.2174866 0.4812006 0.8492029 0.4591104 0.2142316 0.8621615 0.4599273 0.2119233 0.8622966 -0.1175293 0.9422112 -0.3137274 0.5983758 0.8005508 -0.03262925 0.5690523 0.8177066 -0.08680689 -0.5135287 0.8469514 0.1377013 -0.4641422 0.8718485 0.1563721 0.2136626 0.404191 0.8893694 0.2567985 0.9462333 -0.1967157 -0.4888857 0.8418683 0.2285796 0.2415285 0.9345905 -0.2611602 -0.4848511 0.8475584 0.2157874 0.2691406 0.9279804 -0.2577124 -0.3173379 0.8665851 0.3851322 -0.3594611 0.8551428 0.3735218 0.2571904 0.9465242 -0.1947947 -0.3341814 0.8160299 0.471612 -0.3340024 0.8187814 0.4669468 0.5157937 0.8433659 -0.1506356 0.1906308 0.4832342 0.854485 0.540458 0.8282371 -0.1480826 0.1929246 0.405873 0.8933349 -0.1532595 0.7097848 0.6875443 0.5465247 0.833505 -0.08111816 0.5425059 0.8353945 -0.08833771 -0.1469239 0.7819938 0.605722 0.01865047 0.6424922 0.7660651 0.01724958 0.6427441 0.7658868 0.01767063 0.5668313 0.8236444 0.2202525 0.939845 -0.2611136 0.2456498 0.934358 -0.2581307 0.2347645 0.9524558 -0.1942003 0.4218601 0.2968633 0.8566833 0.38323 0.3020687 0.8728626 0.2343608 0.9521948 -0.1959592 0.4230835 0.218208 0.8794234 -0.1576049 0.9233816 -0.3500389 -0.1526187 0.712457 0.6849179 -0.1634701 0.9360568 -0.311569 -0.1733061 0.9205819 -0.349991 0.1928619 0.4057514 0.8934036 -0.1632518 0.9356388 -0.312936 0.01764225 0.5667113 0.8237276 0.1765644 0.4069485 0.8962243 0.1989295 0.9446051 -0.2610525 0.1744518 0.4846355 0.8571435 0.2220512 0.9401428 -0.2585048 0.1797359 0.483886 0.8564749 0.4238535 0.2201514 0.8785679 0.2118911 0.9575913 -0.1952462 0.2121604 0.9578623 -0.1936172 0.1691382 0.4845479 0.8582574 0.1642182 0.4851495 0.8588727 0.176532 0.4069143 0.8962462 0.1662054 0.407616 0.8979003 0.4883336 0.8604515 -0.1454429 0.5050301 0.8510153 -0.1439364 -0.01285976 0.642642 0.7660586 -0.01219362 0.5667586 0.8237937 0.5188994 0.8517206 -0.07290649 -0.0119037 0.6425598 0.7661432 0.514 0.8537937 -0.08270573 -0.5464753 0.8288592 0.1198214 0.1821918 0.9480588 -0.2607503 -0.4955217 0.8572775 0.1397621 0.2034039 0.944219 -0.2589927 -0.5166393 0.8335114 0.1958128 -0.5214063 0.8271331 0.2097291 -0.02461075 0.6425077 0.7658839 -0.02658772 0.6425186 0.7658088 0.1942 0.9615158 -0.1943548 0.1942873 0.9616308 -0.1936969 0.1660907 0.4075273 0.8979617 0.1828335 0.9637869 -0.1941305 -0.01216727 0.5668192 0.8237524 -0.02520805 0.566689 0.8235461 0.1714899 0.95008 -0.2606515 0.1915187 0.9466432 -0.2592047 0.3880581 0.3021789 0.8706887 0.3649014 0.3050739 0.8796458 0.1828849 0.9638716 -0.1936611 -0.2090393 0.9274538 -0.3100517 -0.02522248 0.5666812 0.823551 -0.2213488 0.9111734 -0.3475168 -0.2017375 0.9155592 -0.347927 -0.3912973 0.84815 0.3571107 -0.3472283 0.8593094 0.375526 -0.3662055 0.808553 0.4605817 -0.2086265 0.92685 -0.3121283 -0.2314673 0.908999 -0.3466175 -0.2537407 0.9036619 -0.3449796 -0.2395552 0.9201474 -0.3097451 -0.3634853 0.8150826 0.4511305 0.3437722 0.3076553 0.8872254 0.3696624 0.3046202 0.8778133 -0.2394129 0.9199884 -0.3103269 0.454588 0.8794823 -0.1409276 -0.1881803 0.7766169 0.6012108 -0.2110528 0.7765001 0.5937209 -0.2420985 0.7709226 0.5891236 0.4683678 0.8723945 -0.1398554 -0.03501409 0.642358 0.7656046 0.4845836 0.872306 -0.06527656 -0.03586786 0.5665047 0.8232776 -0.03782618 0.6424984 0.7653529 0.4802068 0.8739935 -0.07440966 -0.1956326 0.7104577 0.6760013 -0.1953708 0.7072042 0.6794794 -0.2751135 0.8979352 -0.3435477 -0.2513177 0.9042465 -0.3452211 -0.2599824 0.9149891 -0.308552 0.3899801 0.2235782 0.8932683 -0.2597183 0.9147071 -0.3096087 0.389246 0.2252659 0.8931645 -0.03576827 0.5666818 0.8231601 0.3708155 0.2272399 0.9004765 0.1453571 0.9542357 -0.2613533 0.3714422 0.226944 0.9002928 0.1626603 0.9521147 -0.2588808 -0.2153797 0.7771788 0.5912739 0.1550387 0.9685523 -0.1946008 -0.2246102 0.706112 0.6715327 0.1553717 0.9689415 -0.1923851 -0.377484 0.8533647 0.3595475 -0.3982323 0.8028383 0.443691 -0.425455 0.8372822 0.3434331 0.4334997 0.8908791 -0.1356927 0.1391935 0.4867196 0.8623974 0.4200522 0.897161 -0.1365953 0.1434203 0.4855904 0.8623414 -0.2237893 0.7076293 0.6702083 0.4491236 0.8915853 -0.05799716 0.4452578 0.8929325 -0.06646192 -0.576102 0.810983 0.1020453 -0.2928808 0.9057242 -0.3064056 0.1219463 0.9828327 0.1384516 -0.2833657 0.895717 -0.3426296 -0.3094069 0.8876734 -0.3410328 -0.5529631 0.811338 0.1896379 -0.5259536 0.8416931 0.1221708 -0.3959903 0.8073517 0.4374643 -0.2921726 0.905053 -0.3090538 -0.4544526 0.8471487 0.2753394 0.09745317 0.9699916 0.2227535 -0.547119 0.8185783 0.1749013 0.1093728 0.9749688 -0.1935806 0.1024249 0.9598741 -0.2610573 0.1408867 0.4088967 0.9016398 0.1408441 0.4090536 0.9015753 -0.4461211 0.83012 0.3344799 -0.3957375 0.8494646 0.3490012 -0.4175715 0.7990909 0.4325367 0.1147048 0.9589161 -0.2594663 0.3483022 0.3079294 0.8853616 0.1094738 0.9751883 -0.1924143 0.4147832 0.9003529 -0.1316041 0.3065959 0.312389 0.8991174 0.3872221 0.9123063 -0.1332525 -0.4157614 0.8021883 0.4285282 -0.2621574 0.7706177 0.5808802 -0.2952969 0.7631425 0.5748159 -0.2339364 0.7738762 0.5885485 0.4120912 0.9092399 -0.05885279 0.4151145 0.9082715 -0.05218094 0.368575 0.9199783 -0.1333881 -0.06869858 0.642435 0.7632547 -0.06360286 0.6416874 0.7643246 0.3914287 0.9106748 -0.1321173 -0.06515032 0.5658745 0.8219133 -0.2434508 0.7065371 0.6644826 -0.2430162 0.7043979 0.6669084 -0.06499743 0.566536 0.8214696 0.395649 0.9169582 -0.05147463 0.3945197 0.9173831 -0.05256038 0.3494291 0.2308756 0.9080726 0.3501188 0.2290704 0.9082641 -0.3425207 0.8767785 -0.3375485 0.9995386 0.01039361 0.02854126 -0.3141793 0.8862273 -0.3404298 0.1734802 0.1491332 0.9734802 0.5478931 0.1291117 0.8265248 -0.3241748 0.8952978 -0.3055366 -0.3237428 0.8948825 -0.3072069 0.1010207 0.4874311 0.867298 0.2506105 0.9679891 0.01383954 0.09806162 0.4881587 0.8672283 0.09924858 0.4108631 0.9062788 0.9674792 0.2523782 0.01700776 0.2650972 0.9628849 0.05075627 0.4570761 0.02967965 0.8889322 -0.3360406 0.8789359 -0.33845 -0.3657415 0.8682916 -0.3351162 0.4591777 0.07990086 0.8847439 -0.3458989 0.8869457 -0.3060741 0.09921026 0.4107129 0.9063511 -0.346341 0.8873257 -0.3044683 0.2773868 0.3158707 0.9073491 0.310793 0.3126872 0.8975715 0.05938112 0.9635741 -0.260766 0.06342875 0.9791095 -0.1931874 0.06652718 0.9633327 -0.2599316 0.06346577 0.9792678 -0.192371 -0.4726391 0.8228016 0.3156101 -0.4221791 0.8406534 0.3392146 -0.2745218 0.7006822 0.6585455 0.3512273 0.9274215 -0.1285642 -0.2626262 0.7748775 0.5749716 0.3486856 0.9283631 -0.1286872 -0.4421141 0.7978819 0.4097802 -0.444338 0.7904439 0.4216185 -0.2731625 0.7051705 0.6543065 0.5638337 0.1295967 0.8156569 0.3748612 0.9259991 -0.04477524 0.3719764 0.926792 -0.05186682 0.5686548 0.8222506 -0.02314639 -0.1129412 0.6415094 0.7587555 0.5325766 0.8460644 -0.02318167 0.563563 0.8246859 0.04785436 -0.1046251 0.6405063 0.7607925 0.5590711 0.8282317 0.03836452 -0.1071765 0.5645642 0.8184012 -0.3793841 0.8746981 -0.301614 -0.3997325 0.8545023 -0.3317224 0.3118432 0.2354708 0.9204929 -0.3685692 0.8672617 -0.3346848 0.3124665 0.2338736 0.9206888 -0.3783479 0.8740544 -0.3047649 0.01938128 0.9810618 -0.1927232 0.5631263 0.07678812 0.8227954 0.02031964 0.9653217 -0.2602711 0.5635663 0.07480692 0.8226767 0.561614 0.0278142 0.8269317 0.01814043 0.9653086 -0.2604807 -0.1068881 0.5657667 0.8176081 0.2564934 0.3180302 0.9127255 0.2812829 0.3158859 0.9061434 0.0193842 0.9811916 -0.1920604 0.2822589 0.2376172 0.9294449 0.5399791 0.8415461 -0.01492959 -0.3259673 0.7622973 0.5591495 -0.2916462 0.7683621 0.5697036 0.5111708 0.8593519 -0.014786 -0.3036267 0.7011906 0.6450912 -0.3031618 0.6987948 0.6479034 0.05753451 0.4119921 0.9093692 0.3194752 0.9393286 -0.1248902 0.01789891 0.4893923 0.87188 0.3119119 0.9418255 -0.125203 0.05857944 0.4886674 0.8705013 0.0568481 0.4890576 0.870397 0.5376576 0.8417142 0.04941189 0.5418461 0.8384339 0.05857735 0.4940939 0.1378717 0.858407 0.5395904 0.1319117 0.8315296 0.5238488 0.135296 0.8409979 0.3361275 0.9410091 -0.03898757 0.5388872 0.07815253 0.8387447 0.3337361 0.941578 -0.04528719 0.282857 0.2383962 0.9290635 -0.01399433 0.9654064 -0.2603741 -0.01250535 0.9654457 -0.2603041 0.0575245 0.4119537 0.9093872 -0.4559406 0.8308448 0.3190849 -0.01335918 0.9812884 -0.1920794 -0.5091536 0.8087292 0.294482 -0.01336234 0.9812351 -0.1923514 -0.402738 0.8532891 -0.3312095 -0.413851 0.8596788 -0.2994657 0.2355824 0.3200177 0.9176544 0.2601411 0.3180682 0.9116794 -0.4357129 0.838732 -0.3266236 -0.413014 0.8592615 -0.3018095 -0.4798907 0.7808071 0.4000565 -0.4774877 0.7881047 0.388454 -0.02902561 0.9650852 -0.2603231 0.5372664 0.02630078 0.8430025 -0.02587783 0.9651781 -0.2603102 0.5394126 0.07996118 0.8382364 -0.02765691 0.9809473 -0.192295 -0.3478674 0.7589396 0.5504534 -0.3115961 0.7660812 0.5621631 -0.3810229 0.7487199 0.5424389 -0.3239532 0.6964262 0.6403474 -0.02769196 0.9809997 -0.192023 -0.3244298 0.6990587 0.6372302 -0.1568648 0.6399836 0.7522064 0.2962612 0.9471234 -0.123234 -0.1453807 0.6388951 0.755432 0.2825858 0.951228 -0.1237366 -0.1489377 0.5628265 0.813046 0.2615962 0.2398034 0.9349127 0.2610606 0.2405633 0.9348672 -0.148544 0.5644166 0.8120151 0.3036058 0.9519877 -0.03927958 0.3050426 0.9516549 -0.03608345 -0.4576116 0.8283197 -0.3232308 -0.4236671 0.8440106 -0.3288652 0.2389909 0.3200748 0.9167526 -0.4347873 0.849707 -0.2982583 -0.4342097 0.8494654 -0.2997838 0.2146635 0.3218351 0.9221398 -0.04119157 0.964627 -0.2603803 0.01737809 0.4893025 0.871941 -0.03680449 0.9648383 -0.2602546 -0.0393387 0.9806163 -0.1919481 0.01758724 0.4125406 0.9107694 0.5090311 0.08159852 0.8568717 -0.03930282 0.9805111 -0.192492 0.5096617 0.1392031 0.8490391 0.485202 0.8743959 -0.003267884 0.01757746 0.4125069 0.9107849 0.5057054 0.8626991 -0.003507196 -0.542325 0.7947129 0.2726078 -0.4872664 0.8203615 0.2992966 0.5101009 0.8579786 0.06057965 0.515302 0.8538926 0.07301592 0.2403559 0.2418221 0.9400804 0.2398508 0.2425309 0.9400268 -0.5128186 0.7704373 0.3787391 0.2616971 0.9574027 -0.1220441 -0.5099077 0.7783395 0.3663084 0.5071427 0.02203327 0.8615805 0.2728491 0.9543314 -0.1216757 0.5095723 0.08413898 0.8563041 0.2815318 0.9588669 -0.03625047 0.2178187 0.3219082 0.9213741 0.2828064 0.9585983 -0.03331547 0.1937694 0.3234813 0.9261821 -0.339673 0.7673461 0.5438771 -0.3558387 0.6909623 0.6292455 -0.4145749 0.7431624 0.5252021 -0.01198375 0.4893424 0.8720095 -0.01234471 0.4893765 0.8719853 0.2407135 0.9630902 -0.1204752 0.2492444 0.9609494 -0.1202234 -0.01212835 0.4125413 0.9108582 -0.3537968 0.6973395 0.6233341 0.2592584 0.9652286 -0.03344917 0.2604006 0.9650117 -0.03072184 0.4527998 0.8915786 0.007735133 -0.02559065 0.4892793 0.8717516 -0.03628987 0.4891246 0.8714587 -0.02478677 0.4892705 0.8717798 -0.1906126 0.5604814 0.8059327 -0.4529008 0.8305373 -0.3241741 -0.1860313 0.6368322 0.7482226 -0.4871867 0.8127968 -0.3193905 -0.2005587 0.6378324 0.7436035 -0.01212501 0.4125477 0.9108554 -0.4626249 0.8347463 -0.2986249 -0.4641058 0.8353793 -0.2945287 -0.02508562 0.4124546 0.9106327 0.2186148 0.2443377 0.9447256 0.4774194 0.8754233 0.07552933 0.48199 0.8718305 0.08716148 0.2190855 0.2436837 0.9447855 -0.07147973 0.9787592 -0.1921482 -0.190084 0.5625563 0.8046108 -0.06691122 0.9632854 -0.2600081 -0.07484251 0.9625245 -0.2606628 -0.02504652 0.4124719 0.910626 0.1973701 0.2454047 0.9491161 -0.07142329 0.9786176 -0.1928897 0.1966405 0.3235659 0.9255472 0.2254673 0.9669706 -0.1188797 0.1773674 0.3247089 0.9290344 -0.035654 0.4123455 0.9103296 -0.03522998 0.4892241 0.8714462 -0.06595325 0.488496 0.87007 0.2196248 0.9682955 -0.1190328 -0.2300919 0.6349033 0.7375334 0.2378199 0.9708965 -0.02831387 0.2368074 0.9710674 -0.03082746 -0.2187446 0.5592969 0.7995861 -0.2134149 0.6361385 0.7414728 0.4587925 0.1459664 0.8764721 0.1984476 0.9730159 -0.1177232 0.473814 0.1422429 0.8690611 0.2067443 0.9713103 -0.1175292 -0.4348857 0.7394856 0.5138438 -0.3707352 0.7619922 0.5309644 -0.3880538 0.6875133 0.6137912 -0.5177426 0.8090233 0.2782512 0.2150762 0.9762467 -0.02616733 -0.5458032 0.7585905 0.3558641 0.2142143 0.9763739 -0.02839577 -0.5859787 0.7718271 0.2468034 -0.492047 0.8102883 -0.3183122 -0.5742763 0.7796486 0.2497096 -0.5030571 0.8138888 -0.2907208 -0.5271454 0.7902861 -0.3123548 0.1668757 0.3254186 0.9307283 0.1800321 0.3246967 0.9285261 0.4158328 0.909403 0.008330404 0.4729804 0.8809086 0.01701498 0.4358558 0.8998407 0.01779127 -0.2181881 0.5602167 0.799094 -0.3862241 0.6919046 0.6099993 -0.5013529 0.813408 -0.294979 -0.9699707 0.2180197 0.1078165 -0.6136355 0.7219179 0.3198216 0.4434142 0.8918111 0.08975923 -0.540428 0.7682245 0.3431743 0.4473912 0.8886626 0.1005979 -0.03566086 0.4123353 0.9103339 0.4737179 0.08597588 0.8764699 0.4733172 0.08836358 0.8764489 0.9430475 0.3314406 0.02843379 0.1817147 0.9763502 -0.1171324 0.1807066 0.2467239 0.9520885 0.1977895 0.2459437 0.9488893 0.1415153 0.3267461 0.9344573 0.1693966 0.325383 0.9302853 0.1947311 0.9738712 -0.1168529 0.8793349 0.4679076 0.08850181 -0.1175904 0.9743161 -0.1920436 -0.4076892 0.6851988 0.6035662 -0.3897184 0.7584069 0.5224351 -0.1101224 0.9593681 -0.2597807 0.1810801 0.2469903 0.9519484 -0.123 0.9575549 -0.260691 -0.1173944 0.9740083 -0.193717 0.196429 0.9801675 -0.02621793 -0.249656 0.6337682 0.732127 0.1970639 0.980071 -0.02503371 -0.2316845 0.6346672 0.7372381 -0.237481 0.5577494 0.7953102 -0.4060257 0.688304 0.6011496 0.1652817 0.9793084 -0.116778 -0.2368866 0.5591567 0.7944989 0.1703918 0.2474429 0.9538022 0.1710516 0.97833 -0.1166688 0.1700341 0.2476605 0.9538096 0.4367818 0.0901103 0.8950429 0.1855703 0.9823322 -0.02422803 0.1850262 0.982414 -0.02506089 0.5874174 0.8017175 0.1104077 0.5252032 0.8442321 0.1069288 0.422837 0.1510421 0.8935296 0.4372485 0.1476182 0.8871429 0.5568982 0.8098638 0.1843504 0.5528427 0.8148372 0.174371 -0.06400084 0.4889445 0.8699639 -0.1084753 0.487154 0.866553 0.3873379 0.9215573 0.02648335 -0.06477391 0.4117597 0.9089875 0.4372821 0.0924043 0.8945646 0.4110287 0.9057816 0.1030296 -0.06475663 0.411824 0.9089596 0.09968447 0.328722 0.9391512 0.4140156 0.9034077 0.1115595 -0.5288328 0.7893232 -0.3119373 -0.5393088 0.7918114 -0.2866718 -0.5641538 0.7672218 -0.3051248 0.1436705 0.3270384 0.934026 -0.4170704 0.7487758 0.5151574 -0.4612876 0.7384495 0.4918394 -0.2612317 0.6318503 0.729742 -0.2677844 0.5547406 0.7877528 0.4180126 0.9080376 0.02707678 -0.2810814 0.6318657 0.722315 0.3684717 0.9292503 0.02687984 -0.4340556 0.6788887 0.5922043 -0.4335768 0.6860129 0.5842923 -0.5375536 0.7914642 -0.2908961 -0.2670063 0.5574617 0.7860941 0.3947371 0.9116619 0.1142591 0.3939198 0.9121863 0.1128858 0.4024157 0.09395742 0.9106227 0.3890662 0.1552658 0.9080309 -0.153084 0.9535175 -0.2595567 -0.1633023 0.9676237 -0.1924496 0.3705581 0.1564661 0.9155353 0.4028033 0.1524569 0.9025 -0.1706959 0.9502383 -0.2605957 0.1445339 0.2486214 0.9577564 -0.162899 0.9671782 -0.1950138 0.1442202 0.249453 0.9575875 0.1452964 0.9827461 -0.1144508 0.383907 0.1559213 0.910112 0.1166947 0.9865034 -0.1148614 -0.7861117 -0.1706388 -0.5940629 -0.8835613 -0.3251955 0.3369973 -0.7956538 -0.1261399 -0.5924727 -0.9338469 -0.2273738 0.2760997 -0.8866443 -0.3241901 0.3297919 -0.8688279 -0.1216381 -0.4799399 -0.8690748 -0.1027937 -0.4838827 -0.3032405 -0.6970183 0.6497775 -0.8971933 -0.07703679 -0.4348674 -0.4582558 -0.6789543 0.573605 -0.9008173 -0.07291638 -0.4280321 -0.7342526 -0.5057942 0.4528192 -0.5984511 -0.6056336 0.5244656 -0.9741772 0.04953587 -0.2202836 -0.02294129 -0.7905806 0.6119282 -0.05370372 -0.8076282 0.5872415 -0.7833871 -0.1541585 -0.6021128 -0.05334943 -0.8076354 0.5872638 -0.7903659 -0.1152801 -0.6016911 -0.1302614 -0.7811221 0.6106393 -0.05454748 -0.7835629 0.6189134 -0.7868047 -0.1089225 -0.6075147 -0.05369353 -0.7828009 0.6199514 -0.9791733 -0.06316381 0.1929509 -0.784038 -0.1435362 -0.6038891 -0.9802265 0.08453208 -0.1789141 -0.962988 -0.1336391 0.2340829 -0.9780964 0.09565508 -0.1848721 -0.9659145 -0.1313551 0.2230582 -0.0179618 -0.8161319 0.5775865 -0.7870727 -0.09869986 -0.6089129 -0.7817882 -0.1302771 -0.6097827 -0.9665949 -0.1309105 0.220356 -0.9633687 0.01124548 -0.2679448 -0.516635 -0.666443 0.5375333 -0.9634475 0.01493519 -0.2674803 -0.7837919 -0.0641731 -0.617699 -0.7813637 -0.02343958 -0.6236357 -0.7905786 -0.2688261 -0.5501983 -0.7850195 -0.07628148 -0.6147564 -0.3818434 -0.7059279 0.5965413 -0.7821195 -0.09990543 -0.6150677 -0.8626483 -0.08740597 -0.4981949 -0.07304537 -0.8012011 0.5939201 -0.8620904 -0.111401 -0.4943581 -0.8969692 -0.06250965 -0.4376515 -0.89227 -0.06659919 -0.4465631 -0.1616156 -0.7967968 0.582233 -0.1490321 -0.7891767 0.5958101 -0.2532798 -0.7769316 0.5763909 -0.05998414 -0.815887 0.5750916 -0.07492178 -0.8284614 0.5550121 -0.1084395 -0.8273011 0.5511931 -0.9288529 -0.04266452 -0.3679836 -0.2557147 -0.7668315 0.58871 -0.8591325 -0.1065266 -0.5005431 -0.8922433 -0.05699509 -0.4479436 -0.4045183 -0.7302364 0.5505632 -0.8599207 -0.07496231 -0.5048932 -0.930026 -0.2413546 0.2771272 -0.9546766 -0.1776413 0.2388225 -0.8901116 -0.05774712 -0.4520693 -0.9621744 0.01863425 -0.2717962 -0.9620392 0.02233332 -0.271996 -0.2960005 -0.7827168 0.5474834 -0.1772761 -0.8004941 0.5725229 -0.9617924 0.02199012 -0.2728953 -0.973167 0.05964642 -0.2222346 -0.007715702 -0.8560172 0.5168898 -0.9730153 0.05686831 -0.2236235 -0.6744405 -0.5757032 0.4622725 -0.9790099 0.1718198 -0.1096245 -0.9821473 0.1393413 -0.1263753 -0.8212577 -0.4355607 0.3685416 -0.8579358 -0.07000797 -0.5089647 -0.8571004 -0.1009669 -0.505158 -0.09819424 -0.8472024 0.5221168 -0.8901133 -0.05398452 -0.4525306 -0.8885866 -0.05527508 -0.4553664 -0.8840789 -0.3442887 0.3160218 -0.9279668 -0.02854067 -0.3715683 -0.06725651 -0.863717 0.4994691 -0.002006828 -0.8559284 0.5170905 -0.9272699 -0.05216449 -0.3707416 -0.9798229 0.09326016 -0.1767755 -0.9504783 -0.1917814 0.2445627 -0.9700419 -0.1279973 0.2064836 -0.8533313 -0.09453284 -0.5127273 -0.0294466 -0.8864383 0.4619092 -0.8543024 -0.06595236 -0.5155752 -0.04281389 -0.8955871 0.4428213 -0.973146 0.05979377 -0.2222875 -0.9731466 0.06077998 -0.2220171 -0.04134809 -0.895619 0.4428962 -0.06476747 -0.8634247 0.5003029 -0.1192795 -0.8612069 0.4940599 -0.9823005 -0.05871325 0.1778717 -0.8886027 -0.05160778 -0.4557652 -0.8857378 -0.05335342 -0.4611095 -0.9804215 0.1658254 -0.1061866 -0.9828274 0.1098339 -0.1482794 -0.02498924 -0.903697 0.4274428 -0.9787923 0.1594141 -0.1286578 -0.9821724 0.1392258 -0.1263077 -0.980349 0.1525648 -0.125059 -0.4990904 -0.7272653 0.4711622 -0.3502223 -0.7802057 0.518289 -0.9258769 -0.02327954 -0.3771075 -0.6289446 -0.6420775 0.4383665 -0.9245995 -0.0473389 -0.377988 -0.8507618 -0.09032261 -0.5177317 -0.4486734 -0.695489 0.5612372 -0.8518646 -0.06098121 -0.5202001 -0.8857824 -0.05006128 -0.4613929 -0.8509245 -0.08261436 -0.5187508 -0.08837217 -0.8824597 0.4620122 -0.1620866 -0.8579453 0.4875017 -0.2749673 -0.8421225 0.463921 -0.8517583 -0.0576173 -0.5207571 -0.1379482 -0.8450087 0.5166532 -0.8838019 -0.05025595 -0.4651542 -0.8838419 -0.04807442 -0.4653089 -0.4071456 -0.7770122 0.4800879 -0.8837082 -0.04852104 -0.4655163 -0.5776308 -0.7011253 0.4180503 -0.5768111 -0.6743109 0.4610791 -0.8494061 -0.06498324 -0.5237237 -0.8497583 -0.05327534 -0.5244736 -0.6964209 -0.6013644 0.3916105 -0.9605749 0.02419352 -0.2769669 -0.973538 0.05786561 -0.2210775 -0.2750717 -0.8336576 0.4789055 -0.8837749 -0.04446613 -0.4657946 -0.8821045 -0.04534327 -0.4688664 -0.4243705 -0.7931714 0.4367936 -0.8488221 -0.04141819 -0.5270537 -0.8822688 -0.03559249 -0.4693984 -0.1955268 -0.869363 0.4538471 -0.8813303 -0.03541129 -0.471172 -0.3229202 -0.8460846 0.4241032 -0.8490108 -0.02564597 -0.5277527 -0.8814617 -0.02243667 -0.4717224 -0.003118216 -0.9372202 0.3487241 -0.8807311 -0.02224498 -0.473094 -0.06286245 -0.9360464 0.3462161 -0.9440333 -0.2322013 0.2342724 -0.9804187 0.09662532 -0.1715887 -0.9793564 0.1030848 -0.1738807 -0.9800152 0.09216499 -0.176283 -0.9292054 -0.2584261 0.2641844 -0.07214403 -0.9966735 0.03790938 -0.003455758 -0.8642451 0.503059 -0.1261138 -0.9068568 0.402127 -0.9212155 -0.04253113 -0.3867211 -0.04782068 -0.9033555 0.4262184 -0.07232701 -0.997345 -0.008472561 -0.9234657 -0.01812249 -0.3832527 -0.9860472 -0.05357247 0.1576102 -0.9813593 -0.1028426 0.1623496 -0.1365283 -0.9904109 0.02112501 -0.9680768 -0.140475 0.2075913 -0.8500412 -0.005460381 -0.5266879 -0.8807278 -0.005074977 -0.4735956 -0.1362884 -0.989847 0.04035532 -0.8510871 0.007145881 -0.524976 -0.05495893 -0.9977111 0.03939378 -0.7814357 -0.5033831 0.3687325 -0.880431 -0.004951059 -0.4741484 -0.09013772 -0.4123162 -0.9065708 -0.8803137 0.006280481 -0.4743505 -0.193602 -0.9803259 0.0384612 -0.8737283 -0.3848916 0.2974176 -0.1937875 -0.980807 0.02154004 -0.9603799 0.01999789 -0.2779756 -0.1523146 -0.8783073 0.4531851 -0.9604006 0.02600449 -0.2774067 -0.2055829 -0.9009697 0.3820856 -0.2639116 -0.8909781 0.369471 -0.9736032 0.05788558 -0.2207854 -0.1430183 -0.9887953 0.04277455 -0.8198402 -0.4594181 0.3417559 -0.2634922 -0.9645998 0.0109111 -0.263224 -0.9641662 0.03311514 -0.9045738 -0.333585 0.2654566 -0.1983917 -0.9795758 0.03274214 -0.9803053 0.1805567 -0.08000528 -0.198199 -0.9792029 0.04334545 -0.9826191 0.1487994 -0.1109884 -0.01478511 -0.996681 0.08005172 -0.008828222 -0.9438138 0.3303598 -0.1424772 -0.9873852 0.0690698 -0.919703 -0.0388242 -0.3906905 -0.03107947 -0.9972156 0.06778675 -0.0210818 -0.9649628 0.2615384 -0.9205584 -0.01576817 -0.3902864 -0.0430262 -0.9745206 0.2201325 -0.9820011 0.08867222 -0.1667668 -0.1507014 -0.9859541 0.07199746 -0.2691769 -0.962312 0.0387234 -0.07311064 -0.942126 0.3271902 -0.9814254 0.09259033 -0.1680215 -0.07661384 -0.9442629 0.3201528 -0.207108 -0.9764612 0.06024777 -0.1100807 -0.9420858 0.3167913 -0.9192528 -0.01509356 -0.3933783 -0.2067406 -0.9757143 0.07238733 -0.1596153 -0.921716 0.3535003 -0.9186282 -0.03807419 -0.3932844 -0.05459636 -0.9104961 0.4098977 -0.2685878 -0.9613263 0.06093066 -0.9765144 -0.1302695 0.1716085 -0.9741063 0.05254042 -0.2199013 -0.9741371 0.05308884 -0.2196323 -0.962981 -0.1806848 0.2000517 -0.2800195 -0.9574859 0.06935292 -0.9550556 -0.2019765 0.2169661 -0.2485609 -0.9079234 0.3374799 -0.3436686 -0.9382187 0.04046827 -0.3444143 -0.9387575 0.01063275 -0.02150231 -0.9750667 0.2208679 -0.05684363 -0.9782707 0.199387 -0.9599723 0.02485585 -0.2789901 -0.9597622 0.01807868 -0.2802313 -0.2789815 -0.9557613 0.09321916 -0.1074742 -0.957651 0.2671214 -0.2172938 -0.9716853 0.09279608 -0.9166425 -0.03850382 -0.3978492 -0.3908482 -0.7366077 -0.5519483 -0.418861 -0.9072045 0.03918367 -0.9183021 -0.01484918 -0.3956016 -0.9745116 0.04842108 -0.2190495 -0.5332993 -0.7782964 0.3314313 -0.3512467 -0.9354771 0.03883767 -0.3434263 -0.9372168 0.06068748 -0.385597 -0.8399921 0.3817436 -0.974415 0.04741114 -0.2196989 -0.01481646 -0.993919 0.1091127 -0.9165466 -0.01532858 -0.399634 -0.2925678 -0.9506497 0.1032921 -0.9152352 -0.03767973 -0.4011543 -0.9152241 -0.03857296 -0.4010947 -0.08075404 -0.9870745 0.1384297 -0.1485493 -0.9791887 0.1382843 -0.7707415 -0.5553489 0.3123224 -0.6385216 -0.6444286 0.4207161 -0.9151793 -0.0153777 -0.4027535 -0.2150267 -0.9664282 0.1406411 -0.2024841 -0.9324611 0.2991932 -0.9827619 0.155183 -0.1004852 -0.1701822 -0.9752473 0.1411759 -0.9841278 0.1622472 -0.07189232 -0.978469 0.06719493 -0.1951492 -0.9849594 0.1367323 -0.1056378 -0.2901543 -0.9148923 0.2806821 -0.4261959 -0.9026585 0.05970478 -0.9588977 0.01456725 -0.2833778 -0.4180492 -0.9060333 0.06586813 -0.3486928 -0.9316741 0.101965 -0.02507787 -0.9937421 0.1088471 -0.06436932 -0.9941394 0.08685272 -0.9594711 0.02218848 -0.2809321 -0.4240213 -0.8999596 0.1013832 -0.3640512 -0.9287607 0.06978702 -0.3164212 -0.8931221 0.3197038 -0.4730448 -0.8377249 0.2728469 -0.3148992 -0.8929654 0.3216385 -0.0525555 -0.959944 0.275219 -0.9151712 -0.01441174 -0.4028078 -0.9139381 -0.03582644 -0.4042694 -0.07679373 -0.9701052 0.230214 -0.9829276 0.08659678 -0.1623399 -0.1643036 -0.9595767 0.2285102 -0.9838745 0.07893007 -0.1605027 -0.7071652 -0.6467645 0.2856798 -0.5494021 -0.7558559 0.356145 -0.6167776 -0.7403015 0.2674679 -0.9133199 -0.02892756 -0.4062142 -0.4504622 -0.8291763 0.3309841 -0.9134023 -0.01847106 -0.4066388 -0.482273 -0.8741437 0.05732047 -0.9140498 -0.01096826 -0.4054538 -0.9585402 0.01120477 -0.2847372 -0.2491896 -0.9361728 0.2479617 -0.1727439 -0.957453 0.2311784 -0.1403324 -0.9686154 0.2051612 -0.9586691 0.01877987 -0.2839029 -0.4382728 -0.8920918 0.1099517 -0.05708026 -0.9755309 0.2123233 -0.9871306 0.1308695 -0.09190404 -0.05212795 -0.9963984 -0.06687921 0.001503944 -0.9994022 0.03453916 -0.9855365 0.1426373 -0.09150111 -0.9882971 0.1258773 -0.08616131 -0.9871658 0.1409124 -0.07514846 -0.8716521 -0.3534479 -0.3395543 -0.9128553 -0.004455864 -0.408259 -0.2425768 -0.956601 0.1614651 -0.9136147 -0.03512656 -0.405061 -0.91286 -0.00518316 -0.4082398 -0.2365409 -0.9443239 0.2286936 -0.7657549 -0.5983428 0.2358073 -0.9582446 0.008716285 -0.2858172 -0.288764 -0.9438406 0.160562 -0.6244601 -0.7180879 0.3072448 -0.9582947 0.01655352 -0.2853023 -0.3594593 -0.9223158 0.1418536 -0.3787201 -0.9197505 0.1031014 -0.975097 -0.1435797 0.1690289 -0.03340017 -0.9972216 -0.06658548 -0.07849621 -0.9930615 -0.08756184 -0.4902646 -0.869194 0.06436181 -0.9749107 0.04148459 -0.2186965 -0.4875091 -0.8662987 0.1089109 -0.9746642 0.03994762 -0.2200768 -0.4809843 -0.8724359 0.08665865 -0.38661 -0.9067063 0.1685712 -0.3463633 -0.9105515 0.2256733 -0.4533693 -0.880241 0.1401147 -0.8821807 -0.3909139 0.2625708 -0.9849684 0.07053768 -0.1576758 -0.9842815 0.07689166 -0.158989 -0.4347165 -0.8878009 0.1510999 -0.9750006 0.03487247 -0.2194491 -0.9556307 -0.2341256 0.1787601 -0.04227036 -0.9692282 -0.2425072 -0.9748956 0.0332753 -0.220162 -0.02994364 -0.9789909 -0.2016937 -0.3234041 -0.9308759 0.169941 -0.07221394 -0.9674611 -0.2424961 -0.9580549 0.01354736 -0.2862643 -0.3731887 -0.9123847 0.1681794 -0.03248238 -0.9791807 0.2003747 -0.2860592 -0.3968001 -0.8721926 -0.9575945 0.004985272 -0.2880763 -0.9750238 0.0310133 -0.2199246 -0.5683074 -0.8210725 0.05354124 -0.1138415 -0.9910157 0.07019811 -0.08929425 -0.9839112 0.154743 -0.9749514 0.02928459 -0.2204818 -0.5673637 -0.8208349 0.06579178 -0.06569647 -0.8763926 0.4770954 -0.9852144 0.06928539 -0.1566914 -0.08717626 -0.9431681 0.3206777 -0.08248668 -0.9279189 0.3635416 -0.3148397 -0.9173628 0.2435602 -0.9574594 0.009708702 -0.2884046 -0.2454254 -0.937283 0.2475215 -0.2927234 -0.9436681 0.1542838 -0.9571066 7.66217e-4 -0.2897351 -0.1796963 -0.9311437 0.3173024 -0.1635327 -0.9328404 0.3210388 -0.03225582 -0.9354727 -0.351924 -0.9570879 -7.61694e-4 -0.2897967 -0.9569559 0.007923781 -0.2901256 -0.4998944 -0.8546566 0.1402417 -0.0598182 -0.9635943 -0.2605913 -0.08110517 -0.9265087 -0.3674281 -0.9751057 0.02614951 -0.2201936 -0.06738698 -0.9336899 -0.3516848 -0.6202697 -0.782881 0.04860943 -0.6196641 -0.7823758 0.06248462 -0.9748534 0.02407068 -0.2215433 -0.1550539 -0.9878672 0.008747935 -0.9569386 0.006893098 -0.2902083 -0.6198146 -0.7817707 0.06829822 -0.09324258 -0.9930729 0.07149958 -0.9565709 -0.001893341 -0.2914935 -0.6179823 -0.7800689 0.0979309 -0.4463632 -0.8746858 0.1889039 -0.5918567 -0.7937679 0.140137 -0.968317 0.03802078 -0.2468125 -0.5750206 -0.8139571 0.08261448 -0.5657252 -0.8183367 0.1013914 -0.4802758 -0.8655483 0.1419907 -0.9897326 0.1246297 -0.06997799 -0.3266756 -0.910989 0.251758 -0.9896367 0.1216087 -0.07635784 -0.9564548 0.006003975 -0.2918187 -0.0400207 -0.9953483 0.08763533 -0.1215743 -0.9916132 -0.04385089 -0.9562445 -0.001744389 -0.2925632 -0.9749944 0.02039885 -0.2212908 -0.9747935 0.01814341 -0.2223703 -0.3504304 -0.9319198 0.09340244 -0.2211011 -0.9607525 0.1675382 -0.625076 -0.7734454 0.1051765 -0.9748475 0.01555013 -0.2223301 -0.02875959 -0.9011198 -0.4326152 -0.494521 -0.848801 0.187045 -0.5170956 -0.8429998 0.1482008 -0.04994517 -0.8667111 -0.4963036 -0.9748034 0.01781874 -0.2223529 -0.956136 0.006735801 -0.2928455 -0.1133514 -0.9571598 0.266452 -0.4459272 -0.871636 0.2034692 -0.9559602 6.18408e-4 -0.2934955 -0.4092041 -0.888957 0.2056879 -0.1856155 -0.97183 0.1452354 -0.2745298 -0.9604457 0.04666274 -0.5676203 -0.8070051 0.1629415 -0.8637695 -0.4596011 0.2065652 -0.6194396 -0.7688122 0.158816 -0.7632249 -0.5630702 0.3169221 -0.9869337 0.0490756 -0.1534718 -0.5853909 -0.7992855 0.1358686 -0.9861838 0.05916738 -0.1547281 -0.9861829 0.05872786 -0.154901 -0.2549288 -0.9140708 0.3154138 -0.9558552 0.008820772 -0.2937056 -0.9558416 0.008122205 -0.2937701 -0.9919108 0.104393 -0.07221472 -0.2338122 -0.9129368 0.3344821 -0.8953161 -0.4074955 0.1798791 -0.9920873 0.1244021 -0.01694172 -0.508812 -0.8350726 0.209199 -0.9912011 0.1117902 -0.0708757 -0.487787 -0.847082 0.2109881 -0.8468534 -0.4846174 0.2190552 -0.9746373 0.01342248 -0.2233873 -0.09630638 -0.8562279 -0.507542 -0.9748421 0.01573669 -0.2223399 -0.0776388 -0.8650547 -0.4956335 -0.05186086 -0.7428969 -0.6673941 -0.04249602 -0.7726477 -0.6334112 -0.9745231 0.01091068 -0.2240218 -0.6320154 -0.7564076 0.1685351 -0.1052526 -0.7395551 -0.6648159 -0.05015105 -0.6656115 -0.7446115 -0.6822473 -0.7270386 0.07715868 -0.9746468 0.01301234 -0.2233707 -0.9872679 0.04343926 -0.15302 -0.9868789 0.04956132 -0.1536682 -0.6842135 -0.7279722 0.04368501 -0.3128663 -0.8885628 0.3355158 -0.3956757 -0.9165087 0.05875843 -0.5189634 -0.8455051 0.1256899 -0.3347273 -0.8842647 0.3256279 -0.9745501 0.008493721 -0.224009 -0.6837241 -0.7269904 0.06329667 -0.3352326 -0.9419835 -0.0169174 -0.9745078 0.01170796 -0.224048 -0.9744007 0.01001399 -0.2245955 -0.6822317 -0.7265652 0.08162629 -0.9743956 0.01032394 -0.2246034 -0.9876158 0.03651976 -0.1525819 -0.3975121 -0.8739929 0.2795006 -0.261169 -0.9640659 0.04866117 -0.1662303 -0.9805413 -0.104433 -0.4181713 -0.8750032 0.2439303 -0.9871783 0.04441988 -0.1533158 -0.1016144 -0.9938937 -0.04300904 -0.5747977 -0.7902042 0.2125672 -0.6259301 -0.7518524 0.2071943 -0.9540773 0.01952457 -0.2989237 -0.993942 0.109041 -0.01375895 -0.9934016 0.09309166 -0.0669865 -0.5970821 -0.7817369 0.1799457 -0.9929252 0.09918487 -0.0652824 -0.7260222 -0.6555388 0.2077512 -0.9874466 0.03809183 -0.153292 -0.722838 -0.5938459 -0.3533445 -0.8665182 -0.4834302 0.1242634 -0.7394867 -0.6693988 0.07116681 -0.9878679 0.02863711 -0.1526331 -0.09773969 -0.7328527 -0.6733304 -0.6757611 -0.7337807 0.07009065 -0.7395682 -0.6688334 0.07550436 -0.7389193 -0.6690455 0.0798527 -0.4751086 -0.8343099 0.2796406 -0.6081486 -0.7744406 0.174348 -0.9879 0.02512717 -0.1530433 -0.751484 -0.6501606 0.1120848 -0.5248097 -0.8510281 0.01805418 -0.4925884 -0.8278616 0.2683317 -0.6054489 -0.795871 -0.004570662 -0.9876859 0.03094083 -0.1533598 -0.5180705 -0.8548586 0.02863174 -0.1475706 -0.8563475 0.4948657 -0.9879899 0.02209848 -0.15293 -0.05031394 -0.604206 -0.7952381 -0.05615931 -0.5764722 -0.8151846 -0.9878002 0.02775317 -0.153234 -0.9947882 0.0826708 -0.05968403 -0.09989809 -0.8618143 0.4972892 -0.1073579 -0.6623948 -0.7414226 -0.9477723 0.01475208 -0.3186063 -0.9950341 0.07812422 -0.06167328 -0.6883835 -0.7184736 0.09961873 -0.1087493 -0.6557258 -0.7471259 -0.6791323 -0.7233575 0.1246325 -0.9987915 0.02219545 0.04385173 -0.9895146 -0.06657552 0.128174 -0.9880058 0.01779788 -0.1533879 -0.9878093 0.02482694 -0.1536768 -0.06492382 -0.7958062 0.602061 -0.1357973 -0.9680516 -0.210797 -0.04659909 -0.7617439 0.6462003 -0.9880017 0.01498818 -0.153714 -0.9878736 0.02051001 -0.1538996 -0.05486303 -0.9946793 -0.08719629 -0.9961954 0.06548511 -0.05750173 -0.1026657 -0.960044 -0.2603366 -0.05656862 -0.4237704 -0.9040014 -0.9960204 0.0685054 -0.05701059 -0.06063824 -0.245554 -0.9674845 -0.6400547 -0.7366696 0.218284 -0.05872708 -0.4063621 -0.9118229 -0.9971892 0.07241189 -0.01924306 -0.2168636 -0.8428929 0.4924447 -0.9755283 -0.1749329 0.1332027 -0.1453738 -0.7880608 0.5981862 -0.9878981 0.01730638 -0.1541357 -0.9411532 -0.2823262 0.1858025 -0.1836609 -0.8490152 0.4954208 -0.9965888 0.06091046 -0.05568337 -0.9977563 0.06438297 -0.01836282 -0.9967185 0.05851769 -0.05592828 -0.8691052 -0.4826315 -0.1082723 -0.1124647 -0.573544 -0.8114179 -0.9817891 -0.09547823 -0.164238 -0.1182824 -0.5673333 -0.8149493 -0.9879516 0.01467895 -0.154066 -0.1253966 -0.4037007 -0.9062569 -0.9303189 0.006724655 -0.3666902 -0.1450061 -0.7858066 0.6012331 -0.06009298 -0.2381104 -0.9693772 -0.9333232 0.007959723 -0.3589493 -0.05879497 -0.3203183 -0.9454837 -0.9971838 0.05186045 -0.05417484 -0.9972462 0.05012649 -0.05465555 -0.9977419 0.04077124 -0.05337375 -0.7355481 -0.666167 0.1232489 -0.7422617 -0.6598601 0.1167573 -0.997712 0.04173374 -0.05318832 -0.5460045 -0.8016234 0.2434726 -0.8073132 -0.5868405 0.06215786 -0.9989311 0.04500705 -0.01054 -0.6856325 -0.7180227 0.1197976 -0.5869143 -0.7737908 0.2382839 -0.1738885 -0.321703 -0.9307363 -0.1304286 -0.236405 -0.9628609 -0.9979293 0.03659486 -0.0528953 -0.5403823 -0.7969098 0.2700404 -0.1235222 -0.4000226 -0.9081432 -0.9991355 0.04028218 -0.01026743 -0.1721532 -0.3183856 -0.9321984 -0.9979054 0.03720957 -0.05291795 -0.6940438 -0.7015761 0.1615369 -0.4880904 0.08261668 0.8688741 -0.9980756 0.03273087 -0.05266666 -0.1128771 -0.9231258 -0.367556 -0.9980664 0.03312617 -0.05259436 -0.6761265 -0.7099142 0.1971675 -0.9131367 0.003563642 -0.407638 -0.9982714 0.02677911 -0.05231857 -0.5972313 -0.8006671 -0.04740297 -0.4247525 -0.8461885 0.3217924 -0.9982694 0.02687084 -0.05230772 -0.3963382 -0.8476251 0.3527714 -0.2167884 -0.9736198 -0.0711835 -0.9147363 0.003864109 -0.4040327 -0.9983975 0.02201271 -0.05213385 -0.3379445 -0.9374985 -0.0830059 -0.9983978 0.02199512 -0.05213606 -0.7806247 -0.6199334 0.07942074 -0.1170123 -0.9705304 -0.2106629 -0.9984894 0.0177114 -0.05201041 -0.9984897 0.01769119 -0.05201256 -0.9028097 0.00200814 -0.4300355 -0.1851931 -0.9462118 -0.265305 -0.9127936 0.003531932 -0.4084059 -0.1693072 -0.9151411 -0.365858 -0.9985687 0.012928 -0.05189871 -0.7801112 -0.6196534 0.0863493 -0.7812852 -0.6197164 0.07446491 -0.1013248 -0.9246902 -0.3669897 -0.1361774 -0.8775451 -0.4597502 -0.9876084 -0.1195099 0.10172 -0.7311629 -0.6534379 0.1960095 -0.9642635 -0.2191015 0.1489648 -0.7435537 -0.6422342 0.1861805 -0.364153 -0.9310985 -0.02116411 -0.4950131 -0.8619176 -0.1098184 -0.2786085 -0.9543942 0.1072804 -0.4739513 -0.809039 0.3476004 -0.4984709 -0.799103 0.3360971 -0.1648067 -0.8957532 -0.4128741 -0.5482305 -0.7803412 0.3008507 -0.5377329 -0.8373703 -0.09825658 -0.6380638 -0.7608274 -0.1183902 -0.2901939 -0.8165931 0.4989623 -0.2799468 -0.9505077 -0.1347774 -0.2467007 -0.8275193 0.5043318 -0.1520109 -0.8020051 -0.5776509 -0.2036458 -0.766966 0.6085159 -0.1170983 -0.8542056 -0.5065776 -0.1394734 -0.9901773 0.009791672 -0.2102814 -0.7755414 0.5952457 -0.7760152 -0.6167062 0.1321889 -0.772845 -0.606193 0.1877247 -0.2862204 -0.9332628 -0.2170216 -0.7830528 -0.6110415 0.1160027 -0.1661906 -0.8732154 -0.4581215 -0.1913409 -0.8464775 -0.4968547 -0.6308529 -0.7302044 0.2623474 -0.6228487 -0.7365452 0.2637438 -0.1432405 -0.7285895 -0.6698056 -0.162745 -0.6805315 -0.7144165 -0.6773096 -0.6910725 0.2523305 -0.4042355 -0.903136 -0.1447037 -0.7007046 -0.6820625 0.2092934 -0.4468855 -0.8671356 -0.2199298 -0.1650965 -0.6089006 -0.7758759 -0.1575876 -0.6512125 -0.7423533 -0.3200658 -0.80476 0.4999192 -0.2756356 -0.7514447 0.5994631 -0.88703 -0.4220967 0.1871153 -0.9382489 -0.3294876 0.1054847 -0.274244 -0.7488205 0.6033724 -0.6101326 -0.7757939 -0.1608788 -0.7303617 -0.6354386 0.2505788 -0.3536114 -0.8943049 -0.2741854 -0.7456505 -0.6223081 0.2381973 -0.2851235 -0.933606 -0.2169893 -0.668629 -0.6935835 0.2680994 -0.1815275 -0.7977359 -0.5750349 -0.2103079 -0.7694439 -0.6030976 -0.2191593 -0.6726984 -0.706715 -0.6748274 -0.7365001 -0.04664301 -0.08056378 -0.7399821 0.6677843 -0.1171686 -0.7367088 0.6659817 -0.7958186 -0.5996249 -0.08439743 -0.689383 -0.7208029 -0.07207137 -0.6325456 -0.7207088 0.2836633 -0.1758699 -0.5263631 -0.8318724 -0.6093789 -0.7274843 0.3153157 -0.1652743 -0.5633363 -0.8095287 -0.7784621 -0.5927277 0.2065687 -0.847261 -0.5243625 0.0848096 -0.9194955 -0.3913838 0.03669756 -0.7711085 -0.5895718 0.2404094 -0.8467589 -0.5288783 0.05733245 -0.2929666 -0.9014729 -0.3186177 -0.84577 -0.5290238 0.06933265 -0.1525328 -0.9828199 -0.1039172 -0.845317 -0.5288597 0.07580745 -0.877992 -0.4731775 0.07234114 -0.8415533 -0.526872 0.1191384 -0.8445475 -0.5281212 0.08847349 -0.8848105 -0.4619385 0.06101721 -0.8772722 -0.472965 0.0818389 -0.9465215 -0.3224146 0.01207864 -0.8774451 -0.4726157 0.08200353 -0.7815021 -0.6236975 0.0159974 -0.1780812 -0.7266734 0.6635004 -0.8959025 -0.4424237 -0.04024797 -0.147356 -0.7309744 0.6663053 -0.5621276 -0.7585462 0.3295757 -0.1845071 -0.3723292 -0.9095758 -0.5316674 -0.7660926 0.3611537 -0.1802093 -0.3963915 -0.9002214 -0.2137053 -0.6521872 -0.7273113 -0.2244561 -0.6014371 -0.7667418 -0.6554895 -0.6862352 0.3153012 -0.6740373 -0.6754712 0.2990192 -0.8433871 -0.5202398 0.1343461 -0.2275449 -0.5819373 -0.7807511 -0.8729467 -0.4711011 0.1266008 -0.1903944 -0.2201631 -0.9567018 -0.8342587 -0.5171078 0.1913427 -0.1945528 -0.189131 -0.9624856 -0.8759118 -0.46573 0.1259927 -0.7470771 -0.6580609 -0.09397685 -0.8428003 -0.5241382 -0.1223397 -0.7762956 -0.5731565 0.2624061 -0.3621068 -0.8561987 -0.368514 -0.2926412 -0.9015757 -0.3186259 -0.4042611 -0.7755886 0.4848045 -0.9828597 -0.1510289 0.105722 -0.9976971 -0.0376259 0.05643302 -0.369119 -0.7789925 0.5068746 -0.6211839 -0.7416257 -0.2532227 -0.3547933 -0.7259279 0.5891947 -0.3494508 -0.7208619 0.5985333 -0.4634707 -0.8798901 -0.1048258 -0.2317082 -0.5200564 -0.8221026 -0.7316585 -0.6158202 0.2923035 -0.2507426 -0.3667901 -0.8958756 -0.2408872 -0.5024813 -0.8303529 -0.7168291 -0.674256 -0.1775807 -0.72669 -0.6380788 0.2545134 -0.6773754 -0.668547 0.3069324 -0.7295454 -0.652789 -0.2040339 -0.8017846 -0.5586129 -0.2123508 -0.2527707 -0.1876963 -0.9491454 -0.6090084 -0.7055328 0.3623979 -0.6383877 -0.6936016 0.3337336 -0.2588333 -0.2168277 -0.941271 -0.2489685 -0.3560504 -0.9006902 -0.2417145 -0.7064049 0.6652565 -0.1959207 -0.7151945 0.6709038 -0.4450467 -0.7465707 0.4945359 -0.17409 -0.9482851 -0.2654207 -0.303491 -0.8401175 -0.4495506 -0.4722884 -0.736334 0.4845163 -0.4269378 -0.8397277 -0.3355317 -0.4227865 -0.6945542 0.5821048 -0.4216907 -0.6939126 0.5836629 -0.5056675 -0.8331536 -0.223954 -0.5666458 -0.7553088 -0.3292738 -0.6073764 -0.7111995 -0.3539622 -0.8367374 -0.5052871 0.2110817 -0.6818463 -0.6667605 -0.3008588 -0.8634784 -0.4624322 0.2013986 -0.8289523 -0.503031 0.2445362 -0.5942878 -0.7637928 -0.2518784 -0.8688367 -0.4530854 0.1995912 -0.790969 -0.5648466 -0.2351939 -0.2938414 -0.7745608 -0.5601007 -0.03611773 -0.670439 0.7410851 -0.2132652 -0.8867225 -0.4101722 -0.7624391 -0.5776128 0.2916332 -0.7687905 -0.5702574 0.2894266 -0.3032442 -0.8401935 -0.4495752 -0.6555134 -0.6654704 0.3570033 -0.3741946 -0.7895858 -0.4863463 -0.9575755 -0.2756804 0.08396142 -0.6802371 -0.649334 0.3400629 -0.9098653 -0.4085626 0.07226157 -0.9753219 -0.216207 0.04474133 -0.9105205 -0.4083342 0.06492871 -0.9098717 -0.4082133 0.07413166 -0.2950702 -0.7272824 -0.6196725 -0.1140965 -0.6651129 0.7379748 -0.2323038 -0.8383876 -0.4930937 -0.09961718 -0.6649532 0.7402119 -0.1511936 -0.6595465 0.736301 -0.9092123 -0.407769 0.08400905 -0.9059785 -0.4069808 0.1164886 -0.4833814 -0.7538128 -0.4450941 -0.3540087 -0.8941484 -0.2741836 -0.6232035 -0.69808 -0.3525648 -0.3176003 -0.6858538 0.6547784 -0.6684274 -0.6321222 -0.3919521 -0.2546975 -0.7015476 0.6655526 -0.7284818 -0.6191669 0.2931666 -0.7019803 -0.6273778 0.3370769 -0.3663569 -0.7241017 -0.5843452 -0.3307846 -0.7639303 -0.5540686 -0.8129002 -0.50216 -0.2950062 -0.7344217 -0.6082455 -0.3011016 -0.8303326 -0.4886363 0.2679222 -0.2505878 -0.7616053 -0.5976313 -0.3071057 -0.6551203 -0.6902924 -0.8620157 -0.4388923 0.2535793 -0.8550867 -0.4501454 0.2572857 -0.7507203 -0.5736677 0.3276042 -0.8453732 -0.4785931 -0.2372607 -0.7666775 -0.5606361 0.3128781 -0.8233724 -0.5392214 -0.1769129 -0.3421355 -0.7144573 -0.6103229 -0.896928 -0.4005429 0.1873117 -0.9065732 -0.4022018 0.1279011 -0.3680931 -0.678404 -0.6358267 -0.7884643 -0.5304658 0.311336 -0.987973 -0.1534363 0.01914757 -0.7902603 -0.5309218 0.3059589 -0.8234364 -0.4869112 0.2913244 -0.9809435 -0.1909012 0.03614878 -0.9109594 -0.3658824 -0.190481 -0.9356815 -0.335003 -0.1107836 -0.5040844 -0.7110962 0.490144 -0.8836819 -0.4594915 -0.08929675 -0.5330628 -0.7028868 0.4709506 -0.4832366 -0.6674552 0.5665562 -0.9153819 -0.3893016 -0.1025688 -0.9992542 0.03081589 0.02326607 -0.9994079 0.02112931 0.02715557 -0.9966716 0.06636422 -0.04734635 -0.4811586 -0.666093 0.569918 -0.9966041 -0.05775445 0.05869174 -0.9532167 -0.2723473 -0.1311671 -0.9539461 -0.2940082 0.05954867 -0.4833448 -0.7066332 -0.5167663 -0.1547676 -0.6556022 0.7390756 -0.2057221 -0.6478022 0.7335058 -0.3624417 -0.8560671 -0.3684906 -0.9817212 -0.1817137 -0.05659985 -0.9575244 -0.2609479 -0.122692 -0.9377207 -0.346932 -0.01783609 -0.952918 -0.2939665 0.0743696 -0.9532961 -0.2937946 0.07008028 -0.2814009 -0.6403447 -0.7146832 -0.8885362 -0.3911531 0.239797 -0.3139982 -0.5529381 -0.7717931 -0.8974452 -0.3922414 0.2018386 -0.3148035 -0.4958348 -0.8093495 -0.2986024 -0.5701916 -0.7653223 -0.7031997 -0.6086304 0.3675311 -0.734796 -0.5939221 0.3276146 -0.7931692 -0.5183176 -0.3197333 -0.320916 -0.6825574 0.6566036 -0.6626281 -0.6129525 -0.4303641 -0.3865274 -0.6617755 0.6423783 -0.5608016 -0.6928124 -0.4533348 -0.9730156 -0.2250527 0.05091077 -0.3504316 -0.6443067 -0.6797547 -0.3801848 -0.6098538 -0.6953689 -0.204141 -0.6484899 0.7333399 -0.3254445 -0.4291725 -0.8425538 -0.3078544 -0.4925618 -0.8140076 -0.7905842 -0.5140205 0.3328055 -0.9721165 -0.2249998 0.06606447 -0.8517108 -0.4238612 -0.3081078 -0.846955 -0.4452667 -0.2905249 -0.3875458 -0.5149831 -0.7645918 -0.9720151 -0.2251232 0.06712895 -0.950609 -0.2906309 0.1089778 -0.3706409 -0.5408203 -0.7550753 -0.9491174 -0.2934131 0.1143891 -0.3339215 -0.3064424 -0.8913975 -0.3264158 -0.3477089 -0.8789489 -0.7522981 -0.556154 0.3531862 -0.7737628 -0.5367578 0.3364256 -0.3836938 -0.4825528 -0.7873512 -0.388619 -0.4623987 -0.796971 -0.5992457 -0.6007146 -0.5291942 -0.5188155 -0.7333841 -0.4392929 -0.3840878 -0.6629252 0.6426561 -0.4466001 -0.6393655 0.6259074 -0.2260146 -0.7460828 -0.6263209 -0.2999632 -0.4142853 -0.8592962 -0.3402292 -0.1838315 -0.9221984 -0.609369 -0.6487125 0.4558963 -0.6270086 -0.6119678 -0.4820328 -0.5841594 -0.6596142 0.4729344 -0.483213 -0.6375082 -0.6000738 -0.3733153 -0.7899169 -0.4864844 -0.5627279 -0.623153 0.5431553 -0.5633236 -0.6234403 0.5422074 -0.8880111 -0.381022 0.2574073 -0.3893802 -0.4184033 -0.8205619 -0.3994272 -0.4004652 -0.8246729 -0.9688213 -0.2250093 0.1037122 -0.9693763 -0.2232819 0.1022484 -0.7710116 -0.495243 -0.4003441 -0.6796209 -0.6689918 -0.3009409 -0.8367564 -0.4510763 0.3104334 -0.4146151 -0.1789599 -0.8922263 -0.4083496 -0.2867693 -0.8666107 -0.8465977 -0.436193 0.304972 -0.8378187 -0.4512079 0.3073619 -0.4039016 -0.2981308 -0.8648592 -0.8659538 -0.4047517 0.2937688 -0.879994 -0.3803333 0.2845298 -0.3997387 -0.7124889 -0.5766876 -0.4672406 -0.5791027 -0.6680766 -0.6326531 -0.6244981 0.4579872 -0.6538586 -0.6112042 0.4459801 -0.4131883 -0.1729887 -0.8940639 -0.416843 -0.08998912 -0.904513 -0.6571138 -0.5236061 -0.5422528 -0.6125762 -0.5924692 0.5231927 -0.6194089 -0.5864375 -0.5219423 -0.6126013 -0.5924765 0.5231551 -0.9930809 -0.1171802 0.00768423 -0.9422659 -0.2856662 0.1747278 -0.9959294 -0.08982884 -0.007453799 -0.9393261 -0.2904372 0.1825173 -0.08425015 -0.62731 0.774199 -0.5186704 -0.6875564 -0.5081804 -0.5949574 -0.5554505 -0.5809478 0.04703497 -0.6305307 0.7747378 -0.7844126 -0.4776706 -0.3956357 -0.8184301 -0.4124973 -0.4000231 -0.9868015 -0.154902 0.04720455 -0.4632385 -0.5417862 -0.70134 -0.997932 -0.05248451 0.03710794 -0.9870461 -0.1544384 0.04345983 -0.4102644 -0.6645987 -0.6244931 -0.9862371 -0.154595 0.0586248 -0.9861764 -0.1545526 0.0597456 -0.9975561 -0.05102348 0.04773414 -0.9837102 -0.1548165 0.09135729 -0.7301668 -0.5181211 -0.445429 -0.7013974 -0.5996586 -0.3852937 -0.7814035 -0.5117732 0.3570669 -0.7563964 -0.4554165 -0.4695321 -0.8442187 -0.3990234 -0.357876 -0.8070378 -0.4929842 0.3250485 -0.1273871 -0.6239885 0.7709805 -0.9775419 -0.2001528 -0.06596052 -0.08101761 -0.627727 0.774206 -0.9613414 -0.2211645 0.1640396 -0.9908939 -0.1077796 -0.08070343 -0.8999925 -0.3654876 -0.2375546 -0.9602864 -0.2240335 0.1663102 -0.9379427 -0.2589901 -0.2306244 -0.9072153 -0.3173778 -0.276101 -0.2597528 -0.6377199 0.7251496 -0.2765329 -0.6411598 0.7158517 -0.8358914 -0.4363263 0.3330239 -0.9260275 -0.2961707 -0.2339997 -0.8398566 -0.4367254 0.3223538 -0.8571413 -0.404311 0.3191259 -0.8650104 -0.3913854 0.3139657 -0.4175472 -0.5987332 -0.6835004 -0.4472102 -0.4996045 -0.7418885 -0.4669863 -0.4884915 -0.7370886 -0.7901589 -0.4147855 -0.4512228 -0.8053561 -0.3763792 -0.4579743 -0.4412529 -0.6447761 0.6241473 -0.5303815 -0.6037852 0.5950959 -0.9289411 -0.2861034 0.2349749 -0.6519478 -0.4819612 -0.5853866 -0.9334467 -0.2799106 0.2243378 -0.6136251 -0.5435274 -0.5727498 -0.9837208 -0.1542214 0.0922451 -0.9807115 -0.1169179 -0.156637 -0.9767431 -0.1555908 0.1475275 -0.9561301 -0.1876527 -0.2249485 -0.3188807 -0.6303818 0.7077668 -0.9512603 -0.2681751 -0.1522693 -0.5893715 -0.4947631 -0.6386319 -0.391874 -0.6111944 0.68766 -0.517054 -0.6213297 -0.5887313 -0.3395566 -0.6275691 0.7006128 -0.9508951 -0.2225714 0.2150825 -0.9525721 -0.2186595 0.211647 -0.4556403 -0.4197864 -0.7849658 -0.9948667 -0.04322737 -0.09149622 -0.9892488 -0.1214853 -0.08141356 -0.7107619 -0.5622447 0.4227274 -0.6870081 -0.5750631 0.4442098 -0.6730553 -0.5496322 0.4948748 -0.6736217 -0.5498014 0.4939153 -0.4636975 -0.3775913 -0.8015044 -0.4487885 -0.4486665 -0.7728435 -0.9061372 -0.2717764 -0.3241188 -0.9051755 -0.286071 -0.3143578 -0.931404 -0.2129517 -0.2951918 -0.8866496 -0.3524723 0.2993589 -0.1138894 -0.6308816 0.7674749 -0.9276385 -0.2240895 -0.2987822 -0.1795551 -0.6232259 0.7611501 -0.5842012 -0.5783798 0.5693732 -0.4709321 -0.3292859 -0.8184093 -0.4713578 -0.2778768 -0.8370223 -0.5206165 -0.6132752 0.5940135 -0.4540744 -0.3895841 -0.8012744 -0.9767445 -0.1547375 0.1484135 -0.968887 -0.1567268 0.1915585 -0.5723311 -0.4479237 -0.686878 -0.5292525 -0.5533455 -0.6431956 -0.7564523 -0.511186 0.4080059 -0.7775377 -0.4871509 0.3976421 -0.7237069 -0.4307281 -0.5391862 -0.7388506 -0.5267177 0.4203191 -0.8008127 -0.3500101 -0.4859958 -0.4726177 -0.2392904 -0.8481584 -0.4787295 -0.1679108 -0.8617564 -0.4759896 -0.08825236 -0.8750116 -0.7276313 -0.5046234 0.464659 -0.4743252 -0.4141512 -0.7768489 -0.7279025 -0.5046344 0.4642219 -0.6453762 -0.4277536 -0.6328637 -0.8435896 -0.4156431 0.3399963 -0.6049537 -0.4863342 -0.630484 -0.5323927 -0.5155916 -0.6713594 -0.8596041 -0.3912547 0.3286342 -0.5664752 -0.4198023 -0.7091347 -0.872026 -0.37161 0.3185541 -0.8552071 -0.309296 -0.4158807 -0.8274145 -0.3988037 -0.3953998 -0.8384286 -0.3302411 -0.4335646 -0.2374753 -0.6179533 0.7494926 -0.1482785 -0.6313915 0.7611559 -0.9995319 -0.0123105 -0.02800714 -0.9928071 0.0735225 -0.09449076 -0.9967509 -0.04779338 0.06483429 -0.9988037 0.02924752 -0.03918784 -0.9967687 -0.04748398 0.06478726 -0.9994872 -0.004933536 -0.03164041 -0.9957644 -0.05371344 0.07461965 -0.608615 -0.4314066 -0.6659401 -0.6294972 -0.3873348 -0.6735764 -0.6473945 -0.5399842 0.5378637 -0.5700514 -0.5889568 0.5728625 -0.7786701 -0.3550585 -0.5173069 -0.5313401 -0.4670866 -0.7067586 -0.3819727 -0.6278458 0.678164 -0.566115 -0.3810536 -0.7309665 -0.8940266 -0.3404474 0.2912249 -0.8776713 -0.3526563 0.3245405 -0.6935509 -0.4942777 -0.5240962 -0.7365782 -0.3589745 -0.5732275 -0.1263737 -0.6484931 0.7506573 -0.6236684 -0.3636829 -0.6919339 0.07782942 -0.6230393 0.7783088 -0.6077801 -0.4029095 -0.6843006 -0.9688296 -0.1553205 0.1929892 -0.8361818 -0.2874833 -0.4670689 -0.83629 -0.2862237 -0.4676484 -0.04753768 -0.6239985 0.7799783 -0.07849681 -0.6249771 0.7766865 -0.8996976 -0.2474011 -0.3596345 -0.9174186 -0.2809781 0.2817703 -0.9276844 -0.1758877 -0.3293406 -0.9292243 -0.2610327 0.2615419 -0.9225091 -0.1899443 -0.336003 -0.788035 -0.4700101 0.397607 -0.8330964 -0.4149215 0.3657737 -0.5396165 -0.3970574 -0.7424011 -0.9910056 -0.05713993 0.1210076 -0.9919567 -0.0488255 0.1167818 -0.5614174 -0.3303159 -0.7587503 -0.9913885 -0.05545002 0.1186338 -0.9918759 -0.04980278 0.1170551 -0.7679717 -0.4670519 0.4382715 -0.5576171 -0.3017761 -0.773301 -0.5473303 -0.3571985 -0.7568611 -0.7672533 -0.4669916 0.439592 -0.9601315 -0.1578376 0.2307267 -0.9460805 -0.2066321 0.2494691 -0.9786965 -0.1232157 -0.1642287 -0.9860504 -0.04616576 -0.1599163 -0.9403517 -0.2207195 0.2588857 -0.7869895 -0.2940292 -0.542397 -0.772845 -0.3272053 -0.5437346 -0.9941861 0.04329901 -0.09858679 -0.4915197 -0.5981792 0.6329218 -0.4484939 -0.6033202 0.6594376 -0.9946584 -0.04540449 -0.09269821 -0.9181866 -0.2631801 0.2960903 -0.6127885 -0.3153509 -0.7245992 -0.6223157 -0.3315506 -0.709082 -0.926788 -0.2531986 0.2774064 -0.6025292 -0.368174 -0.7081006 -0.9739114 -0.05548858 -0.2200399 -0.899675 -0.3222813 0.294482 -0.9499415 -0.1453431 -0.2765621 -0.8804486 -0.341335 0.3290905 -0.9505247 -0.186166 -0.2486866 -0.307985 -0.6221899 0.7197394 -0.562332 -0.2651607 -0.7832449 -0.5490868 -0.3128526 -0.7750012 -0.2037181 -0.6436475 0.7377104 -0.6872799 -0.4566297 -0.5649209 -0.6378581 -0.5551229 0.5338311 -0.7292084 -0.3258592 -0.6017234 -0.7100523 -0.500018 0.49579 -0.9855124 -0.06115823 0.1581921 -0.5644312 -0.1951394 -0.8020835 -0.986011 -0.05947333 0.1557094 -0.5581829 -0.2268916 -0.7980927 -0.99112 0.001030623 0.1329661 -0.6089984 -0.2921409 -0.7374109 -0.9869244 -0.05149006 0.1527385 -0.5070601 -0.5909568 0.6274234 -0.609032 -0.2886559 -0.7387542 -0.5449252 -0.5782505 0.6071925 -0.6130416 -0.2659813 -0.7439315 -0.06506586 -0.6256106 0.7774173 -0.1214314 -0.6384072 0.7600597 -0.9878569 0.01608061 -0.1545318 -0.985899 -0.04762625 -0.1604208 -0.5671009 -0.1205773 -0.8147746 -0.5764264 -0.0482704 -0.8157222 -0.3605344 -0.6141614 0.7020119 -0.2448376 -0.6424148 0.726194 -0.7649382 -0.298929 -0.5705357 -0.9428624 -0.2013868 0.2654315 -0.7804543 -0.2666928 -0.5654785 -0.9390209 -0.2087718 0.2732287 -0.6166692 -0.1872377 -0.7646313 -0.6085049 -0.255044 -0.7514481 -0.7523886 -0.4643887 0.4671771 -0.6167187 -0.2348602 -0.7513313 -0.6944759 -0.5150562 0.5024145 -0.8285225 -0.3981233 0.3937617 -0.8403716 -0.398128 0.3677904 -0.9471388 -0.1307589 -0.2929679 -0.9462125 -0.1147516 -0.3025127 -0.8587002 -0.3718359 0.3526641 -0.8223939 -0.2561417 -0.5079958 -0.1418753 -0.6432281 0.7524155 -0.07038861 -0.647543 0.758771 -0.6194535 -0.1164301 -0.7763514 -0.6065652 -0.04793733 -0.7935872 -0.6151482 -0.174604 -0.7688342 -0.09798485 -0.6401367 0.7619869 -0.6783361 -0.4080029 -0.6110595 -0.1610342 -0.6428939 0.7488361 -0.7202013 -0.2850537 -0.6324987 -0.8693279 -0.3554818 0.3433682 -0.888715 -0.3236463 0.3247137 -0.9002915 -0.1833056 -0.3948091 -0.9610992 -0.1504731 0.2316166 -0.9577278 -0.1519477 0.244273 -0.8916015 -0.1990987 -0.4067018 -0.8293255 -0.3981902 0.3919997 -0.8893628 -0.2466839 -0.3849428 -0.9153764 -0.151101 -0.3731681 -0.8597873 -0.3563714 0.3657393 -0.8597422 -0.3564211 0.3657968 -0.9213666 -0.1366422 -0.3638854 -0.7056761 -0.2563534 -0.6605333 -0.6797229 -0.3622183 -0.637789 -0.03273051 -0.6523591 0.7572029 -0.09101277 -0.6505969 0.7539498 -0.9200473 -0.2547308 0.2976999 -0.930858 -0.238991 0.2763813 -0.8255644 -0.2082393 -0.5244805 -0.8131607 -0.2686469 -0.5163317 -0.9571683 -0.1481739 0.2487435 -0.7725861 -0.2334946 -0.590416 -0.741741 -0.4810228 0.4673729 -0.7544581 -0.2643183 -0.6007735 -0.8880009 -0.1640318 -0.4295906 -0.8201259 -0.3980149 0.4110689 -0.8879949 -0.1703867 -0.4271222 -0.4540895 -0.6060622 0.6530631 -0.3064964 -0.6534074 0.692184 -0.6996367 -0.2409724 -0.6726372 -0.9584292 -0.1475739 0.2442035 -0.9402561 -0.2022686 0.2738718 -0.9457812 -0.1901212 0.2633473 -0.6781829 -0.339263 -0.6518961 -0.9918885 0.08489733 -0.09460288 -0.9942592 0.05068111 -0.09423452 -0.6261385 -0.5516251 0.5510538 -0.5708451 -0.5642517 0.5964528 -0.9834772 0.162946 0.07887518 -0.911988 -0.121946 -0.3916721 -0.9869359 -0.001615583 0.1611056 -0.9145204 -0.1165317 -0.3873924 -0.9792583 -0.06514418 0.1918576 -0.9794915 -0.06422132 0.1909767 -0.9729231 -0.05694097 -0.2240052 -0.9789466 0.007137119 -0.2039915 -0.6501029 -0.5353544 0.5392235 -0.6867416 -0.5135977 0.5143961 -0.7606822 -0.2107246 -0.6139688 -0.7518463 -0.2337252 -0.6165223 -0.135861 -0.672642 0.7273889 -0.06473422 -0.676324 0.7337543 -0.9423783 -0.10356 -0.3181171 -0.9859706 0.09512192 -0.1371634 -0.1252539 -0.6463685 0.7526747 -0.2332397 -0.6661111 0.7084457 -0.9885559 0.02012068 -0.1495072 -0.05447298 -0.6868546 0.7247506 -0.6963043 -0.2216506 -0.6826648 -0.6727178 -0.3120594 -0.6708724 -0.06694465 -0.6865507 0.7239934 -0.8930734 -0.3090277 0.3269891 -0.7556436 -0.1988058 -0.6240826 -0.8903196 -0.309576 0.3339068 -0.7489494 -0.2196211 -0.6251731 -0.8894481 -0.3098012 0.3360141 -0.8061184 -0.2454274 -0.5384594 -0.08145284 -0.691659 0.7176164 -0.02306354 -0.6926093 0.7209442 -0.8195587 -0.1866836 -0.5417312 -0.9793451 0.00992465 -0.2019521 -0.9810642 0.06341046 -0.1830087 -0.1846591 -0.6733452 0.7158961 -0.6893824 -0.197869 -0.69685 -0.6730644 -0.2721533 -0.6876897 -0.2816792 -0.6664744 0.6902672 -0.08498567 -0.6870751 0.7215991 -0.6847772 -0.183988 -0.7051445 -0.6763564 -0.2482967 -0.6934629 -0.171283 -0.6810095 0.7119607 -0.5234576 -0.5972882 0.6076504 -0.3861852 -0.6527062 0.6517941 -0.966233 -0.003228127 -0.2576498 -0.9752891 0.03608822 -0.2179653 -0.9686897 -0.01965904 -0.2474946 -0.9688076 -0.02270543 -0.2467721 -0.7427134 -0.2045215 -0.637611 -0.9191434 -0.2527114 0.3021795 -0.7526571 -0.1840519 -0.6321647 -0.9764091 -0.06619846 0.205531 -0.9758836 -0.06749302 0.2075958 -0.9763817 -0.06621921 0.2056546 -0.9763656 -0.07407629 0.2030344 -0.6861758 -0.1645377 -0.7085832 -0.9623242 -0.2282547 0.1477567 -0.9587976 -0.140457 0.2469391 -0.6752929 -0.2207896 -0.7037268 -0.9110125 -0.09628391 -0.400981 -0.8574116 -0.3566063 0.3710488 -0.8130367 -0.4146739 0.408677 -0.8783094 -0.1521957 -0.4532208 -0.8877828 -0.3101195 0.3400997 -0.8784412 -0.1428328 -0.4560041 -0.8454302 -0.3734416 0.3818233 -0.739987 -0.182772 -0.6473127 -0.4358431 -0.6449317 0.6277769 -0.7466914 -0.1660767 -0.6441044 -0.5928896 -0.5701811 0.5686612 -0.9046265 -0.1055868 -0.4129192 -0.6980644 -0.5047037 0.5079177 -0.6847971 -0.1244757 -0.7180243 -0.6792476 -0.1640233 -0.7153455 -0.8075039 -0.4150847 0.419097 -0.7428717 -0.4811223 0.4654707 -0.7410481 -0.169137 -0.6498001 -0.9254671 -0.2405858 0.2926242 -0.7426841 -0.1554458 -0.6513502 -0.9326779 -0.2278162 0.2796633 -0.8124194 -0.1611907 -0.5603501 -0.9318313 -0.2281742 0.2821826 -0.9311871 -0.2285118 0.2840298 -0.7969305 -0.2174066 -0.5635922 -0.9756858 0.03646701 -0.216119 -0.06583684 -0.7349329 0.6749365 -0.6497617 -0.3023446 -0.697422 -0.009643554 -0.7352291 0.6777501 -0.05815798 -0.7253811 0.6858862 -0.6585588 -0.2431116 -0.7121777 -0.68488 -0.07837098 -0.7244291 -0.7386785 -0.1526282 -0.6565507 -0.7436303 -0.1397418 -0.6538243 -0.129053 -0.7228011 0.678899 -0.2164808 -0.6782763 0.7021946 -0.9394083 -0.06642735 -0.3363027 -0.3610757 -0.6820656 0.6359331 -0.9376354 -0.09453046 -0.3345202 -0.01503676 -0.742276 0.6699256 -0.07651054 -0.741769 0.6662769 -0.8027001 -0.1441771 -0.5786929 -0.794192 -0.1928634 -0.576249 -0.962138 -0.1385399 0.2347279 -0.7395225 -0.115925 -0.6630746 -0.9490602 -0.180939 0.2579651 -0.9452628 -0.190339 0.265046 -0.2510845 -0.7135766 0.6540375 -0.7417451 -0.07371479 -0.6666186 -0.7421286 -0.1067785 -0.6616975 -0.1470782 -0.7264493 0.6712968 -0.8741573 -0.1163534 -0.4714987 -0.9504636 -0.1802084 0.2532663 -0.9507583 -0.1799542 0.2523394 -0.8739485 -0.1380612 -0.4659968 -0.9041126 -0.0823673 -0.4192805 -0.07627409 -0.7397433 0.6685522 -0.1602513 -0.7353415 0.6584773 -0.9011172 -0.08649355 -0.4248608 -0.965787 -0.002626419 -0.2593233 -0.04717445 -0.7749056 0.6303142 -0.02324718 -0.7749931 0.6315421 -0.9736708 0.04858177 -0.2227217 -0.7915505 -0.1819167 -0.5833988 -0.7984721 -0.1357883 -0.5865185 -0.2932351 -0.7174791 0.6318521 -0.1750491 -0.7355603 0.6544532 -0.7414402 -0.02339231 -0.6706111 -0.02830415 -0.78293 0.6214656 -0.7405683 -0.06810832 -0.6685206 -0.981699 0.1533597 -0.1129065 -0.9804708 0.1583763 -0.1165926 -0.9859416 0.1140883 -0.1220777 -0.9866758 0.1051898 -0.1241205 -0.9348174 -0.07363283 -0.3474112 -0.9337797 -0.05661416 -0.3533416 -0.8550336 -0.3716081 0.3616974 -0.8013994 -0.4394025 0.4058135 -0.6840424 -0.5396765 0.4907498 -0.9348219 -0.05096739 -0.3514402 -0.5344282 -0.6338161 0.5591633 -0.9825817 0.06705558 -0.1733107 -0.9805481 0.1326169 -0.1447001 -0.9785355 0.08845973 -0.1861267 -0.8358301 -0.3977817 0.378362 0.9396935 -0.04066342 -0.3395917 0.9420112 -0.02967393 -0.3342668 0.06351852 -0.7561136 0.6513507 0.9388353 -0.02782654 -0.3432404 0.06316512 -0.7561171 0.6513808 0.9715225 0.03797817 -0.233884 0.1246515 -0.7575895 0.6407185 0.9717605 0.04051387 -0.2324656 0.1269847 -0.7574549 0.6404194 0.7960236 -0.08405774 -0.5994002 0.7950723 -0.1020447 -0.5978686 0.7555156 -0.2663867 -0.5985269 0.7795109 -0.05551117 -0.6239242 0.9806749 0.1570456 -0.1166765 0.9809091 0.1549812 -0.1174656 0.822153 -0.1057341 -0.5593609 0.638122 -0.5705915 0.5169389 0.8401694 -0.09860086 -0.5332854 0.9590113 -0.1512585 0.2396207 0.9637603 -0.1351024 0.2300292 0.8923096 -0.3064603 0.3314598 0.8356829 -0.1002153 -0.5399917 0.7946235 -0.07877528 -0.6019699 0.9032269 -0.2895328 0.3167837 0.795497 -0.05406671 -0.6035406 0.9026374 -0.06969106 -0.4247223 0.9234724 -0.04601663 -0.3808954 0.8995261 -0.3037375 0.3140006 0.9483291 -0.01579576 -0.316895 0.8764554 -0.3423227 0.3385874 0.04192352 -0.7900934 0.6115511 0.03633147 -0.7891635 0.6131076 0.9500173 -0.009937822 -0.3120391 0.02132803 -0.7729187 0.6341466 0.9812803 0.1066667 -0.1603472 0.9797369 0.114306 -0.1644682 0.4117153 -0.677731 0.6092383 0.9672881 0.03464442 -0.2513037 0.8513718 -0.09372371 -0.5161221 0.8514519 -0.09121417 -0.5164395 0.5325179 -0.6401971 0.5536897 0.9806728 0.1103362 -0.1615755 0.8837323 -0.07472366 -0.4619888 0.8781922 -0.09133583 -0.4695063 0.2985067 -0.7295148 0.6153875 0.794432 -0.05040198 -0.6052582 0.7887063 -0.1416627 -0.5982258 0.9374098 -0.02402156 -0.3473988 0.02976429 -0.7849462 0.6188486 0.9475911 -0.006751894 -0.3194144 0.05153304 -0.8027899 0.5940309 0.757356 -0.4788603 0.443965 0.8784043 -0.06985175 -0.472786 0.6599738 -0.5551648 0.5061884 0.87816 -0.08247882 -0.4712029 0.8181381 -0.1121701 -0.5639751 0.8226321 -0.09548664 -0.5604987 0.8190736 -0.0960859 -0.5655847 0.8360931 -0.09100395 -0.5409867 0.7426229 -0.492602 0.4537119 0.188058 -0.7359499 0.6503937 0.8325929 -0.09233874 -0.5461342 0.2764307 -0.7408664 0.6121299 0.9533647 -0.002011895 -0.3018141 0.2861999 -0.7389851 0.6099104 0.9611377 0.01961636 -0.2753719 0.9545915 0.002690613 -0.2979061 0.970652 0.04908102 -0.2354269 0.970613 0.04847937 -0.2357119 0.9066833 -0.2830646 0.3127297 0.9156139 -0.2667114 0.3008591 0.9748054 0.05822956 -0.2153227 0.9750308 0.06431496 -0.2125523 0.2040505 -0.7574204 0.6202239 0.1196468 -0.7474558 0.6534482 0.2109947 -0.7565725 0.618934 0.9467142 -0.00624895 -0.3220142 0.9527626 0.004744172 -0.303679 0.9755934 -0.07564133 0.2061454 0.8331593 -0.07966762 -0.5472647 0.9802538 -0.05007183 0.1912993 0.8169965 -0.08360481 -0.5705497 0.8173809 -0.07483744 -0.5712161 0.9637589 -0.135109 0.2300311 0.830685 -0.08012074 -0.5509474 0.2282438 -0.7529425 0.6172377 0.0893194 -0.777253 0.6228162 0.8476601 -0.08263295 -0.524065 0.9372423 -0.02159094 -0.3480097 0.9186682 -0.04423499 -0.3925455 0.9774699 0.08318036 -0.1939938 0.9770609 0.07608383 -0.1989053 0.7829458 -0.4576504 0.4213693 0.6889784 -0.5428434 0.4802394 0.8167643 -0.04832565 -0.5749441 0.8162835 -0.06488078 -0.5739964 0.8313755 -0.06218111 -0.5522213 0.8300269 -0.06254464 -0.5542052 0.9797614 0.1440942 -0.1389409 0.9148024 -0.268342 0.301876 0.9801966 0.1421294 -0.1378909 0.9231879 -0.2521401 0.2900854 0.5678399 -0.6303006 0.529414 0.9805892 0.1466268 -0.130174 0.9818449 0.1225225 -0.1448065 0.8737445 -0.07937294 -0.4798651 0.8739073 -0.07172679 -0.4807714 0.8782343 -0.06472539 -0.4738304 0.9022419 -0.05154323 -0.4281389 0.8981587 -0.06382143 -0.4350146 0.4531529 -0.6754904 0.5816917 0.1606813 -0.7716209 0.6154533 0.898051 -0.04837119 -0.4372238 0.898011 -0.05732762 -0.4362222 0.9803233 -0.04953712 0.1910817 0.9520576 0.005271613 -0.3058734 -0.02096998 -0.7890872 0.6139231 0.9813815 0.1372757 -0.1343346 0.04916828 -0.802667 0.5943972 0.8983144 -0.3105063 0.3108329 0.8443959 -0.0882585 -0.5283995 0.9149118 -0.2792949 0.2914288 0.8449028 -0.0764929 -0.5294224 0.8478937 -0.07532662 -0.524788 0.8160852 -0.01092904 -0.5778283 -0.002858936 -0.8379904 0.5456774 0.0174427 -0.8379954 0.5453985 0.8158534 -0.04139447 -0.5767752 0.8298311 -0.009783208 -0.557929 0.8306066 -0.03993505 -0.5554259 0.8296126 -0.04012125 -0.5568961 0.4804275 -0.6729508 0.5624293 0.9601946 0.01918512 -0.2786723 0.5878333 -0.6231092 0.5159332 0.9600285 0.02084487 -0.279125 0.1075442 -0.7918461 0.6011771 0.01778334 -0.7728654 0.6343209 0.9746835 0.06869733 -0.2127739 0.1059624 -0.7919221 0.6013581 0.9747031 0.06642365 -0.213405 0.977522 0.08286368 -0.1938666 0.9799367 0.1612775 -0.1171051 0.4469844 -0.7009869 0.5557178 0.9802313 0.1599811 -0.1164162 0.9800988 0.1594318 -0.1182699 0.3151655 -0.725669 0.6116167 0.4230568 -0.7096009 0.5634622 0.8429803 -0.06671988 -0.5337908 0.07405698 -0.8240644 0.5616346 0.9787414 0.08887964 -0.1848398 0.0457499 -0.8028413 0.5944349 0.9788658 0.09865611 -0.1791335 0.9808793 0.1576792 -0.1140756 0.9823662 0.1625211 -0.09243124 0.3406609 -0.7451651 0.5733054 0.2337054 -0.7521203 0.6161955 0.3237355 -0.7492728 0.5777418 0.24585 -0.7713317 0.5870307 0.8707962 -0.06110638 -0.4878318 0.1630825 -0.7714163 0.6150781 0.9794624 0.09518706 -0.1777437 0.9778646 0.08361351 -0.1918058 0.8424478 -0.038778 -0.5373808 0.8434202 -0.0518766 -0.5347442 0.923281 -0.2640123 0.2790158 0.9121811 -0.286571 0.2929209 0.8419076 -0.0602982 -0.5362423 0.9859009 -0.01303917 0.1668211 0.9830237 -0.0317316 0.1807137 0.9464727 -0.003204524 -0.3227681 0.9708642 -0.1079276 0.2139496 0.9711266 -0.1071075 0.213169 0.9337707 -0.01976269 -0.357326 0.9784942 -0.07281219 0.1929958 0.9665715 0.03705042 -0.2537059 0.9668099 0.03826785 -0.2526149 0.08914417 -0.7772575 0.6228356 0.8945552 -0.05095189 -0.4440439 0.1875704 -0.7898553 0.5839059 0.1816425 -0.7904631 0.5849565 0.8945294 -0.05567061 -0.4435289 0.8978728 -0.04479306 -0.4379704 0.9336935 -0.0181356 -0.3576139 0.9341349 -0.2297573 0.2731364 0.9152184 -0.04120159 -0.4008461 0.9181999 -0.03140783 -0.3948701 0.9260371 -0.24598 0.2862675 0.9149988 -0.03473955 -0.401958 0.9149768 -0.0297147 -0.4024108 0.9150436 -0.0369606 -0.4016579 0.9594751 0.02218294 -0.2809192 0.9665488 0.03725796 -0.2537621 0.9769313 0.1817719 -0.1120895 0.7241985 -0.5225332 0.4499951 0.9794762 0.1711459 -0.1064687 0.9790461 0.1751641 -0.1038571 0.9797416 0.1721794 -0.1022765 0.9810019 0.154591 -0.1172049 0.8416077 -0.03310543 -0.5390738 0.7392207 -0.5089617 0.4410337 0.8417195 -0.009822607 -0.539826 0.8683676 -0.06023532 -0.4922495 0.8047244 -0.4421998 0.3960782 0.8708798 -0.05635619 -0.4882544 0.004818916 -0.8518176 0.5238164 0.8681118 -0.06863391 -0.4916008 0.06597733 -0.8192485 0.5696305 0.944056 -0.004353642 -0.3297565 0.9519428 0.006617426 -0.3062042 -0.01511758 -0.8026201 0.5962989 0.02739566 -0.8517848 0.5231751 0.9705111 0.04991692 -0.2358313 0.9345703 -0.2409061 0.2618065 0.920889 -0.2710307 0.2801889 0.9705252 0.04999721 -0.2357568 0.9799963 0.09523916 -0.1747475 0.02104413 -0.9943978 0.1035861 0.07271087 -0.8240962 0.5617639 0.1284345 -0.8064837 0.5771383 0.05785673 -0.9929282 0.1036637 0.05791872 -0.9935292 0.09769886 0.9663037 0.03748869 -0.25466 0.05414104 -0.8088971 0.5854521 0.09906208 -0.9933489 0.05869102 0.9707409 0.04793161 -0.2352967 0.09846532 -0.9903184 0.09784787 0.08906137 -0.8401538 0.5349856 0.866777 -0.04766756 -0.4964126 0.05768471 -0.8128989 0.5795411 0.05837976 -0.9980967 0.01987051 0.8667094 -0.05059641 -0.4962406 0.02130806 -0.9995782 0.01973271 0.9804239 0.1229578 -0.1537869 0.1351634 -0.8101039 0.5704932 0.0930832 -0.8400104 0.5345261 0.9809313 0.10904 -0.1608856 0.1422422 -0.9895254 0.02463245 0.8919138 -0.04918789 -0.4495224 0.1416417 -0.988167 0.05885082 0.891971 -0.04316765 -0.4500271 0.06142407 -0.9978801 0.02150857 0.3875756 -0.7365372 0.5543448 0.4966143 -0.6955865 0.5191663 0.6268037 -0.6123563 0.481806 0.9499903 0.005789697 -0.3122258 0.09917902 -0.9948318 0.02175325 0.9596619 0.02018165 -0.2804315 0.1419863 -0.989551 0.02507638 0.8658583 -0.03965264 -0.4987155 0.1041598 -0.9942525 0.02475583 0.5061227 -0.6656072 0.5484586 0.1870033 -0.9820442 0.02487945 0.9123312 -0.03409516 -0.4080311 0.9122772 -0.02904444 -0.4085423 0.1871477 -0.9821772 0.01742261 -0.1530025 -0.9850535 0.07911777 0.09419363 -0.844205 0.5276794 0.9311513 -0.01408529 -0.364361 -0.04171717 -0.9977206 0.05304032 0.2275524 -0.9736081 0.01752656 0.9438545 -0.2068874 0.2575582 0.2295818 -0.9636231 -0.1368306 0.9371542 -0.222538 0.2687354 0.9310705 -0.01189666 -0.3646455 0.9312148 -0.01812624 -0.3640197 0.1869554 -0.981922 0.0296089 0.1488613 -0.9884251 0.02925872 0.9706268 0.04804253 -0.2357447 0.3026996 -0.772557 0.5581474 0.2485556 -0.9684144 0.0198391 0.8900287 -0.04119396 -0.4540395 0.1828337 -0.7794799 0.5991519 0.8899826 -0.04450762 -0.4538173 0.2873328 -0.7839285 0.5503599 0.06112188 -0.9965518 0.05611383 0.06681293 -0.9963231 0.05363106 0.8651768 -0.0307641 -0.5005224 0.8566927 -0.1550701 -0.4919663 0.8660357 -0.02479279 -0.4993669 0.2228473 -0.8050311 0.5497853 0.2735105 -0.9615724 0.02388733 0.273652 -0.9616246 0.01981955 0.975168 0.06539475 -0.2115913 0.9785409 0.07919037 -0.1902278 0.1446723 -0.8130399 0.5639469 0.9753206 0.06713306 -0.2103397 0.1956576 -0.980029 0.03551614 0.2273372 -0.9731581 0.03579157 0.9783301 -0.07434761 0.1932428 0.9438309 -4.79482e-4 -0.3304286 0.9831509 -0.04627454 0.1768415 0.942215 -0.004198551 -0.3349826 0.3034421 -0.7849038 0.5402305 0.9421316 -0.003539144 -0.3352246 0.2211589 -0.7949638 0.5649082 0.8229371 -0.4276471 0.3740221 0.9420923 -0.00133115 -0.3353509 0.7527833 -0.4963122 0.4324252 0.103684 -0.9927411 0.06094992 0.1129606 -0.9919941 0.05645942 0.9821476 0.1170997 -0.1472203 0.9825722 0.111072 -0.1490469 0.8460375 -0.3981303 0.3545602 0.8885542 -0.03545045 -0.4574 0.8885322 -0.03705644 -0.4573154 0.2482687 -0.9678266 0.04091894 0.01633763 -0.8686819 0.4951009 0.2375618 -0.9705135 0.04084002 0.9102312 -0.02766054 -0.4131757 0.9102411 -0.0340811 -0.4126736 0.3146843 -0.9487411 0.02939665 0.3149334 -0.9488176 0.02371478 -0.005857586 -0.8194651 0.5730993 0.2592871 -0.9648722 0.04233211 0.08614462 -0.8371747 0.5401089 0.9824621 0.1320968 -0.1316002 0.9812216 0.1492674 -0.1221613 0.9503637 -0.190454 0.2460407 0.9808782 0.08963471 -0.1727528 0.2733139 -0.9609891 0.04241961 0.9790177 0.08049952 -0.1872007 0.1481607 -0.9866468 0.06765055 0.94423 -0.2059085 0.2569655 0.1609323 -0.9850502 0.06145703 0.9666263 0.03428995 -0.2538856 0.9582396 0.02075397 -0.2852125 0.9335489 -0.2469264 0.2598341 0.8877322 -0.02913069 -0.4594376 0.03746205 -0.8862003 0.4617853 0.355567 -0.9342005 0.02900826 0.03373926 -0.8857001 0.4630302 0.3552373 -0.9341165 0.03511244 0.03442239 -0.8856829 0.4630129 0.2849409 -0.9572588 0.04964035 0.9292463 -0.01873272 -0.3689857 0.3144486 -0.9479705 0.0497387 0.9292448 -0.01865434 -0.3689934 0.930972 -0.01116794 -0.3649198 0.08280122 -0.8331211 0.5468575 0.0983349 -0.8440409 0.527186 0.9485836 0.004072964 -0.3165004 0.9498872 0.007414042 -0.3125052 0.1638957 -0.8224636 0.5446941 0.02668726 -0.9911423 0.1300944 0.9485469 0.003843665 -0.3166134 0.9484937 0.005955755 -0.3167399 0.9759721 0.0618667 -0.2089282 0.210789 -0.9751463 0.06824773 0.4364895 -0.7345987 0.5194629 0.9759737 0.06215339 -0.2088356 0.9798984 0.07370376 -0.1853832 0.9086712 -0.02733522 -0.4166166 0.9857529 -0.02818322 0.1658217 0.9086538 -0.03159463 -0.4163532 0.9618155 -0.1660516 0.2175723 0.9871832 -0.01119029 0.1591984 0.1946467 -0.9778493 0.07696413 0.982874 -0.04862087 0.1777489 0.3863829 -0.9215618 0.03784233 0.386686 -0.9215568 0.03474003 0.8871022 -0.02258735 -0.4610201 0.8072536 -0.4268458 -0.4076081 0.3271275 -0.9432206 0.0576418 0.8877971 -0.01778435 -0.4598913 0.9826405 0.1495366 -0.1098024 0.5590791 -0.6526721 0.5113216 0.6730668 -0.5914713 0.4440076 0.9813188 0.1659991 -0.09724992 0.3549085 -0.9331246 0.05760633 0.9658256 0.03394252 -0.2569605 0.1241102 -0.8641318 0.4877222 0.9711239 0.0433315 -0.2346078 0.06555449 -0.9889419 0.1330288 0.4216963 -0.7555049 0.5013828 0.07672649 -0.9885415 0.1299951 0.3179693 -0.769084 0.5544415 0.9800273 0.07369196 -0.1847047 0.4086648 -0.9119178 0.0374034 0.9485895 0.002911031 -0.3164955 0.4439713 -0.7475212 0.4940663 0.9420505 -0.001633703 -0.3354669 0.4083116 -0.9119344 0.04070836 0.9406676 -0.004844844 -0.3392949 0.9469226 -0.2156782 0.2383708 0.236227 -0.9679852 0.08486109 0.98154 0.09071731 -0.1683727 0.9431367 -0.2236106 0.2459498 0.3387784 -0.7921304 0.5076993 0.2333306 -0.7975503 0.5563007 0.2549511 -0.9638428 0.07750517 0.2775114 -0.9569399 0.08516639 0.3547677 -0.7879831 0.5032121 0.9074307 -0.02520352 -0.4194455 0.9839217 0.1387408 -0.1124676 0.9846679 0.131182 -0.1149801 0.9847056 0.1488931 -0.09047567 0.2638099 -0.8202729 0.5075005 0.1655693 -0.8223191 0.5444062 0.2578037 -0.9622678 0.08705127 0.9276872 -0.02031683 -0.3728054 -0.05902695 -0.9595963 0.2751194 0.9407141 -0.006495296 -0.3391381 0.02769857 -0.964807 0.2614961 0.02412909 -0.9749714 0.221017 0.9276003 -0.01296299 -0.3733494 -0.001422226 -0.9307425 0.3656725 0.3684158 -0.9273129 0.06603509 0.9791238 0.190749 -0.07022488 0.5731854 -0.6810001 0.4557383 0.3858287 -0.9202126 0.0659157 0.980812 0.1774602 -0.08072018 0.9066849 -0.02547627 -0.4210385 0.455552 -0.7272352 0.5134212 0.9074472 -0.01966249 -0.4197059 0.906729 -0.01566582 -0.4214227 0.9767531 0.05515325 -0.2071511 0.9706423 0.04310548 -0.2366335 0.1283246 -0.9828023 0.1327871 0.5591918 -0.6886383 0.461608 0.1109647 -0.9841868 0.1380698 0.9472793 0.004155039 -0.3203821 0.01310318 -0.8686644 0.4952277 0.06165289 -0.8862638 0.4590593 0.9588857 -0.1671609 0.2293369 0.4411362 -0.8965482 0.04000419 0.9662865 0.02796167 -0.2559463 0.9575262 0.01521492 -0.2879446 0.9530847 -0.18268 0.241366 0.4406514 -0.8964631 0.04669284 0.9583528 0.01917141 -0.284943 0.283075 -0.9540807 0.09797257 0.3045055 -0.9485015 0.08730012 0.9575728 0.01370394 -0.2878657 0.01647037 -0.9306795 0.3654646 0.9574434 0.01673245 -0.2881356 -0.009605467 -0.898665 0.4385305 0.9061612 -0.01148277 -0.4227766 0.466863 -0.8831355 0.04594057 0.9394555 -0.004754066 -0.3426381 0.4834024 -0.8751999 -0.0186333 0.9474384 -5.92519e-4 -0.319938 0.07284414 -0.9718658 0.2239879 0.982725 0.08325517 -0.165288 0.9827234 0.08184301 -0.1660012 0.799548 -0.4629011 0.382682 0.07801556 -0.9722481 0.2205614 0.9850833 0.149863 -0.08457016 0.9858841 0.164625 -0.03051358 0.1132045 -0.8579404 0.5011218 0.9847369 0.1579909 -0.0730217 0.9853423 0.1603437 -0.05822759 0.9264588 -0.01979124 -0.3758754 0.00639683 -0.8380299 0.5455868 0.92643 -0.01418095 -0.3761999 0.4000168 -0.9137746 0.0707286 0.9504509 -0.2061086 0.2327281 0.4076548 -0.9103993 0.07064384 0.9395375 -0.009127557 -0.3423244 0.9655492 0.02834421 -0.2586722 0.9538236 -0.1984136 0.2255053 0.9844164 0.1032899 -0.1423217 0.2000914 -0.8457146 0.4947022 0.08105796 -0.8331581 0.5470625 0.9844236 0.1095954 -0.1374738 0.1581009 -0.97675 0.1447884 0.2053852 -0.8450421 0.4936807 0.1813754 -0.9737412 0.1375899 0.9862005 0.09705072 -0.1341262 0.4221406 -0.9033781 0.07553446 0.9657123 0.02568989 -0.2583407 0.439934 -0.8948717 0.07525116 0.9657662 0.02437841 -0.2582657 0.4964382 -0.7241437 0.4787119 0.6013129 -0.6690091 0.4368633 0.9254608 -0.01385158 -0.37859 0.487676 -0.8714846 0.05183422 0.7161704 -0.5677244 0.4059421 0.4876728 -0.8714922 0.05173474 0.6088421 -0.6354461 0.4748889 0.9463587 0.001126885 -0.3231158 0.9385753 -0.009962558 -0.3449305 0.3246795 -0.9394167 0.1099074 0.9385424 -0.007078707 -0.3450911 0.3480709 -0.9323223 0.09809052 0.9652572 -0.1466789 0.2162496 0.960632 -0.1615546 0.2260224 0.9810246 0.06507974 -0.1826348 0.9766158 0.05521899 -0.2077796 0.1648029 -0.8823004 0.4408922 0.1230353 -0.9657701 0.2283645 0.1247363 -0.8640924 0.4876322 0.9254459 -0.01066291 -0.3787296 0.924878 -0.01611155 -0.3799226 0.1303703 -0.9660641 0.2229883 0.4979997 -0.7408257 0.4507477 0.9567539 0.01107156 -0.2906878 0.9569088 0.006955504 -0.2903052 0.9575061 0.01497161 -0.2880243 0.4004074 -0.7784869 0.483355 0.2358449 -0.9610765 0.1439068 0.2069534 -0.9661604 0.1539622 0.9712173 0.03608262 -0.2354466 0.007018089 -0.9414809 0.3369934 0.9708219 0.03465527 -0.2372843 0.9377675 -0.008022248 -0.3471711 0.3122279 -0.8178312 0.4833899 0.4544442 -0.8866672 0.08545058 0.4653086 -0.8810397 0.08518821 0.9377664 -0.007879614 -0.3471773 0.9710377 0.03102821 -0.236903 0.6517442 -0.6179725 0.439704 0.9709906 0.03205215 -0.2369593 0.745257 -0.5472658 0.3809098 0.9456474 -0.004201054 -0.3251665 0.031991 -0.9500986 0.3103054 0.9456642 -0.005411922 -0.3250999 0.9464215 -0.001507222 -0.3229306 0.9248428 -0.005168795 -0.3803144 0.02596294 -0.8602035 0.5092897 0.5239114 -0.8499938 0.05502212 0.5241172 -0.850153 0.05040937 0.924411 -0.009285807 -0.3812848 0.5241197 -0.8501557 0.05033731 0.9866268 0.09556978 -0.1320386 0.1367495 -0.8728939 0.4683545 0.3652634 -0.9228164 0.1224443 0.3902419 -0.9141628 0.1096245 0.9811329 0.06520235 -0.1820082 0.1878194 -0.8310616 0.523508 0.311528 -0.8317857 0.4594376 0.983995 0.07261157 -0.1627313 0.3200381 -0.8297995 0.4571741 0.9372773 -0.006091237 -0.3485313 -0.01255333 -0.8986078 0.4385732 0.02705985 -0.9412882 0.3365179 0.937258 -0.0035488 -0.3486186 0.5242207 -0.8496488 0.05735582 0.06148862 -0.9131293 0.4030063 0.7946341 -0.453199 -0.4039399 0.9243128 0.003475248 -0.3816198 0.8156854 -0.4019245 -0.4160699 0.02853649 -0.8868207 0.4612316 0.8981459 -0.1449667 -0.4151127 0.08713018 -0.9064164 0.4133009 0.9658464 0.02299344 -0.2580934 0.4804058 -0.8727115 0.08709108 0.9652898 0.02112007 -0.260326 0.08700209 -0.9064232 0.4133133 0.8780198 -0.3645392 0.3101491 0.9712421 0.02765321 -0.236483 0.1746122 -0.9565177 0.2336334 0.9449505 -0.003329336 -0.3271961 0.9449614 -0.004354059 -0.327153 0.9560191 0.01006972 -0.2931315 0.8246184 -0.4330353 0.3639847 0.1840143 -0.9564226 0.2267037 0.9562249 0.002721369 -0.2926201 0.9655279 0.0156911 -0.2598263 0.1437855 -0.8765109 0.4594066 0.9870803 0.1202242 -0.1059184 0.3963485 -0.9089248 0.1294744 0.9867408 0.1284295 -0.09923857 0.04451525 -0.8768073 0.478777 0.4218429 -0.8984524 0.1217862 0.987652 0.1350806 -0.07935112 0.9368717 -0.002036809 -0.3496677 0.9702222 -0.1298339 0.2044799 0.9657838 -0.1448157 0.2151514 0.2503199 -0.9546135 0.1614101 0.9445315 -0.002447187 -0.3284116 0.2833789 -0.9467775 0.1526716 0.9367977 0.00472629 -0.3498393 0.9365897 0.003826856 -0.3504073 0.2422097 -0.8498133 0.4681365 0.9365317 0.008249998 -0.3504859 0.9628381 -0.1738366 0.206697 0.08412975 -0.9471768 0.3094806 0.9593504 -0.1818314 0.2158337 0.9687848 -0.153177 0.1949175 0.07173866 -0.9466784 0.3140915 0.9842634 0.07264584 -0.1610841 0.9879934 0.08445781 -0.1293674 0.2472046 -0.8595787 0.4472296 0.9707208 0.02831315 -0.238536 0.1466951 -0.8720746 0.4668689 0.9822794 0.05262428 -0.1798834 0.9773141 0.04420882 -0.20713 0.2727602 -0.9481493 0.1631408 0.3072686 -0.9380481 0.1601619 0.9774731 0.04539245 -0.206121 0.5457267 -0.7147727 0.4373583 0.9775754 0.0404601 -0.2066622 0.9776371 0.03940904 -0.2065733 0.6567502 -0.6461586 0.3887909 0.2068873 -0.8979353 0.3884711 0.4856995 -0.8688992 0.09544676 0.5015121 -0.8608183 0.08647233 0.955504 0.006221532 -0.2949124 0.1621165 -0.8825674 0.4413537 0.5224071 -0.8474847 0.09413129 0.9556239 1.91655e-4 -0.2945893 0.5617612 -0.8250033 0.06159377 0.9441882 -0.00101751 -0.3294051 0.5622627 -0.825248 0.05316329 0.9444991 5.90248e-4 -0.3285133 0.9441219 0.004980921 -0.3295588 0.6785507 -0.6039714 0.4180759 0.5618959 -0.8248806 0.06200808 0.943387 0.00815165 -0.3315941 0.5625344 -0.8249076 0.05552154 0.7671923 -0.531171 0.3595461 0.4179812 -0.8981181 0.1366587 0.9649158 0.01689207 -0.2620154 0.9710778 0.02084791 -0.2378514 0.4541812 -0.7741177 0.4409776 0.5493191 -0.730296 0.4060987 0.9879946 0.1380772 -0.06929194 0.4439982 -0.886746 0.1286359 0.9903741 0.1221846 -0.0650388 0.9892039 0.1134744 -0.09273284 0.9675199 -0.1588987 0.1966118 0.9895191 0.1094697 -0.09417176 0.9826326 0.04675924 -0.1795738 -0.01426672 -0.9719416 0.2347893 0.2389139 -0.9431276 0.2311499 0.03859752 -0.971417 0.2342206 0.2274646 -0.943632 0.2404547 0.9822016 0.05262452 -0.1803075 0.01971387 -0.9538179 0.2997379 0.1371347 -0.9400612 0.3122162 0.9826133 0.04696989 -0.1796244 0.1221717 -0.9400225 0.3184834 0.3360094 -0.927916 0.1614606 0.9550279 0.003738224 -0.2964923 0.1692104 -0.8815417 0.4407405 0.2109571 -0.8973392 0.3876589 0.9647265 0.007136583 -0.2631576 0.298586 -0.938385 0.1740115 0.9646497 0.01039075 -0.2633306 0.4680725 -0.7847254 0.4063424 0.9650704 0.01231849 -0.2617011 0.3266853 -0.8143849 0.4796394 0.5971617 -0.7999096 0.05951964 0.5971412 -0.7998908 0.05997723 0.9705993 0.0218423 -0.239708 0.4458941 -0.7935696 0.4140359 0.1105735 -0.920444 0.3749082 0.5963897 -0.7996457 0.06990081 0.9888623 0.1298021 -0.07281959 0.9876474 0.1484033 -0.05028825 0.9906563 0.1215434 -0.06186532 0.5971931 -0.7993413 0.06643754 0.9881411 0.1344982 -0.07407826 0.5368772 -0.8371766 0.1043955 0.9906593 0.1287158 -0.04501473 0.07383924 -0.9225143 0.3788339 0.2286947 -0.9054633 0.35754 0.9547497 -3.44383e-6 -0.2974106 0.9550333 0.003416359 -0.2964793 0.2465758 -0.8490961 0.4671574 0.9829583 0.04189336 -0.1789913 0.2739207 -0.9299281 0.2453595 0.369363 -0.8366161 0.4045301 0.9780333 0.02709144 -0.2066804 0.3855153 -0.8316493 0.3996716 0.9776366 0.03484922 -0.2073937 0.977832 0.03641289 -0.2062005 0.2866212 -0.92815 0.237457 0.991288 0.09725022 -0.08882898 0.0815382 -0.9282727 0.3628515 0.9884639 0.08400243 -0.1260269 -0.002070128 -0.9139879 0.4057361 0.476592 -0.8686628 0.1352218 0.9643403 0.005805969 -0.2646016 0.4492722 -0.8804684 0.1514262 0.07963442 -0.9261269 0.3687102 0.9642863 0.008704781 -0.2647191 0.9900652 0.06767016 -0.1232537 0.9856182 0.0585078 -0.1585359 0.2978244 -0.9224167 0.2458619 0.3104729 -0.918956 0.2431597 0.9856032 0.05839025 -0.1586723 0.8999478 -0.3331326 0.2812765 0.8543868 -0.3998709 0.331853 0.9546886 0.004751801 -0.2975685 0.9542641 -0.03174883 -0.2972744 0.5011608 -0.8523259 0.149595 0.9544591 0.002084732 -0.2983345 0.9861063 0.05210459 -0.1577327 0.1785847 -0.8938789 0.411203 0.1177328 -0.9237444 0.3644657 0.04824578 -0.8809961 0.4706572 0.4748329 -0.8665021 0.1539734 0.9861153 0.05196261 -0.157723 -0.1206812 -0.8718708 0.4746338 0.9704703 0.01499259 -0.240754 0.9707915 0.01661008 -0.239349 0.4958673 -0.7658985 0.4092859 0.06801009 -0.8989828 0.4326714 0.01850754 -0.9009889 0.4334472 0.970574 0.01108664 -0.2405473 0.1738513 -0.9303295 0.3228975 0.9828009 0.04201322 -0.1798255 0.1911653 -0.9294909 0.3154402 0.9640646 0.007285892 -0.2655678 0.9774153 -0.1015312 0.1853392 0.9735057 -0.1165492 0.1967301 0.970291 0.009018719 -0.2417728 0.9720257 -0.1420298 0.1870657 0.3410075 -0.9216251 0.1852596 0.970219 0.01242733 -0.2419104 0.9743164 -0.1350056 0.1802249 0.9538771 -0.1581294 -0.2551735 0.9640603 0.007545292 -0.2655763 0.963876 0.006271302 -0.2662778 0.3815251 -0.9083666 0.1711978 0.9551046 -0.1430581 -0.2594408 0.295985 -0.8719938 0.3898971 0.6306353 -0.7731302 0.06759226 0.1708178 -0.8813801 0.4404435 0.9832971 0.03298586 -0.1789938 0.3048719 -0.8699291 0.3876551 0.9776867 0.02855306 -0.208119 0.6302086 -0.7730395 0.07243645 0.6015834 -0.6949828 0.3938229 0.6304798 -0.7729954 0.07052248 0.9700645 0.01030445 -0.2426289 0.6311601 -0.7729972 0.06412607 0.7065521 -0.6187701 0.3433771 0.9700942 0.008647441 -0.2425746 0.5592229 -0.8212533 0.1131939 0.5750477 -0.8116803 0.1024465 0.9831129 0.03327113 -0.1799504 0.5943726 -0.796488 0.1110325 0.9864367 0.04643398 -0.1574369 0.9864786 0.04677379 -0.1570742 0.2630104 -0.9093419 0.3223704 0.2323727 -0.9048336 0.3567616 0.9869871 0.03675878 -0.1565413 0.9927498 0.1053069 -0.05795168 0.8010146 -0.5043816 0.3224512 0.991811 0.09655916 -0.08358991 0.3248873 -0.9109818 0.2540878 0.9777559 0.02039271 -0.2087522 0.7126977 -0.5817914 0.3918939 0.9779331 0.02249878 -0.2077033 0.3393526 -0.9087191 0.243042 0.9834306 0.02583003 -0.1794357 0.9902458 0.06713831 -0.1220889 0.5218616 -0.8393769 0.1520097 0.591289 -0.7198766 0.3635312 0.9937407 0.07760763 -0.08035296 0.4944407 -0.8532872 0.1656183 0.5083246 -0.7600859 0.4048154 0.7469738 -0.5610167 0.3567779 0.9699102 0.009706974 -0.2432694 0.815163 -0.4879044 0.3121837 0.9908031 0.06019008 -0.1211866 0.1179721 -0.8917196 0.4369423 0.08502995 -0.8948355 0.438223 0.9908464 0.05958133 -0.121134 0.9912689 0.05379688 -0.1203824 0.6647227 -0.7470867 -0.002318203 0.6579877 -0.7499194 0.0683611 0.9832524 0.02626115 -0.1803472 0.6578814 -0.7498348 0.0702852 -0.005887746 -0.9789721 0.2039087 0.9778394 0.01767855 -0.2086091 0.05231231 -0.9778404 0.2027106 0.9776747 0.01551342 -0.2095508 0.6580848 -0.7494404 0.07255101 0.9834523 0.02027255 -0.1800296 0.3819767 -0.9029378 0.1969703 0.02038711 -0.953811 0.2997148 0.9907217 0.1289851 0.0428189 0.9926543 0.1208096 -0.006517589 0.9930374 0.1058857 -0.05162256 0.4249307 -0.8868424 0.1815057 0.06020629 -0.9650912 0.2549002 0.9868649 0.03721702 -0.1572026 0.9872316 0.02899396 -0.1566306 0.2462359 -0.9153931 0.3184705 0.2266615 -0.9171112 0.3279201 0.9775968 0.01260584 -0.2101089 0.420029 -0.8185611 0.3918334 -0.004362881 -0.9993938 0.03453892 0.9776964 0.01460886 -0.2095143 0.9833968 0.01656615 -0.1807103 0.983285 0.02079284 -0.1808822 0.0351693 -0.9993265 0.01047927 0.02604204 -0.9996053 0.01053816 0.673866 -0.735482 0.07050377 0.6738266 -0.7354521 0.07118934 0.9913145 0.05359315 -0.120097 0.9919653 0.04271495 -0.1190809 0.008363127 -0.9939387 -0.1096178 0.9775913 0.01287615 -0.2101178 0.6740363 -0.7350612 0.07321196 0.9775032 0.01125359 -0.2106199 0.608148 -0.7847346 0.1197823 0.1124029 -0.9428709 0.3136243 0.9832895 0.01707923 -0.1812453 0.9833523 0.01423573 -0.181151 0.6274777 -0.7695987 0.1182771 0.07732313 -0.9015794 0.4256474 0.3691773 -0.8918301 0.261433 0.2204393 -0.9081737 0.355847 0.9873365 0.02291256 -0.1569769 0.987098 0.02969616 -0.1573392 0.3848101 -0.8886873 0.2493112 0.9940049 0.0765841 -0.07803261 0.3388406 -0.8640453 0.3723073 0.9953293 0.08384984 -0.04784035 0.9947317 0.06777799 -0.07690864 0.4568538 -0.868404 0.1927671 0.1119925 -0.9440711 0.3101409 0.9946448 0.06893026 -0.07700783 0.01262933 -0.9301302 0.3670127 0.1096309 -0.9442762 0.3103601 0.9774907 0.01197642 -0.2106387 0.4132506 -0.887678 0.2031055 0.9616832 -0.1198492 -0.2465798 0.9673592 -0.08154767 -0.2399297 0.9316145 -0.2750505 0.2375744 0.9832582 0.01469808 -0.1816236 0.5569049 -0.8145737 0.1622549 0.8821824 -0.363489 0.2993825 0.529049 -0.8293373 0.1797413 0.920378 -0.2993041 0.2516376 0.9872074 0.02375471 -0.1576619 0.9954985 0.08350282 -0.04483401 0.1689127 -0.8815621 0.4408138 0.1350226 -0.8863782 0.4428347 0.9962612 0.07453608 -0.04368054 0.984346 -0.06698364 0.1630219 0.9813495 -0.081748 0.1739841 0.991939 0.04288125 -0.1192405 0.2730455 -0.9033586 0.3307403 0.2938419 -0.8997536 0.3226459 0.6554839 -0.6696187 0.3492156 0.9832438 0.01263618 -0.1818569 0.7472208 -0.5922893 0.3014209 0.9832915 0.01294088 -0.1815776 0.03499937 -0.839935 0.5415574 0.9832743 0.01067441 -0.1818177 0.9963358 0.07364642 -0.04348975 0.3175138 -0.8902102 0.3266664 0.9814748 -0.1055204 0.1599146 0.9872819 0.01863521 -0.1578841 0.2969345 -0.895962 0.3302756 0.979385 -0.1125843 0.1677197 0.9873272 0.01954704 -0.1574897 0.4791271 -0.8549345 0.1988071 0.2458521 -0.9029805 0.3523964 0.9960573 0.0491389 -0.07385808 0.9952589 0.06184935 -0.0750609 0.7613803 -0.5469877 0.3480008 0.9968706 0.06659579 -0.04258942 0.4347649 -0.8757813 0.2097298 0.9952601 0.06071752 -0.07596588 0.9872887 0.01578962 -0.1581509 0.8363915 -0.4686215 0.2843293 0.6406396 -0.757325 0.126649 0.9873325 0.01349866 -0.1580899 0.9873303 0.01654368 -0.1578139 0.9875782 0.01093363 -0.1567479 0.9923354 0.03452455 -0.1186522 0.9925779 0.02710002 -0.1185524 0.07116842 -0.9842073 0.1620835 0.006613016 -0.9864222 0.1640961 0.992322 0.03396826 -0.118925 0.654079 -0.74596 0.1253967 0.6961572 -0.7143537 0.07116127 0.9958325 0.08807331 -0.02368032 0.9967217 0.07805937 -0.02127224 0.695939 -0.7144733 0.07208907 0.3222419 -0.9130613 0.2499585 0.2641978 -0.9090933 0.3221008 0.9957998 0.08871138 -0.02264994 0.6963153 -0.7144647 0.0684483 0.640456 -0.7008274 0.3140975 0.696058 -0.7137573 0.07780593 0.6715101 -0.677891 0.299229 0.9972963 0.07031464 -0.02135717 0.9969686 0.06615114 -0.040959 0.4280812 -0.8667848 0.2557941 0.9973676 0.06984204 -0.01949459 0.5379899 -0.7497667 0.385249 0.4114849 -0.8708552 0.2688703 0.9925112 0.02780348 -0.1189472 0.185939 -0.8753468 0.4463124 0.9977965 0.05314975 -0.03971511 0.9961121 0.04869252 -0.07341498 0.9926533 0.02203738 -0.1189696 0.2209739 -0.8686423 0.443431 0.9049789 -0.3319404 0.2661367 0.9926627 0.02283823 -0.11874 0.3712238 -0.8755202 0.3092853 0.5649583 -0.8025684 0.1915883 0.9923669 -0.03786808 -0.1173629 0.992716 0.01833212 -0.1190752 0.5923406 -0.7864065 0.1752067 0.2512059 -0.9019825 0.351174 0.9927277 0.01903408 -0.1188668 0.9968877 0.03160876 -0.0722208 0.9965789 0.03939783 -0.07265257 0.6695293 -0.7313072 0.130078 0.9965792 0.03923255 -0.07273668 0.6669545 -0.7336083 0.1303479 0.007323443 -0.9997619 -0.02055162 0.9956783 0.05429309 0.07534474 0.08737087 -0.9763196 0.197905 0.9980195 0.0601195 0.01852065 0.9978498 0.05276751 -0.03887826 0.9983577 0.04273873 -0.03814888 0.08220613 -0.8374575 0.5402842 0.03875058 -0.9658947 0.2560193 0.9970716 0.02574616 -0.07200819 0.9968823 0.03168165 -0.07226294 0.05951935 -0.8342282 0.5481979 0.32444 -0.9124327 0.2494098 0.9961314 0.05291479 0.07016062 0.3421087 -0.91057 0.2319996 0.9983848 0.04246455 -0.03774338 0.4436033 -0.8539745 0.2719256 0.5812546 -0.7555537 0.3021286 0.998712 0.03440725 -0.03728848 0.9970619 0.02592897 -0.07207912 0.4597976 -0.8480331 0.2634885 0.5589485 -0.7685613 0.3112718 0.9987254 0.03423559 -0.03708714 0.4404141 -0.8109101 0.3853056 0.9988507 0.03911149 0.02770572 0.3464433 -0.8798913 0.3252206 0.9989283 0.0280528 -0.03681588 0.9971808 0.02118802 -0.07198244 0.9971809 0.02139562 -0.07191914 0.02589505 -0.9899112 -0.1393026 0.3238117 -0.884428 0.3360553 0.02034091 -0.9937609 -0.1096611 0.9989344 0.02794295 -0.03673201 0.4653714 -0.8563438 0.223841 0.9698482 -0.1380872 0.2008143 0.9995042 0.03054827 0.007617771 0.5118053 -0.8345513 0.2039106 0.9883084 -0.04066026 0.1469464 0.9990665 0.02301967 -0.03655391 0.9862106 -0.05481952 0.1561523 0.9667381 -0.2412687 -0.08489346 0.9914296 -0.08110839 -0.1024144 -9.58398e-4 -0.9794296 -0.201784 0.9972707 0.01694333 -0.07186245 0.01831316 -0.9013415 -0.4327217 0.9990701 0.02294814 -0.03650033 0.03824293 -0.973496 -0.2254837 0.9996955 0.02446675 -0.003221511 0.9991771 0.01806443 -0.03631412 0.02241289 -0.9739801 -0.2255224 0.9991768 0.0179997 -0.03635656 0.6916562 -0.7103198 0.1306045 0.69124 -0.6474584 0.3209124 0.9997744 0.01887089 -0.009744822 0.9988775 -0.03175312 -0.03515034 0.6823549 -0.7190659 0.1316664 0.7718836 -0.5725257 0.2764236 0.7279504 -0.6821743 0.0687499 0.09168267 -0.9759854 0.1976026 0.7276927 -0.6822241 0.07094782 0.7275956 -0.6819498 0.07449138 0.137203 -0.9540229 0.2664879 0.7275016 -0.6813899 0.08030694 0.05585998 -0.9600458 0.2742112 0.1145521 -0.9427024 0.3133528 0.4907934 -0.841642 0.225301 0.1950002 -0.9498814 0.2443365 0.5354903 -0.8160384 0.2175579 0.2014901 -0.9487916 0.2433032 0.2685623 -0.9174404 0.2935599 0.1135979 -0.9205403 0.373766 0.4654678 -0.840943 0.2759612 0.4819613 -0.8344625 0.2671809 0.6243441 -0.7586381 0.1861789 0.3542297 -0.8596986 0.3680213 0.4876546 -0.8243426 0.2874932 0.5975207 -0.7757948 0.2027596 0.5105767 -0.813216 0.2792688 0.1461916 -0.955948 0.2545417 0.06216049 -0.962836 0.2628364 0.2376143 -0.8612501 0.4492079 0.2661063 -0.8544427 0.4462233 0.9134312 -0.3156436 0.2569294 0.9407873 -0.2577682 0.2201699 0.1278223 -0.8284425 0.5452931 0.9498709 -0.2343247 0.2069714 0.1062644 -0.8258783 0.5537444 0.3679308 -0.8655077 0.3398873 0.7195425 -0.6283613 0.2956699 0.8026596 -0.5429007 0.2469746 0.3916865 -0.8596197 0.3280785 0.7561668 -0.6498461 0.07688826 0.7563226 -0.6503211 0.07112509 0.756765 -0.650185 0.0675745 0.5236391 -0.7959316 0.303801 0.6158694 -0.7412432 0.2669521 0.9880857 -0.06989377 0.1371189 0.9914271 -0.04367059 0.123147 0.5095254 -0.8272876 0.2365992 0.9866212 -0.07637369 0.1440332 0.5559946 -0.8018628 0.2188289 0.4172996 -0.8723525 0.2546808 0.7030988 -0.6973906 0.1389185 0.2672949 -0.9030047 0.3363569 0.435051 -0.8652173 0.2492583 0.02366751 -0.9927414 0.1179172 0.7224743 -0.6778212 0.1363431 0.09525573 -0.9887887 0.1149925 0.7560449 -0.6493055 0.0824536 0.01806294 -0.7732201 -0.6338804 0.006987571 -0.8928924 -0.4502158 0.288616 -0.8457379 0.4488075 0.2830164 -0.8472674 0.4494881 0.08550751 -0.984507 0.153083 0.1159725 -0.9817484 0.1507335 0.6545668 -0.7300605 0.196352 0.6285647 -0.7480149 0.2130258 0.1568938 -0.9360663 0.3149037 0.4961857 -0.8199262 0.2855185 0.3002532 -0.9189834 0.2555731 0.5145439 -0.8141006 0.2692301 0.6325976 -0.7171096 0.2925307 0.7243065 -0.6432728 0.2481536 0.3065437 -0.8399343 0.4478185 0.8038696 -0.509046 0.3076779 0.3163458 -0.8369994 0.4464944 0.8683488 -0.4305936 0.2460886 0.7774918 -0.624801 0.07162636 0.7781116 -0.6244002 0.06831264 0.7773537 -0.6240044 0.07962268 0.5218547 -0.8041405 0.2846503 0.537952 -0.7954324 0.2790966 0.3434748 -0.9101445 0.2316501 0.3917567 -0.9040594 0.1708893 0.04226577 -0.8920635 -0.4499292 0.01889282 -0.9674111 -0.2525057 0.7773896 -0.6235786 0.08255434 0.0165295 -0.9996498 -0.02065992 0.1539815 -0.8157936 0.5574679 0.06172573 -0.9962263 -0.06101793 0.1740264 -0.8172903 0.5493192 0.09382975 -0.9856221 0.1405171 0.4101009 -0.8449218 0.3434011 0.4347317 -0.8376505 0.3306811 0.5483934 -0.7864269 0.2842487 0.6538895 -0.7243092 0.2186431 0.0465911 -0.9831331 -0.1768575 0.0384013 -0.9894953 -0.1393718 0.6782156 -0.7052956 0.2063534 0.05986434 -0.9657591 -0.2524394 0.200625 -0.962896 0.1805019 0.2527143 -0.9521799 0.1717235 0.9911664 -0.04771429 0.1237439 0.7330744 -0.664905 0.1431893 0.750521 -0.6457405 0.1404903 0.4596629 -0.8497408 0.2581678 0.7927583 -0.6055591 0.06951552 0.7920048 -0.6051892 0.08046281 0.01871317 -0.6048663 -0.7961071 0.792001 -0.6060894 0.07341772 0.01180922 -0.7643159 -0.6447339 0.1258224 -0.9824118 0.1379706 0.5427562 -0.8019019 0.249738 0.5898817 -0.7748214 0.2273572 0.09434604 -0.9749036 0.2016477 0.3317528 -0.9182713 0.2161431 0.7920297 -0.6047717 0.08330786 0.4662408 -0.8189415 0.3345958 0.1845682 -0.9423614 0.2790871 0.4421697 -0.8284586 0.3437186 0.9601911 -0.2083179 0.1861093 0.6688147 -0.7099111 0.2207109 0.9311924 -0.2847758 0.2275598 0.6916729 -0.690109 0.2129278 0.03041535 -0.8821667 -0.469954 0.3324398 -0.8285042 0.4506269 0.04701429 -0.7634671 -0.6441332 0.01533025 -0.5978232 -0.8014813 0.3598725 -0.8192756 0.4464071 0.5584192 -0.7813898 0.2785639 0.5403102 -0.7889571 0.2925947 0.8310202 -0.5153476 0.2093375 0.7645878 -0.5937825 0.2506546 0.7808755 -0.5763043 0.2410539 0.2212259 -0.8043695 0.5514062 0.8436931 -0.498144 0.2000859 0.2025837 -0.8034392 0.5598619 0.2472056 -0.7943025 0.554953 0.2327883 -0.9626666 0.1381403 0.4883146 -0.8054758 0.3357939 0.4640048 -0.8157506 0.3453267 0.993 -0.0297901 0.1142961 0.7601547 -0.6329399 0.1468054 0.9970626 0.02002918 0.07392543 0.7712066 -0.6198841 0.1448589 0.843596 -0.4665995 0.2657641 0.8955379 -0.3913935 0.2117146 0.6234745 -0.74454 0.2386205 0.6889069 -0.6832443 0.2420424 0.577121 -0.7740374 0.2603791 0.8138355 -0.5768428 0.0701729 0.7668402 -0.6093469 0.2016248 0.813141 -0.5765362 0.08004885 0.8128849 -0.5772871 0.07718622 0.3748457 -0.9023745 0.2126287 0.8386909 -0.5399777 0.07086372 0.8271464 -0.556972 0.07490628 0.8129463 -0.5760462 0.08537518 0.4087951 -0.8973464 0.1663011 0.1269195 -0.9903861 0.05501693 0.04842054 -0.9970906 0.05886995 0.8265306 -0.5567124 0.08317738 0.8267682 -0.5563774 0.08305811 0.05057334 -0.7615965 0.6460753 0.9437266 -0.2567039 0.2085266 -0.001630783 -0.756038 0.6545257 0.9663932 -0.1901305 0.1730157 0.04056435 -0.9572057 -0.2865512 0.06888651 -0.880368 -0.469262 0.3755159 -0.8101866 0.4500949 0.4016469 -0.8001687 0.4454322 0.03527289 -0.9975379 -0.06061279 0.08643001 -0.9905346 -0.1066353 0.7119553 -0.6689562 0.2135823 0.6880508 -0.6877875 0.2313753 0.4550237 -0.8857501 0.09165358 0.1281322 -0.9889771 0.07420504 0.2600443 -0.7883554 0.5575596 0.2683215 -0.7863564 0.5564596 0.573055 -0.7623451 0.300729 0.06103038 -0.9823284 -0.1769354 0.5921213 -0.7545143 0.2830204 0.0718252 -0.9730088 -0.2193059 0.01762998 -0.4243841 -0.9053106 0.01938629 -0.2459605 -0.9690859 0.7805288 -0.6075199 0.1472901 0.785622 -0.6011582 0.1463109 0.0189839 -0.4200896 -0.907284 0.5678234 -0.775225 0.2767723 0.6757177 -0.710215 0.197485 0.7065618 -0.6836303 0.1828116 0.2947092 -0.7788438 0.5536684 0.04038697 -0.7530573 -0.6567143 0.2817704 -0.7822607 0.555584 0.05196547 -0.5970287 -0.800535 0.4947218 -0.7952938 0.3503684 0.5208351 -0.785327 0.3346523 0.481725 -0.8396394 0.2508919 0.6060942 -0.7776092 0.1672536 0.09860932 -0.9745739 0.2012013 0.6079347 -0.7464915 0.2704918 0.2265089 -0.9664422 0.1211742 0.6534295 -0.7152138 0.2479899 0.3116485 -0.9462881 0.08610379 0.7943766 -0.5889827 0.1485441 0.2385199 -0.961402 0.1371655 0.8066045 -0.5727834 0.1459745 0.7920562 -0.5849085 0.1747262 0.838813 -0.5388735 0.07751262 0.7254661 -0.6551138 0.2110094 0.8385457 -0.5387684 0.0810548 0.3944757 -0.9090796 0.1340266 0.2169351 -0.9460442 0.2407065 0.5204182 -0.7799809 0.3475552 0.5441489 -0.7669293 0.3401786 0.03964495 -0.7494779 0.6608413 0.9521805 -0.2360696 0.1939677 0.08595097 -0.7527713 0.6526467 0.05508542 -0.4194768 -0.9060932 0.04823845 -0.5886446 -0.8069515 0.838389 -0.5383431 0.08538514 0.0727235 -0.9972927 0.0108844 0.1520904 -0.9883438 0.006725907 0.4168128 -0.7905424 0.4486756 0.4325506 -0.7838476 0.4455142 0.05707335 -0.8672872 -0.4945255 0.7388946 -0.6363397 0.2216001 0.7167338 -0.6555424 0.2378167 0.2803275 -0.9464798 0.1599766 0.416612 -0.9019252 0.1138662 0.009905278 -0.6952688 0.7186816 0.04776883 -0.6942726 0.7181252 0.8101606 -0.5486614 0.2064236 0.606723 -0.7334455 0.3065041 0.8761264 -0.4243186 0.2288146 0.6254971 -0.7244597 0.2896748 0.3055951 -0.7724941 0.5566546 0.9180182 -0.3531178 0.1804175 0.5448424 -0.8310176 0.1120554 0.4483805 -0.774895 0.4455252 0.4543299 -0.7721714 0.4442248 0.3929357 -0.8958225 0.2076143 0.5389506 -0.7652598 0.3520082 0.5690783 -0.8156789 0.1040093 0.08219367 -0.9966144 -0.001971125 0.5646165 -0.7530742 0.3377686 0.63704 -0.7182669 0.2797726 0.1643996 -0.9863736 -0.006308853 0.05366814 -0.4141808 -0.9086111 0.05476021 -0.3720858 -0.9265816 0.7539786 -0.6306986 0.1836725 0.6813055 -0.6855334 0.2566453 0.05913645 -0.9562499 -0.2865116 0.08148735 -0.7416315 0.6658398 0.1219748 -0.7436217 0.6573804 0.09919029 -0.8642397 -0.4932048 0.09443843 -0.9411857 -0.3244242 0.8139709 -0.5607535 0.1516804 0.5442731 -0.8170266 0.1903532 0.6629767 -0.7390346 0.11954 0.8195657 -0.5528993 0.1503818 0.6490717 -0.7503459 0.1252478 0.8274059 -0.5415878 0.1486006 0.5272014 -0.84958 0.0165112 0.4773133 -0.8745589 0.08554941 0.8316769 -0.5352968 0.1475497 0.2033497 -0.9791043 -0.001910507 0.8625611 -0.500635 0.0731641 0.8619859 -0.5004456 0.08083659 0.1369159 -0.9878559 0.07344913 0.8618594 -0.5011153 0.07798713 0.8617879 -0.5000479 0.0852859 0.1338348 -0.9774089 -0.163585 0.1185485 -0.9794049 -0.163439 0.7632506 -0.6047644 0.2273951 0.0592333 -0.9925802 -0.1061888 0.6668465 -0.7250857 0.1719488 0.742647 -0.6239403 0.2432566 0.7583367 -0.639002 0.1288483 0.08873814 -0.9716059 -0.2193342 0.05400812 -0.6885617 0.7231637 0.1039556 -0.956766 -0.2716469 0.4865394 -0.7547277 0.4400745 0.06986761 -0.7517455 -0.6557418 0.4699057 -0.7629104 0.4440231 0.0873605 -0.5869766 -0.8048768 0.0804249 -0.7371675 -0.6709069 0.636599 -0.7052282 0.3120816 0.2791182 -0.9592353 0.04427933 0.1425018 -0.9809883 0.1317392 0.6552678 -0.6954494 0.2949141 0.2894829 -0.9562221 0.04288345 0.3479324 -0.7596955 0.5493685 0.334211 -0.7610272 0.5560042 0.5960432 -0.7917824 0.1334657 0.3762697 -0.7470729 0.5479992 0.6608491 -0.6945381 0.2844209 0.3773072 -0.9260792 -0.004068076 0.3893457 -0.9210709 -0.006174504 0.7026045 -0.6601356 0.2656461 0.275938 -0.9567182 0.092458 0.7806992 -0.5796251 0.2335454 0.7625346 -0.5991222 0.2441182 0.9749763 -0.1633499 0.1507912 0.9799312 -0.1419984 0.1398975 0.9610171 -0.2097085 0.18019 0.4661318 -0.8834309 0.04765355 0.3000248 -0.9434909 0.1407476 0.7144879 -0.644709 0.271767 0.6749415 -0.6802639 0.2858234 0.08346807 -0.5760307 -0.8131555 0.571891 -0.7394967 0.3550852 0.08745771 -0.8487351 -0.521536 0.5983362 -0.7266243 0.3376553 0.3548786 -0.9347518 -0.01732826 0.5515705 -0.8340693 0.009923517 0.158367 -0.7335394 0.6609386 0.124299 -0.7330633 0.6687062 0.5081382 -0.8580205 0.07480955 0.8381018 -0.5239568 0.1518379 0.8549647 -0.4973493 0.1472381 0.2175314 -0.9759844 0.01159858 0.8838982 -0.4614691 0.07596236 0.1146813 -0.9910079 -0.06893098 0.8842931 -0.4611233 0.07342314 0.2077305 -0.9754101 -0.0736429 0.8838889 -0.4607165 0.08050394 0.8834604 -0.4608908 0.08412766 0.1223431 -0.9546273 -0.2715119 0.07946324 -0.6822689 0.7267701 0.1028356 -0.9727494 -0.2078062 0.8381883 -0.5118179 0.1883694 0.09038478 -0.6863109 0.7216703 0.8861813 -0.442592 0.1370952 0.7931028 -0.5616784 0.2355957 0.7758867 -0.580928 0.2460132 0.9705343 -0.1817595 0.1581979 0.6829632 -0.6661604 0.2996527 0.6645299 -0.6766504 0.3170871 0.1334347 -0.9405626 -0.3123095 0.5101682 -0.7386245 0.4406385 0.09361702 -0.4056904 -0.9092036 0.08187228 -0.5824214 -0.8087535 0.08790004 -0.6984437 -0.7102465 0.5003372 -0.7438169 0.4431694 0.09142106 -0.4129601 -0.9061491 0.9382288 -0.3121282 0.1493407 0.4063259 -0.7332515 0.5451987 0.3847488 -0.7413313 0.5499056 0.5258317 -0.7292475 0.4378346 0.9053267 -0.3783922 0.1928805 0.5851123 -0.8092989 -0.05175697 0.530651 -0.7265477 0.4365066 0.605842 -0.7115116 0.3559589 0.268393 -0.9598723 -0.08130431 0.6318179 -0.6971015 0.3389035 0.2558833 -0.9633669 -0.08029961 0.1844696 -0.9828382 -2.31152e-4 0.7785468 -0.6039899 0.170473 0.7333062 -0.6235485 0.2710154 0.8370374 -0.5352685 0.1133848 0.692106 -0.658119 0.2964265 0.7040768 -0.6411278 0.3053377 0.1335925 -0.8441091 -0.5192619 0.1507251 -0.9167793 -0.3698616 0.08781123 -0.9417944 -0.324519 0.1288965 -0.9198015 -0.3706087 0.6872792 -0.65279 0.3186103 0.8139731 -0.5668101 0.1271774 0.414789 -0.7285638 0.54511 0.8511179 -0.5145446 0.1041258 0.1729997 -0.96009 -0.2197688 0.1113077 -0.971795 -0.2079062 0.9031652 -0.4230455 0.07297414 0.9033843 -0.4228205 0.0715512 0.1620239 -0.9619979 -0.2197914 0.9027859 -0.4226893 0.07944405 0.1438817 -0.9390825 -0.3121255 0.1680953 -0.7233103 0.6697508 0.1486077 -0.934761 -0.3227035 0.1957882 -0.7230642 0.6624539 0.7231583 -0.6804589 0.1183969 0.7986506 -0.5962736 0.08133357 0.1253024 -0.5733609 -0.8096646 0.1156923 -0.7181801 -0.6861724 0.8602784 -0.486756 0.1516232 0.8766453 -0.4582847 0.1465197 0.9026404 -0.422396 0.08259677 0.1033757 -0.7355115 -0.6695792 0.7197135 -0.6927334 0.0461837 0.6163567 -0.777329 0.1259523 0.1236246 -0.6783996 0.7242174 0.7493296 -0.661341 0.03366428 0.1153447 -0.6756293 0.7281624 0.7007047 -0.638502 0.3183211 0.2248423 -0.9743368 0.01067048 0.3478783 -0.9363904 -0.04640907 0.7158356 -0.6259347 0.3094918 0.8115915 -0.5348199 0.2351319 0.7945169 -0.5531111 0.2506215 0.9502011 -0.2825829 0.1313955 0.8218105 -0.5160788 0.2414337 0.9260866 -0.3405053 0.1625415 0.8083101 -0.5347858 0.2462499 0.2595094 -0.9578773 -0.122987 0.5444321 -0.7156156 0.4375935 0.3650111 -0.9308084 -0.01904553 0.5649494 -0.7033162 0.4314839 0.4520295 -0.8869211 -0.09508031 0.9754051 -0.162744 0.1486585 0.4267232 -0.7224677 0.5440109 0.4365567 -0.7196894 0.5398753 0.9844223 -0.1230381 0.1255965 0.1212875 -0.5606963 -0.8190904 0.3622989 -0.9293003 0.07169687 0.2282952 -0.7128757 0.6630909 0.4738332 -0.8751026 -0.09837454 0.5331051 -0.8452708 -0.03628152 0.2071024 -0.7145581 0.668218 0.7589067 -0.6453718 0.08692383 0.6617464 -0.6686232 0.3391677 0.8220149 -0.5668058 0.05497837 0.6360585 -0.6841902 0.3568103 0.1229535 -0.8235558 -0.5537495 0.7571796 -0.5911621 0.2778607 0.6611514 -0.7500318 -0.01819849 0.6834096 -0.7295978 -0.02526754 0.5327866 -0.8435513 0.06752449 0.7185513 -0.6264703 0.3020247 0.1584729 -0.9771836 -0.141416 0.2575439 -0.9552624 -0.1454128 0.1299703 -0.9040815 -0.4071173 0.244665 -0.7071313 0.6634036 0.2274517 -0.7101747 0.6662713 0.1689481 -0.8176163 -0.5504181 0.8957431 -0.4204307 0.1445066 0.8767643 -0.4587588 0.1443077 0.881089 -0.4486293 0.1497125 0.9211329 -0.3814449 0.07754969 0.912873 -0.3952018 0.1023646 0.9300668 -0.3570036 0.0867418 0.1181417 -0.5770504 -0.8081184 0.921575 -0.3818387 0.06999075 0.1315608 -0.4038512 -0.9053153 0.9218226 -0.3815549 0.06825667 0.1342334 -0.3952073 -0.9087313 0.9209812 -0.3811967 0.08051532 0.1522462 -0.66878 0.7277048 0.9365193 -0.3180832 0.1474947 0.1579412 -0.6706493 0.724765 0.95749 -0.2630755 0.1183397 0.1860753 -0.6638869 0.7243136 0.6113553 -0.7892032 -0.05833619 0.8330453 -0.4996653 0.2374239 0.648663 -0.7521342 -0.116321 0.8181947 -0.5172979 0.2509188 0.1765056 -0.8927617 -0.4145145 0.7165942 -0.6167024 0.325839 0.7345974 -0.6051746 0.3068066 0.1418115 -0.902493 -0.4066891 0.5995758 -0.6771818 0.4265369 0.8726582 -0.4829779 0.07211118 0.5776193 -0.6915304 0.433753 0.8281268 -0.5478628 0.118543 0.1468245 -0.9486396 -0.2802239 0.9394378 -0.3399916 0.0431537 0.9344205 -0.3499274 0.06640088 0.1614565 -0.9327341 -0.3223955 0.4832039 -0.6951083 0.5322955 0.4575263 -0.7069533 0.5393393 0.3251736 -0.9302248 -0.1701288 0.2693544 -0.9550621 -0.123712 0.4673576 -0.704893 0.5335754 0.1787946 -0.9088599 -0.3768371 0.1913143 -0.8901055 -0.4136558 0.9337397 -0.3496542 0.07663041 0.9335795 -0.3498277 0.07778 0.4902005 -0.6912674 0.5308982 0.7861473 -0.6151445 0.05974704 0.6643745 -0.6565086 0.3572154 0.6896286 -0.639893 0.3390418 0.1549205 -0.6933218 -0.7037788 0.1403517 -0.7157676 -0.6840894 0.1660879 -0.5568819 -0.8138166 0.7422559 -0.595746 0.3068272 0.7119832 -0.7020183 0.0158202 0.7958704 -0.6052116 -0.01758491 0.7785921 -0.5602838 0.2826238 0.4260778 -0.8940795 -0.1381285 0.2637764 -0.9639119 -0.03599762 0.4121007 -0.9008102 -0.1367994 0.202623 -0.6601206 0.7233151 0.1873722 -0.6626573 0.7251049 0.67132 -0.7311841 -0.1212407 0.7141011 -0.6972011 -0.06300944 0.6209835 -0.7829957 -0.03601938 0.2657166 -0.7019492 0.6608042 0.1906992 -0.7961034 -0.5743284 0.2504944 -0.7033344 0.6652618 0.1872087 -0.6892355 -0.6999338 0.1564589 -0.8012532 -0.5775067 0.899331 -0.411748 0.1471976 0.685362 -0.7116074 -0.1545764 0.9142962 -0.3796673 0.1411211 0.4802075 -0.859469 -0.1752535 0.9418444 -0.3297542 0.06474071 0.9409937 -0.3296779 0.07644176 0.4420163 -0.8968589 -0.01629745 0.9411463 -0.3295109 0.07527363 0.5945701 -0.7967121 -0.1083346 0.2036974 -0.6597881 0.7233168 0.9899728 -0.09262406 0.1066519 0.9942882 -0.05754125 0.08988952 0.983353 -0.1286227 0.1283472 0.222938 -0.6563167 0.7207962 0.1622462 -0.5408079 -0.8253502 0.7582533 -0.5733779 0.3103058 0.7412943 -0.585566 0.3280172 0.8532323 -0.4645305 0.2370783 0.8400737 -0.481123 0.2505931 0.3420978 -0.9279345 -0.1480094 0.1729418 -0.7940227 -0.5827686 0.6460082 -0.7611825 -0.0572232 0.7934292 -0.5359814 0.2884337 0.7029461 -0.693511 -0.1578268 0.76076 -0.5719023 0.3068746 0.6120105 -0.6651768 0.4277652 0.3082627 -0.9257537 -0.2189849 0.2092164 -0.9534852 -0.2170124 0.6308962 -0.6517544 0.4209347 0.9135067 -0.396769 0.08988863 0.7109639 -0.6153824 0.3403452 0.6874128 -0.6333486 0.3554338 0.9498575 -0.2852332 0.1281118 0.502266 -0.6836926 0.5294273 0.9675642 -0.2328738 0.0979256 0.5382589 -0.6647846 0.5180143 0.5104573 -0.6811766 0.5248159 0.7069277 -0.6859241 -0.1725151 0.7228857 -0.6005291 0.3417617 0.7009923 -0.6194524 0.3533958 0.1784527 -0.3295921 -0.927105 0.1741989 -0.3926491 -0.9030401 0.1774336 -0.381596 -0.9071394 0.2892704 -0.6928547 0.6605111 0.1742613 -0.8689706 -0.4631664 0.2106448 -0.7877956 -0.5787978 0.1669332 -0.9453387 -0.2801214 0.2413272 -0.9083739 -0.3414937 0.2990275 -0.6916373 0.6574348 0.7729298 -0.5544597 0.3084704 0.1801007 -0.673353 -0.7170491 0.2041714 -0.5364223 -0.8188805 0.2082787 -0.6694063 -0.7131025 0.2024269 -0.9043252 -0.3757916 0.8041808 -0.5188102 0.2900507 0.2249397 -0.8736479 -0.4314412 0.9515751 -0.2987158 0.07262176 0.9523624 -0.298748 0.06128293 0.9521952 -0.2990277 0.06250315 0.8682907 -0.4903556 0.07498395 0.9029944 -0.4283545 0.03337186 0.9170016 -0.372108 0.1436791 0.4041816 -0.8776972 -0.2574583 0.3884625 -0.8848259 -0.2572546 0.3097638 -0.9356302 -0.1692412 0.9269698 -0.3483956 0.139095 0.2230295 -0.6561896 0.7208836 0.1981185 -0.6664373 -0.7187561 0.9514828 -0.2985565 0.07446241 0.8099717 -0.5844991 0.04802763 0.8617547 -0.5073114 -0.003738045 0.841993 -0.5394487 0.006532907 0.02788722 -0.6483575 0.7608252 -0.09592628 -0.6462807 0.7570465 0.8746861 -0.4845613 -0.01115727 0.7631596 -0.555658 0.3298962 0.340397 -0.9037203 -0.2596528 0.2448375 -0.9342108 -0.2594319 0.7794356 -0.5431227 0.3122465 0.8720143 -0.4287256 0.2361896 0.8610174 -0.4441685 0.2477165 0.7638039 -0.6445069 -0.03484922 0.8304045 -0.5538761 -0.06041306 0.6428534 -0.639388 0.4218086 0.6604463 -0.6258653 0.4148535 0.3833592 -0.8816739 -0.2751125 0.9294017 -0.341771 0.1393021 0.9628944 -0.2487934 0.1045765 0.9345716 -0.3284651 0.1366991 0.9755217 -0.2038816 0.08239996 0.961772 -0.2671886 0.06004071 0.9619708 -0.2667125 0.05896395 0.2249772 -0.5208026 -0.8234987 0.9611885 -0.2667157 0.07056486 0.2158052 -0.3785948 -0.9000522 0.1997189 -0.5237773 -0.8281122 0.5080347 -0.8316335 -0.2242463 0.9611623 -0.2665863 0.07140415 0.3538151 -0.9233446 -0.1491634 0.4842532 -0.8459778 -0.2232046 0.5428449 -0.6603699 0.5188748 0.5827937 -0.7737916 -0.2481898 0.5066472 -0.843529 -0.1782347 0.7940065 -0.5193453 0.3159653 0.780242 -0.5325525 0.3280402 0.6092793 -0.752726 -0.2493637 0.6500177 -0.7400852 -0.1724843 0.515043 -0.8521035 -0.09300774 0.7416821 -0.5800631 0.3368005 0.2189945 -0.5180898 -0.8268158 0.7173283 -0.5983675 0.3569265 0.2300081 -0.661542 -0.7137636 0.3274791 -0.6818473 0.6540961 0.200615 -0.7632908 -0.6141179 0.3321241 -0.681107 0.6525235 0.2139079 -0.3700025 -0.9040695 0.236623 -0.3680338 -0.8992 0.9915133 -0.08429354 0.09897416 0.9968428 -0.02952927 0.07370424 0.7886735 -0.5992707 -0.1373633 0.7894927 -0.5278652 0.3131446 0.6668399 -0.7425392 -0.06292855 0.8205796 -0.4933453 0.2885472 0.7301874 -0.6600937 -0.1763591 0.7615799 -0.6347469 -0.1307384 0.2777125 -0.912222 -0.3012089 0.8285432 -0.475643 0.2954317 0.3799129 -0.8753196 -0.2991351 0.8028816 -0.5106764 0.3075563 0.8500834 -0.5201191 -0.08267068 0.9454302 -0.2978379 0.1321151 0.7959838 -0.6020898 -0.06243091 0.9366388 -0.3224064 0.1369735 0.9525324 -0.3013648 0.04314261 0.2547688 -0.6497444 0.7161879 0.9327772 -0.3529316 0.07325315 0.256935 -0.6501531 0.7150423 0.9621871 -0.2704347 0.0325725 0.9679424 -0.244228 0.05865305 0.2340756 -0.3659576 -0.9007128 0.9681482 -0.2436885 0.05748915 0.9674168 -0.2437156 0.06861066 0.06096124 -0.6439506 0.7626345 0.2521076 -0.7535366 -0.6071445 0.05370867 -0.6442937 0.76289 0.2004383 -0.8642541 -0.4613993 0.2514755 -0.8247762 -0.5064625 0.3112639 -0.8616709 -0.4007966 0.2913631 -0.8678312 -0.402463 0.2142394 -0.9147616 -0.3425095 0.9673942 -0.2436081 0.06930726 0.9805693 -0.1829316 0.07085055 0.888823 -0.3943211 0.2334618 0.8796178 -0.4084178 0.2438592 0.9703553 -0.2240655 0.09058189 0.7912876 -0.5158185 0.3283221 0.7481613 -0.625455 -0.2214965 0.8045901 -0.5025765 0.3163094 0.6835296 -0.6035974 0.4104357 0.273688 -0.8308449 -0.4845531 0.249502 -0.8678721 -0.4295891 0.6719142 -0.6131664 0.4154012 0.1275818 -0.1195693 -0.9845944 0.223533 -0.2186734 -0.94985 0.2442421 -0.2176185 -0.9449803 0.2558065 -0.1167764 -0.959649 0.9271825 -0.3746056 0.001817882 0.9428997 -0.3329064 -0.0106585 0.9028034 -0.4287461 0.03350591 0.3569414 -0.6728118 0.6480102 0.3578042 -0.6726031 0.6477509 0.2481475 -0.5143315 -0.8209056 0.2243016 -0.6388908 -0.7358719 0.572795 -0.6415077 0.5102684 0.606801 -0.6201351 0.4972172 0.3969187 -0.8756189 -0.2752222 0.579496 -0.6389821 0.5058522 0.7424625 -0.5680924 0.3549938 0.4606888 -0.8211311 -0.3369119 0.8927726 -0.4487386 -0.03988605 0.7655634 -0.5488801 0.3356238 0.8553228 -0.5180951 -6.36312e-4 0.3777981 -0.6660716 0.6431307 0.3762654 -0.6664726 0.6436137 0.913211 -0.4042134 -0.05154818 0.9950825 -0.05363124 0.08327376 0.9978989 -0.01093888 0.06386029 0.9684978 -0.2481161 0.021223 0.8389224 -0.460361 0.2903048 0.9515498 -0.3049011 0.03985542 0.8738446 -0.4747145 -0.1050795 0.8112289 -0.4939954 0.3128517 0.695488 -0.5910329 0.4086275 0.8196242 -0.5664793 -0.08554214 0.6966544 -0.5900229 0.4081002 0.2765216 -0.8547967 -0.4391565 0.291179 -0.6439437 0.7074966 0.2955908 -0.8247799 -0.4820417 0.3072672 -0.8021695 -0.5119678 0.3163781 -0.6373858 0.7025982 0.2866798 -0.6432636 0.7099483 0.6065605 -0.7337409 -0.3061186 0.9468574 -0.2926703 0.1334358 0.5843996 -0.7949848 -0.1627149 0.9553788 -0.2661449 0.1281334 0.6993865 -0.6776446 -0.2272805 0.4665823 -0.832085 -0.2998924 0.07687848 -0.640831 0.7638229 0.4867267 -0.8065595 -0.3354981 0.09474509 -0.6395702 0.7628718 0.2607619 -0.3634271 -0.8943848 0.9759164 -0.2110759 0.05508369 0.2443033 -0.496715 -0.8328206 0.9757624 -0.2114405 0.05639702 0.2428466 -0.7261033 -0.6432726 0.9752028 -0.2111357 0.06634092 0.9752899 -0.2110455 0.06534135 0.8262928 -0.5346155 -0.1772758 0.7503824 -0.6405259 -0.1632565 0.7788387 -0.5857842 -0.2242031 0.7093291 -0.5776644 0.403926 0.9956004 -0.04922449 0.07972961 0.7165282 -0.5711328 0.4004929 0.9985554 0.03138613 0.04361242 0.9968412 -0.03270822 0.07237231 0.9054603 -0.3574997 0.2287696 0.9597737 -0.279465 0.027085 0.8979349 -0.3699672 0.2384055 0.820801 -0.4777432 0.3131249 0.2683553 -0.2268221 -0.9362356 0.805998 -0.4905648 0.3312304 0.2590839 -0.3515257 -0.899614 0.8184947 -0.4740028 0.3246349 0.3220532 -0.7734085 -0.5460046 0.2460432 -0.8260444 -0.5070634 0.8283652 -0.4605438 0.318921 0.2987161 -0.7800487 -0.5498115 0.2959095 -0.714515 -0.6339604 0.9854183 -0.1668704 0.03324449 0.3391573 -0.8601195 -0.3810074 0.9812676 -0.1821075 0.06285572 0.9818461 -0.182033 0.05331355 0.4358266 -0.8186672 -0.3739509 0.7897723 -0.5566791 -0.2576197 0.9812625 -0.1820489 0.06310373 0.9788418 -0.190791 0.07394158 0.3135053 -0.6395233 0.7019433 0.9866624 -0.1533707 0.05454242 0.9565244 -0.2619038 0.1283258 0.3566187 -0.8101041 -0.4653542 0.3799451 -0.8013692 -0.4620056 0.9619017 -0.2433589 0.1245859 0.291642 -0.8504233 -0.4378642 0.9594594 -0.279537 -0.0360108 0.9332737 -0.3588484 -0.01509946 0.6104872 -0.6162974 0.4974765 0.7868888 -0.5192202 0.3334911 0.3379898 -0.7722398 -0.5379672 0.3235737 -0.7972235 -0.5096418 0.2889028 -0.4904009 -0.8222178 0.2774894 -0.6041505 -0.7469952 0.7647271 -0.538998 0.3530915 0.2590855 -0.6330736 -0.7294468 0.4583879 -0.7997054 -0.3877522 0.365951 -0.8420293 -0.3963161 0.9167525 -0.3293796 0.2259953 0.9112387 -0.3405563 0.2316579 0.4037694 -0.6569234 0.6367274 0.7331818 -0.6289458 -0.2585954 0.6430645 -0.7328198 -0.222358 0.4089243 -0.6557644 0.6346291 0.4979051 -0.7653814 -0.4077767 0.8563164 -0.4277899 0.2893404 0.8312402 -0.4599919 0.3121654 0.8990051 -0.4334952 -0.06222373 0.9355362 -0.3436637 -0.08165305 0.9906911 -0.1288464 0.0439285 0.100828 -0.6382336 0.7632114 0.985557 -0.159523 0.05683284 0.2993122 -0.760008 -0.5768882 0.1297625 -0.6355084 0.7611115 0.3368401 -0.6345966 0.695576 0.3305627 -0.634799 0.6983972 0.8925749 -0.4303022 -0.1347223 0.8537193 -0.5060343 -0.1228517 0.9022869 -0.4084029 -0.13815 0.9627789 -0.2397905 0.1247287 0.9859865 -0.1585662 0.05183988 0.8672676 -0.4813189 -0.1271964 0.6866315 -0.6366266 -0.3510611 0.9854924 -0.158648 0.06029593 0.6345185 -0.709921 -0.3056116 0.985477 -0.1586075 0.06065303 0.7087479 -0.6135782 -0.3481354 0.433432 -0.6465625 0.6277688 0.6767097 -0.6900866 -0.2566019 0.7509011 -0.6018139 -0.27197 0.4263977 -0.6490947 0.629969 0.631218 -0.6900453 -0.3541206 0.4954572 -0.8151536 -0.300078 0.604405 -0.7121174 -0.3571884 0.7819988 -0.5164676 0.3489113 0.2852147 -0.4715199 -0.8344589 0.8016067 -0.495989 0.3337989 0.3130061 -0.5971363 -0.7385495 0.918977 -0.3217183 0.2279883 0.2873498 -0.6844815 -0.6700113 0.3341128 -0.6731083 -0.659768 0.9238235 -0.3114454 0.2226029 0.7943746 -0.5728506 -0.2020177 0.8387535 -0.4456297 0.3129004 0.8168123 -0.516242 -0.2575109 0.825487 -0.4585032 0.3291597 0.8528822 -0.478679 -0.2084668 0.7266722 -0.5577536 0.4010716 0.7427988 -0.5421647 0.3928199 0.968953 -0.2466732 0.01680749 0.9834204 -0.1811136 -0.009069323 0.9774599 -0.2111203 -5.68142e-4 0.6370552 -0.5967718 0.4878773 0.6425586 -0.5941356 0.4838608 0.2986503 -0.3474798 -0.8888565 0.2922002 -0.4024068 -0.8675759 0.3030257 -0.3340381 -0.8925212 0.7932181 -0.5001782 0.3473138 0.8122085 -0.4795767 0.3321498 0.8723325 -0.394982 0.288141 0.8239686 -0.4899405 -0.2846651 0.3606414 -0.721037 -0.5916447 0.8507001 -0.4254729 0.3086779 0.3166677 -0.7552022 -0.5739262 0.4119348 -0.7918092 -0.4509412 0.5126896 -0.7398567 -0.4356164 0.9935373 -0.1083258 0.03389817 0.4540407 -0.639225 0.6206758 0.4445212 -0.6420837 0.6246034 0.9895503 -0.1364187 0.04669046 0.9708563 -0.2084045 0.1183449 0.4291862 -0.7396049 -0.5184437 0.9700825 -0.2110412 0.1200057 0.3621056 -0.7659647 -0.5312039 0.9766091 -0.1822345 0.1141279 0.1613292 -0.6323604 0.7576894 0.3081256 -0.5708962 -0.7610099 0.3300538 -0.4644743 -0.8217835 0.1258827 -0.6365198 0.7609179 0.9529663 -0.3002458 -0.04132252 0.9696638 -0.2381087 -0.05528408 0.3669003 -0.6293183 0.6850859 0.3599008 -0.6474686 -0.6717557 0.3574094 -0.6284295 0.6908943 0.3481135 -0.5624734 -0.7499605 0.3204438 -0.6577734 -0.6816524 0.388258 -0.6222621 0.6797393 0.388696 -0.7107052 -0.5863562 0.361882 -0.7642933 -0.5337578 0.9916904 -0.1194244 0.04783385 0.9912497 -0.1195275 0.05600982 0.386896 -0.7122911 -0.5856217 0.7329839 -0.5697529 -0.37164 0.9916649 -0.1195144 0.04813611 0.6967048 -0.6092668 -0.3786774 0.6624891 -0.5772393 0.4773918 0.6776974 -0.565425 0.4701285 0.6672639 -0.5744155 0.4741368 0.5282815 -0.7467532 -0.4040772 0.5806451 -0.6765949 -0.4528471 0.9912378 -0.1195101 0.05625778 0.9246267 -0.3702116 -0.08949321 0.929982 -0.2927316 0.222355 0.8435299 -0.4568281 -0.2824277 0.8681221 -0.4435162 -0.2228397 0.9342179 -0.2838543 0.216018 0.7526776 -0.5286402 0.3924487 0.8215138 -0.5259746 -0.2201496 0.766422 -0.5143194 0.3848024 0.3825057 -0.625145 0.6803552 0.3892061 -0.7462053 -0.5400892 0.8431742 -0.4266518 0.3271474 0.4088114 -0.7033095 -0.5815746 0.4153445 -0.690886 -0.5917479 0.8557574 -0.4140034 0.3102909 0.9811868 -0.1589246 0.1096146 0.9790307 -0.2036266 -0.005906641 0.9769479 -0.1804642 0.1140419 0.6812575 -0.5621966 0.4688532 0.8859689 -0.4381898 -0.1518188 0.6985356 -0.5480428 0.4601055 0.1891356 -0.6419351 0.7430661 0.9240092 -0.3467618 -0.1611315 -0.3984612 -0.5679998 0.7201423 0.8454431 -0.4451082 -0.2951353 0.9407886 -0.2627028 0.2142524 0.9437093 -0.2553306 0.2102833 0.7159987 -0.5803482 -0.3879973 0.3424172 -0.3295638 -0.8798512 0.1483701 -0.6354038 0.7577918 0.3265244 -0.4445954 -0.8340964 0.6093258 -0.6554933 -0.4461509 0.591728 -0.6920689 -0.4133989 0.6803854 -0.6161147 -0.3968353 0.8282858 -0.4552491 0.3266354 0.9640337 -0.2601873 -0.05423593 0.8082509 -0.4756316 0.3471383 0.7820098 -0.5408152 -0.3098055 0.820645 -0.4594601 0.3397619 0.7055618 -0.6544184 -0.2718807 0.8360391 -0.4385038 0.3297773 0.3402182 -0.5484745 -0.7638241 0.3630995 -0.4384199 -0.8221598 0.8867972 -0.3637644 0.2850722 0.3464859 -0.6316579 -0.6935098 0.3408302 -0.3161278 -0.8853802 0.8680903 -0.3922229 0.3042702 0.1592267 -0.6340233 0.7567439 0.8589215 -0.4203166 -0.2925539 0.1787083 -0.6318136 0.754238 0.8407128 -0.4878619 -0.234931 0.9875315 -0.1559943 -0.02115029 0.4772774 -0.6291196 0.6135265 0.9836035 -0.1799252 -0.01229292 0.490225 -0.6250593 0.6074376 0.8602051 -0.4096329 -0.3037237 0.9813526 -0.1578215 0.1097253 0.9875279 -0.1200041 0.1019206 0.4412472 -0.6074298 0.6605529 0.3759694 -0.6717466 -0.6382816 0.4101434 -0.6192221 0.6695866 0.3953247 -0.6180131 -0.6795426 0.4759019 -0.7176073 -0.5084851 0.3992854 -0.6193864 0.6759672 0.9965022 -0.07192015 0.04255491 0.9964427 -0.07220768 0.04345238 0.5722019 -0.6612433 -0.485121 0.3743445 -0.3121009 -0.8731892 0.7832134 -0.4923276 0.3797238 0.3580135 -0.4275662 -0.8300684 0.7757309 -0.5006389 0.3841904 0.9809185 -0.1799644 -0.07356524 0.9750573 -0.2113867 -0.06766724 0.9960996 -0.07231891 0.05055272 0.9696269 -0.2373676 -0.05899363 0.9960877 -0.07233935 0.05075842 0.9970039 -0.07491511 0.01926296 0.9947441 -0.09783035 0.03022158 0.950164 -0.2347771 0.2051051 0.3602964 -0.5440632 -0.7577478 0.947853 -0.2410576 0.2084849 0.3764219 -0.5242998 -0.763817 0.3861517 -0.4225455 -0.8199647 0.4722232 -0.6747251 -0.5672311 0.8603408 -0.3945704 0.3226886 0.502695 -0.6601283 -0.5581473 0.871308 -0.3822398 0.3077581 0.4065133 -0.7394191 -0.5366624 0.0329501 -0.6187168 0.7849228 0.02727991 -0.6180685 0.7856507 0.6108218 -0.6182242 -0.4946671 0.7274195 -0.521467 0.4460191 0.4512647 -0.6395835 -0.6223288 0.7011411 -0.5445688 0.4602673 0.4318718 -0.6844496 -0.5873801 0.9646911 -0.2341145 -0.1206709 0.9992669 -0.01228177 0.03625965 0.9986047 -0.03614634 0.0384972 0.9985619 -0.03658878 0.03918582 0.9412817 -0.3231617 -0.09775125 0.9982435 -0.03671747 0.04649502 0.9532287 -0.2795878 -0.1148296 0.7951054 -0.4766803 0.3749443 0.793282 -0.4788078 0.3760942 0.4338285 -0.6419694 -0.6321932 0.3984459 -0.6643411 -0.6323698 0.8279277 -0.4443889 0.3421321 0.8461361 -0.4239213 0.3230239 0.3720799 -0.3045535 -0.8768146 0.9982506 -0.03674483 0.0463193 0.9976673 0.01473861 0.06665486 0.9990481 -0.007359206 0.04299724 0.6444808 -0.6176301 -0.4507523 0.1999967 -0.6315934 0.7490602 0.9122085 -0.3703156 -0.1753337 0.1724408 -0.6327074 0.7549474 0.7354725 -0.558545 -0.3835461 0.7676491 -0.4920262 -0.4106398 0.7931571 -0.4587268 -0.4005891 0.8145497 -0.4743272 -0.3339498 0.8853982 -0.3565781 0.2981981 0.7571018 -0.5737311 -0.312457 0.3811125 -0.4115141 -0.8278947 0.9012826 -0.330637 0.2799445 0.389292 -0.5796292 -0.7158783 0.5127303 -0.6142806 0.5998057 0.4323843 -0.5669204 -0.7011741 0.5282942 -0.6084894 0.5921536 0.3935996 -0.3018467 -0.8683133 0.3977158 -0.2933173 -0.8693602 0.9875343 -0.1199366 0.1019372 0.9930602 -0.07297635 0.09222739 0.9943994 -0.09843158 -0.03848457 0.9917448 -0.1239997 -0.0326544 0.9892446 -0.1442676 -0.02412295 0.4383748 -0.6138742 0.6564952 0.9586769 -0.2055492 0.1966928 0.8906343 -0.3766635 -0.2547454 0.8602271 -0.4524574 -0.2351418 0.9569601 -0.2102894 0.2000146 0.8853294 -0.3521097 0.3036622 0.8755552 -0.3639467 0.3177197 0.8793902 -0.4012724 -0.2562289 0.9003583 -0.3537093 -0.2534652 0.8048212 -0.4631116 0.3712014 0.8127778 -0.4533398 0.3658899 0.4159066 -0.5631502 -0.7140613 0.6221812 -0.5876976 -0.5172062 0.05923902 -0.6200879 0.7822927 0.5350829 -0.6439785 -0.5467888 0.04417479 -0.6184028 0.7846187 0.9781858 -0.1930761 -0.07664388 0.8984998 -0.3293269 0.2902448 0.9108561 -0.3055533 0.2774497 0.8814942 -0.3508389 -0.316038 0.8768926 -0.3763144 -0.2990768 0.7299013 -0.5180752 0.4459173 0.7534851 -0.4955825 0.4320397 0.8916635 -0.3282119 -0.3117902 0.9643908 -0.1827508 0.1911866 0.8906037 -0.330833 -0.3120486 0.9653208 -0.1794419 0.1896216 0.4666325 -0.5934365 -0.6558105 0.4215608 -0.6464365 -0.6359294 0.4544079 -0.551173 -0.6998012 0.6689664 -0.5958937 -0.4442912 0.8457422 -0.413385 0.3373914 0.8628764 -0.3931435 0.3176202 0.7270392 -0.5180746 -0.4505694 0.6402773 -0.5954075 -0.4853194 0.6745556 -0.5314185 -0.512415 0.1964213 -0.6321719 0.7495181 0.6976891 -0.511195 -0.5019059 0.2344146 -0.629662 0.7406589 0.1623942 -0.892486 -0.4208287 0.3790118 -0.2319482 -0.8958516 0.4046227 -0.1765604 -0.8972774 0.2893958 -0.5262587 -0.7995636 0.33398 -0.373527 -0.8654103 0.9171592 -0.2895621 0.2738117 0.9986011 -0.05159342 0.01157432 0.9060078 -0.3118868 0.286141 0.9993524 -0.03571802 0.004364371 0.4857819 -0.6204584 -0.6156681 0.4836354 -0.6260139 -0.6117216 0.5462543 -0.5990393 0.5854557 0.4147126 -0.4822583 -0.7716478 0.3946214 -0.5199773 -0.7575603 0.4194648 -0.4042984 -0.8127682 0.5638823 -0.5916398 0.5761938 0.4705655 -0.6005965 0.6464146 0.9931689 -0.1107447 -0.03675639 0.5162746 -0.5849372 0.625547 0.4992836 -0.5803278 -0.6433783 0.4849646 -0.5995392 0.6366805 0.995727 -0.03744071 0.08441501 0.5027534 -0.5699062 -0.6499585 0.9930037 -0.07405996 0.09197181 0.9722622 -0.192536 -0.1328009 0.8906078 -0.3313977 0.3114374 0.8993732 -0.3202195 0.2976363 0.959621 -0.2506821 -0.1276163 0.7609291 -0.470955 -0.4463052 0.9703377 -0.1581833 0.1828189 0.7430849 -0.4909957 -0.4546956 0.9697214 -0.1604012 0.1841518 0.695504 -0.5499113 -0.4624629 0.4275416 -0.4791007 -0.7665967 0.4407939 -0.4686135 -0.7655731 0.06177145 -0.6199772 0.7821845 0.9302943 -0.3207657 -0.1779375 0.9423496 -0.2750995 -0.1905193 0.08655893 -0.6223311 0.7779535 0.7857105 -0.4445139 -0.4301933 0.8205374 -0.4395809 0.3653589 0.8224108 -0.4371655 0.3640423 0.8411842 -0.4122087 -0.3499902 0.8330735 -0.4230393 0.3564075 0.8226008 -0.3930776 -0.4108747 0.8325313 -0.4237691 0.3568072 0.7725787 -0.4750111 0.4212915 0.7974127 -0.4999645 -0.3378884 0.9860375 -0.1421273 -0.08677524 0.7557756 -0.492218 0.4318851 0.9887027 -0.1199746 -0.0898506 0.03160077 -0.6229998 0.7815834 0.9839847 -0.1581852 -0.08216726 0.5806953 -0.5080252 0.6361629 0.4488273 -0.3743354 -0.8114352 0.9956555 -0.03934007 0.08439493 0.4166791 -0.3805234 -0.8255789 0.9999628 -0.006830036 -0.00527203 0.9022777 -0.3065354 0.3032013 0.9084748 -0.2961671 0.2948876 0.9998512 -0.01719379 -0.001384139 0.8629059 -0.3821693 0.3306663 0.9760467 -0.1687679 -0.1372957 0.9684471 -0.209859 -0.1344226 0.8780762 -0.3623707 0.3125217 0.445787 -0.5217674 -0.7273464 0.221443 -0.6320785 0.74259 0.2931235 -0.6221797 0.7259277 0.6910049 -0.4940047 -0.5277041 0.2694427 -0.6276032 0.730421 0.4427254 -0.3702742 -0.8166341 0.9166872 -0.2850463 0.2800593 0.889688 -0.3786281 -0.2551391 0.910279 -0.3175117 -0.2656658 0.92671 -0.2649753 0.266452 0.4315405 -0.2724875 -0.8599554 0.4264381 -0.2895029 -0.8569356 0.5985466 -0.5737012 0.5591145 0.4369943 -0.1741797 -0.8824384 0.9977167 -0.0424298 -0.05254811 0.5793876 -0.5827116 0.5698748 0.9960467 -0.07612431 -0.04578369 0.995271 -0.0876792 -0.04180902 0.5878163 -0.5710833 -0.573006 0.7857925 -0.460209 0.4132042 0.6666406 -0.5160013 -0.5378968 0.775119 -0.471735 0.4203057 0.9017477 -0.2914487 -0.3192316 0.8994348 -0.3100479 -0.3080379 0.5125117 -0.5923433 0.62166 0.9967001 -0.01601046 0.07957673 0.8258726 -0.437586 -0.3556023 0.9951089 -0.04084849 0.08994191 0.908821 -0.2907519 0.2991785 0.8585242 -0.3713575 -0.3535954 0.9145822 -0.2808443 0.2909741 0.7224279 -0.4548587 -0.5207702 0.8404616 -0.4094443 0.3549362 0.7051203 -0.4815535 -0.5204917 0.851996 -0.393019 0.3458889 0.01863408 -0.6268788 0.778894 0.9874849 -0.1292575 -0.09036654 0.4538871 -0.2694822 -0.8493326 0.457482 -0.2654392 -0.8486768 0.498605 -0.5045863 -0.7048304 0.2466269 -0.6357508 0.7314343 0.4887611 -0.5383184 -0.6865317 0.5745227 -0.5333085 -0.6208911 0.9277168 -0.2571616 0.2705725 0.520726 -0.6038849 -0.6034631 0.935207 -0.2397067 0.2606313 0.6056159 -0.5160638 -0.6057289 0.4357497 -0.1649916 -0.8848164 0.4633794 -0.1629769 -0.8710442 0.4357757 -0.1645712 -0.8848819 0.5539529 -0.5042127 -0.6624996 0.5377429 -0.5541393 -0.6354229 0.9998551 0.01249331 -0.01156181 0.9960708 0.05626833 -0.06838762 0.9997808 0.01659995 -0.01275891 0.9999712 -0.002060711 -0.007309913 0.08021831 -0.6227117 0.7783284 0.9999475 0.005128145 -0.008871674 0.1157379 -0.6258969 0.7712702 0.9731816 -0.1831846 -0.1391444 0.9776185 -0.1224542 0.1710762 0.9775108 -0.1228817 0.171385 0.9807279 -0.1346416 -0.1415781 0.4493844 -0.4663854 -0.7619307 0.7882312 -0.4569302 0.4121971 0.4701794 -0.3647067 -0.8036916 0.46688 -0.435805 -0.7694784 0.9541652 -0.2237733 -0.1987315 0.6264798 -0.5575772 0.5446382 0.9467223 -0.2596244 -0.1905571 0.6072905 -0.5682297 0.5552596 0.8154137 -0.3811197 -0.4357159 0.8431438 -0.3394607 -0.4169831 0.8780374 -0.3524245 0.3238013 0.4616677 -0.1610775 -0.8723056 0.8916387 -0.3332965 0.3064211 0.4651789 -0.08325403 -0.8812929 0.741428 -0.4367365 -0.5094564 0.7942432 -0.3999422 -0.4574101 0.7339068 -0.4684923 -0.4918289 0.624107 -0.5591534 0.5457454 0.8423877 -0.4000441 -0.3610369 0.6427076 -0.5474323 0.5359524 0.8702287 -0.3395485 -0.3569436 0.2583509 -0.633292 0.7295178 0.4665895 -0.3462115 -0.8138991 0.3161416 -0.6231358 0.7153714 0.5021924 -0.4261853 -0.752442 0.3413209 -0.6163314 0.7096729 0.4927474 -0.4660215 -0.7348633 0.7015351 -0.4516391 -0.5512447 0.9412212 -0.2214742 0.2550525 0.9349519 -0.2370435 0.2639608 0.635297 -0.5006708 -0.587985 0.9392993 -0.2184876 -0.2645373 0.5588216 -0.5743684 0.5981801 0.926261 -0.2608407 -0.2720346 0.9123564 -0.3120402 -0.265022 0.5426395 -0.577192 0.6102392 0.8349753 -0.3406702 -0.4321575 0.8557096 -0.3077793 -0.4159724 0.0984711 -0.6272319 0.7725825 0.4750698 -0.2629454 -0.839743 0.4689671 -0.08316183 -0.8792917 0.4844579 -0.1593215 -0.8601844 0.4797285 -0.2493007 -0.8412549 0.1415006 -0.6286287 0.7647244 0.9975001 -0.04680919 -0.05293941 0.9180175 -0.2666041 0.2935407 0.9981434 -0.001665413 -0.06088554 0.9239551 -0.2572793 0.2830448 0.991491 -0.08625686 -0.09749585 0.9909595 -0.09518629 -0.09454476 0.05621427 -0.6315494 0.7732952 0.02970385 -0.6267336 0.7786673 0.9931885 -0.05985718 -0.09996908 0.9184711 -0.2350988 -0.318024 0.9173269 -0.2512681 -0.3088295 0.1537064 -0.628745 0.762269 0.5463464 -0.4477466 -0.7078338 0.525081 -0.5238192 -0.6707483 0.5629826 -0.4670597 -0.6818401 0.6487443 -0.45061 -0.6132548 0.110101 -0.631487 0.7675297 0.8584031 -0.3796837 0.3449413 0.8693709 -0.362759 0.3355592 0.5867723 -0.4884804 -0.6458214 0.5878043 -0.4848329 -0.6476289 0.7382164 -0.4055415 -0.5390481 0.9846031 -0.07885205 0.1560099 0.9849134 -0.0772382 0.1548542 0.5956405 -0.4524748 -0.6636859 0.5980139 -0.4428814 -0.6680085 0.8166727 -0.4225863 0.3930222 0.8076597 -0.4346531 0.3984503 0.8040302 -0.4377977 0.4023291 0.9789841 -0.1433292 -0.1450755 0.4989297 -0.3943328 -0.7717323 0.8193088 -0.4193128 0.391037 0.509499 -0.3372685 -0.791619 0.4498983 -0.5718276 0.6860065 0.02906322 -0.6384056 0.7691512 0.9929721 -0.06320029 -0.1000609 0.5739599 -0.5659301 0.5918557 0.7702316 -0.4017181 -0.4953442 0.8211483 -0.3395547 -0.4587136 0.5884524 -0.5615433 0.5817154 0.7762947 -0.3680438 -0.5117718 0.9278896 -0.2414325 0.2841324 0.9321085 -0.2331587 0.2771478 0.9597438 -0.1994854 -0.1977308 0.9638156 -0.1726624 -0.203094 0.9050809 -0.3026662 0.2987 0.8483199 -0.3090323 -0.4299446 0.8929256 -0.3208603 0.3158047 0.9443707 -0.2084098 0.2544198 0.9494394 -0.1955091 0.2456442 0.6694 -0.4519718 -0.5895974 0.7209682 -0.4123969 -0.5568965 0.8861359 -0.2896444 -0.3617586 0.8631464 -0.3530987 -0.3609703 0.6670734 -0.5329996 0.5205041 0.6461474 -0.545031 0.534261 0.8723647 -0.2686856 -0.4083966 0.8952459 -0.269685 -0.3546899 0.8778151 -0.3067271 -0.3679118 0.9842131 -0.09846162 -0.1470714 0.369124 -0.6157484 0.6961331 0.2888589 -0.6378551 0.7139337 0.983423 -0.1079781 -0.1456709 0.9889411 -0.0425536 0.1420732 0.5068647 -0.3135671 -0.8029719 0.5162152 -0.2439891 -0.8209697 0.9885743 -0.04555845 0.1436848 0.5394163 -0.4146419 -0.7328726 0.5932295 -0.5587002 0.5795971 0.6056023 -0.5531433 0.5720825 0.3876404 -0.6116277 0.6896713 0.7422656 -0.3836924 -0.5493832 0.6879306 -0.4269232 -0.5869311 0.931339 -0.2353482 -0.2778826 0.3056569 -0.6354784 0.7090424 0.969581 -0.1379158 -0.2022172 0.9557725 -0.1723961 0.2382823 0.9672093 -0.1545421 -0.2015509 0.9524785 -0.182633 0.2437823 0.93203 -0.1951375 -0.3053548 0.9323676 -0.1840293 -0.3111653 0.0450077 -0.6318734 0.7737637 0.5149728 -0.2276779 -0.8264175 0.07866567 -0.6375409 0.7663898 0.5127908 -0.2470744 -0.8221921 0.9043778 -0.296754 0.306656 0.5839864 -0.419152 -0.6951774 0.5890372 -0.3970319 -0.7038473 0.998142 -0.001829385 -0.06090325 0.9137245 -0.279712 0.294735 0.1192267 -0.6321387 0.7656276 0.9974694 0.02782642 -0.06542479 0.6318784 -0.4221075 -0.6500423 0.6830182 -0.3923534 -0.6160722 0.173948 -0.6340879 0.7534418 0.7716662 -0.3449551 -0.5343569 0.9379747 -0.2157555 0.2713906 0.6300238 -0.426882 -0.6487233 0.6402379 -0.3843368 -0.665117 0.9343165 -0.2233549 0.2777865 0.9945188 -0.003887474 -0.1044859 0.9940112 -0.03830063 -0.1023468 0.9939907 -0.0397402 -0.1019964 0.8753176 -0.349834 0.3338192 0.8847883 -0.3339789 0.3249737 0.986125 -0.07563173 -0.1477744 0.9909232 -0.01915055 0.1330577 0.9889224 -0.04388207 0.141799 0.9919573 -9.2203e-4 0.1265703 0.9857625 -0.08161091 -0.1470094 0.9905579 -0.02304273 0.1351447 0.830166 -0.4055559 0.3825556 0.5365824 -0.3839865 -0.7514212 0.5525426 -0.3506615 -0.7561305 0.5512583 -0.3040274 -0.7769696 0.8268854 -0.4087836 0.3862079 0.01501524 -0.6443631 0.7645722 0.8400748 -0.2906349 -0.4580455 0.0458827 -0.6439619 0.7636805 0.8007487 -0.3413933 -0.4921911 0.919484 -0.2651019 0.2902935 0.9107906 -0.2814969 0.3020265 0.8049001 -0.3103835 -0.5057647 0.9765279 -0.08527213 -0.1977927 0.9709927 -0.1290677 -0.2012826 0.9725859 -0.1157588 -0.2016843 0.6797584 -0.5233881 0.513803 0.8667361 -0.2594227 -0.4259913 0.700366 -0.5098901 0.4994993 0.9582886 -0.1616761 0.2356774 0.8771659 -0.2413791 -0.4151097 0.9608899 -0.1534246 0.2305459 0.8831869 -0.2302595 -0.4086093 0.891669 -0.2142823 -0.3987599 0.3260741 -0.6369981 0.6985049 0.8873784 -0.2867927 -0.360984 0.9033086 -0.2374197 -0.3573032 0.9965893 0.04707384 -0.06777822 0.9973734 0.03091102 -0.06550472 0.5482911 -0.2832167 -0.7868705 0.424481 -0.6055724 0.6731255 0.6339175 -0.5416019 0.5521014 0.6647741 -0.5200949 0.5362617 0.6644053 -0.3795491 -0.6438231 0.6165348 -0.546289 0.5669684 0.2041921 -0.638787 0.7417929 0.7023855 -0.3569415 -0.6158306 0.5870587 -0.3405891 -0.7344123 0.5821189 -0.3658735 -0.7261364 0.1401038 -0.6379547 0.7572218 0.6654729 -0.3713662 -0.6474822 0.6711263 -0.3452636 -0.6560354 0.9461211 -0.1909554 0.2615163 0.9440886 -0.191574 -0.2683211 0.9426498 -0.1977304 0.2689127 0.9493697 -0.1625763 -0.2688239 0.899964 -0.303487 0.3129862 0.8900312 -0.32159 0.3231474 0.7181739 -0.3681967 -0.5904724 0.7749265 -0.3215356 -0.5441542 0.06114137 -0.6382522 0.7673956 0.1033647 -0.6454067 0.756813 0.852004 -0.2621389 -0.4531804 0.117021 -0.6444987 0.7555974 0.8211927 -0.3036871 -0.4831323 0.02982032 -0.6520618 0.7575792 0.9433573 -0.1385762 -0.3014524 0.8477587 -0.3797941 0.3702185 0.9434048 -0.1467105 -0.297428 0.867841 -0.3503762 0.3522622 0.8508473 -0.3765388 0.3664387 0.5577301 -0.2065637 -0.8039082 0.9501549 -0.1745307 0.2583502 0.5531512 -0.2220284 -0.802949 0.6171854 -0.4045703 -0.6748371 0.9522598 -0.1689612 0.2542703 0.6292114 -0.3486824 -0.6946321 0.9282779 -0.2426911 0.2817823 0.6450098 -0.3561852 -0.6760876 0.6707299 -0.3440777 -0.6570631 0.6823931 -0.3579599 -0.6373417 0.9197799 -0.2581899 0.2955383 0.7245492 -0.3320859 -0.6039432 0.800159 -0.2908981 -0.5245225 0.8252838 -0.2636818 -0.4993782 0.7307727 -0.4867566 0.4785806 0.7105906 -0.501398 0.4936202 0.6856439 -0.3376674 -0.6448823 0.6883612 -0.3254916 -0.6482391 0.2866029 -0.6336947 0.718533 0.9914406 0.084077 -0.09988361 0.9960585 0.05646002 -0.06840962 0.02911645 -0.6597309 0.7509377 0.9963285 0.05220103 -0.06785678 0.6993789 -0.4996247 0.5111207 0.9946001 -0.00198394 -0.1037625 0.9938274 0.03573268 -0.1050249 0.6611335 -0.5287683 0.5322656 0.5894813 -0.2740892 -0.7598598 0.5830671 -0.3142931 -0.7491679 0.9685504 -0.121406 0.2171885 0.9671514 -0.1262796 0.2206164 0.9880578 -0.04492783 -0.1473882 0.9891051 -0.01885426 -0.1459987 0.9880313 -0.04640781 -0.1471073 0.9755082 -0.08985602 -0.2007727 0.360108 -0.6365147 0.6820347 0.8352115 -0.2741124 -0.4767434 0.08622181 -0.6540002 0.7515648 0.8868291 -0.2089755 -0.4121449 0.1626664 -0.6443756 0.7472079 0.8197335 -0.2576737 -0.5115089 0.2359619 -0.6434913 0.7281765 0.8382512 -0.236891 -0.4911391 0.9895157 0.001659393 -0.144416 0.9891911 -0.01694589 -0.1456494 0.1339556 -0.6528643 0.7455361 0.9178665 -0.1882998 -0.349377 0.90695 -0.2288339 -0.3536619 0.09033501 -0.6537868 0.7512673 0.1423292 -0.6521499 0.7446093 0.9293906 -0.233886 0.2855353 0.9358614 -0.2198932 0.2753371 0.6577968 -0.3278837 -0.6780824 0.5928731 -0.2011713 -0.7797639 0.9100535 -0.2804657 0.305191 0.5865359 -0.2540496 -0.7690477 0.6223878 -0.3198313 -0.7143819 0.6617646 -0.3052533 -0.684754 0.9042778 -0.2918577 0.3116101 0.8022869 -0.2698537 -0.532461 0.7534461 -0.311712 -0.5789253 0.9554406 -0.1557455 0.2507521 0.9574183 -0.1508339 0.2461695 0.7528485 -0.4678766 0.4629369 0.9580063 -0.1168578 -0.2618554 0.9552372 -0.1373136 -0.2620435 0.7344413 -0.4834477 0.4763132 0.07326453 -0.6603224 0.7473999 0.9793643 -0.05239635 -0.1951922 0.03653973 -0.6519838 0.7573519 0.9791563 -0.05591094 -0.1952612 0.5914725 -0.1870372 -0.7843325 0.8847546 -0.3222897 0.336658 0.8692446 -0.3472725 0.3518745 0.01017522 -0.6676463 0.7444092 0.6915802 -0.3018854 -0.6561875 0.6735681 -0.3206707 -0.6659402 0.9532147 -0.09990316 -0.2853087 0.9529665 -0.09405934 -0.2881109 0.2593053 -0.6450524 0.7187964 0.7582335 -0.2769621 -0.5902321 0.1842997 -0.6515473 0.7358803 0.7108067 -0.306485 -0.6331041 0.9148431 -0.2692565 0.3009372 0.7150721 -0.27785 -0.6414602 0.9164884 -0.2658115 0.2989873 0.7089681 -0.3143946 -0.6312847 0.9356292 -0.2164713 0.2788154 0.8331348 -0.2315433 -0.502269 0.6261776 -0.2450691 -0.7401641 0.6297925 -0.2746772 -0.7265768 0.9412968 -0.2034897 0.2693553 0.6169869 -0.3043918 -0.7257223 0.7684037 -0.4541391 0.4509029 0.5967905 -0.1157702 -0.7940015 0.4031544 -0.7122426 -0.5746104 0.5106315 -0.3974841 -0.7624054 0.5453584 -0.2818726 -0.7893871 0.7504996 -0.4701243 0.4644713 0.9926348 0.06348121 -0.1031816 0.9938455 0.04067206 -0.1030383 0.726743 -0.4826153 0.4888017 0.6959413 -0.5083596 0.5071847 0.9894722 0.03452217 -0.1405459 0.9896886 0.005287826 -0.1431379 0.3852124 -0.6284339 0.6757828 0.653407 -0.2886928 -0.6997969 0.6805846 -0.2785245 -0.6776642 0.5063579 -0.5895053 0.6293531 0.4754495 -0.6031615 0.6404249 0.9618164 -0.09749072 -0.2557438 0.9665684 -0.06734997 -0.2474054 0.9634902 -0.08574986 -0.2536408 0.9763629 -0.08202689 0.1999677 0.9810268 -0.03123658 -0.1913395 0.9761816 -0.08282005 0.2005254 0.1091928 -0.665577 0.7382982 0.9810142 -0.03155338 -0.191352 0.9591598 -0.06381994 -0.2755712 0.9592226 -0.06578814 -0.2748893 0.198861 -0.6554012 0.7286314 0.8686181 -0.207937 -0.4497385 0.8530508 -0.2497628 -0.4581733 0.2784016 -0.6473074 0.7095671 0.8785176 -0.1928077 -0.437072 0.8659142 -0.2118813 -0.4530991 0.9208096 -0.2550696 0.295041 0.9260873 -0.2433243 0.2883667 0.9637478 -0.123862 0.2363225 0.9078179 -0.1545639 -0.3898419 0.9651892 -0.1202276 0.2322826 0.9041648 -0.1754607 -0.3894863 0.1049474 -0.670744 0.7342265 0.9304685 -0.1440494 -0.3368651 0.9233485 -0.173858 -0.3423463 0.05142855 -0.6609345 0.7486793 0.0959053 -0.6712077 0.7350391 0.744715 -0.4697028 0.4741085 0.7207603 -0.4910588 0.4892503 0.6232721 -0.2259939 -0.7486379 0.8859662 -0.3193593 0.336264 0.901162 -0.2924783 0.3199429 0.6709827 -0.2729874 -0.6893911 0.9922144 0.07189196 -0.1016964 0.98442 -0.02696168 0.1737537 0.98158 -0.04951614 0.1845235 0.9861443 -0.005066752 0.165813 0.6490799 -0.2689185 -0.7116025 0.9861726 -0.004637122 0.1656563 0.9812279 -0.05167371 0.1857998 0.6560975 -0.2184827 -0.7223582 0.6751387 -0.2445784 -0.6959664 0.6593058 -0.2493965 -0.7093077 0.05429929 -0.6773661 0.7336394 0.0143007 -0.6676552 0.7443332 0.7838248 -0.2615851 -0.563198 0.821956 -0.2279397 -0.5219499 0.9652383 -0.07331109 -0.2508793 0.9488417 -0.1801545 0.2593141 0.9436872 -0.1918362 0.2695428 0.6254866 -0.1817521 -0.7587705 0.6295056 -0.1672122 -0.7587903 0.7728971 -0.4495673 0.4477939 0.7912962 -0.4331682 0.4315271 0.9625321 -0.04481762 -0.2674385 0.9626037 -0.04625833 -0.2669349 0.6976384 -0.2989749 -0.6510874 0.7171546 -0.2577992 -0.6474789 0.4335671 -0.6293703 0.6449128 0.7036796 -0.2604179 -0.661073 0.8044786 -0.4184387 0.4215723 0.7449783 -0.2616213 -0.6136462 0.7454486 -0.2580299 -0.6145949 0.7869864 -0.2314693 -0.5719041 0.7894989 -0.4351344 0.4328389 0.747899 -0.2338402 -0.6212615 0.7468268 -0.2432628 -0.6189289 0.7389362 -0.4782093 0.4746463 0.6689409 -0.2387517 -0.7039288 0.6290374 -0.1131264 -0.7690997 0.1167775 -0.6849331 0.7191868 0.6312079 -0.1043881 -0.7685568 0.02952694 -0.6887478 0.7243996 0.6247928 -0.1691191 -0.762255 0.8565989 -0.1849779 -0.4816859 0.8508509 -0.2111071 -0.4811305 0.9544575 -0.1595921 0.2520741 0.9509689 -0.1694984 0.2587053 0.1172688 -0.665022 0.7375593 0.8632308 -0.1770881 -0.4727286 0.8673751 -0.1718111 -0.467056 0.181545 -0.6709324 0.7189515 0.6735823 -0.2017542 -0.7110431 0.6524797 -0.2066279 -0.7290922 0.9904333 0.09346711 -0.101518 0.9917519 0.0802266 -0.09996002 0.1199274 -0.6793823 0.7239179 0.9909791 0.08946949 -0.09977841 0.07848137 -0.6814175 0.727675 0.9346791 -0.2202974 0.2790055 0.8048647 -0.2312834 -0.5465352 0.834709 -0.2041632 -0.5114473 0.9291609 -0.2335531 0.2865535 0.9897228 0.0402677 -0.1372124 0.9884786 0.07141315 -0.133455 0.9828144 -0.003170132 -0.1845687 0.982796 0.001179277 -0.1846911 0.3120049 -0.6526305 0.6904537 0.9836704 0.02164715 -0.1786731 0.2181253 -0.6585848 0.7201997 0.08371198 -0.6837221 0.7249251 0.8757371 -0.1970636 -0.4407387 0.9037171 -0.137793 -0.4053499 0.1282618 -0.681338 0.7206438 0.887008 -0.1652402 -0.4311757 0.9732291 -0.08252352 0.2145108 0.9219814 -0.1143487 -0.3699657 0.9726099 -0.08440774 0.2165761 0.9196672 -0.1292294 -0.3708262 0.6587157 -0.102115 -0.7454303 0.6577523 -0.1537173 -0.7373825 0.6543967 -0.1632942 -0.7383089 0.2449453 -0.6669837 0.7036579 0.9362836 -0.1268513 -0.3275392 0.331129 -0.6507422 0.6832921 0.9407747 -0.1048112 -0.3224245 0.9021138 -0.2898088 0.3196898 0.9124242 -0.269869 0.3076568 0.6693338 -0.1967543 -0.7164356 0.07356554 -0.6885088 0.7214872 0.6977306 -0.2340949 -0.6770315 0.02697336 -0.6776903 0.7348526 0.9406579 -0.2037347 0.2713941 0.983914 0.02705866 -0.1765817 0.9377574 -0.2112224 0.2756742 0.6591302 -0.03572261 -0.7511799 0.6573477 -0.09657514 -0.7473736 0.9560699 -0.1514596 0.2509787 0.9592225 -0.1426227 0.2440306 0.005112767 -0.698708 0.7153886 0.9699169 -0.04235094 -0.2397236 0.9702517 -0.03745442 -0.2391837 0.9735471 -0.01018685 -0.2282592 0.04380202 -0.6985654 0.7142043 0.9671372 -0.01806485 -0.2536123 0.6713227 -0.1515609 -0.7255033 0.6741507 -0.1468078 -0.7238566 0.8523765 -0.1762858 -0.4923186 0.8193415 -0.2072715 -0.5345261 0.5562614 -0.5825707 0.5926084 0.4590362 -0.6191468 0.6371365 0.8179668 -0.4052233 0.4083191 0.8012542 -0.4221121 0.4240438 0.9669935 -0.01724797 -0.2542164 0.7382066 -0.2186043 -0.6381717 0.978336 -0.05340266 0.200017 0.7377764 -0.2222926 -0.6373946 0.9782193 -0.05392348 0.2004476 0.8078961 -0.1943272 -0.5563639 0.7757048 -0.2152423 -0.5932561 0.9134906 -0.2673676 0.306675 0.7753582 -0.2186248 -0.5924719 0.7764698 -0.2033508 -0.596442 0.7772375 -0.1946308 -0.5983484 0.7603427 -0.4580633 0.4604965 0.6752214 -0.03563523 -0.7367538 0.6734443 -0.09524083 -0.7330771 0.7749918 -0.4496006 0.4441251 0.6751804 -0.09237968 -0.7318452 0.7888333 -0.4351509 0.4340342 0.8729292 -0.1649 -0.4591327 0.8768935 -0.1456267 -0.4580945 0.7805606 -0.4438306 0.4401585 0.6914517 -0.2318449 -0.6842094 0.2113258 -0.6799701 0.7021269 0.6965753 -0.1902782 -0.6917927 0.7013185 -0.204495 -0.6828868 0.1394488 -0.6752327 0.724303 0.2231907 -0.6782522 0.7001141 0.9754136 0.008841216 -0.2202044 0.9433295 -0.195343 0.2682732 0.9708922 0.009370684 -0.2393333 0.9487626 -0.1801899 0.2595787 0.9735394 -0.01023346 -0.2282903 0.9885135 0.08002418 -0.1282081 0.9873632 0.09647983 -0.1257206 0.2574154 -0.6675076 0.6986924 0.9323985 -0.0899344 -0.3500639 0.9338022 -0.07888758 -0.3489845 0.3572196 -0.6543876 0.6664615 0.1016032 -0.6960773 0.7107413 0.9709096 0.009298622 -0.2392658 0.98439 0.03890252 -0.1716473 0.9190369 -0.2555803 0.300083 0.984108 0.07088094 -0.1628109 0.9203659 -0.2531307 0.2980796 0.9840463 0.04923242 -0.1709649 0.9217547 -0.2066252 0.3281379 0.7970306 -0.1899166 -0.573301 0.9813269 -0.03344583 0.1894169 0.7975786 -0.1832427 -0.5747089 0.8215913 -0.1735929 -0.5430038 0.5883223 -0.5708348 0.5727342 0.4937645 -0.6134489 0.6163416 0.8953063 -0.1384199 -0.4233989 0.9184223 -0.09889096 -0.383042 0.798113 -0.1716735 -0.5775325 0.6034603 -0.5618858 0.5657916 0.9501217 -0.06642061 -0.3047248 0.9476585 -0.08171188 -0.3086528 0.9451898 -0.04911744 -0.3228058 0.1718795 -0.6924887 0.7006547 0.6939969 -0.171751 -0.6991924 0.1021186 -0.7019341 0.7048831 0.04072809 -0.6891238 0.7234982 0.7326123 -0.1947792 -0.6521812 0.09606707 -0.7022014 0.7054675 0.7322803 -0.1978031 -0.6516438 0.0175426 -0.7112828 0.702687 0.975682 0.01068854 -0.21893 0.698765 -0.09977281 -0.7083593 0.6941981 -0.1435232 -0.7053297 0.6976094 -0.09044653 -0.7107465 0.6976058 -0.1290782 -0.7047588 0.7982001 -0.170423 -0.5777826 0.5203561 -0.6103577 0.5972379 0.7684686 -0.1837767 -0.6129292 0.7683405 -0.1851434 -0.6126784 0.9664042 -0.1140087 0.2303584 0.8397586 -0.1692725 -0.5158995 0.8638314 -0.1464368 -0.4820287 0.9641002 -0.1208302 0.2364549 0.8270797 -0.394003 0.400875 0.9865856 0.1094142 -0.12115 0.8520346 -0.1576614 -0.4991793 0.8733327 -0.1365547 -0.4675924 0.8425604 -0.3768508 0.3848057 0.7927883 -0.4308787 0.4310804 0.9732437 0.02721714 -0.2281578 0.805567 -0.4218723 0.4160355 0.973172 0.02791255 -0.2283794 0.2648033 -0.686541 0.6771563 0.9563723 -0.04042261 -0.2893406 0.2510523 -0.6889957 0.6798954 0.1770681 -0.6918969 0.6999469 0.9549977 -0.159318 0.2501943 0.9547859 -0.04881584 -0.2932591 0.9504994 -0.1730489 0.2580797 0.8121393 -0.1636614 -0.5600399 0.8117308 -0.1696105 -0.5588608 0.1701836 -0.7052276 0.6882526 0.1065574 -0.6958253 0.7102624 0.8124966 -0.153005 -0.5625289 0.3991487 -0.6556546 0.6409348 0.7289085 -0.1759531 -0.6616138 0.2887219 -0.6718146 0.6821325 0.7301521 -0.1632097 -0.663506 0.8922441 -0.1258621 -0.4336579 0.8949531 -0.109133 -0.4326071 0.7901208 -0.163478 -0.5907488 0.8125416 -0.1522204 -0.5626767 0.07007688 -0.7144091 0.6962105 0.9869434 0.1090317 -0.1185534 0.9844557 0.130442 -0.117609 0.9816627 0.1480229 -0.1201148 -0.007889628 -0.7291276 0.6843323 0.9837765 0.1392942 -0.1130539 0.9867908 0.11073 -0.1182487 0.9121218 -0.1005826 -0.3973876 0.9116846 -0.08612811 -0.4017626 0.9287597 -0.2336911 0.2877391 0.929978 -0.2315014 0.285566 0.9522841 -0.0226885 -0.3043687 0.007832646 -0.7557205 0.6548474 0.9436257 -0.04732698 -0.3276135 0.9845983 0.07842075 -0.1562573 0.9834489 0.1042682 -0.1481773 0.07102805 -0.7143889 0.6961347 0.1255368 -0.7151308 0.6876252 0.1217213 -0.7153569 0.6880759 0.9588255 -0.03016775 -0.2823894 0.9567837 -0.1529377 0.2473357 0.9600238 -0.1421717 0.2411258 0.9598531 -0.0240401 -0.2794709 0.7293674 -0.1238857 -0.6728116 0.7274949 -0.1478039 -0.6700039 0.07540512 -0.7248942 0.6847207 0.763023 -0.1653326 -0.6248688 0.7630159 -0.1654105 -0.6248568 0.790803 -0.1546214 -0.5922186 0.01762348 -0.7112835 0.7026844 0.7280388 -0.1122669 -0.6762808 0.6698932 -0.5304787 0.519457 0.9789881 0.05527669 -0.1962826 0.977784 0.0401538 -0.2057335 0.6388106 -0.5521347 0.5357876 0.9777692 0.03292953 -0.2070824 0.5399017 -0.6004516 0.5898848 0.8630498 -0.1327146 -0.4873725 0.8513038 -0.3649072 0.3769941 0.892026 -0.1032611 -0.4400306 0.8649995 -0.3477146 0.3617603 0.9760448 0.05073064 -0.2115724 0.9757347 0.05294597 -0.2124581 0.9727199 -0.08287125 0.2166759 0.8051443 -0.1458685 -0.5748609 0.9738491 -0.07882231 0.2130844 0.9389219 -0.2093241 0.2731464 0.9514099 -0.02339404 -0.3070372 0.9381124 -0.2110776 0.2745751 0.8339877 -0.3931035 0.3872134 0.7595301 -0.1483663 -0.6333257 0.7602223 -0.1399709 -0.6344054 0.8219431 -0.4025488 0.4029442 0.841183 -0.1314115 -0.5245399 0.2981067 -0.6959066 0.6533349 0.8314762 -0.1563637 -0.533102 0.2183566 -0.710431 0.6690352 0.1997562 -0.7170187 0.6678186 0.8453281 -0.1285824 -0.5185432 0.8531754 -0.1228818 -0.5069437 0.2084453 -0.7159352 0.6663237 0.7851014 -0.1466211 -0.6017624 0.129207 -0.7086365 0.6936425 0.7855895 -0.1402522 -0.6026429 0.8056277 -0.1385242 -0.5759993 0.04389566 -0.7410466 0.6700173 0.009620368 -0.7557227 0.6548211 0.8320823 -0.1415622 -0.5362828 -0.01255929 -0.7290566 0.6843382 0.8331546 -0.1231441 -0.5391559 0.9092543 -0.08012747 -0.4084559 0.9675807 -0.1132246 0.2257604 0.961241 -0.1367834 0.2393865 0.4432626 -0.6531026 0.6139831 0.8458328 -0.1154009 -0.5208162 0.8454367 -0.1160004 -0.521326 0.9794667 0.06215912 -0.1917845 0.3286799 -0.6764427 0.6590864 0.9776336 0.07247692 -0.1974327 0.9797474 0.07209831 -0.1868069 0.97784 0.07186478 -0.1966325 0.2312286 -0.7120067 0.6630082 0.9265349 -0.07443642 -0.3687713 0.9303365 -0.0596106 -0.3618294 0.01812607 -0.7687344 0.6393111 0.9563075 -0.006632804 -0.2922872 0.9788706 -0.05405986 0.197205 0.9782336 -0.05348473 0.200495 0.9813804 -0.03339779 0.1891483 0.9559334 -0.00943762 -0.2934319 0.9487447 -0.1942493 0.2493004 0.9786059 -0.05164808 0.1991558 0.9646008 -1.90047e-4 -0.2637144 0.9449083 -0.1934691 0.2640418 0.9442873 -0.1949059 0.2652038 0.9642706 -0.003389775 -0.2648975 0.7589607 -0.107149 -0.6422599 0.7577062 -0.1258097 -0.6403541 0.9836615 0.114201 -0.1391698 0.09384989 -0.7321634 0.6746326 0.9827626 0.1263514 -0.1349552 0.1654514 -0.7294163 0.6637604 0.7817146 -0.1323021 -0.6094412 0.7826014 -0.1198447 -0.6108784 0.0307455 -0.7254195 0.68762 0.8006754 -0.1263083 -0.5856323 0.8003525 -0.1311322 -0.5850132 0.1021942 -0.7414997 0.6631249 0.7576806 -0.0962671 -0.6454865 0.09872877 -0.741644 0.6634884 0.9803984 0.07944464 -0.1802986 0.980469 0.0986672 -0.1701332 0.9089597 -0.07203406 -0.4106133 0.7077673 -0.5098762 0.48897 0.5970972 -0.5879781 0.5456711 0.8838467 -0.0988869 -0.4572052 0.8332043 -0.1140797 -0.5410699 0.8263726 -0.120674 -0.550042 0.8845093 -0.3196094 0.3398429 0.8255113 -0.1355478 -0.5478667 0.8722663 -0.3367097 0.3546521 0.9791194 0.08632791 -0.1840459 0.9786757 0.08922117 -0.1850228 0.8595474 -0.363179 0.3595543 0.9689208 0.02293962 -0.2463051 0.8493597 -0.3727328 0.3737089 0.8782663 -0.335002 0.3412066 0.3513079 -0.6996527 0.6221486 0.9688717 0.02250337 -0.2465383 0.7810133 -0.09239023 -0.6176425 0.779802 -0.112943 -0.6157538 0.2378647 -0.7109203 0.6618252 0.3316229 -0.7047054 0.6272292 -0.004980206 -0.7410116 0.6714738 0.8396775 -0.1107854 -0.5316655 0.8456923 -0.1074426 -0.5227434 0.01966571 -0.7687357 0.6392642 0.06283575 -0.7558999 0.6516649 0.06111621 -0.7559412 0.6517804 0.8635339 -0.1019622 -0.4938752 0.8561925 -0.1207329 -0.5023525 0.6263656 -0.5586236 -0.5436966 0.759153 -0.06120961 -0.6480278 0.3688586 -0.6783715 0.6354174 0.7172489 -0.2162495 -0.6624124 0.7142812 -0.2283137 -0.6615703 0.856393 -0.1089913 -0.5046898 0.4874653 -0.6482079 0.5849821 0.2390924 -0.7291274 0.641255 0.8565924 -0.1015899 -0.5058941 0.8569186 -0.09555274 -0.5065175 0.9240995 -0.05858743 -0.3776342 0.1691524 -0.7290582 0.6632207 0.9252675 -0.04935699 -0.3760905 0.9818951 0.141176 -0.1262984 0.03169757 -0.7849442 0.6187551 0.9819152 0.1409679 -0.1263744 0.9753535 -0.07759428 0.2065541 0.968191 -0.1094293 0.225014 0.7970642 -0.1189104 -0.5920718 0.7977175 -0.1085795 -0.5931755 0.9589029 -0.1516594 0.2398008 0.9523283 -0.1720805 0.2519106 0.7795413 -0.08684813 -0.6203007 0.9527432 -0.1711212 0.2509936 0.7806268 -0.05931246 -0.6221767 0.9620713 0.01469576 -0.2724018 0.9619791 0.01265567 -0.2728295 0.1725251 -0.7435888 0.645996 0.9673345 0.0346769 -0.2511208 0.09593111 -0.7320889 0.6744205 -0.9979029 0.03942477 0.05133777 -0.9867087 0.118398 0.1113011 -0.9924799 0.09689879 0.07479661 -0.991133 0.08859312 0.09902888 -0.9617752 0.2715013 0.03571563 -0.972483 0.2302193 0.03572148 -0.9795839 0.1967117 0.04147338 -0.984043 0.1712177 0.04841351 -0.9923361 0.09784626 0.07546651 -0.8761227 0.481916 0.01288145 -0.8959547 0.4441163 0.005071818 -0.9150811 0.4032456 0.00442332 -0.9331058 0.3593804 0.0126174 -0.9487578 0.3146071 0.02968287 -0.9542335 0.2963653 0.04007315 -0.7391259 0.6735563 -0.003851473 -0.7547094 0.6559806 -0.01016098 -0.7774799 0.6286957 -0.01633441 -0.7991953 0.6008631 -0.01582425 -0.8131305 0.5819305 -0.01325237 -0.8319209 0.5548561 -0.006518006 -0.8547863 0.518894 0.009455144 -0.8651492 0.5010892 0.02065682 -0.6359207 0.7693626 -0.06071293 -0.6538752 0.7544458 -0.0570867 -0.6804 0.7312524 -0.0482276 -0.7146379 0.6989566 -0.02742773 -0.7399846 0.6726099 -0.004315674 0.9976348 0.02089607 0.06548345 0.9954296 0.06349426 0.07133311 0.9906175 0.1030786 0.08973252 0.9916232 0.08864355 0.09394532 0.9883259 0.140044 0.0599966 0.9842237 0.1700497 0.04885405 0.9802103 0.1933825 0.0423212 0.9729591 0.2281889 0.03578382 0.9610338 0.2740997 0.03582608 0.9920287 0.09454596 0.08330821 0.9472283 0.3193796 0.02748292 0.9312964 0.3640869 0.01130259 0.9178529 0.3968782 0.005815744 0.9082421 0.418422 0.004379451 0.8939154 0.4482023 0.005476355 0.9542303 0.2963638 0.04016256 0.8735903 0.4857487 0.02980238 0.8524098 0.5228217 0.007414281 0.8293921 0.5586139 -0.007692456 0.8033601 0.5952779 -0.01602554 0.781758 0.623379 -0.01590889 0.7668768 0.6416503 -0.01360076 0.7452332 0.6667649 -0.00721383 0.8651989 0.5011173 0.01767235 0.7160007 0.697606 -0.02624613 0.6853908 0.7267415 -0.04567545 0.6591113 0.7499766 -0.05574452 0.6376976 0.7679011 -0.06057858 0.7399857 0.6726086 -0.004358291 -0.9675142 0.2514723 -0.02603805 -0.9298394 0.3679525 -0.00311321 -0.9718577 0.2294062 -0.05353009 -0.9785425 0.1917544 -0.07539767 -0.9312739 0.3642408 0.007594525 -0.9391011 0.3432551 0.0162853 -0.9072978 0.4203746 0.009798049 -0.8802399 0.474486 0.006383895 -0.902521 0.430646 4.43269e-5 -0.9736789 0.2138161 -0.07894283 -0.9805024 0.1830813 -0.07138735 -0.9804959 0.1691146 -0.1001396 -0.9767976 0.2012059 -0.07336622 -0.9827535 0.1063237 -0.1512967 -0.9712594 0.2363026 -0.02857077 -0.8708661 0.4911983 0.01778548 -0.9812023 0.176499 -0.07803976 -0.9637872 0.2666726 -1.5516e-4 -0.9428586 0.3330415 -0.01005607 -0.9693281 0.2445511 -0.02444899 -0.9753823 0.2195665 -0.02049005 -0.9714986 0.2364134 -0.01729923 -0.9621043 0.2726339 -0.005105853 -0.962018 0.2715492 0.02797222 -0.9500218 0.3121241 0.006094157 -0.8110634 0.5821364 -0.05738735 -0.8350847 0.5494704 -0.0267499 -0.9110084 0.4116985 -0.0238353 -0.8487741 0.5281012 -0.02630126 -0.8357793 0.5489659 -0.01045435 -0.9662203 0.2574701 0.01128423 -0.9704803 0.2409452 0.01065164 -0.9091432 0.4139084 0.0462433 -0.8898222 0.4526785 0.0574339 -0.9738526 0.2266065 -0.01614147 -0.9799056 0.1936174 -0.04793184 -0.9469581 0.3185866 0.04210686 -0.9287163 0.3677965 0.04703116 -0.9997079 -0.01303118 -0.02035301 -0.8469218 0.5311763 0.02398669 -0.9227969 0.3850324 0.01399761 -0.8479542 0.529419 0.02625274 -0.9383056 0.3387447 0.06953233 -0.9445031 0.3188633 0.07899445 -0.921218 0.3821746 0.07280093 -0.903665 0.4258407 0.04527014 -0.8788068 0.4714113 0.07395946 -0.9771716 0.2077201 -0.04458755 -0.9829737 0.1787915 -0.04238277 -0.8859186 0.4526939 0.1010767 -0.8938137 0.4355678 0.106667 -0.9713745 0.2366062 0.02118963 -0.9737774 0.2272223 0.01129031 -0.9786318 0.06801503 -0.1940457 -0.9846464 0.1589791 -0.07209008 -0.9462983 0.320806 0.04004055 -0.9666776 0.2525006 0.04216551 -0.999041 8.78259e-4 0.04377472 -0.9913459 0.08861213 0.09685611 -0.9679533 0.2466349 0.04730415 -0.9887078 0.03480857 0.1457579 -0.9869504 0.1538838 -0.04741793 -0.9881265 0.03602647 0.1493594 -0.9856416 0.1396465 0.09491848 -0.9729062 0.2302707 0.0207079 -0.9860798 0.1406681 0.088651 -0.9783335 0.2061071 0.01958364 -0.9549837 0.2965983 0.005972623 -0.9105554 0.4106112 0.04782712 -0.8487192 0.5245724 0.06707775 -0.8566429 0.5088164 0.085258 -0.9773303 0.2026262 0.06138384 -0.9651114 0.2503601 0.07667988 -0.9593647 0.271911 0.07539165 -0.9860542 0.1380892 0.09288978 -0.9522636 0.2989347 0.06190389 -0.9828858 -0.02385938 0.182664 -0.3567575 -0.7752125 0.5213153 -0.9734035 0.2218047 0.05734485 -0.9774339 0.2032331 0.05761355 -0.9778503 0.2002347 0.06094837 -0.9692494 0.2380391 0.06239277 -0.9337171 0.3402984 0.1112182 -0.9510121 0.2930467 0.0984866 -0.9520685 0.3057949 0.007422327 -0.9004706 0.4243479 0.0952965 -0.9310155 0.3488262 0.1073799 -0.9880988 0.03187483 0.1504821 -0.9024381 0.407316 0.1403539 -0.9886564 0.03672277 0.1456365 -0.9274365 0.3410813 0.1533787 -0.9130797 0.3881681 0.1249437 -0.9515189 0.3075555 -0.004615783 -0.9529901 0.3029417 0.006021976 -0.9402492 0.3110146 0.1385689 -0.8617526 0.4991217 -0.09088397 -0.9480554 0.2849241 0.1414542 -0.9091674 0.4148769 -0.03594195 -0.9871284 0.1289008 0.09466886 -0.9798845 0.1988912 -0.01638644 -0.9865049 0.1394556 0.08579164 -0.9787691 0.2026232 0.0309 -0.9859192 0.164603 -0.02948409 -0.9063241 0.4180021 -0.0620557 -0.9085094 0.414073 -0.05616223 -0.8858925 0.4318256 0.1694731 -0.8967222 0.3972445 0.1951569 -0.9801344 0.1895016 0.05853056 -0.9842125 0.1768628 -0.006735205 -0.9780492 0.2024017 0.04953068 -0.9906923 0.03791898 0.1307325 -0.9876266 0.1567557 -0.004610478 -0.9848143 -0.0305804 0.1708967 -0.898386 0.3880059 0.2058011 -0.8507005 0.518665 -0.08541178 -0.9996261 -0.008664667 -0.02593576 -0.856106 0.4985114 0.1362677 -0.8551115 0.500862 0.1338717 -0.9241603 0.3700913 0.09465849 -0.9881464 0.1364178 0.07040506 -0.9908963 0.02856761 0.1315613 -0.9477592 0.2785971 0.1553587 -0.9572324 0.2893149 0.001792609 -0.9606187 0.2507885 0.1196529 -0.9753296 0.2080783 0.07372587 -0.9515722 0.3069511 -0.0170716 -0.9776197 0.2011528 0.06162244 -0.9794713 0.1909388 0.0646401 -0.7278183 0.6702235 -0.1451927 -0.7318565 0.6652211 -0.1478745 -0.7940487 0.597433 -0.1120732 -0.8246258 0.5261233 0.2078141 -0.8687431 0.4591962 0.1855376 -0.8668508 0.4648662 0.1801917 -0.7854683 0.5990602 -0.1554555 -0.8486725 0.5173793 -0.1098814 -0.9902331 0.1364101 -0.0288217 -0.8445711 0.5214303 -0.1216968 -0.9905214 0.1309506 -0.04146522 -0.7874208 0.5961246 -0.1568566 -0.7183313 0.6696636 -0.1885492 -0.9813813 0.1777307 0.07281905 -0.9142998 0.3997166 -0.06544196 -0.9052934 0.4173246 -0.07927227 -0.9897086 0.1222564 0.07436537 -0.979765 0.1975367 0.03224557 -0.9661861 0.221591 0.1318399 -0.9547596 0.2697622 0.12515 -0.9828178 0.1802853 0.03957659 -0.9543614 0.2974802 -0.02645415 -0.9710092 0.2147133 0.105068 -0.9916927 -0.01194536 0.1280737 -0.9745098 0.1949043 0.1110993 -0.9943402 0.04380851 0.09678995 -0.9403166 0.28032 0.1929392 -0.8377997 0.5125412 -0.1881309 -0.8414667 0.5205575 -0.1447533 -0.9567572 0.02194523 -0.2900586 -0.9936998 0.109495 -0.02390581 -0.855672 0.5025207 -0.123686 -0.9062376 0.3846099 0.1755236 -0.9082795 0.4072971 -0.09558928 -0.9345262 0.3077839 0.1786895 -0.9591697 0.2814736 -0.02768033 -0.7804615 0.5972487 -0.1848615 -0.7949153 0.581264 -0.1739024 -0.9749835 0.1884282 0.1179068 -0.9896796 0.1381146 0.03819477 -0.9138346 0.3476088 0.209939 -0.9288792 0.2905828 0.2296628 -0.99474 0.02302592 0.09981024 -0.922681 0.308313 0.2315227 -0.9173886 0.3877391 -0.08975791 -0.9391113 0.2704151 0.2120037 -0.8468661 0.508698 -0.1550617 -0.9469949 0.2441924 0.2087361 -0.9942862 -0.03180539 0.1018996 -0.8854292 0.3885727 0.2550027 -0.9969967 0.04470753 0.06323701 -0.9082474 0.3462366 0.2349611 -0.9805682 0.196157 0.002916216 -0.9921773 0.1165722 0.04466652 -0.9873249 0.1574108 0.02028632 -0.9918057 0.1249787 0.0264942 -0.9909332 0.1342744 0.004673302 -0.984718 0.1737261 0.01224046 -0.9557136 0.290216 -0.04884803 -0.8914839 0.343698 0.2951745 -0.8993892 0.3231491 0.294404 -0.8152904 0.5027503 0.2873042 -0.9977069 0.03319698 0.05898308 -0.8590209 0.4463148 0.2507713 -0.9904795 0.1373376 0.009417414 -0.8591294 0.4459318 0.2510806 -0.8411709 0.4704488 0.2666637 -0.7841056 0.5855396 -0.2057225 -0.8562684 0.4917072 -0.1582045 -0.9929702 0.1139671 0.03196334 -0.99651 -0.04090303 -0.0727657 0.458718 0.8304459 -0.316129 -0.8296703 0.4444482 0.3378064 -0.7176091 0.6592211 -0.2246438 -0.8685402 0.4022189 0.2895822 -0.7316192 0.6487364 -0.2094621 -0.8701916 0.3941719 0.2956265 -0.9097911 0.3954303 -0.1261554 -0.9983371 -0.001025259 0.05763673 -0.9981459 0.05008101 0.03459423 -0.9684797 0.1955769 0.1542617 -0.7321929 0.6337227 -0.2495778 -0.952353 0.2512208 0.1729504 -0.7998672 0.5661326 -0.1992642 -0.7196055 0.6508356 -0.2420354 0.2879974 0.9298666 0.2289226 -0.9945141 0.09870898 0.03461545 -0.9809917 0.1929349 -0.02077198 -0.9919419 0.1263051 0.009913504 -0.9959994 0.08883088 -0.00970304 -0.9846639 0.1348626 0.1106765 -0.9798327 0.1710413 0.1033088 -0.912088 0.3951126 -0.1094598 -0.9855159 0.1490657 0.08085769 -0.9605205 0.2738565 -0.04902052 -0.9640126 0.1801018 0.1955587 -0.9831193 0.1821021 -0.01775997 -0.9573873 0.2818033 -0.06321775 -0.957275 0.2185973 0.1893143 -0.9201631 0.3774389 -0.1041138 -0.8552126 0.4926087 -0.1610839 -0.91632 0.278019 0.2882066 -0.8990234 0.2985361 0.3203643 -0.9986931 0.04282915 0.02788937 -0.9897192 0.142381 -0.01354777 -0.9906516 0.1356309 -0.0146147 -0.9851347 0.1255548 0.1172422 -0.9726498 0.17379 0.154109 -0.979406 0.1569912 0.126955 -0.9319362 0.2469681 0.2655214 -0.9584256 0.2774749 -0.06654363 -0.9180553 0.3807466 -0.1104831 -0.9813543 0.1888535 -0.03574758 -0.9484266 0.211985 0.2356889 -0.979483 0.1974291 -0.04043281 -0.881345 0.3050867 0.3607673 -0.9220741 0.2355161 0.3071019 -0.999478 -0.01687109 0.02755284 -0.9084569 0.2940478 0.2970554 -0.7980071 0.5672115 -0.2036072 -0.8625937 0.47907 -0.1625549 -0.9997098 0.02067595 -0.01235562 -0.9407789 0.3231937 -0.1023768 -0.9353051 0.2115595 0.2836315 -0.9395321 0.1920176 0.2835641 -0.9199029 0.3763675 -0.1101189 -0.9762853 0.1374685 0.1672402 -0.9779534 0.1302701 0.1632083 -0.8677039 0.4736791 -0.1507248 -0.810396 0.5512725 -0.1983863 -0.9984458 0.05540066 -0.006052792 -0.9984412 0.05568867 -0.003725945 -0.9996445 0.0266056 -0.001784324 -0.9968744 0.06213247 0.0487957 -0.9991128 0.04168748 0.005975902 -0.9869896 0.1061171 0.1207927 -0.9947545 0.0916413 0.04544591 -0.9969816 0.07621407 -0.0148034 -0.9575524 0.27906 -0.07224303 -0.8873478 0.2557232 0.383692 -0.8780307 0.2765184 0.3906402 -0.8547704 0.3724834 0.3614191 -0.9559725 0.2835002 -0.07579064 -0.8188987 0.4099938 0.4016342 -0.8544375 0.3744652 0.360156 -0.9958997 0.08235597 -0.03743243 -0.9984686 -0.01168876 -0.05407291 -0.8547609 0.3296267 0.4009116 -0.9972354 0.06928831 -0.02684408 -0.8266953 0.3435724 0.4455701 -0.8560946 0.3170888 0.4081135 -0.9856494 0.1003512 0.1357384 -0.9791187 0.1067522 0.173005 -0.988501 0.1463828 -0.0379194 -0.9864197 0.1582592 -0.04393351 -0.966243 0.1492074 0.2100274 -0.9528525 0.1913596 0.2354859 -0.9206422 0.3751407 -0.1081082 -0.9200897 0.3762941 -0.1088012 -0.976643 0.206596 -0.05904722 -0.9879373 0.06663727 0.1397832 -0.9969272 0.05748152 0.05321663 -0.9762715 0.1045956 0.1896143 -0.9773325 0.2036545 -0.05784338 -0.8684334 0.4718155 -0.1523603 -0.8955473 0.2640307 0.358166 -0.9204629 0.1978826 0.337032 -0.8191402 0.5443956 -0.1806733 -0.9842923 0.1662265 -0.05947667 -0.9562398 0.149856 0.251294 -0.9845957 0.1647912 -0.05844032 -0.9604082 0.121581 0.2506676 -0.9592124 0.1154942 0.258017 -0.9473689 0.3045253 -0.0987752 -0.8979531 0.2231851 0.3793003 -0.9049749 0.173512 0.3884766 -0.9741691 0.2146871 -0.07002949 -0.9247533 0.1819857 0.3342345 -0.9737467 0.2162947 -0.07095032 -0.9408749 0.1566796 0.300343 -0.8209794 0.5417637 -0.1802356 -0.8835319 0.2116752 0.4178097 -0.8576813 0.2405998 0.4544168 -0.9958019 0.06042367 -0.06875753 -0.7603722 0.6092129 -0.2251527 -0.8345931 0.294171 0.4657443 -0.7821462 0.3181646 0.5357412 -0.7443622 0.6234481 -0.2392432 -0.8354676 0.2827622 0.4712106 -0.7715294 0.6026825 -0.2037551 -0.9931015 0.1010361 -0.05950659 -0.9872627 0.06218051 0.146445 -0.9786757 0.06668829 0.1942847 -0.9949965 0.08520191 -0.05217832 -0.8570094 0.1974494 0.4759713 -0.9908398 0.1119985 -0.07544982 -0.8615208 0.1823233 0.4738566 -0.9554687 0.2842418 -0.07928544 -0.9258792 0.1398041 0.3510023 -0.9295247 0.1252831 0.3468256 -0.9523165 0.2931415 -0.08462488 -0.9981818 0.01894551 0.05722028 -0.9979394 0.0295602 0.05694848 -0.8760174 0.4627636 -0.135806 -0.9980977 0.02724015 0.05530852 -0.8326886 0.5308816 -0.1574621 -0.988385 0.0314567 0.1486798 -0.8727245 0.4677078 -0.1400053 -0.9907022 0.1126684 -0.07625621 -0.9772889 0.06432741 0.2019119 -0.9982669 -0.007033467 -0.05842751 -0.8278163 0.2422321 0.5060077 -0.7840719 0.2546974 0.5660039 -0.9621842 0.2553884 -0.0947532 -0.8281298 0.2316049 0.5104508 -0.9933019 0.07906597 -0.08426141 -0.9882115 0.1257779 -0.08728069 -0.9550505 0.09629106 0.2803686 -0.9278254 0.1061887 0.3575807 -0.9502248 0.2988168 -0.08821302 -0.9541528 0.2885941 -0.07940936 -0.9424143 -0.2914003 0.1641377 -0.9881626 0.02079671 0.1519938 -0.9879866 0.02916377 0.1517627 -0.8306857 0.5339687 -0.157603 -0.9784174 0.02983808 0.2044726 -0.9779284 0.01253664 0.2085642 -0.9776149 0.03147828 0.2080343 -0.9775766 0.1936568 -0.0827108 -0.9802946 0.1833447 -0.07353377 -0.8802139 0.1887932 0.4354087 -0.9816371 0.1769675 -0.07121282 -0.9037048 0.1368414 0.4056994 -0.9240831 0.3692487 -0.09862011 -0.9172914 0.3841131 -0.1050407 -0.9195096 0.0978409 0.3806958 -0.8848006 0.1047487 0.4540436 -0.8809142 0.1068291 0.4610617 -0.8795172 0.1425237 0.4540226 -0.9567515 0.05731314 0.2852048 -0.972324 0.2209568 -0.07592284 -0.9689188 0.2342996 -0.07937264 -0.9534871 0.07219028 0.2926619 -0.8312789 0.1614737 0.531885 -0.8325019 0.1159273 0.5417577 -0.8586092 0.1413952 0.4927451 -0.9783198 0.1914685 -0.07893162 -0.7969204 0.1885452 0.5739063 -0.9683045 0.2362309 -0.08112579 -0.7966548 0.2064903 0.5680694 -0.7433862 0.207254 0.6359425 -0.924191 0.3713159 -0.08941829 -0.919951 0.3802157 -0.09553116 -0.7414686 0.1564105 0.6525028 -0.7914397 0.1434885 0.5941669 -0.9964592 0.08129936 -0.02143627 -0.790157 0.5875727 -0.1743854 -0.7577226 0.6169019 -0.2128111 -0.7726986 0.6001567 -0.2067582 -0.827439 0.1064857 0.5513671 -0.9162718 0.06487131 0.3952693 -0.9208106 0.05704945 0.3858149 -0.8247449 -0.484592 0.2914901 -0.9685067 0.2363577 -0.0782932 -0.9535465 0.01420277 0.300911 -0.9547731 0.02615696 0.2961826 -0.9532434 0.0335108 0.30034 -0.9884395 0.1255825 -0.08494865 -0.8689039 0.07894712 0.4886443 -0.9761328 0.199487 -0.08584791 -0.8273513 0.0846349 0.5552717 -0.9839915 0.1468049 -0.1010389 -0.9889125 0.1069704 -0.1030022 -0.9147655 0.009891748 0.403864 -0.9169225 0.0256713 0.3982388 -0.9864302 0.1202253 -0.11181 -0.9145922 0.02951562 0.4032986 -0.9733898 0.2060816 -0.1002132 -0.9680486 0.2378046 -0.07956576 -0.8110937 0.07799863 0.5796924 -0.9953281 -0.008723914 -0.09615546 -0.7558844 0.1667307 0.633119 -0.9759099 0.2028665 -0.08028149 -0.7895287 0.1015413 0.6052551 -0.7561194 0.1171429 0.6438642 -0.9941944 -0.01055616 -0.1070793 -0.8729035 0.471964 -0.1236511 -0.8872865 0.448171 -0.1089287 -0.8626555 0.06384342 0.5017464 -0.8690602 0.04341435 0.4927977 -0.8109426 0.04721701 0.5832175 -0.9474186 0.309665 -0.0806564 -0.7487251 0.08389574 0.6575502 -0.9555553 0.2855039 -0.07349538 -0.7481176 0.068201 0.6600521 -0.9440951 0.3176465 -0.08823412 -0.7514163 0.06784796 0.6563308 -0.8028977 0.04203236 0.5946331 -0.8172278 -0.2641792 0.5121994 -0.85972 0.01144838 0.5106373 -0.8596157 0.02868247 0.5101355 -0.8628846 0.01838773 0.5050665 -0.966131 0.2467572 -0.07551062 -0.98486 0.1462094 -0.09313178 -0.8026292 0.01722425 0.5962296 -0.7985206 0.02016323 0.6016297 -0.7984884 0.005941092 0.6019809 -0.9737755 0.2105261 -0.08625704 -0.9972345 -0.001052558 -0.07431149 -0.7500456 0.04316109 0.6599763 -0.7269877 0.04467087 0.6851959 -0.7270054 0.04525882 0.6851384 -0.9948 -0.001495182 -0.1018369 -0.7897962 0.5888963 -0.1715323 -0.716337 0.01876479 0.697502 -0.7163397 0.01886624 0.6974966 -0.91672 0.3838187 -0.1109392 -0.7107267 1.29858e-4 0.7034683 0.0185697 0.007649123 0.9997984 -0.8367476 0.532595 -0.1272639 -0.7111367 0.006845295 0.7030204 -0.7111248 0.005623936 0.7030433 -0.8498496 0.5131059 -0.1203243 -0.8916064 0.4444251 -0.08674299 -0.880586 0.4623424 -0.1039599 -0.9489977 0.3066674 -0.07319962 -0.9526736 0.2970882 -0.06443321 -0.9799944 0.1688747 -0.1053201 -0.9838789 0.1507584 -0.09619939 -0.9248744 0.3749584 -0.06335192 -0.9153435 0.3940968 -0.0826686 -0.9295325 0.3613503 -0.07345354 -0.8503494 0.5173094 -0.09642022 -0.8563793 0.5082796 -0.09092009 -0.9787723 0.1738378 -0.1085606 -0.9761978 0.1900767 -0.1044456 -0.96726 0.2431669 -0.07264989 -0.9734441 0.2157349 -0.07658416 -0.9810265 0.1540275 -0.1177393 -0.9265801 0.3721325 -0.05446761 -0.9747595 0.2109077 -0.07322424 -0.9701434 0.2286177 -0.08096849 -0.9646108 0.2554787 -0.06524312 -0.9295284 0.3655952 -0.04813569 -0.9501057 0.3067058 -0.0568391 -0.9515272 0.3028512 -0.0536375 -0.9640328 0.2584432 -0.06203055 -0.9675654 0.2457914 -0.05834239 -0.9721643 0.221562 -0.07620227 -0.9802576 0.1755937 -0.09089493 -0.9752205 0.1961688 -0.1022873 -0.9804739 0.1753253 -0.08906114 -0.9260159 0.3757128 -0.03653204 -0.8765111 0.4745265 -0.08095067 -0.9027277 0.4262735 -0.05808252 -0.9814103 0.1483625 -0.1217474 -0.9807496 0.1552705 -0.1184109 -0.9759131 0.1942116 -0.09937632 -0.9995306 0.02883231 -0.0103569 -0.8176676 0.5634835 -0.1179237 -0.9262216 0.3686509 -0.07880491 -0.7967678 0.5887124 -0.1363041 -0.8175891 0.5673362 -0.09837669 -0.9047123 0.4251797 -0.02679163 -0.8887611 0.4554592 -0.05158036 -0.8998787 0.4351075 -0.02999764 -0.9708972 0.2324779 -0.05755639 -0.9692558 0.2383849 -0.06095904 -0.9529494 0.3014971 -0.03141367 -0.9342078 0.3562027 -0.01937741 -0.9788292 0.1766441 -0.1033946 -0.8492643 0.5243404 -0.06178438 -0.8714714 0.487404 -0.05454403 -0.8703658 0.4918949 -0.02242004 -0.9734492 0.2233543 -0.05009591 -0.8097957 0.5814146 -0.07866382 -0.8252569 0.5596051 -0.07611376 -0.9587343 0.2837167 -0.01825582 -0.9463685 0.3207293 -0.03897792 -0.970229 0.237473 -0.0475642 -0.9606843 0.2744293 -0.0421217 -0.9654882 0.2583943 -0.03263205 -0.8699523 0.4929179 -0.01465415 0.8990697 0.4374057 -0.0187059 0.9017258 0.4320983 -0.01347345 0.8786094 0.4774609 -0.008753418 0.9706672 0.2276478 -0.07734113 0.9792225 0.1936697 -0.06012773 0.9315406 0.3635978 0.005356132 0.9398939 0.341274 0.01146864 0.8574218 0.514248 -0.01941317 0.8404066 0.540757 -0.03603905 0.8686941 0.4953489 -5.82883e-5 0.9067628 0.4216068 0.005368173 0.9099406 0.414565 0.01200038 0.8803427 0.4737744 0.02311879 0.9640519 0.2650082 -0.01935803 0.9701274 0.2413111 -0.02493476 0.9402167 0.3397701 0.02342343 0.9574908 0.2884587 0.001766145 0.9521132 0.3056015 -0.00940001 0.9807032 0.1721946 -0.09257614 0.982271 0.09596669 -0.1610406 0.8174846 0.5741797 -0.04512822 0.8274836 0.5597361 -0.04434502 0.9997375 0.01857352 -0.0134195 0.8061009 0.5887175 -0.06011027 0.8791174 0.4755803 0.03124225 0.9795974 0.1949639 -0.04876458 0.9706046 0.2405958 -0.006364464 0.9654277 0.2606693 -9.17901e-4 0.9368042 0.3473029 0.04217249 0.9544062 0.298366 0.009307444 0.9602021 0.278481 0.02145302 0.9414564 0.3331133 0.05191606 0.8169819 0.5763939 -0.0176233 0.8344608 0.5510671 -4.12583e-4 0.8349287 0.550358 -4.34891e-4 0.9108945 0.4104874 0.04208648 0.908399 0.4164675 0.0369594 0.8897623 0.4532168 0.0540148 0.8443138 0.5358299 0.004520893 0.8680873 0.4959795 0.02070945 0.8608624 0.5074526 0.0375238 0.8376511 0.5455481 0.02679699 0.9819309 0.1761313 -0.06920647 0.9410282 0.3312528 0.06882971 0.9735089 0.2243422 -0.04416906 0.9687911 0.2424231 -0.05172032 0.9819366 0.1840935 -0.04370212 0.8799217 0.4702665 0.06772941 0.8710734 0.4858115 0.07223755 0.865383 0.4975648 0.0595116 0.9149492 0.3982552 0.06527423 0.9183091 0.3891434 0.07263565 0.8919303 0.4424018 0.09349411 0.9606113 0.2742285 0.04499852 0.9721881 0.2338813 0.01223832 0.9661131 0.2570691 0.02325975 0.8890026 0.4457073 0.1049741 0.9813766 0.1913557 -0.01682311 0.9840133 -0.02579617 0.1762169 0.9487353 0.3040995 0.08616787 0.9892767 0.07725584 0.1239477 0.936935 0.3377287 0.08995717 0.9898653 0.08848643 0.1110717 0.9998055 -0.005013406 -0.01907622 0.8533639 0.5193518 0.04520821 0.8298222 0.5557953 0.04986763 0.8381444 0.541106 0.06869024 0.954967 0.2965927 0.008411288 0.9454334 0.3075103 0.1076718 0.9503019 0.3080233 0.04525488 0.9782079 0.1976482 0.06359624 0.9662017 0.2512639 0.05762553 0.9893473 0.07720851 0.123413 0.9761129 0.05769979 -0.2094616 0.9856587 0.1565013 -0.06312286 0.9786745 0.1953408 0.06354528 0.9682088 0.2458381 0.04621016 0.9782952 0.1981033 0.0607745 0.677715 -0.5755133 0.4576975 0.9731572 0.2272514 0.03635698 0.8991305 0.4183573 0.1286136 0.9824269 -0.02728909 0.1846422 0.919314 0.3784115 0.1080117 0.9165251 0.3867859 0.1018751 0.9535689 0.3010321 0.009271085 0.9845196 -0.0233336 0.1737151 0.8658762 0.4900084 0.1007474 0.8727858 0.4740142 0.1164281 0.841416 0.5325277 0.09183311 0.8484249 0.5179053 0.1093124 0.9544641 0.2981964 0.008785963 0.7074649 0.6951038 0.1277652 0.9530764 0.3027219 -0.002223193 0.86189 0.4992008 -0.0891301 0.9436056 0.3048247 0.1291918 0.911177 0.4105938 -0.03419673 0.8896652 0.4321455 0.1474657 0.9892903 0.07042777 0.127846 0.9898726 0.07813417 0.1185212 0.8750645 0.4624462 0.1428483 0.8802906 0.4480772 0.1559337 0.9905061 0.07418024 0.1157365 0.920476 0.3672943 0.1334874 0.9105302 0.4099082 -0.0539447 0.9241907 0.3544672 0.1422133 0.9085242 0.4136193 -0.05918538 0.9001851 0.3997988 0.1727073 0.9789052 0.1973609 0.05285173 0.9846072 0.1744676 -0.01047205 0.9808925 0.1846539 0.06126099 0.9803845 0.197094 -1.70883e-4 0.9740277 0.2262196 -0.009732663 0.9808155 0.1897441 0.04469859 0.9912959 0.07281482 0.1096834 0.9884364 0.146812 -0.03794419 0.9676526 0.2390707 0.08058357 0.9819024 0.1835912 0.04649686 0.950968 0.2998336 0.07589268 0.8530648 0.5149711 -0.08417326 0.8490006 0.5169872 -0.1091894 0.7962195 0.5947149 -0.1111249 0.9586791 0.284448 0.004863321 0.9695141 0.2331452 0.07540351 0.9751963 0.2132827 0.05918282 0.9569446 0.2899357 -0.01393693 0.8952116 0.4036482 0.1888502 0.9531197 0.3022431 -0.01456028 0.9996914 -0.004385948 -0.02445077 0.8402667 0.5239194 0.1395003 0.8490206 0.5148649 -0.1186524 0.8484842 0.50424 0.1606749 0.7316163 0.6569407 0.1821169 0.7873147 0.5964452 -0.1561688 0.9507558 0.2734602 0.1458867 0.7902463 0.5934594 -0.1526985 0.9388245 0.3067384 0.1565888 0.9163388 0.3954123 -0.0630272 0.9240363 0.3373867 0.1797973 0.920817 0.3499997 0.1720354 0.9075093 0.4130548 -0.07624006 0.9034157 0.3735532 0.2104712 0.7028583 0.6950089 -0.1515022 0.7308805 0.664332 -0.1564502 0.9532486 0.2834858 0.1046565 0.7568072 0.6399051 -0.1332828 0.9676343 0.2275943 0.1090174 0.9579904 0.2859328 -0.02229088 0.8748133 0.445547 0.1902354 0.9122063 0.4009086 -0.08456897 0.8805337 0.4272609 0.2052036 0.7507566 0.6373161 -0.1737604 0.7464026 0.6402367 -0.1816041 0.8488355 0.4938964 0.1885332 0.6915165 0.6933789 -0.20256 0.8112741 0.5451846 0.2112066 0.9153845 0.393553 -0.08477699 0.9839155 0.1771197 0.02321749 0.9852021 0.169513 0.025339 0.8047845 0.5536707 -0.2139408 0.9906321 -0.01002722 0.1361886 0.8941022 0.3821486 0.2335461 0.8439599 0.5170238 -0.1428921 0.8582909 0.4986823 -0.121049 0.8518186 0.503453 -0.1447072 0.9768354 0.1947509 0.08868306 0.9937406 -0.02475345 0.1089358 0.9718213 0.2109003 0.1052832 0.7828645 0.5947247 -0.1828266 0.7971694 0.5786161 -0.1724079 0.9395726 0.2847635 0.1900339 0.949559 0.2562766 0.180721 0.8530407 0.4982258 -0.1552178 0.7886635 0.5821409 -0.1977923 0.8795443 0.4128822 0.2364957 0.8832944 0.3981506 0.2475221 0.9602223 0.02549737 -0.2780703 0.9924085 0.1188348 -0.03168016 0.9934546 0.04360258 0.1055787 0.9937653 0.08742362 0.06919163 0.9221073 0.3259735 0.2084687 0.9957167 0.07182413 0.05822038 0.9250558 0.3123603 0.2161084 0.9018382 0.3486988 0.2551411 0.7946867 0.5742791 -0.1966636 0.7588722 0.6212118 -0.1954712 0.7408632 0.6375563 -0.2112908 0.953701 0.2659626 0.1404216 0.7494913 0.6237795 -0.2217248 0.9683566 0.2097139 0.1352981 0.9866774 0.1597468 0.03080052 0.980376 0.1969292 0.009045362 0.8943302 0.3515577 0.2767323 0.9875853 0.1510475 0.04312688 0.9883196 0.1457906 0.0443778 0.9829689 0.1835108 -0.009799063 0.9770635 0.1794914 0.1145846 0.9960889 0.07857 0.04041898 0.9835289 0.1804748 -0.009991228 0.9995225 -0.004999637 -0.03049653 0.827231 0.4992591 0.2577385 0.838046 0.4991462 0.2202999 0.8622278 0.4513198 0.229943 0.7028908 0.6614265 -0.2616476 0.8528631 0.4505029 0.2639539 0.9749202 0.1794515 0.1316356 0.7539983 0.6164028 -0.2270113 0.3313739 0.8882467 -0.3181338 0.6987347 0.6768594 -0.2315843 0.7057444 0.6713549 -0.2262906 0.4437479 0.8953397 -0.03814065 0.6954276 0.6723233 -0.2536965 0.8998007 0.4149529 -0.1348062 0.9977312 0.001224994 0.06731325 0.8767229 0.386937 0.2857217 0.8802762 0.3699367 0.297087 0.9535263 0.2964826 -0.05371838 0.9218734 0.2891348 0.2579737 0.9664602 0.2558158 -0.02264952 0.9193398 0.3029141 0.2511123 0.9006804 0.3174921 0.2966033 0.9601424 0.2740663 -0.05490332 0.9092603 0.4012694 -0.110583 0.9490755 0.2325552 0.212541 0.9370492 0.2623125 0.2305019 0.9259278 0.3668976 -0.089688 0.9988991 0.04566705 -0.01072448 0.9956757 0.09143757 -0.01640522 0.849078 0.4369579 0.2968742 0.9591072 0.2760299 -0.06261813 0.8534716 0.4166066 0.3130896 0.9202516 0.3762583 -0.1075487 0.8294051 0.4611937 0.3152577 0.9991253 -0.01535147 0.0388984 0.8888285 0.3225078 0.3255343 0.9205896 0.3750577 -0.1088405 0.9613362 0.2007547 0.1884946 0.9951113 0.09840035 0.008425712 0.9550222 0.2380325 0.1768419 0.9676234 0.1878503 0.1685742 0.9975764 0.05584681 0.04150122 0.874987 0.3513665 0.3330756 0.8776314 0.3348822 0.3429534 0.9958492 0.09095668 -0.003338336 0.9803265 0.1945798 -0.03314685 0.8940696 0.287478 0.3435055 0.9193065 0.2599005 0.2955119 0.9838194 0.1774449 -0.02475208 0.989902 0.1257647 0.06540191 0.9914698 0.1112242 0.06794828 0.9336165 0.3418379 -0.1072712 0.9998467 0.01750445 2.25901e-4 0.9991959 -0.007903039 -0.03930693 0.8391445 0.4101501 0.3572304 0.8476874 0.5020627 -0.1713452 0.8428791 0.4059583 0.3532035 0.8467556 0.3825469 0.3696792 0.871662 0.4682347 -0.1447814 0.8688322 0.47135 -0.1515247 0.9346312 0.2302501 0.2710156 0.9953241 0.09514474 -0.01665043 0.9458359 0.2047322 0.2519503 0.978942 0.1976246 -0.05115598 0.8144232 0.547246 -0.1929678 0.8840009 0.2869937 0.3690215 0.7899202 0.5764799 -0.209038 0.9750427 0.1526192 0.1612426 0.9794137 0.195329 -0.05094444 0.9797807 0.1418756 0.1410713 0.9397432 0.1910594 0.2835118 0.8676133 0.4720782 -0.1561712 0.9621331 0.1624468 0.2188858 0.8177675 0.5446012 -0.1861873 0.9612396 0.1702755 0.2168516 0.866483 0.3170884 0.3855674 0.8684511 0.3008639 0.3940476 0.8185372 0.5433259 -0.1865314 0.8375916 0.3641197 0.4072557 0.9605041 0.2706022 -0.06485742 0.2387743 0.6276301 0.7409908 0.9563559 0.2812442 -0.0792787 0.9566195 0.2820699 -0.07290947 0.9039135 0.2865582 0.3175294 0.924063 0.2194466 0.3129707 0.999252 0.02386713 -0.0304259 0.9111173 0.237377 0.3369235 0.9949433 0.05512714 0.08395749 0.7813787 0.5863171 -0.213728 0.787128 0.5825483 -0.20265 0.9923875 0.09467041 0.07876968 0.7507787 0.6174181 -0.2347896 0.9206238 0.375003 -0.1087408 0.9337019 0.1826094 0.3079848 0.9218114 0.3724539 -0.1074326 0.8889276 0.239955 0.3901659 0.8712817 0.2639752 0.4137454 0.9953013 0.09356743 -0.02491092 0.9770843 0.1133188 0.1801808 0.9925006 0.1153549 -0.04044526 0.9796226 0.107553 0.1696227 0.9522281 0.2896093 -0.09689158 0.997006 0.0526092 -0.05666881 0.8585047 0.2766849 0.4317584 0.7487452 0.6311846 -0.2024515 0.9987831 -0.008130669 -0.04864275 0.7869299 0.5819053 -0.20525 0.8202629 0.3575878 0.4464298 0.8428415 0.3076034 0.4415861 0.9564688 0.2811859 -0.07811403 0.2494273 0.5339379 0.8078963 0.9231798 0.3700444 -0.1039531 0.958214 0.1374576 0.2508609 0.9761532 0.2072035 -0.06474262 0.9763022 0.2065744 -0.06450611 0.9035124 0.194729 0.3817667 0.9028123 0.2028986 0.3791597 0.7390944 0.6293161 -0.2402099 0.7487648 0.6245111 -0.2221193 0.8757214 0.2115659 0.4339953 0.7177985 0.648639 -0.2530471 0.7486381 0.6341839 -0.1932663 0.8598396 0.209017 0.4658195 0.9221782 0.372759 -0.1031414 0.8400621 0.2732514 0.4686462 0.8616949 0.2259763 0.454331 0.8438372 0.2167202 0.4908882 0.8085611 0.3114865 0.4992045 0.9900538 0.1273046 -0.05989205 0.6669449 0.3456746 0.6600709 0.8269436 0.2654766 0.4956678 0.9916626 0.1173184 -0.05330848 0.9949949 0.06453514 -0.07629162 0.9373322 0.1393287 0.319368 0.9253842 0.1575073 0.3447543 0.8739084 0.4649891 -0.1416659 0.8954657 0.1603743 0.4152363 0.8725879 0.4670159 -0.1431303 0.8615389 0.1748063 0.4766482 0.8955894 0.1581368 0.4158275 0.8805789 0.4566822 -0.1265795 0.9555038 0.1242715 0.267524 0.9734836 0.2163016 -0.07445263 0.9610754 0.09817808 0.2582541 0.8478479 0.169467 0.502429 0.9718826 0.2227168 -0.07643032 0.9635984 0.2498301 -0.09520041 0.9923225 0.08367639 -0.09107303 0.8256028 0.1908019 0.5310128 0.8259069 0.1767827 0.5353744 0.9290699 0.101584 0.3556822 0.9562621 0.2817071 -0.07876437 0.9517987 0.2941771 -0.08682763 0.9224459 0.1132918 0.3691322 0.8270729 0.5368776 -0.1664718 0.828933 0.5343489 -0.1653528 0.9985311 -0.005242407 -0.05392616 0.7883546 0.2046288 0.5801933 0.6672106 0.2746688 0.6923779 0.7872226 0.2660297 0.5563352 0.8115673 0.2190206 0.5416535 0.988077 0.136499 -0.0712167 0.9590895 0.05946558 0.2767869 0.9938774 0.01099848 0.1099406 0.9880765 0.1365017 -0.07121849 0.9847532 0.1519196 -0.08474379 0.9933547 0.03614467 0.1092707 0.9806465 0.05297994 0.1884821 0.882001 0.1138867 0.457279 0.8817251 0.1218444 0.4557573 0.9712914 0.2246422 -0.0782867 0.8487256 0.1305977 0.5124542 0.7221176 0.1069435 0.6834539 0.8098297 0.1497097 0.5672414 0.9693839 0.2319507 -0.08058351 0.781744 0.1868447 0.5949499 0.7642198 0.1776226 0.6200147 0.7638748 0.161264 0.6248913 0.7815575 0.1722247 0.5995887 0.9261052 0.3654897 -0.09352332 0.828445 0.126137 0.5456817 0.9194011 0.3804468 -0.09980934 0.8097736 0.1299481 0.5721716 0.8814798 0.4568948 -0.1193335 0.8437426 0.51948 -0.1350523 0.8287539 0.08941751 0.5524232 0.8739651 0.08268833 0.4789025 0.9893702 0.1034235 -0.1022261 0.9244278 0.05277639 0.3776879 0.954915 0.01443862 0.2965278 0.8437433 -0.4519726 0.2895137 0.9541468 0.04801642 0.2954628 0.840435 0.5249105 -0.1346772 0.8173676 0.08363604 0.5700132 0.8012145 0.5714659 -0.1774321 0.7993486 0.5736577 -0.17877 0.7858852 0.1065716 0.6091198 0.8193643 0.5553605 -0.1421863 0.9159248 0.04865628 0.3983898 0.8740965 0.05289947 0.4828633 0.9478602 0.3060408 -0.08888256 0.9166123 0.01006704 0.3996506 0.955781 0.2841592 -0.07573843 0.674686 0.0250467 0.7376797 0.7723136 0.08853709 0.6290411 0.9814831 0.1672191 -0.09342837 0.7850264 0.06542491 0.6159976 0.9856656 0.1490504 -0.07903969 0.7344905 0.09258872 0.6722732 0.7132534 0.1169149 0.6910865 0.7118624 0.07131975 0.6986884 0.7347133 0.1019752 0.6706693 0.8294777 -0.2285178 0.5096531 0.9719905 0.2131068 -0.09909546 0.8167827 0.03869509 0.5756464 0.986826 0.1172309 -0.1114957 0.8618239 0.03622257 0.5059124 0.8620578 0.01172989 0.5066742 0.801074 0.006113469 0.5985341 0.9664329 0.2439453 -0.08061128 0.8009541 0.03556978 0.5976684 0.7530931 0.006660163 0.6578802 0.9702682 0.2291154 -0.07801157 0.7529027 0.004700362 0.6581151 0.6723821 0.005129456 0.7401865 0.6695542 0.02779114 0.7422431 0.9842616 0.1561288 -0.0827831 0.7707913 0.02524763 0.6365873 0.752998 0.03740411 0.6569588 0.9791655 0.1773009 -0.09899199 0.9281281 0.3635666 -0.07998424 0.919342 0.3836513 -0.08730375 0.9685517 0.2372148 -0.0750789 0.9662298 0.2456659 -0.07776999 0.9553719 0.2870332 -0.06983333 0.9465197 0.3111058 -0.08551949 0.8177962 0.5587698 -0.1377887 0.7787203 0.6156074 -0.1209228 0.7935422 0.5895746 -0.1506405 0.7758977 0.6030801 -0.1851413 0.7669293 0.6126508 -0.1909934 0.7913414 0.5936694 -0.1460666 0.8771302 0.4666011 -0.1136931 0.8924234 0.4408356 -0.09614819 0.9831893 0.1421111 -0.1146439 0.9291694 0.3636993 -0.06608349 0.9215785 0.3812133 -0.07327663 0.8442393 0.5244608 -0.1104571 0.8560892 0.5061691 -0.1044232 0.9823642 0.1673992 -0.08329427 0.9678778 0.2404104 -0.07359069 0.9818297 0.1484194 -0.1182455 0.9784142 0.1751145 -0.1097295 0.9654133 0.2517307 -0.06788843 0.9568864 0.2841722 -0.06012159 0.929642 0.3641538 -0.05619442 0.9438854 0.3209186 -0.07804846 0.9744237 0.2008879 -0.1007097 0.9740713 0.2021675 -0.1015543 0.9823723 0.1673642 -0.08327007 0.9681575 0.2426998 -0.06138241 0.9645501 0.2562063 -0.0632562 0.9501101 0.3061711 -0.05958086 0.9565664 0.2873222 -0.04926037 0.9456791 0.3176637 -0.06914234 0.8803396 0.4656827 -0.09023237 0.8998237 0.4309255 -0.06797361 0.9255931 0.3755741 -0.04713141 0.8371614 0.5376158 -0.1006478 0.8206133 0.560125 -0.1133747 0.9793177 0.1679556 -0.1128177 0.8664271 0.4946324 -0.06813812 0.8527252 0.5170809 -0.07407665 0.92667 0.3739303 -0.03819668 0.933466 0.3573567 -0.03061723 0.9716322 0.2159505 -0.09641689 0.9800836 0.1831167 -0.07684141 0.8855727 0.4595113 -0.06789916 0.8985903 0.4366868 -0.04289662 0.9040631 0.4251947 -0.0433529 0.9796347 0.1665573 -0.1121361 0.9822516 0.1360626 -0.1291074 0.9692422 0.2404591 -0.05243116 0.9631493 0.2641767 -0.05053752 0.954286 0.2969666 -0.03389817 0.9346006 0.3550407 -0.02162796 0.872035 0.4880382 -0.03706425 0.8616243 0.5057771 -0.04234576 0.9798376 0.1869242 -0.070553 0.9711209 0.2210991 -0.08966237 0.9670839 0.2509235 -0.04226231 0.7835252 0.6101173 -0.1176655 0.7945852 0.5971024 -0.1100148 0.8304508 0.552435 -0.07188123 0.8504222 0.5230678 -0.0564115 0.9663131 0.2552347 -0.03308111 0.9460975 0.3211472 -0.04199844 0.9598914 0.2795912 -0.02091008 0.9519522 0.3047569 -0.03017109 0.93075 0.3655728 -0.007806539 0.9786136 0.1817312 -0.09638112 0 -1 0 0 -1 0 0 -1 0 0 -1 0 0 -1 0 0 -1 0 0 -1 0 0 -1 0 0 -1 0 0 -1 0 0 -1 0 0 -1 0 0 -1 0 0 -1 0 0 -1 0 0 -1 0 0 -1 0 0 -1 0 0 -1 0 0 -1 0 0 -1 0 0 -1 0 0 -1 0 0 -1 0 0 -1 0 0 -1 0 0 -1 0 0 -1 0 0 -1 0 0 -1 0 0 -1 0 0 -1 0 0 -1 0 0 -1 0 0 -1 0 0 -1 0 0 -1 0 0 -1 0 0 -1 0 0 -1 0 0 -1 0 0 -1 0 0 -1 0 0 -1 0 0 -1 0 0 -1 0 0 -1 0 0 -1 0 0 -1 0 0 -1 0 0 -1 0 0 -1 0 0 -1 0 0 -1 0 0 -1 0 0 -1 0 0 0 -1 0 0 -1 0 0 -1 0 0 -1 0 0 -1 0 0 -1 0 0 -1 0 0 -1 0 0 -1 0 0 -1 0 0 -1 0 0 -1 0 0 -1 0 0 -1 0 0 -1 2.43568e-6 -1.30866e-6 -1 0 0 -1 3.89959e-6 -4.9528e-6 -1 3.82284e-6 -5.10537e-6 -1 0 0 -1 0 0 -1 0 0 -1 -1.02663e-6 -2.27906e-6 -1 0 0 -1 0 0 -1 0 0 -1 0 0 -1 0 0 -1 0 0 -1 0 0 -1 0 0 -1 0 0 -1 0 0 -1 0 0 -1 0 0 -1 0 0 -1 0 0 -1 0 0 -1 0 0 -1 0 0 -1 0 0 -1 0 0 -1 0 0 -1 0 0 -1 0 0 -1 0 0 -1 0 0 -1 0 0 -1 0 0 -1 0 0 -1 0 0 -1 0 0 -1 0 0 -1 0 0 -1 0 0 -1 0 0 -1 0 0 -1 0 0 -1 0 0 -1 0 0 -1 0 0 -1 0 0 -1 0 0 -1 0 0 -1 0 0 -1 0 0 -1 0 0 -1 0 0 -1 0 0 -1 0 0 -1 0 0 -1 0 0 -1 1.92484e-7 -2.73204e-6 -1 -3.90013e-6 -4.95348e-6 -1 0 0 -1 -4.65668e-6 -3.44889e-6 -1 0 0 -1 0 0 -1 0 0 -1 0 0 -1 0 0 -1 0 0 -1 0 0 -1 0 0 -1 0 0 -1 0 0 -1 0 0 -1 0 0 -1 0 0 -1 0 0 -1 0 0 -1 0 0 -1 0 0 -1 0 0 -1 0 0 -1 0 0 -1 0 0 -1 0 0 -1 0 0 -1 0 0 -1 0 0 -1 0 0 -1 0 0 -1 0 0 -1 0 0 -1 0 0 -1 0 0 -1 0 0 -1 0 0 -1 0 0 -1 0 0 -1 0 0 -1 0 0 -1 0 0 -1 0 0 -1 0 0 -1 0 0 -1 0 0 -1 0 0 -1 0 0 -1 0 0 -1 0 0 -1 0 0 -1 0 0 -1 0 0 -1 0 0 -1 0 0 -1 0 0 -1 0 0 -1 0 0 -1 0 0 -1 0 0 -1 0 0 -1 0 0 -1 0 0 -1 0 0 -1 0 0 -1 0 0 -1 0 0 -1 0 0 -1 0 0 -1 0 0 -1 0 0 -1 0 0 -1 0 0 -1 0 0 -1 0 0 -1 0 0 -1 0 0 -1 0 0 -1 0 0 -1 0 0 -1 0 0 -1 0 0 -1 0 0 -1 0 0 -1 0 0 -1 0 0 -1 0 0 -1 0 0 -1 0 0 -1 0 0 -1 0 0 -1 0 0 -1 0 0 -1 0 0 -1 0 0 -1 0 0 -1 0 0 -1 0 0 -1 0 0 -1 0 0 -1 0 0 -1 0 0 -1 0 0 -1 0 0 -1 0 0 -1 0 0 -1 0 0 -1 0 0 -1 0 0 -1 0 0 -1 0 0 -1 0 0 -1 0 0 -1 0 0 -1 0 0 -1 0 0 -1 0 -1 0 0 -1 0 0 -1 0 0 -1 0 0 -1 0 0 -1 0 0 -1 0 0 -1 0 0 -1 0 0 -1 0 0 -1 0 0 -1 0 0 -1 0 0 -1 0 0 -1 0 0 -1 0 0 -1 0 0 -1 0 0 -1 0 0 -1 0 0 -1 0 0 -1 0 0 -1 0 0.9822872 0 -0.1873813 0.9048275 0 -0.4257781 0.9048275 0 -0.4257781 0.7705121 0 -0.6374255 0.7705121 0 -0.6374255 -0.1253339 0 -0.9921146 0.5877864 0 -0.8090162 -0.1253339 0 -0.9921146 -0.368124 0 -0.9297767 0.5877864 0 -0.8090162 -0.5877864 0 -0.8090162 -0.368124 0 -0.9297767 0.368124 0 -0.9297767 0.368124 0 -0.9297767 0.1253339 0 -0.9921146 -0.7705121 0 -0.6374255 -0.5877864 0 -0.8090162 0.1253339 0 -0.9921146 -0.9048275 0 -0.4257781 -0.7705121 0 -0.6374255 -0.9822872 0 -0.1873813 -0.9048275 0 -0.4257781 -0.9980267 0 0.06279057 -0.9822872 0 -0.1873813 -0.9980267 0 0.06279057 -0.9510565 0 0.3090173 -0.8443274 0 0.5358276 -0.9510565 0 0.3090173 -0.8443274 0 0.5358276 -0.684548 0 0.7289677 -0.684548 0 0.7289677 -0.481754 0 0.8763065 -0.2486895 0 0.9685833 -0.481754 0 0.8763065 -0.2486895 0 0.9685833 0 0 1 0 0 1 0.2486895 0 0.9685833 0.2486895 0 0.9685833 0.481754 0 0.8763065 0.481754 0 0.8763065 0.684548 0 0.7289677 0.684548 0 0.7289677 0.8443274 0 0.5358276 0.8443274 0 0.5358276 0.9510565 0 0.3090173 0.9510565 0 0.3090173 0.9980267 0 0.06279057 0.9980267 0 0.06279057 0.9822872 0 -0.1873813 0 0 1 0 0 1 0 0 1 0 0 1 0 0 1 0 0 1 0 0 1 0 0 1 0 0 1 0 0 1 0 0 1 0 0 1 0 0 1 0 0 1 0 0 1 0 0 1 0 0 1 0 0 1 0 0 1 0 0 1 0 0 1 0 0 1 0 0 1 0 0 1 0 0 1 0 0 1 0 0 1 0 0 1 0 0 1 0 0 1 0 0 1 0 0 1 0 0 1 0 0 1 0 0 1 0 0 1 0 0 1 0 0 1 0 0 1 0 0 1 0 0 1 0 0 1 0 0 1 0 0 1 0 0 1 0 0 1 0 0 1 0 0 1 0 0 1 0 0 1 0 0 1 0 0 1 0 0 1 0 0 1 0 0 1 0 0 1 0 0 1 0 0 1 0 0 1 0 0 1 0 0 1 0 0 1 0 0 1 0 0 1 0 0 1 0 0 1 0 0 1 0 0 1 0 0 1 0 0 1 0 0 1 0 0 1 0 0 1 0 0 1 0 0 1 0 0 1 0 0 1 0 0 1 0 0 1 0 0 1 0 0 1 0 0 1 0 0 1 0 0 1 0 0 1 0 0 1 0 0 1 0 0 1 0 0 1 0 0 1 0 0 1 0 0 1 0 0 1 0 0 1 0 0 1 0 0 1 0 0 1 0 0 1 0 0 1 0 0 1 0 0 1 0 0 1 0 0 1 0 0 1 0 0 1 0 0 1 0 0 1 0 0 1 0 0 1 0 0 1 0 0 1 0 0 1 0 0 1 0 0 1 0 0 1 0 0 1 0 0 1 0 0 1 0 0 1 0 0 1 0 0 1 0 0 1 0 0 1 0 0 1 0 0 1 0 0 1 0 0 1 0 0 1 0 0 1 0 0 1 0 0 1 0 0 1 0 0 1 0 0 1 0 0 1 0 0 1 0 0 1 0 0 1 0 0 1 0 0 1 0 0 1 0 0 1 0 0 1 0 0 1 0 0 1 0 0 1 0 0 1 0 0 1 -0.9407421 0.3391216 -9.67018e-4 -0.9486863 0.3162024 -0.003219425 -0.9504333 0.3109024 -0.00401628 -0.9560786 0.2931046 -0.001853287 -0.9629067 0.2698347 -2.55024e-4 -0.9691689 0.2463973 1.31679e-4 0.9999101 0.01340276 0 0.9980251 0.06268793 -0.004001379 -0.9748575 0.2228284 -6.93535e-4 0.9991576 0.04100942 -0.001555979 0.9976587 0.06831544 -0.003178119 -0.9799725 0.1991147 -0.002731025 -0.9818885 0.1894165 -0.004054963 0.9954229 0.09556597 -7.26028e-4 -0.9845129 0.1752979 -0.002264082 0.9924379 0.1227481 1.86238e-4 -0.9918267 0.1275847 0.001345813 -0.9978832 0.06494659 -0.003320455 0.9887111 0.149834 -4.42261e-4 -0.9984508 0.05561995 -0.001596331 0.982304 0.1872496 -0.004060208 0.9845123 0.1752977 -0.002489268 0.979973 0.1991148 -0.002495706 -0.9998611 -0.01663732 9.79712e-4 -0.9981575 -0.06054341 -0.003997802 0.9748576 0.2228285 -5.68353e-4 -0.9960488 -0.08880829 1.23565e-4 0.9691689 0.2463973 1.46664e-4 -0.9870334 -0.1605153 -1.29386e-4 -0.982715 -0.1850834 -0.003931045 0.9629066 0.2698347 -3.50307e-4 -0.9728626 -0.2313809 0.001099884 0.9511168 0.3088052 -0.004040956 0.9560782 0.2931045 -0.002058744 -0.9536092 -0.3010408 -0.001981914 0.9486871 0.3162027 -0.002964556 -0.951799 -0.3067066 -0.003121078 0.9407422 0.3391216 -8.22297e-4 -0.929378 -0.3691269 0.001332759 -0.9058894 -0.4234998 -0.003510892 0.9322432 0.3618322 1.07974e-4 -0.900291 -0.4352867 -0.001202583 0.9231929 0.3843368 -1.73677e-4 0.9049515 0.4254963 -0.003983438 -0.8457128 -0.5336232 -0.004043042 -0.8665022 -0.4991724 8.22032e-4 0.9136 0.4066107 -0.001667082 0.9034653 0.4286471 -0.003470957 -0.8281878 -0.5604507 3.72175e-4 0.8928101 0.4504319 -0.001114189 -0.6861349 -0.7266021 0.03561276 -0.5900337 -0.8072331 -0.01532709 0.8816241 0.4719522 3.14067e-5 -0.5900132 -0.8072484 -0.01531141 -0.7722203 -0.6353434 -0.003831565 0.8699192 0.4931944 -3.49864e-5 -0.7855473 -0.6188015 -4.32215e-4 -0.5693463 -0.8220826 -0.004991233 0.8577032 0.5141435 -0.001313209 0.8445342 0.5354873 -0.00392872 -0.5482539 -0.8363119 8.45162e-5 0.8449756 0.5347914 -0.003803014 -0.6660812 -0.7458688 -0.003937542 -0.7388036 -0.6739197 0.001203656 0.8317636 0.555128 -0.001444399 0.8180565 0.5751378 -8.35562e-5 -0.4843419 -0.8748788 -4.27497e-4 0.8038684 0.5948073 6.52751e-5 0.6845779 0.7281639 0.03362113 -0.5328245 -0.8462259 0 0.7892065 0.6141272 -9.97931e-4 -0.5232917 -0.8521525 -0.001372396 0.5900226 0.8072612 -0.014234 -0.6590213 -0.7521243 0 0.5882496 0.8085303 -0.01552981 0.7740765 0.6330837 -0.003272593 0.7708164 0.6370448 -0.004009902 -0.5136777 -0.8579733 -0.004120469 0.5693442 0.8220797 -0.005678355 -0.6873905 -0.7246645 -0.04853761 0.7584986 0.6516722 -0.001812398 0.5482539 0.8363119 -1.47572e-4 0.7424749 0.6698738 -2.36732e-4 0.6658373 0.7460917 -0.002802491 0.7260076 0.6876866 1.27408e-4 0.4824102 0.8759452 6.99889e-4 -0.4775769 -0.8785591 0.007358551 -0.4775004 -0.8784185 -0.01935231 0.5328245 0.8462259 0 -0.5122047 -0.8588497 0.004848182 0.5232917 0.8521525 -0.001372396 -0.5224063 -0.8526952 0.001617133 -0.5325382 -0.846406 0 0.6609839 0.7504001 0 -0.3709096 -0.9285418 -0.01537227 0.6906467 0.7208641 -0.05798316 -0.398856 -0.9170088 -0.00298351 0.7066237 0.7026059 -0.08383244 0.5136777 0.8579733 -0.004120469 -0.5900842 -0.8073412 8.75755e-4 0.6736412 0.7381435 -0.03676801 -0.6340032 -0.7733275 -0.00215274 -0.3655844 -0.9307024 -0.01187735 -0.3318802 -0.9433215 -4.83403e-4 0.6558488 0.7546202 -0.02026647 -0.5693503 -0.8220915 0.002403974 -0.5764885 -0.8170884 0.00525403 -0.5482532 -0.8363122 -6.43068e-4 0.4775801 0.8785652 0.006353318 0.4775004 0.8784185 -0.01935231 -0.2896471 -0.9571012 -0.007872581 0.6374647 0.7704324 -0.008529543 0.5325382 0.846406 0 -0.4774841 -0.8783884 0.02104467 0.5224063 0.8526952 0.001617133 0.5122047 0.8588497 0.004848182 -0.2887055 -0.9574177 6.42651e-4 -0.2839254 -0.9586938 -0.0171054 0.3988566 0.9170102 -0.002421379 0.368862 0.9293611 -0.01513403 -0.2943609 -0.9556871 -0.003716647 0.6186158 0.7856921 -0.00157392 -0.2593587 -0.9657204 -0.01082718 -0.2516933 -0.9676884 -0.01515847 -0.5159752 -0.8565993 0.002691149 0.5900843 0.8073413 -6.58119e-4 -0.4774993 -0.8784164 -0.01947313 0.5993785 0.8004655 5.92861e-4 -0.2983157 -0.9544661 -0.001537144 0.3655798 0.9306905 -0.01291716 0.5693518 0.8220937 -6.57624e-4 0.5797898 0.8147659 5.98772e-4 -0.2368677 -0.9715045 -0.008531987 0.3318801 0.9433212 -8.80011e-4 0.5482532 0.8363122 -6.45858e-4 -0.3530974 -0.9354166 -0.01783001 -0.207044 -0.9783316 2.38104e-5 0.5598604 0.8285868 5.92607e-4 0.5396005 0.841921 5.75125e-4 -0.4527622 -0.8916296 -0.001725435 -0.3988576 -0.9170124 9.20265e-4 -0.1724187 -0.9850237 -2.53851e-5 0.5190234 0.854759 -0.001344084 0.4168297 0.9089846 3.4308e-5 0.2864105 0.9580251 -0.01252692 0.2913568 0.9565951 -0.006095588 0.4774841 0.8783884 0.02104467 0.286235 0.9581587 0.001168668 0.2813011 0.9592941 -0.0249865 0.3231799 0.9462693 0.01135617 0.2954725 0.9553463 -0.00305581 0.4775016 0.8784208 -0.0192095 0.4981296 0.8670653 -0.008051633 -0.2079784 -0.9781322 0.00159502 0.2565972 0.966451 -0.0114113 0.2443607 0.9695155 -0.01810318 0.2495609 0.9682496 -0.0145573 -0.3285745 -0.9444661 -0.004763841 0.3429284 0.9388861 0.02988642 0.3368339 0.9415641 -4.62972e-5 0.3179038 0.9481207 -0.00210154 -0.2111744 -0.9774483 2.72366e-4 0.4768843 0.8787662 -0.01874291 -0.203419 -0.979089 0.002319335 -0.1962 -0.9805504 0.005146622 -0.188871 -0.9819602 0.0090577 -0.1826089 -0.9830942 0.01340913 0.2218919 0.9750613 -0.004393637 0.4555001 0.8902038 -0.007530272 -0.1769363 -0.9840534 0.01823329 -0.1364015 -0.9905898 -0.01124858 -0.1285108 -0.9915769 -0.01613318 0.2007657 0.9796392 -1.99411e-4 -0.3021662 -0.9532552 0 0.4337888 0.9010139 -0.00110048 -0.161249 -0.9863209 0.03420299 0.1724187 0.9850237 2.95845e-4 -0.3871786 -0.9219901 0.005204677 -0.3318801 -0.9433212 8.61587e-4 -0.3656102 -0.9307679 -6.45263e-4 -0.1002234 -0.9949586 -0.003551006 -0.07154732 -0.9974372 3.40873e-4 -0.1823444 -0.9832347 0 -0.1363886 -0.9905042 0.01731038 -0.05057668 -0.99872 -5.42591e-4 -0.2772236 -0.9608054 -3.82481e-4 -0.2526839 -0.9675408 0.003962397 -0.3021661 -0.9532551 5.68127e-4 -0.3195784 -0.9475454 0.005217969 0.2095264 0.9778021 0.001301467 0.2117688 0.9773196 6.10188e-4 -0.003308713 -0.9999067 -0.01325428 0.2118858 0.9772943 4.46164e-4 -0.03163272 -0.9994894 -0.00451529 0.2078762 0.978154 0.001518905 0.2095118 0.9778055 0.001064836 0.2021785 0.9793421 0.003594756 0.2034425 0.9790821 0.003080308 0.2052004 0.9787171 0.002394795 0.2121475 0.9772377 5.67217e-5 0.3988575 0.9170121 -0.001301646 0.4118111 0.9112691 5.39315e-4 0.343675 0.9390587 -0.007507562 0.1885865 0.9820119 0.009366273 0.1907524 0.9816049 0.008075356 0.1933566 0.981106 0.006653726 0.1958457 0.9806197 0.005439639 0.1974704 0.9802976 0.004713594 0.2000792 0.9797732 0.003585219 0.2097834 0.9777478 2.01775e-4 0.1851331 0.982645 0.01159268 0.1819006 0.9832165 0.01405256 0.1774364 0.9839727 0.0177226 -0.01049679 -0.9997814 -0.01808285 0.3895925 0.9209872 3.43444e-4 0.136403 0.9906004 -0.01025158 0.1263227 0.9918552 -0.01630282 0.3021662 0.9532552 0 0.161249 0.9863209 0.03420299 0.3656101 0.9307677 -8.71281e-4 0.3671402 0.9301655 -4.8998e-4 0.1002232 0.9949561 -0.004207432 0.3318799 0.9433207 -0.001312136 0.3444755 0.9387952 5.12487e-4 0.3021662 0.9532551 -4.42202e-4 0.3216069 0.9468733 3.9194e-4 -0.06213963 -0.9980668 0.001187741 -0.05893599 -0.9982616 2.53742e-4 0.06518065 0.9978727 0.001199841 0.1823444 0.9832347 0 0.1363886 0.9905042 0.01731038 -0.05981409 -0.9982095 3.872e-4 -0.06399166 -0.9979494 0.00143963 -0.06226736 -0.998059 9.77559e-4 -0.06668329 -0.9977716 0.002299487 -0.06978189 -0.9975562 0.003499031 -0.06838619 -0.9976546 0.002940416 -0.06654137 -0.9977811 0.002254903 0.2772236 0.9608054 -2.39628e-4 0.2985448 0.9543956 2.28038e-4 0.00115925 -0.9999302 -0.01176106 -0.06194162 -0.9980797 1.58989e-4 -0.1113269 -0.9931951 0.03419965 -0.09497916 -0.9953238 0.01758921 -0.09042483 -0.9958061 0.01391243 -0.08708941 -0.9961354 0.01139944 -0.08363854 -0.9964533 0.009248495 -0.08134174 -0.996655 0.007896661 -0.07833045 -0.9969075 0.0063138 -0.07606846 -0.9970887 0.005254149 -0.07458955 -0.9972037 0.004603147 -0.0715453 -0.9974318 0.003343045 0.00110346 0.999917 -0.01283073 -0.2503091 -0.9681536 0.004889249 0.03643959 0.9993327 -0.002542674 -0.227993 -0.9736627 4.50741e-5 0.05062383 -0.9987155 -0.00212109 0.04524618 -0.9989398 -0.008497536 0.04043936 -0.9990521 -0.01611274 0.03544592 -0.9989616 -0.0286253 0.04362082 -0.9990271 0.006482422 0.1219479 -0.9924145 -0.01556122 0.09920257 -0.9950504 -0.005795657 -0.09018456 -0.9959251 0 -0.1363912 -0.9905039 0.01730906 -0.1797345 -0.9837151 -1.29189e-4 -0.1363652 -0.9903149 -0.02609461 0.1244742 -0.9921233 -0.01405733 0.1496899 -0.9887239 -0.004254758 -0.04364502 -0.9990435 0.002677917 -0.1082153 -0.9941111 -0.005709886 0.2753189 0.961353 1.2943e-4 0.2526859 0.9675484 -1.36067e-4 0.1677914 -0.9858226 0 0.1788636 -0.9838729 -0.001374483 0.0532723 -0.99858 0 -0.01821166 -0.9998334 0.00125575 0.007221758 -0.999974 1.1764e-4 -0.03517645 -0.9993659 0.005531489 0.1898872 -0.9817973 -0.00411719 0.007543444 0.9998224 -0.01726967 0.05987566 0.9982057 4.36984e-4 0.06233823 0.9980545 0.001098752 0.009406149 -0.9999557 4.72549e-4 0.24531 -0.9694365 -0.003975391 0.2305147 -0.9730123 0.01048642 0.06032651 0.9981786 4.4984e-4 0.2304841 -0.9728837 -0.01935166 0.06412857 0.9979404 0.001542985 0.06592142 0.9978225 0.002150356 0.06735938 0.9977252 0.002679169 0.07007002 0.9975351 0.003740191 0.03670573 -0.999326 -5.34002e-4 0.06289112 0.9980204 2.91745e-4 0.05327188 -0.9985702 -0.004450619 0.1113269 0.9931951 0.03419965 0.07141029 0.9974414 0.003336489 0.07297569 0.9973259 0.003939568 0.07497143 0.9971743 0.004755735 0.07831197 0.996909 0.00630033 0.08050805 0.9967261 0.007456004 0.08265376 0.9965409 0.008644163 0.08533471 0.9962992 0.01029264 0.06114482 -0.9981269 -0.002029895 0.08683753 0.9961583 0.01131379 0.08983284 0.9958671 0.01337289 0.09257423 0.9955824 0.01567375 0.09564757 0.9952476 0.01826745 0.1681379 -0.9857634 0 0.1798676 -0.9836896 0.001615226 0.251922 0.9677476 1.85896e-5 0.1915865 -0.9814638 0.00484997 -0.007163822 0.9999262 -0.0098176 0.3148058 -0.9491556 9.3763e-4 0.2283764 0.9735729 -2.0778e-5 0.227993 0.9736627 -9.91992e-5 0.08555728 -0.9963331 6.05811e-4 0.09920418 -0.9950669 -6.50461e-4 0.3487479 -0.9371895 -0.007123649 0.3647528 -0.9309673 -0.01597803 0.2047036 0.978824 9.32727e-5 0.1099159 -0.9939407 5.94361e-4 0.1244865 -0.9922211 -6.34632e-4 0.1342028 -0.9909538 5.75213e-4 0.1496912 -0.9887326 -6.11913e-4 0.3822444 -0.9240382 -0.006526887 -0.03864777 0.9990551 -0.01988124 -0.04385036 0.9989844 -0.01035577 -0.04868543 0.9988049 -0.004299283 -0.05236101 0.9986279 -7.29908e-4 -0.04706871 0.9988766 0.005481719 0.180894 0.9834923 -0.004503369 0.4034395 -0.9150048 -0.001673042 0.1584181 -0.987372 5.48361e-4 -0.1241369 0.9921463 -0.0153585 0.421432 -0.9068596 8.71654e-4 -0.09920293 0.9950541 -0.005101084 0.1825304 -0.9831996 -0.001114964 0.1569865 0.9875032 -0.01388078 0.09018456 0.9959251 0 0.1363654 0.9903166 -0.02603119 0.1363912 0.9905039 0.01730906 -0.1244722 0.9921073 -0.01515287 0.2304763 -0.9728504 0.02104222 0.1329628 0.9908415 -0.02353572 0.4479131 -0.8940741 -0.002353668 -0.1496894 0.988721 -0.004895865 0.2065339 -0.9784095 -0.007656753 0.1089188 0.9939928 -0.01073348 0.230485 -0.9728876 -0.01914048 0.2303776 -0.9729145 -0.01906675 0.4739747 -0.8804485 -0.01259064 0.08478695 0.9963954 -0.002710282 0.4784832 -0.877958 -0.01561051 0.2541575 -0.9671319 -0.00773698 0.0436452 0.9990469 -5.63109e-4 0.06059521 0.9981623 5.25457e-4 0.2777576 -0.9606506 -0.001152575 0.01821166 0.999834 -5.11409e-4 0.3148056 -0.9491553 -0.001300752 0.03637605 0.9993381 4.77895e-4 0.3011852 -0.9535655 5.54504e-4 -0.1677914 0.9858226 0 0.3651047 -0.9309664 0 0.4034401 -0.9150061 0 -0.1788636 0.9838729 -0.001374483 -0.0532723 0.99858 0 0.01212537 0.9999263 4.18602e-4 0.3244293 -0.9459098 3.59956e-4 -0.007221758 0.9999738 -4.47231e-4 0.5239132 -0.8516498 -0.01440757 0.5150426 -0.8571608 0.002545893 -0.1898872 0.9817973 -0.00411719 0.3487566 -0.937213 -8.36689e-4 0.3474807 -0.9376869 -5.16635e-4 0.3822522 -0.9240571 -0.001316964 0.3703256 -0.9289019 5.03016e-4 0.5847063 -0.8111578 -0.01190263 0.5662192 -0.8242495 -0.002949953 -0.01212537 0.9999263 3.49519e-4 0.3929471 -0.919561 4.43356e-4 -0.2304841 0.9728837 -0.01935166 -0.247448 0.9688887 -0.004928886 0.6149706 -0.7885479 0.001862585 -0.2305126 0.9730035 0.01131832 0.415332 -0.9096696 -7.21729e-4 0.6069744 -0.7945907 -0.01440846 -0.05327188 0.9985702 -0.004434585 -0.03637605 0.9993381 -5.00981e-4 0.651824 -0.7583693 -0.001200258 0.4374597 -0.8992125 -0.006764531 -0.06059509 0.9981601 -0.002156615 0.4491494 -0.8933679 -0.01259464 -0.1915865 0.9814638 0.00484997 -0.1798676 0.9836896 0.001615226 -0.1681379 0.9857634 0 -0.3148058 0.9491555 0.00108987 0.4593337 -0.8882333 -0.007352292 0.6816579 -0.7314978 -0.01591724 0.6738091 -0.7388364 -0.010104 0.4809429 -0.8767514 -9.78713e-4 -0.09920418 0.9950669 -6.36706e-4 -0.08478724 0.9963989 5.86167e-4 0.6952607 -0.7187235 -0.00701797 0.5022591 -0.8647171 5.18681e-4 0.5212286 -0.8534134 -0.002532243 -0.3668057 0.9301605 -0.01597315 -0.3487498 0.9371945 -0.006327748 0.5232668 -0.852167 -0.001818954 -0.1244865 0.9922211 -6.08202e-4 0.7678733 -0.6403354 0.01847213 -0.1089251 0.9940499 5.63279e-4 0.5439656 -0.8391073 6.09682e-4 -0.1329996 0.9911159 5.2899e-4 -0.1496912 0.9887326 -5.68163e-4 -0.3822422 0.9240331 -0.007333278 -0.4034392 0.9150041 -0.002067506 0.5643379 -0.8255418 -0.001840353 0.5662205 -0.82425 -0.002524018 -0.1570016 0.9875982 4.83565e-4 0.5843731 -0.8114849 5.22737e-4 -0.421432 0.9068596 8.30539e-4 0.6040548 -0.7969422 -9.9551e-4 0.6095831 -0.7927172 -0.002814054 -0.1808958 0.9835019 -8.58873e-4 0.6233786 -0.7819201 2.57876e-4 0.6423275 -0.7664303 -3.28964e-4 -0.3135743 0.9495638 -1.70358e-5 -0.2875505 0.9577007 0.01114028 0.6608798 -0.7504694 -0.005793571 -0.2304763 0.9728504 0.02104222 0.6789705 -0.7339884 -0.01613116 -0.4479135 0.8940749 -0.001868724 0.6964793 -0.7168927 -0.03132706 -0.2046986 0.9788001 -0.006994247 -0.2304842 0.9728839 -0.01933908 0.6753678 -0.7374722 0.003609359 0.7132219 -0.6990556 -0.05134057 -0.2283397 0.9734168 -0.01790881 -0.4804178 0.8768981 -0.01576209 0.7310793 -0.6822906 -0.001622557 -0.4739805 0.8804593 -0.01158016 0.7475511 -0.6641862 -0.004909336 -0.2519127 0.9677116 -0.008624613 0.763552 -0.6456711 -0.009846568 0.7790576 -0.6267371 -0.0164318 -0.2753186 0.9613517 -0.001619338 0.7940269 -0.6073825 -0.02465742 0.757827 -0.6524543 -0.00129497 0.8088995 -0.5879468 1.39602e-4 -0.3148057 0.9491553 -0.001218855 -0.2985448 0.9543954 5.95348e-4 -0.3651021 0.9309675 0 -0.3650234 0.9309983 3.45865e-5 0.8230459 -0.5679745 -6.6771e-4 -0.4034401 0.9150061 0 0.836696 -0.547661 -0.002708733 0.8421631 -0.5392075 -0.004055559 0.8498497 -0.5270203 -0.002256631 -0.3216069 0.9468733 1.22046e-4 -0.5239132 0.8516498 -0.01440757 0.8624927 -0.5060694 -4.34633e-4 -0.5152046 0.8570643 0.002239704 0.8746203 -0.4848086 1.53849e-4 -0.3487565 0.9372127 -0.001085519 -0.3444755 0.9387953 -1.35494e-4 -0.3822522 0.9240573 -0.001248002 0.8862229 -0.463259 -4.92004e-4 -0.3671401 0.9301654 5.87096e-4 -0.5864935 0.8098661 -0.01192212 0.8972916 -0.4414319 -0.002371609 -0.5662199 0.8242506 -0.002429485 0.903065 -0.4294849 -0.004059314 -0.3895925 0.9209873 1.88376e-4 0.9078257 -0.4193398 -0.002586305 -0.6147505 0.7887204 0.001408576 0.9178189 -0.396999 -6.02681e-4 -0.4118111 0.9112692 -2.2411e-4 0.9272599 -0.3744183 1.47215e-4 -0.6069744 0.7945907 -0.01440846 -0.4337827 0.9010012 -0.005426824 -0.44915 0.893369 -0.01249462 0.9361438 -0.351617 -3.37108e-4 0.9497452 -0.3129978 -0.004041969 -0.6518242 0.7583696 -8.15001e-4 0.9444667 -0.3286008 -0.002055466 0.9522236 -0.3053876 -0.002937197 -0.4554947 0.8901931 -0.008991003 0.9594174 -0.2819886 -7.91739e-4 0.9660297 -0.2584314 1.19341e-4 -0.673815 0.7388429 -0.009192943 -0.6832691 0.7299921 -0.01596796 0.9720647 -0.2347127 -2.03591e-4 0.9814685 -0.1915818 -0.004003524 -0.4769672 0.8789192 -0.001801729 0.9775157 -0.2108553 -0.001760423 -0.6952565 0.7187192 -0.007826447 0.9823803 -0.1868633 -0.003308475 -0.4981456 0.8670932 5.98815e-4 0.9866636 -0.1627696 -0.001002371 0.9903517 -0.1385768 7.0247e-5 -0.5212285 0.8534133 -0.002556324 0.9934464 -0.1142987 -9.12207e-5 -0.519023 0.8547584 -0.001791357 0.9977353 -0.06714749 -0.003943741 0.9959453 -0.08994901 -0.001486957 -0.5396006 0.841921 4.91134e-4 0.9978421 -0.0655542 -0.003702282 0.9991539 -0.04111099 -0.001234233 -0.7692593 0.6386193 0.02013885 0.9998615 -0.01664495 0 -0.449184 0.8934367 0.00213325 0.449184 -0.8934367 0.00213325 0.3040689 -0.9520635 -0.03342783 0.3262065 -0.945151 -0.01669663 0.0532723 -0.99858 0 -0.56622 0.8242492 -0.002847731 -0.3633982 -0.9312853 0.02548688 -0.3714209 -0.928462 -0.002193868 -0.3806727 -0.9234307 -0.04862207 -0.5598602 0.8285866 -8.89132e-4 -0.0532723 0.99858 0 -0.5797899 0.8147661 1.70071e-4 -0.6095829 0.7927169 -0.002925932 -0.5993786 0.8004657 -1.99662e-4 -0.6186165 0.7856931 -3.63335e-4 -0.6374878 0.7704603 2.77385e-4 -0.6559786 0.7547696 -0.003872156 -0.6740416 0.7385823 -0.0128104 -0.6915673 0.721825 -0.02652251 -0.6733887 0.7392845 0.002475142 -0.7084021 0.7043741 -0.04498392 -0.7260073 0.6876864 -9.57557e-4 -0.7424697 0.6698693 -0.003712117 -0.758475 0.6516519 -0.008087933 -0.7740038 0.6330243 -0.01408332 -0.7890211 0.613983 -0.02169305 -0.7596567 0.6503236 8.5921e-4 -0.8034842 0.5945231 -0.03090858 -0.8180565 0.5751378 -1.57211e-4 -0.8433508 0.5373488 -0.003975093 -0.8317634 0.5551279 -0.00162822 -0.8449764 0.5347919 -0.003526508 -0.8577034 0.5141436 -0.001146852 -0.8699192 0.4931944 2.11502e-5 -0.8816241 0.4719522 -2.27033e-5 -0.8928099 0.4504318 -0.001278519 -0.9040107 0.4274916 -0.003939151 -0.9034644 0.4286467 -0.003745377 -0.9136003 0.4066108 -0.001481175 -0.9231929 0.3843368 -9.79425e-5 -0.9322432 0.3618322 7.34543e-5 0 0 -1 0 0 -1 0 0 -1 0 0 -1 0 0 -1 0 0 -1 0 0 -1 0 0 -1 0 0 -1 0 0 -1 0 0 -1 0 0 -1 0 0 -1 0 0 -1 0 0 -1 0 0 -1 0 0 -1 0 0 -1 0 0 -1 0 0 -1 0 0 -1 0 0 -1 0 0 -1 0 0 -1 0 0 -1 0 0 -1 0 0 -1 0 0 -1 0 0 -1 0 0 -1 0 0 -1 0 0 -1 0 0 -1 0 0 -1 0 0 -1 0 0 -1 0 0 -1 0 0 -1 0 0 -1 0 0 -1 0 0 -1 0 0 -1 0 0 -1 0 0 -1 0 0 -1 0 0 -1 0 0 -1 0 0 -1 0 0 -1 0 0 -1 0 0 -1 0 0 -1 0 0 -1 0 0 -1 0 0 -1 0 0 -1 0 0 -1 0 0 -1 0 0 -1 0 0 -1 0 0 -1 0 0 -1 0 0 -1 0 0 -1 0 0 -1 0 0 -1 0 0 -1 0 0 -1 0 0 -1 0 0 -1 0 0 -1 0 0 -1 0 0 -1 0 0 -1 0 0 -1 0 0 -1 -0.5909555 -0.8064255 0.02120196 -0.5703104 -0.8213989 0.007069766 -0.5491923 -0.835696 0 -0.5337423 -0.8456472 0 -0.5241829 -0.8516058 -5.99688e-5 -0.5334454 -0.8458344 6.63235e-5 -0.5145653 -0.8574512 -1.14073e-4 -0.5233061 -0.8521447 1.22605e-4 -0.5130895 -0.8583351 1.71202e-4 -0.5703254 -0.8214188 0 -0.5703255 -0.8214188 0 -0.4746081 -0.8800781 -0.01448833 -0.3995368 -0.9166436 0.0116139 -0.3660556 -0.9299911 0.03346163 -0.3317666 -0.9410661 0.06576853 -0.4799414 -0.8772998 -0.001154541 -0.5909429 -0.8064091 -0.02215749 -0.5703101 -0.8213962 -0.007389187 -0.5491918 -0.8356964 0 -0.4569168 -0.8877733 0.05554884 -0.4417468 -0.8967235 -0.02732634 -0.3668451 -0.930282 -3.78589e-4 -0.3995637 -0.9167053 3.6375e-4 -0.3662607 -0.9305121 3.79492e-4 -0.3324865 -0.943108 -3.93562e-4 0 0 -1 0 0 -1 0 0 -1 0 0 -1 0 0 -1 0 0 -1 0.7040358 0.04922103 -0.7084568 0.7040369 0.04922777 -0.7084552 0 0 -1 0 0 -1 0 0 -1 0 0 -1 0 0 -1 0 0 -1 -0.9975659 -0.06973052 0 -0.9975659 -0.06973052 0 0 0 -1 0 0 -1 0 0 -1 0 0 -1 0 0 -1 0 0 -1 0.9975649 0.06974482 -6.53409e-7 0.9975649 0.06974482 -6.5339e-7 0 0 1 0 0 1 0 0 1 0 0 1 0 0 1 0 0 1 -0.9975659 -0.06973052 0 -0.9975659 -0.06973052 0 0 0 1 0 0 1 0 0 1 0 0 1 0 0 1 0 0 1 0.7128337 0.04986041 0.6995585 0.7128286 0.04983669 0.6995653 0 0 1 0 0 1 0 0 1 0 0 1 0 0 1 0 0 1 -0.6816171 -0.04766798 -0.7301547 -0.6816167 -0.04766494 -0.7301554 -0.6722082 -0.04700708 0.7388685 -0.6722155 -0.04704135 0.7388596 -0.6618241 -0.04627412 0.7482297 -0.6618247 -0.04627883 0.7482289 -0.6556384 -0.04585015 0.7536817 -0.6556345 -0.04582661 0.7536864 0 0 1 0 0 1 0 0 1 0 0 1 0 0 1 0 0 1 0.0736888 0.005152463 0.997268 0.07370316 0.005239069 0.9972665 0.3114681 0.02170288 0.9500088 0.3115042 0.0219506 0.9499912 0.528962 0.03682577 0.8478461 0.5290064 0.03724557 0.8478001 0.7146428 0.04976254 0.6977173 0.7146597 0.05020713 0.697668 0.8512209 0.059282 0.5214486 0.85121 0.05974715 0.5214133 0.9468992 0.06599462 0.3146851 0.9468763 0.06634753 0.3146798 0.9888978 0.06901144 0.1316003 0.9888851 0.06917244 0.1316102 0.9972512 0.06967514 0.02520531 0.9972471 0.06973278 0.02521115 0.9975642 0.06975495 0 0.9975642 0.06975495 0 0 0 -1 0 0 -1 0 0 -1 0 0 -1 0 0 -1 0 0 -1 -0.9975634 -0.06976544 0 -0.9975634 -0.06976544 0 -0.9960694 -0.06966096 -0.0547083 -0.9960733 -0.06961107 -0.0547024 -0.9658988 -0.06747287 -0.2499738 -0.9658889 -0.0675739 -0.2499848 -0.8823386 -0.06161385 -0.4665645 -0.8823241 -0.06177353 -0.4665707 -0.7470387 -0.0521537 -0.6627316 -0.7470271 -0.05233329 -0.6627306 -0.565913 -0.03949779 -0.8235183 -0.5659077 -0.03966718 -0.8235138 -0.3505593 -0.02446436 -0.936221 -0.3505587 -0.02458989 -0.9362179 -0.1471396 -0.01027768 -0.9890624 -0.1471382 -0.01032745 -0.9890621 -0.02804183 -0.001960873 -0.9996049 -0.02804148 -0.00197333 -0.9996048 0 0 -1 0 0 -1 0 0 -1 0 0 -1 0 0 -1 0 0 -1 0.9971886 0.06972867 -0.02743768 0.9971878 0.06973868 -0.02743965 0.03897702 0.002725481 -0.9992364 0.03897833 0.002707898 -0.9992364 0.1252261 0.008750081 -0.9920897 0.1252205 0.00876075 -0.9920902 0.2290277 0.01596659 -0.9732889 0.2290188 0.01602578 -0.9732901 0.3409669 0.0238316 -0.9397732 0.340954 0.02384942 -0.9397774 0.4103794 0.02867215 -0.9114641 0.4103689 0.02870267 -0.9114678 0.4944734 0.03455662 -0.8685055 0.494459 0.03459751 -0.8685122 0.5537812 0.03872358 -0.8317613 0.5537714 0.03873717 -0.8317673 0.5919203 0.04138529 -0.8049333 0.5919073 0.04140275 -0.804942 0.6688969 0.04673814 -0.7418844 0.6688817 0.04681426 -0.7418934 0.7376607 0.05157399 -0.6731989 0.7376515 0.05158787 -0.6732081 0.7682148 0.05370867 -0.6379352 0.7682064 0.05372363 -0.6379441 0.8120167 0.05676478 -0.5808673 0.8120066 0.0567997 -0.5808778 0.863891 0.06040006 -0.5000442 0.8638848 0.06042456 -0.500052 0.8984678 0.06281697 -0.4345223 0.8984608 0.0628345 -0.4345342 0.9275367 0.06483781 -0.3680649 0.9275286 0.06487488 -0.3680788 0.9581167 0.06700843 -0.2784284 0.9581218 0.06698083 -0.2784174 0.9707587 0.06788063 -0.2302601 0.9707462 0.06788265 -0.2303122 0.9869255 0.06902718 -0.1456482 0.9869282 0.06899929 -0.145643 0.9948396 0.06956523 -0.07385855 0.9948236 0.06956988 -0.07406628 0.9975641 0.06975489 0 0.9975641 0.06975489 0 0 0 -1 0 0 -1 0 0 -1 0 0 -1 0 0 -1 0 0 -1 -0.9975641 -0.06975519 0 -0.9975641 -0.06975519 0 -0.9951251 -0.06958466 0.06988549 -0.9951228 -0.06961554 0.06988716 -0.9588568 -0.0670396 0.2758612 -0.9588537 -0.06707131 0.2758643 -0.876728 -0.06126809 0.4770684 -0.8767197 -0.06134939 0.4770731 -0.7551042 -0.05276691 0.6534779 -0.7550963 -0.05284047 0.6534812 -0.6193791 -0.0432673 0.7838989 -0.6193703 -0.04335409 0.7839011 -0.4783363 -0.03340846 0.877541 -0.4783291 -0.03348928 0.8775419 -0.3378731 -0.02358984 0.940896 -0.3378677 -0.02366155 0.9408961 -0.17072 -0.0118944 0.9852478 -0.1707186 -0.01195865 0.9852473 -0.03192454 -0.002213656 0.9994878 -0.0319246 -0.002232253 0.9994878 -0.07055443 -0.9973666 -0.01678818 -0.06257581 -0.9977974 -0.02201449 -0.05447816 -0.9981285 -0.02777767 -0.05299293 -0.9982724 -0.02537208 -0.02524942 -0.9994491 0.02154105 -0.2494955 -0.9681625 0.02033424 -0.2492167 -0.9682457 0.01978176 -0.2531703 -0.9674217 0 -0.04374796 -0.9986526 -0.02791035 -0.2317197 -0.9727329 0.009833335 -0.2423838 -0.9699833 0.01955229 -0.02270221 -0.9995089 0.02160036 -0.2146074 -0.9764374 -0.02266615 -0.2511252 -0.9678755 0.01237452 -0.249781 -0.9682855 0.005714356 -0.2350105 -0.9716136 -0.02715128 -0.2074118 -0.9782534 6.5767e-4 -0.1949883 -0.9807806 -0.006996512 -0.1849204 -0.9827535 -1.70915e-4 -0.2517507 -0.9677913 0.001223206 -0.2487622 -0.9683327 -0.02119725 -0.1727765 -0.9849574 -0.002693831 -0.1778526 -0.9840562 -0.001279056 -0.2522532 -0.9676039 -0.01053762 -0.2777143 -0.9605633 -0.0138905 -0.2527375 -0.9675326 -0.002152204 -0.03440099 -0.9989758 -0.02939158 -0.03350549 -0.9990899 -0.02639842 -0.1367195 -0.9906088 -0.001413524 -0.161689 -0.9868414 8.96514e-4 -0.02123671 -0.9996234 0.01738661 -0.1367129 -0.9906098 -0.001410186 -0.02739149 -0.9992861 -0.02602273 -0.02633315 -0.9994407 -0.02061378 -0.02548754 -0.9995296 -0.01706075 -0.02158492 -0.99971 0.01067662 -0.1116586 -0.9937462 8.99262e-4 -0.1004726 -0.9949362 -0.002692103 -0.2531697 -0.9674108 -0.004632353 -0.2284328 -0.9735597 0 -0.09452229 -0.9955222 -0.001051425 -0.01905006 -0.9996891 -0.01609057 -0.01916992 -0.9997512 -0.01140791 -0.01915717 -0.9997606 -0.01057571 -0.01907706 -0.9998018 -0.005692481 -0.01888293 -0.999814 -0.003937602 -0.07178038 -0.9974198 0.001165747 -0.01855921 -0.9998273 -0.001027107 -0.02026176 -0.9997907 0.002851486 -0.08896261 -0.9960349 -3.39141e-4 -0.04381692 -0.9990396 0 -0.05192422 -0.9986315 0.006249725 -0.08372759 -0.9964806 -0.004011154 -0.01834475 -0.999821 -0.004630625 -0.03847378 -0.9991592 0.01416593 -0.07664942 -0.9969986 -0.01089304 -0.01834607 -0.9998317 0 0.007134854 -0.9998781 -0.01388657 -0.0305503 -0.9993616 0.01852416 0.6519379 0.04558998 -0.7569007 0.6519348 0.04560786 -0.7569022 0 0 -1 0 0 -1 0 0 -1 0 0 -1 0 0 -1 0 0 -1 -0.6411303 -0.04482787 0.7661217 -0.6411378 -0.04479753 0.7661171 -0.6352087 -0.04440867 0.7710628 -0.6352115 -0.04439526 0.7710613 -0.6319511 -0.04419142 0.7737473 -0.6319523 -0.04418563 0.7737467 -0.6539196 -0.04572784 -0.7551808 -0.653921 -0.04572427 -0.7551799 0 0 1 0 0 1 0 0 1 0 0 1 0 0 1 0 0 1 0.660949 0.04623615 0.7490051 0.6609523 0.04621595 0.7490034 0 0 1 0 0 1 0 0 1 0 0 1 0 0 1 0 0 1 -0.9975631 -0.06977081 0 -0.9975637 -0.06976157 1.48734e-7 0 0 1 0 0 1 0 0 1 0 0 1 0 0 1 0 0 1 0.9975641 0.06975537 0 0.9975641 0.06975537 0 0 0 -1 0 0 -1 0 0 -1 0 0 -1 0 0 -1 0 0 -1 -0.9975637 -0.06976157 0 -0.9975637 -0.06976157 0 0 0 -1 0 0 -1 0 0 -1 0 0 -1 0 0 -1 0 0 -1 0.1498069 -0.9887152 0 0.1245646 -0.9921864 0.007056832 0.09922456 -0.99484 0.02116233 0.1679441 -0.9857965 0 0.179017 -0.983846 -6.14006e-5 0.1682817 -0.9857389 6.46666e-5 0.1900704 -0.9817705 -1.15133e-4 0.1800302 -0.9836611 1.21176e-4 0.1917688 -0.9814401 1.71586e-4 0.1245674 -0.9922112 0 0.1245674 -0.9922112 0 0.2348946 -0.9719131 -0.01447355 0.3489671 -0.9365382 0.0334385 0.3151478 -0.9489716 0.01160496 0.2290724 -0.9734087 -0.001152157 0.09922254 -0.9948195 -0.0221166 0.1245643 -0.9921841 -0.00737518 0.1498068 -0.9887152 0 0.247084 -0.9681283 0.04095351 0.3141913 -0.9493597 -3.21635e-4 0.2473778 -0.9689188 9.3435e-4 0.315169 -0.9490355 2.95954e-4 0.3491623 -0.9370622 -3.12347e-4 0.3826045 -0.9236227 -0.02312928 0.3818792 -0.9218716 0.06573528 -0.935036 -0.06539052 0.3484708 -0.9350355 -0.0653938 0.3484713 0 0 -1 0 0 -1 0 0 -1 0 0 -1 0 0 -1 0 0 -1 0.9396315 0.06570726 0.3358202 0.939633 0.06569761 0.3358181 0 0 1 0 0 1 0 0 1 0 0 1 0 0 1 0 0 1 0 0 1 0 0 1 0 0 1 0 0 1 0 0 1 0 0 1 0.9430225 0.06595087 0.3261272 0.9430261 0.06592428 0.3261224 0 0 1 0 0 1 0 0 1 0 0 1 0 0 1 0 0 1 -0.946438 -0.06617212 -0.3160319 -0.9464384 -0.06616979 -0.3160316 0 0 -1 0 0 -1 0 0 -1 0 0 -1 0 0 -1 0 0 -1 0.9296548 0.06502085 -0.3626488 0.9296579 0.064996 -0.3626453 0 0 1 0 0 1 0 0 1 0 0 1 0 0 1 0 0 1 -0.9321334 -0.06519007 0.3561987 -0.9321326 -0.06519687 0.3561998 0.419982 -0.9024056 0.09632956 0.448049 -0.8929722 0.04304486 0.4745739 -0.880159 0.009990751 0.5246158 -0.8513176 -0.006044328 0.4446623 -0.8951088 0.03249144 0.5370136 -0.8435713 0.002015054 0.6526261 -0.7576141 0.009999871 0.6740802 -0.7374 0.04309457 0.5669402 -0.8237532 -0.003047406 0.5669369 -0.8237557 -0.003044009 0.6929226 -0.7145322 0.09644675 0.6078002 -0.794067 -0.006045758 0.5961314 -0.8028845 0.002015471 0.6772856 -0.7350012 0.03251737 0.5291514 -0.8485178 0.004045307 0.4714182 -0.8818717 -0.00819683 0.5669267 -0.8237479 0.005772292 0.5573465 -0.8302783 0.00167346 0.5218791 -0.8530048 -0.005018949 0.5764464 -0.8171332 0.001678705 0.5669335 -0.8237433 0.005776822 0.6035612 -0.7973065 0.004047393 0.6553609 -0.7552714 -0.008204877 0.6103553 -0.7921119 -0.005026698 0.5363399 -0.8440021 1.16378e-4 0.566222 -0.8242511 -0.001670479 0.5566432 -0.8307517 -3.88076e-5 0.5662264 -0.8242481 -0.00166893 0.5953757 -0.8034474 1.15963e-4 0.5757197 -0.8176472 -3.92249e-5 -0.9396315 -0.06570726 0.3358202 -0.939633 -0.06569761 0.3358181 0 0 -1 0 0 -1 0 0 -1 0 0 -1 0 0 -1 0 0 -1 0.935036 0.06539052 0.3484708 0.9350355 0.0653938 0.3484713 0 0 -1 0 0 -1 0 0 -1 0 0 -1 0 0 -1 0 0 -1 -0.9296548 -0.06502085 -0.3626488 -0.9296579 -0.064996 -0.3626453 0 0 1 0 0 1 0 0 1 0 0 1 0 0 1 0 0 1 0.9321334 0.06519007 0.3561987 0.9321326 0.06519687 0.3561998 0 0 1 0 0 1 0 0 1 0 0 1 0 0 1 0 0 1 -0.9430225 -0.06595087 0.3261272 -0.9430261 -0.06592428 0.3261224 0 0 1 0 0 1 0 0 1 0 0 1 0 0 1 0 0 1 0.946438 0.06617212 -0.3160319 0.9464384 0.06616979 -0.3160316 0 0 1 0 0 1 0 0 1 0 0 1 0 0 1 0 0 1 -0.419982 0.9024056 0.09632956 -0.448049 0.8929722 0.04304486 -0.4745739 0.880159 0.009990751 -0.5246158 0.8513176 -0.006044328 -0.4446623 0.8951088 0.03249144 -0.5370136 0.8435713 0.002015054 -0.6526261 0.7576141 0.009999871 -0.6740802 0.7374 0.04309457 -0.5669402 0.8237532 -0.003047406 -0.5669369 0.8237557 -0.003044009 -0.6929226 0.7145322 0.09644675 -0.6078002 0.794067 -0.006045758 -0.5961314 0.8028845 0.002015471 -0.6772856 0.7350012 0.03251737 -0.5291514 0.8485178 0.004045307 -0.4714182 0.8818717 -0.00819683 -0.5669267 0.8237479 0.005772292 -0.5573465 0.8302783 0.00167346 -0.5218791 0.8530048 -0.005018949 -0.5764464 0.8171332 0.001678705 -0.5669335 0.8237433 0.005776822 -0.6035612 0.7973065 0.004047393 -0.6103553 0.7921119 -0.005026698 -0.6553609 0.7552714 -0.008204877 -0.5363399 0.8440021 1.16378e-4 -0.566222 0.8242511 -0.001670479 -0.5566432 0.8307517 -3.88076e-5 -0.5662264 0.8242481 -0.00166893 -0.5953757 0.8034474 1.15963e-4 -0.5757197 0.8176472 -3.92249e-5 -0.6519379 -0.04558998 -0.7569007 -0.6519348 -0.04560786 -0.7569022 0 0 -1 0 0 -1 0 0 -1 0 0 -1 0 0 -1 0 0 -1 0.6411303 0.04482787 0.7661217 0.6412574 0.04430896 0.7660455 0.6351561 0.04463815 0.7710928 0.6319521 0.0441913 0.7737466 0.6533034 -0.06937813 0.7539107 0.6485981 0.04535573 -0.7597785 0.6576746 0.04598289 -0.7518975 0.6298294 0.13773 -0.7644249 0.6185939 0.171952 -0.7666643 0 0 1 0 0 1 0 0 1 0 0 1 0 0 1 0 0 1 -0.660949 -0.04623615 0.7490051 -0.6609523 -0.04621595 0.7490034 0 0 1 0 0 1 0 0 1 0 0 1 0 0 1 0 0 1 0.9975637 0.06976157 1.48734e-7 0.9975631 0.06977081 0 0 0 1 0 0 1 0 0 1 0 0 1 0 0 1 0 0 1 -0.9975641 -0.06975537 0 -0.9975641 -0.06975537 0 0 0 -1 0 0 -1 0 0 -1 0 0 -1 0 0 -1 0 0 -1 0.9975637 0.06976157 0 0.9975637 0.06976157 0 0 0 -1 0 0 -1 0 0 -1 0 0 -1 0 0 -1 0 0 -1 -0.1498069 0.9887152 0 -0.1245646 0.9921864 0.007056832 -0.09922456 0.99484 0.02116233 -0.1679441 0.9857965 0 -0.179017 0.983846 -6.14006e-5 -0.1682817 0.9857389 6.46666e-5 -0.1900704 0.9817705 -1.15133e-4 -0.1800302 0.9836611 1.21176e-4 -0.1917688 0.9814401 1.71586e-4 -0.1245674 0.9922112 0 -0.1245674 0.9922112 0 -0.2348946 0.9719131 -0.01447355 -0.3489671 0.9365382 0.0334385 -0.3151478 0.9489716 0.01160496 -0.2290724 0.9734087 -0.001152157 -0.09922254 0.9948195 -0.0221166 -0.1245643 0.9921841 -0.00737518 -0.1498068 0.9887152 0 -0.247084 0.9681282 0.04095357 -0.3141911 0.9493597 -3.21731e-4 -0.2473779 0.9689187 9.34263e-4 -0.315169 0.9490355 2.95954e-4 -0.3491623 0.9370622 -3.12347e-4 -0.3826045 0.9236227 -0.02312928 -0.3818792 0.9218716 0.06573528 0 0 1 0 0 1 0 0 1 0 0 1 0 0 1 0 0 1 -0.03316265 -0.002318799 0.9994473 0.02971076 0.4466548 0.8942129 -0.2346758 -0.3178137 0.9186522 -0.3513469 -0.02568864 0.9358928 -0.2120011 0.3421673 0.9154109 -0.4965357 -0.03623515 0.8672596 -0.4393245 0.3003054 0.8466467 -0.6528571 -0.2407366 0.7182086 -0.6428226 0.2719247 0.7161257 -0.7727867 -0.2423514 0.5865719 -0.8151027 0.1958793 0.5451962 -0.8662087 -0.2863482 0.4094964 -0.9187324 0.2122011 0.3330186 -0.9536054 -0.1686097 0.2494144 -0.9897112 0.04312872 0.1364247 -0.92488 -0.376213 0.05532431 -0.9972451 -0.06973266 0.02529263 -0.9975642 -0.06975495 0 -0.9975642 -0.06975495 0 0 0 -1 0 0 -1 0 0 -1 0 0 -1 0 0 -1 0 0 -1 0.9975634 0.06976544 0 0.9975634 0.06976544 0 0.9972177 0.0697413 -0.02632677 0.9970027 -0.01643347 -0.07560229 0.9959135 -0.07051074 -0.05643123 0.9785265 0.1511827 -0.1401063 0.9704312 -0.0387606 -0.2382456 0.9561018 0.02823317 -0.2916717 0.9620014 -0.08914226 -0.2580831 0.9235348 0.08651864 -0.3736283 0.8984977 -0.009301364 -0.4388798 0.8649426 0.0147404 -0.5016542 0.8713694 -0.1024022 -0.4798218 0.8092899 0.07721436 -0.5823125 0.7656654 -0.0223397 -0.6428511 0.7268229 -0.08010506 -0.6821376 0.7279193 -0.1108593 -0.6766415 0.6687433 0.1136687 -0.734753 0.5840051 -0.04009866 -0.810759 0.4893231 0.05196124 -0.8705532 0.5369363 -0.08580291 -0.839248 0.5389288 -0.1235619 -0.8332396 0.4069249 0.008318006 -0.9134238 0.3157303 -0.1009253 -0.9434661 0.3186529 -0.1405119 -0.9373989 0.2370793 0.0867207 -0.9676119 0.1184335 -0.02218014 -0.9927143 0.129554 -0.08193445 -0.9881814 0.04410225 0.04423952 -0.998047 0.02789652 0.001950681 -0.9996089 0 0 -1 0 0 -1 0 0 -1 0 0 -1 0 0 -1 0 0 -1 -0.02735644 -0.001912891 -0.9996239 -0.07669538 -0.02785098 -0.9966654 -0.0464527 -0.06681525 -0.9966834 -0.1238801 0.02586275 -0.9919601 -0.1379131 0.07424199 -0.9876579 -0.2826659 -0.01516056 -0.9590986 -0.2383652 -0.1257812 -0.962996 -0.2399308 -0.1215112 -0.9631553 -0.3453113 -0.02414143 -0.9381777 -0.3699647 6.22289e-4 -0.9290455 -0.4337837 -0.03753679 -0.9002348 -0.416099 -0.06334459 -0.9071103 -0.4982217 -0.03494364 -0.8663453 -0.5020529 -0.02250003 -0.8645442 -0.5575388 -0.04016983 -0.8291784 -0.5805371 -0.01538854 -0.8140884 -0.6345648 -0.04195755 -0.77173 -0.595481 -0.03982108 -0.8023819 -0.6690153 -0.0904811 -0.7377207 -0.6749505 -0.1105664 -0.729532 -0.7398494 0.01389276 -0.6726291 -0.738766 0.009840607 -0.6738903 -0.8008015 -0.05635333 -0.596273 -0.7711916 -0.05857431 -0.6339027 -0.8274586 -0.06016761 -0.558294 -0.8165814 -0.08340668 -0.5711726 -0.8652306 -0.05915462 -0.4978721 -0.8665456 -0.05414652 -0.4961522 -0.9088005 -0.03981065 -0.4153274 -0.9006039 -0.0645731 -0.4298173 -0.9291943 -0.09313124 -0.3576653 -0.9359849 -0.072564 -0.3444806 -0.9595922 -0.06473439 -0.2738474 -0.9719675 0.03167706 -0.2329718 -0.9731186 0.02319049 -0.229134 -0.9789413 -0.1480399 -0.1405635 -0.9865859 -0.1041696 -0.1256868 -0.9963974 -0.0445038 -0.07219213 -0.9992052 -0.005178332 -0.03952229 -0.9972248 -0.06973117 -0.02608245 -0.9975641 -0.06975489 0 -0.9975641 -0.06975489 0 0 0 -1 0 0 -1 0 0 -1 0 0 -1 0 0 -1 0 0 -1 0.9975641 0.06975519 0 0.9975641 0.06975519 0 0.997201 0.0697298 0.02698075 0.8907299 0.4499506 0.06437885 0.9888532 -0.04989504 0.1402851 0.9438839 0.18568 0.2731412 0.9195203 -0.2219793 0.3243573 0.8308389 0.319829 0.4554296 0.8206992 -0.2056192 0.5330794 0.7294357 0.2611945 0.6322191 0.6665617 -0.2818731 0.6901037 0.6006175 0.252129 0.7587421 0.4792098 -0.3153839 0.8190793 0.4779143 0.03429037 0.8777369 0.337764 0.02412438 0.9409216 0.2653782 -0.3668506 0.8916249 0.1772468 0.3073512 0.9349433 0.02678531 -0.5210551 0.8531027 0.03234606 0.002261698 0.9994741 0.06227135 0.997826 -0.02157986 0.0543757 0.9981401 -0.02756118 0.05286431 0.9982858 -0.02511507 0.02511781 0.9994565 0.0213443 0.2494958 0.9681624 0.02033573 0.2492172 0.9682455 0.01978367 0.2531703 0.9674217 0 0.04353594 0.9986768 -0.02737665 0.231699 0.9727379 0.009823381 0.2423705 0.969987 0.01953792 0.02254247 0.9995157 0.02145135 0.214593 0.9764406 -0.0226615 0.2511236 0.967876 0.01236915 0.249781 0.9682855 0.005717515 0.2350064 0.9716144 -0.02715772 0.2073946 0.9782571 6.598e-4 0.1949687 0.9807846 -0.006990551 0.1849182 0.9827539 -1.70299e-4 0.2517526 0.9677909 0.001222968 0.248761 0.9683324 -0.02121919 0.1727765 0.9849574 -0.002693831 0.1778572 0.9840554 -0.001277804 0.2522551 0.9676036 -0.01052772 0.2777143 0.9605633 -0.0138905 0.2527391 0.9675321 -0.002144575 0.03433573 0.9989923 -0.02890068 0.03349924 0.9990973 -0.02612107 0.1367195 0.9906088 -0.001413524 0.161689 0.9868414 8.96514e-4 0.02105867 0.9996279 0.01733565 0.1367129 0.9906098 -0.001410186 0.02735024 0.9993039 -0.02537065 0.02633088 0.9994468 -0.02032154 0.0254895 0.9995337 -0.01681745 0.02143841 0.9997131 0.01067775 0.1116586 0.9937462 8.99262e-4 0.1004726 0.9949362 -0.002692103 0.2531697 0.9674108 -0.004632353 0.2284328 0.9735597 0 0.0944314 0.9955309 -0.001026332 0.01907223 0.9996967 -0.01557672 0.01916593 0.9997534 -0.01121228 0.01912355 0.9997801 -0.008616983 0.01906365 0.9998027 -0.005582928 0.01865696 0.9998241 -0.001923918 0.07171893 0.9974242 0.001174688 0.0185514 0.9998275 -9.8933e-4 0.02018266 0.9997921 0.002895236 0.08885848 0.9960442 -3.28116e-4 0.04381692 0.9990396 0 0.05188173 0.9986346 0.006103217 0.08357125 0.9964939 -0.003976345 0.01834475 0.999821 -0.004630625 0.0384832 0.9991587 0.01417481 0.07641398 0.9970182 -0.01075464 0.01834607 0.9998317 0 -0.007134854 0.9998781 -0.01388657 0.03045755 0.9993684 0.01830929 0.07040065 0.9973806 -0.01660287 0.5909555 0.8064255 0.02120196 0.5703104 0.8213989 0.007069766 0.5491923 0.835696 0 0.5337423 0.8456472 0 0.5241829 0.8516058 -5.99688e-5 0.5334454 0.8458344 6.63235e-5 0.5145653 0.8574512 -1.14073e-4 0.5233061 0.8521447 1.22605e-4 0.5130895 0.8583351 1.71202e-4 0.5703254 0.8214188 0 0.5703255 0.8214188 0 0.4746081 0.8800781 -0.01448833 0.3995368 0.9166436 0.0116139 0.3660556 0.9299911 0.03346163 0.3317666 0.9410661 0.06576853 0.4799414 0.8772998 -0.001154541 0.5909429 0.8064091 -0.02215749 0.5703101 0.8213962 -0.007389187 0.5491918 0.8356964 0 0.4569179 0.8877729 0.05554616 0.4417474 0.8967233 -0.02732568 0.366847 0.9302813 -3.78683e-4 0.3995638 0.9167053 3.64508e-4 0.3662608 0.9305122 3.81788e-4 0.3324865 0.943108 -3.92236e-4 -0.7128337 -0.04986041 0.6995585 -0.7128286 -0.04983669 0.6995653 0 0 1 0 0 1 0 0 1 0 0 1 0 0 1 0 0 1 0.6719912 0.0469948 -0.7390666 0.6882976 0.04813265 -0.7238299 0.6399666 -0.1164838 -0.7595224 0.6215462 -0.1683233 -0.7650802 0.6722277 0.04700845 0.7388506 0.6724151 0.047903 0.7386224 0.6617357 0.04591548 0.7483298 0.6556186 0.04584997 0.7536988 0.6806582 0.238919 0.6925476 0 0 -1 0 0 -1 0 0 -1 0 0 -1 0 0 -1 0 0 -1 -0.7040358 -0.04922103 -0.7084568 -0.7040369 -0.04922777 -0.7084552 0 0 -1 0 0 -1 0 0 -1 0 0 -1 0 0 -1 0 0 -1 0.9975659 0.06973052 0 0.9975659 0.06973052 0 0 0 -1 0 0 -1 0 0 -1 0 0 -1 0 0 -1 0 0 -1 -0.9975649 -0.06974482 -6.53409e-7 -0.9975649 -0.06974482 -6.5339e-7 0 0 1 0 0 1 0 0 1 0 0 1 0 0 1 0 0 1 0.9975659 0.06973052 0 0.9975659 0.06973052 0 0 0 1 0 0 1 0 0 1 0 0 1 0 0 1 0 0 1 0.9999998 -5.71211e-4 0 0.9999998 -5.71211e-4 0 0 0 -1 0 0 -1 0 0 -1 0 0 -1 0 0 -1 0 0 -1 0 0 -1 0 0 -1 0 0 -1 0 0 -1 0 0 -1 0 0 -1 0 0 -1 0 0 -1 0 0 -1 0 0 -1 0 0 -1 0 0 -1 0 0 -1 0 0 -1 0 0 -1 0 0 -1 0 0 -1 -0.1873812 -0.9822872 0 -0.4257794 -0.9048271 0 -0.4257794 -0.9048271 0 -0.6374239 -0.7705133 0 -0.9921147 0.1253333 0 -0.9921147 0.1253333 0 -0.6374239 -0.7705133 0 -0.8090171 -0.5877851 0 -0.9297765 0.3681245 0 -0.8090171 -0.5877851 0 -0.9297765 0.3681245 0 -0.9297765 -0.3681245 0 -0.9921147 -0.1253333 0 -0.8090171 0.5877851 0 -0.9297765 -0.3681245 0 -0.8090171 0.5877851 0 -0.9921147 -0.1253333 0 -0.6374239 0.7705133 0 -0.6374239 0.7705133 0 -0.4257794 0.9048271 0 -0.1873812 0.9822872 0 -0.4257794 0.9048271 0 0.06279057 0.9980268 0 -0.1873812 0.9822872 0 0.3090169 0.9510566 0 0.06279057 0.9980268 0 0.3090169 0.9510566 0 0.5358268 0.844328 0 0.5358268 0.844328 0 0.7289685 0.6845473 0 0.7289685 0.6845473 0 0.8763068 0.4817532 0 0.8763068 0.4817532 0 0.9685832 0.24869 0 0.9685832 0.24869 0 1 0 0 1 0 0 0.9685832 -0.24869 0 0.9685832 -0.24869 0 0.8763068 -0.4817532 0 0.8763068 -0.4817532 0 0.7289685 -0.6845473 0 0.7289685 -0.6845473 0 0.5358268 -0.844328 0 0.5358268 -0.844328 0 0.3090169 -0.9510566 0 0.3090169 -0.9510566 0 0.06279057 -0.9980268 0 0.06279057 -0.9980268 0 -0.1873812 -0.9822872 0 0 0 1 0 0 1 0 0 1 0 0 1 0 0 1 0 0 1 0 0 1 0 0 1 0 0 1 0 0 1 0 0 -1 0 0 -1 0 0 -1 0 0 -1 0 0 -1 0 0 -1 0 0 -1 0 0 -1 0 0 -1</float_array>
          <technique_common>
            <accessor source="#link_3-mesh-normals-array" count="9615" stride="3">
              <param name="X" type="float"/>
              <param name="Y" type="float"/>
              <param name="Z" type="float"/>
            </accessor>
          </technique_common>
        </source>
        <vertices id="link_3-mesh-vertices">
          <input semantic="POSITION" source="#link_3-mesh-positions"/>
        </vertices>
        <triangles material="Material_001-material" count="7705">
          <input semantic="VERTEX" source="#link_3-mesh-vertices" offset="0"/>
          <input semantic="NORMAL" source="#link_3-mesh-normals" offset="1"/>
          <p>0 0 1 0 2 0 3 1 0 1 2 1 4 2 5 2 6 2 7 3 8 3 9 3 10 4 3 4 11 4 3 5 2 5 11 5 12 6 7 6 9 6 13 7 14 7 15 7 14 8 16 8 15 8 17 9 18 9 19 9 20 10 17 10 19 10 21 11 22 11 23 11 24 12 25 12 23 12 26 13 24 13 23 13 27 14 21 14 23 14 18 15 28 15 19 15 25 16 27 16 23 16 5 17 29 17 30 17 6 18 5 18 30 18 12 19 9 19 31 19 32 20 12 20 31 20 33 21 34 21 35 21 20 22 19 22 36 22 34 23 37 23 35 23 26 24 23 24 38 24 39 25 40 25 41 25 23 26 22 26 38 26 42 27 43 27 41 27 33 28 35 28 44 28 45 29 42 29 41 29 43 30 39 30 41 30 46 31 33 31 44 31 47 32 48 32 49 32 50 33 51 33 52 33 48 34 53 34 49 34 54 35 55 35 52 35 45 36 41 36 56 36 8 37 57 37 58 37 51 38 54 38 52 38 9 39 8 39 58 39 50 40 52 40 59 40 11 41 2 41 60 41 31 42 9 42 61 42 2 43 1 43 60 43 9 44 58 44 61 44 1 45 62 45 60 45 63 46 64 46 65 46 11 47 60 47 66 47 29 48 63 48 65 48 67 49 68 49 69 49 70 50 47 50 71 50 16 51 67 51 69 51 47 52 49 52 71 52 15 53 16 53 72 53 16 54 69 54 72 54 29 55 65 55 73 55 30 56 29 56 73 56 36 57 19 57 74 57 52 58 55 58 75 58 59 59 52 59 75 59 28 60 76 60 74 60 19 61 28 61 74 61 55 62 77 62 75 62 36 63 74 63 78 63 59 64 75 64 79 64 41 65 40 65 80 65 35 66 37 66 81 66 40 67 82 67 80 67 41 68 80 68 83 68 56 69 41 69 83 69 53 70 84 70 85 70 37 71 86 71 81 71 49 72 53 72 85 72 35 73 81 73 87 73 57 74 88 74 89 74 44 75 35 75 87 75 61 76 58 76 89 76 58 77 57 77 89 77 75 78 77 78 90 78 61 79 89 79 91 79 77 80 92 80 90 80 79 81 75 81 90 81 64 82 93 82 94 82 79 83 90 83 95 83 60 84 62 84 96 84 65 85 64 85 94 85 71 86 49 86 97 86 62 87 98 87 96 87 49 88 85 88 97 88 60 89 96 89 99 89 66 90 60 90 99 90 65 91 94 91 100 91 73 92 65 92 100 92 78 93 74 93 101 93 81 94 86 94 102 94 74 95 76 95 101 95 87 96 81 96 102 96 86 97 103 97 102 97 103 98 104 98 102 98 89 99 88 99 105 99 91 100 89 100 105 100 87 101 102 101 106 101 88 102 107 102 105 102 94 103 93 103 108 103 68 104 109 104 110 104 100 105 94 105 108 105 93 106 111 106 108 106 69 107 68 107 110 107 83 108 80 108 112 108 72 109 69 109 113 109 80 110 82 110 112 110 82 111 114 111 112 111 69 112 110 112 113 112 78 113 101 113 115 113 91 114 105 114 116 114 83 115 112 115 117 115 114 116 118 116 117 116 112 117 114 117 117 117 102 118 104 118 119 118 97 119 85 119 120 119 84 120 121 120 120 120 85 121 84 121 120 121 102 122 119 122 122 122 106 123 102 123 122 123 101 124 76 124 123 124 90 125 92 125 124 125 125 126 126 126 123 126 92 127 127 127 124 127 115 128 101 128 123 128 76 129 125 129 123 129 95 130 90 130 124 130 95 131 124 131 128 131 100 132 108 132 129 132 107 133 130 133 131 133 96 134 98 134 132 134 116 135 105 135 131 135 105 136 107 136 131 136 98 137 133 137 132 137 115 138 123 138 134 138 96 139 132 139 135 139 99 140 96 140 135 140 116 141 131 141 136 141 137 142 138 142 139 142 140 143 137 143 139 143 97 144 120 144 141 144 140 145 139 145 142 145 109 146 143 146 144 146 110 147 109 147 144 147 108 148 111 148 145 148 129 149 108 149 145 149 111 150 146 150 145 150 146 151 147 151 145 151 113 152 110 152 144 152 120 153 121 153 148 153 119 154 104 154 149 154 121 155 150 155 148 155 129 156 145 156 151 156 152 157 153 157 149 157 123 158 126 158 154 158 104 159 152 159 149 159 126 160 32 160 154 160 134 161 123 161 154 161 119 162 149 162 155 162 150 163 156 163 157 163 122 164 119 164 155 164 148 165 150 165 157 165 113 167 144 167 161 167 134 171 154 171 165 171 124 174 127 174 168 174 148 175 157 175 169 175 127 177 171 177 168 177 124 178 168 178 172 178 141 180 120 180 169 180 120 181 148 181 169 181 128 182 124 182 172 182 144 184 143 184 175 184 145 188 147 188 179 188 143 189 180 189 175 189 181 190 158 190 182 190 169 191 157 191 183 191 183 192 157 192 184 192 158 193 160 193 182 193 149 194 153 194 185 194 156 195 20 195 184 195 157 196 156 196 184 196 139 198 138 198 187 198 138 200 10 200 187 200 151 201 145 201 189 201 145 202 179 202 189 202 182 203 160 203 190 203 181 204 182 204 190 204 149 205 185 205 191 205 131 206 130 206 192 206 130 207 45 207 192 207 131 208 192 208 193 208 155 209 149 209 191 209 160 210 163 210 190 210 139 211 187 211 194 211 136 212 131 212 193 212 183 213 184 213 195 213 142 214 139 214 194 214 161 215 144 215 196 215 190 216 163 216 197 216 144 217 175 217 196 217 163 218 164 218 197 218 198 219 199 219 200 219 179 220 147 220 200 220 133 221 201 221 202 221 147 222 198 222 200 222 132 223 133 223 202 223 154 226 32 226 205 226 175 229 180 229 208 229 165 230 154 230 205 230 189 231 179 231 209 231 179 232 200 232 209 232 180 233 210 233 208 233 165 234 205 234 211 234 132 235 202 235 212 235 164 236 167 236 213 236 200 237 199 237 214 237 197 238 164 238 213 238 135 239 132 239 212 239 196 240 175 240 215 240 175 244 208 244 215 244 171 245 219 245 220 245 167 247 173 247 222 247 168 248 171 248 220 248 195 249 184 249 223 249 20 250 36 250 223 250 184 251 20 251 223 251 202 252 201 252 224 252 213 253 167 253 222 253 205 254 32 254 225 254 32 255 31 255 225 255 201 256 46 256 224 256 192 257 45 257 226 257 168 258 220 258 227 258 172 259 168 259 227 259 193 261 192 261 226 261 202 262 224 262 230 262 45 264 56 264 226 264 212 266 202 266 230 266 200 268 214 268 233 268 209 269 200 269 233 269 214 270 199 270 234 270 199 271 235 271 234 271 208 272 210 272 236 272 235 273 237 273 234 273 210 274 238 274 236 274 233 275 214 275 234 275 173 276 177 276 239 276 153 277 240 277 241 277 222 278 173 278 239 278 193 279 226 279 242 279 240 280 243 280 241 280 205 281 225 281 244 281 211 283 205 283 244 283 233 286 234 286 248 286 185 287 153 287 241 287 177 288 178 288 249 288 195 289 223 289 250 289 237 290 70 290 251 290 185 291 241 291 252 291 191 292 185 292 252 292 234 293 237 293 251 293 208 294 236 294 253 294 215 295 208 295 253 295 239 296 177 296 249 296 187 297 10 297 254 297 61 298 91 298 255 298 225 299 31 299 255 299 249 300 178 300 256 300 10 301 11 301 254 301 194 302 187 302 257 302 31 303 61 303 255 303 248 304 234 304 258 304 187 305 254 305 257 305 241 306 243 306 259 306 234 307 251 307 258 307 178 308 186 308 256 308 244 309 225 309 260 309 225 310 255 310 260 310 56 311 83 311 261 311 226 312 56 312 261 312 242 314 226 314 261 314 241 315 259 315 263 315 186 317 204 317 265 317 36 318 78 318 266 318 252 319 241 319 263 319 250 320 223 320 266 320 259 321 243 321 267 321 256 322 186 322 265 322 223 323 36 323 266 323 242 324 261 324 268 324 243 325 13 325 267 325 250 326 266 326 269 326 263 327 259 327 270 327 259 328 267 328 270 328 251 329 70 329 271 329 224 332 46 332 274 332 46 333 44 333 274 333 204 334 207 334 275 334 265 335 204 335 275 335 91 336 116 336 276 336 255 337 91 337 276 337 260 338 255 338 276 338 251 339 271 339 277 339 258 340 251 340 277 340 230 341 224 341 278 341 224 342 274 342 278 342 260 343 276 343 279 343 261 344 83 344 280 344 83 345 117 345 280 345 117 346 118 346 280 346 268 347 261 347 280 347 219 348 281 348 282 348 207 349 217 349 283 349 78 350 115 350 284 350 227 351 220 351 282 351 220 352 219 352 282 352 266 353 78 353 284 353 275 354 207 354 283 354 269 355 266 355 284 355 227 356 282 356 285 356 280 357 118 357 286 357 118 359 288 359 286 359 268 360 280 360 286 360 238 362 290 362 291 362 116 363 136 363 292 363 236 364 238 364 291 364 276 365 116 365 292 365 293 366 181 366 294 366 279 367 276 367 292 367 279 368 292 368 295 368 11 369 66 369 296 369 269 370 284 370 297 370 257 371 254 371 296 371 293 372 294 372 298 372 254 373 11 373 296 373 277 374 271 374 299 374 236 375 291 375 300 375 253 376 236 376 300 376 271 377 70 377 299 377 70 378 71 378 299 378 257 379 296 379 301 379 217 380 218 380 302 380 282 381 281 381 303 381 283 382 217 382 302 382 295 383 292 383 304 383 292 384 136 384 304 384 281 385 305 385 303 385 285 386 282 386 303 386 277 387 299 387 306 387 285 388 303 388 307 388 294 389 181 389 308 389 295 390 304 390 309 390 298 391 294 391 308 391 15 392 72 392 310 392 284 393 115 393 311 393 181 394 190 394 308 394 13 395 15 395 310 395 298 396 308 396 312 396 267 397 13 397 310 397 115 398 134 398 311 398 267 401 310 401 316 401 218 403 229 403 317 403 311 404 134 404 318 404 302 405 218 405 317 405 270 406 267 406 316 406 134 407 165 407 318 407 311 408 318 408 319 408 297 409 284 409 319 409 44 410 87 410 320 410 284 411 311 411 319 411 274 412 44 412 320 412 71 413 97 413 321 413 274 414 320 414 322 414 299 415 71 415 321 415 312 416 308 416 323 416 308 417 190 417 323 417 136 418 193 418 324 418 278 419 274 419 322 419 303 420 305 420 325 420 307 421 303 421 325 421 190 422 197 422 323 422 304 423 136 423 324 423 299 424 321 424 326 424 305 425 327 425 325 425 306 426 299 426 326 426 312 427 323 427 328 427 307 428 325 428 329 428 319 429 318 429 330 429 229 431 231 431 332 431 296 432 66 432 333 432 66 433 99 433 333 433 309 434 304 434 334 434 304 435 324 435 334 435 318 436 165 436 335 436 165 437 211 437 335 437 317 438 229 438 332 438 300 439 291 439 336 439 330 440 318 440 337 440 290 441 50 441 336 441 291 442 290 442 336 442 318 444 335 444 337 444 301 445 296 445 340 445 296 447 333 447 340 447 326 450 321 450 343 450 97 451 141 451 343 451 332 452 231 452 344 452 321 453 97 453 343 453 87 454 106 454 345 454 320 455 87 455 345 455 324 456 193 456 346 456 334 457 324 457 346 457 231 458 245 458 344 458 193 459 242 459 346 459 322 460 320 460 345 460 242 461 268 461 346 461 322 462 345 462 347 462 326 463 343 463 348 463 334 464 346 464 349 464 300 465 336 465 350 465 343 466 141 466 351 466 344 467 245 467 352 467 310 468 72 468 353 468 245 469 247 469 352 469 141 470 169 470 351 470 197 471 213 471 354 471 355 472 356 472 357 472 316 473 310 473 358 473 359 474 360 474 357 474 310 475 353 475 358 475 356 476 4 476 357 476 323 477 197 477 354 477 4 478 6 478 357 478 328 479 323 479 354 479 360 480 355 480 357 480 335 481 211 481 361 481 211 482 244 482 361 482 345 483 106 483 362 483 106 484 122 484 362 484 337 485 335 485 361 485 328 486 354 486 363 486 352 487 247 487 364 487 347 488 345 488 365 488 183 489 195 489 366 489 345 490 362 490 365 490 351 491 169 491 366 491 327 492 367 492 368 492 169 493 183 493 366 493 325 494 327 494 368 494 357 496 6 496 371 496 329 497 325 497 372 497 6 499 30 499 371 499 359 500 357 500 371 500 325 501 368 501 372 501 343 502 351 502 373 502 213 503 222 503 374 503 351 504 366 504 373 504 348 505 343 505 373 505 333 506 99 506 375 506 373 507 366 507 376 507 99 508 135 508 375 508 337 509 361 509 377 509 378 510 140 510 379 510 354 511 213 511 374 511 142 512 194 512 379 512 366 513 195 513 380 513 140 514 142 514 379 514 363 515 354 515 381 515 333 516 375 516 382 516 354 517 374 517 381 517 195 518 250 518 380 518 340 519 333 519 382 519 376 520 366 520 380 520 336 521 50 521 383 521 268 522 286 522 384 522 247 523 262 523 385 523 346 524 268 524 384 524 349 525 346 525 384 525 350 526 336 526 383 526 262 527 273 527 385 527 50 528 59 528 383 528 364 529 247 529 385 529 361 530 244 530 386 530 244 531 260 531 386 531 378 533 379 533 389 533 122 535 155 535 390 535 376 536 380 536 391 536 288 537 392 537 393 537 362 538 122 538 390 538 349 539 384 539 393 539 377 540 361 540 394 540 361 541 386 541 394 541 222 542 239 542 395 542 362 543 390 543 396 543 374 544 222 544 395 544 381 545 374 545 395 545 365 546 362 546 396 546 260 547 279 547 397 547 386 548 260 548 397 548 381 549 395 549 398 549 30 550 73 550 399 550 273 551 287 551 400 551 359 552 371 552 399 552 371 553 30 553 399 553 350 554 383 554 401 554 353 555 72 555 402 555 394 556 386 556 403 556 386 557 397 557 403 557 385 558 273 558 400 558 72 559 113 559 402 559 286 560 288 560 404 560 288 561 393 561 404 561 393 562 384 562 404 562 384 563 286 563 404 563 391 564 380 564 405 564 113 565 161 565 402 565 358 566 353 566 406 566 250 567 269 567 405 567 353 568 402 568 406 568 380 569 250 569 405 569 239 570 249 570 407 570 398 571 395 571 407 571 379 572 194 572 408 572 395 573 239 573 407 573 391 574 405 574 409 574 398 575 407 575 410 575 389 576 379 576 408 576 411 577 359 577 412 577 399 578 73 578 412 578 73 579 100 579 412 579 155 580 191 580 413 580 359 581 399 581 412 581 390 582 155 582 413 582 100 583 129 583 412 583 279 585 295 585 416 585 249 587 256 587 417 587 403 588 397 588 416 588 390 589 413 589 418 589 397 590 279 590 416 590 403 591 416 591 419 591 407 592 249 592 417 592 396 593 390 593 418 593 412 594 129 594 420 594 368 595 367 595 421 595 411 596 412 596 420 596 367 597 422 597 421 597 372 598 368 598 421 598 407 599 417 599 423 599 409 600 405 600 424 600 372 601 421 601 425 601 410 602 407 602 423 602 405 603 269 603 424 603 287 604 313 604 426 604 382 605 375 605 427 605 416 606 295 606 428 606 295 607 309 607 428 607 375 608 135 608 427 608 419 609 416 609 428 609 135 610 212 610 427 610 400 611 287 611 426 611 409 612 424 612 429 612 389 613 408 613 430 613 420 614 129 614 431 614 129 615 151 615 431 615 411 616 420 616 431 616 417 617 256 617 432 617 382 618 427 618 433 618 419 619 428 619 434 619 309 620 334 620 435 620 428 621 309 621 435 621 434 622 428 622 435 622 256 623 265 623 432 623 212 624 230 624 436 624 434 625 435 625 437 625 427 626 212 626 436 626 151 627 189 627 438 627 411 628 431 628 438 628 431 629 151 629 438 629 189 630 209 630 438 630 417 631 432 631 439 631 423 632 417 632 439 632 269 633 297 633 440 633 427 634 436 634 441 634 297 635 319 635 440 635 433 637 427 637 441 637 429 638 424 638 440 638 424 641 269 641 440 641 426 642 313 642 445 642 59 643 79 643 446 643 383 644 59 644 446 644 429 645 440 645 447 645 209 646 233 646 448 646 313 647 331 647 445 647 411 648 438 648 448 648 438 649 209 649 448 649 435 650 334 650 449 650 191 651 252 651 450 651 334 652 349 652 449 652 413 653 191 653 450 653 437 654 435 654 451 654 432 655 265 655 452 655 435 656 449 656 451 656 448 657 233 657 453 657 418 658 413 658 454 658 411 659 448 659 453 659 413 660 450 660 454 660 265 661 275 661 452 661 383 662 446 662 455 662 440 663 319 663 456 663 432 664 452 664 457 664 401 665 383 665 455 665 194 666 257 666 458 666 257 667 301 667 458 667 439 668 432 668 457 668 319 669 330 669 456 669 408 672 194 672 458 672 440 673 456 673 461 673 430 674 408 674 462 674 447 675 440 675 461 675 408 676 458 676 462 676 233 677 248 677 463 677 445 678 331 678 464 678 248 679 258 679 463 679 331 680 339 680 464 680 453 681 233 681 463 681 411 682 453 682 463 682 450 683 252 683 465 683 252 684 263 684 465 684 456 685 330 685 466 685 464 686 339 686 467 686 349 687 393 687 468 687 79 688 95 688 469 688 449 689 349 689 468 689 446 690 79 690 469 690 339 691 342 691 467 691 411 692 463 692 470 692 463 693 258 693 470 693 454 694 450 694 471 694 450 695 465 695 471 695 461 696 456 696 472 696 456 697 466 697 472 697 452 698 275 698 473 698 451 699 449 699 474 699 457 700 452 700 473 700 275 701 283 701 473 701 449 702 468 702 474 702 472 703 466 703 475 703 161 704 196 704 476 704 406 705 402 705 476 705 457 706 473 706 477 706 402 707 161 707 476 707 330 708 337 708 475 708 337 709 377 709 475 709 466 710 330 710 475 710 406 711 476 711 478 711 446 712 469 712 479 712 472 713 475 713 480 713 455 714 446 714 479 714 468 715 393 715 481 715 467 716 342 716 482 716 421 717 422 717 483 717 425 718 421 718 483 718 342 719 370 719 482 719 411 720 470 720 484 720 258 721 277 721 484 721 485 722 293 722 486 722 422 723 26 723 483 723 470 724 258 724 484 724 425 725 483 725 487 725 474 726 468 726 488 726 298 727 312 727 486 727 392 728 489 728 488 728 468 729 481 729 488 729 480 730 475 730 490 730 465 731 263 731 491 731 293 732 298 732 486 732 492 733 485 733 493 733 263 734 270 734 491 734 475 735 377 735 490 735 485 736 486 736 493 736 480 737 490 737 494 737 481 738 393 738 495 738 471 740 465 740 497 740 392 741 488 741 495 741 488 743 481 743 495 743 473 744 283 744 499 744 465 745 491 745 497 745 393 746 392 746 495 746 283 747 302 747 499 747 490 748 377 748 500 748 377 749 394 749 500 749 436 750 230 750 501 750 502 751 411 751 503 751 484 752 277 752 503 752 277 753 306 753 503 753 230 754 278 754 501 754 411 755 484 755 503 755 473 756 499 756 504 756 477 757 473 757 504 757 490 758 500 758 505 758 436 759 501 759 506 759 494 760 490 760 505 760 441 761 436 761 506 761 486 762 312 762 507 762 403 763 419 763 508 763 500 764 394 764 508 764 312 765 328 765 507 765 394 766 403 766 508 766 493 767 486 767 507 767 469 768 95 768 509 768 505 769 500 769 510 769 95 770 128 770 509 770 500 771 508 771 510 771 503 772 306 772 511 772 306 773 326 773 511 773 502 774 503 774 511 774 493 775 507 775 512 775 510 776 508 776 513 776 508 777 419 777 513 777 196 778 215 778 514 778 476 781 196 781 514 781 510 782 513 782 517 782 511 783 326 783 518 783 502 784 511 784 518 784 478 785 476 785 519 785 326 786 348 786 518 786 476 787 514 787 519 787 499 788 302 788 520 788 513 789 419 789 521 789 479 790 469 790 522 790 517 791 513 791 521 791 504 792 499 792 520 792 469 793 509 793 522 793 434 794 437 794 521 794 419 795 434 795 521 795 302 796 317 796 520 796 504 797 520 797 523 797 517 798 521 798 524 798 521 799 437 799 525 799 514 800 215 800 526 800 524 801 521 801 525 801 482 802 370 802 527 802 502 803 518 803 528 803 518 804 348 804 528 804 370 805 388 805 527 805 519 806 514 806 529 806 348 807 373 807 528 807 373 808 376 808 528 808 514 809 526 809 529 809 376 810 391 810 530 810 502 811 528 811 530 811 462 812 458 812 531 812 528 813 376 813 530 813 507 814 328 814 532 814 524 815 525 815 533 815 328 816 363 816 532 816 458 817 301 817 531 817 512 818 507 818 532 818 502 819 530 819 534 819 462 820 531 820 535 820 391 821 409 821 534 821 530 822 391 822 534 822 451 823 474 823 536 823 253 824 300 824 537 824 525 825 437 825 536 825 215 826 253 826 537 826 512 827 532 827 538 827 437 828 451 828 536 828 526 830 215 830 537 830 525 832 536 832 541 832 533 833 525 833 541 833 529 834 526 834 537 834 317 835 332 835 542 835 26 836 38 836 543 836 409 837 429 837 544 837 38 838 22 838 543 838 487 839 483 839 543 839 22 840 545 840 543 840 534 841 409 841 544 841 520 842 317 842 542 842 483 843 26 843 543 843 502 844 534 844 544 844 487 845 543 845 546 845 474 846 488 846 547 846 543 847 545 847 546 847 536 848 474 848 547 848 541 849 536 849 547 849 529 850 537 850 548 850 520 851 542 851 549 851 541 852 547 852 550 852 551 853 502 853 552 853 502 854 544 854 552 854 270 855 316 855 553 855 429 856 447 856 552 856 523 857 520 857 549 857 544 858 429 858 552 858 547 859 488 859 554 859 549 860 542 860 555 860 491 861 270 861 553 861 550 862 547 862 554 862 332 863 344 863 555 863 489 864 556 864 557 864 550 865 554 865 557 865 551 866 552 866 558 866 491 867 553 867 559 867 552 868 447 868 558 868 488 869 489 869 560 869 554 870 488 870 560 870 489 871 557 871 560 871 497 872 491 872 559 872 557 873 554 873 560 873 558 874 447 874 561 874 542 875 332 875 555 875 551 876 558 876 561 876 447 877 461 877 561 877 461 878 472 878 561 878 549 879 555 879 562 879 501 880 278 880 563 880 561 881 472 881 564 881 278 882 322 882 563 882 472 883 480 883 564 883 551 884 561 884 564 884 480 885 494 885 565 885 564 886 480 886 565 886 551 887 564 887 565 887 527 888 388 888 566 888 388 889 415 889 566 889 506 890 501 890 567 890 565 891 494 891 568 891 551 892 565 892 568 892 562 893 555 893 569 893 494 894 505 894 568 894 501 895 563 895 567 895 551 896 568 896 570 896 128 897 172 897 571 897 568 898 505 898 570 898 555 899 344 899 569 899 509 900 128 900 571 900 551 901 570 901 572 901 344 902 352 902 569 902 573 903 551 903 572 903 570 904 505 904 572 904 522 905 509 905 571 905 505 906 510 906 572 906 510 907 517 907 572 907 573 908 572 908 574 908 572 909 517 909 574 909 562 910 569 910 575 910 522 911 571 911 576 911 517 912 524 912 574 912 573 913 574 913 577 913 574 914 524 914 577 914 531 915 301 915 578 915 301 916 340 916 578 916 340 917 382 917 578 917 573 918 577 918 579 918 524 919 533 919 579 919 577 920 524 920 579 920 573 921 579 921 580 921 363 922 381 922 581 922 579 923 533 923 580 923 533 924 541 924 580 924 532 925 363 925 581 925 563 926 322 926 582 926 322 927 347 927 582 927 541 928 550 928 580 928 538 929 532 929 581 929 573 930 580 930 583 930 567 931 563 931 582 931 580 932 550 932 583 932 538 933 581 933 584 933 550 934 557 934 583 934 556 935 573 935 585 935 573 936 583 936 585 936 583 937 557 937 585 937 556 938 585 938 586 938 531 940 578 940 588 940 585 941 557 941 586 941 575 942 569 942 589 942 557 943 556 943 586 943 535 944 531 944 588 944 352 945 364 945 589 945 567 946 582 946 590 946 569 947 352 947 589 947 172 948 227 948 591 948 575 949 589 949 592 949 571 950 172 950 591 950 566 951 415 951 593 951 415 952 442 952 593 952 300 953 350 953 594 953 537 954 300 954 594 954 576 957 571 957 597 957 571 958 591 958 597 958 548 959 537 959 598 959 537 960 594 960 598 960 553 961 316 961 599 961 581 962 381 962 600 962 381 963 398 963 600 963 316 964 358 964 599 964 581 965 600 965 601 965 584 966 581 966 601 966 553 967 599 967 602 967 589 970 364 970 605 970 559 971 553 971 602 971 582 972 347 972 606 972 590 973 582 973 606 973 347 974 365 974 606 974 364 975 385 975 605 975 592 976 589 976 607 976 590 977 606 977 608 977 589 978 605 978 607 978 442 979 443 979 609 979 591 980 227 980 610 980 593 981 442 981 609 981 227 982 285 982 610 982 382 983 433 983 611 983 578 984 382 984 611 984 588 985 578 985 611 985 600 986 398 986 612 986 597 987 591 987 613 987 591 988 610 988 613 988 398 989 410 989 612 989 614 990 378 990 615 990 600 991 612 991 616 991 378 992 389 992 615 992 601 993 600 993 616 993 588 994 611 994 617 994 443 995 459 995 618 995 609 996 443 996 618 996 606 997 365 997 619 997 608 998 606 998 619 998 365 1001 396 1001 619 1001 385 1002 400 1002 622 1002 614 1003 615 1003 623 1003 605 1004 385 1004 622 1004 608 1005 619 1005 624 1005 594 1006 350 1006 625 1006 605 1007 622 1007 626 1007 598 1008 594 1008 625 1008 607 1009 605 1009 626 1009 350 1010 401 1010 625 1010 598 1011 625 1011 627 1011 410 1012 423 1012 628 1012 389 1013 430 1013 629 1013 612 1014 410 1014 628 1014 615 1015 389 1015 629 1015 616 1016 612 1016 628 1016 623 1017 615 1017 629 1017 616 1018 628 1018 630 1018 599 1019 358 1019 631 1019 358 1020 406 1020 631 1020 618 1021 459 1021 632 1021 599 1022 631 1022 633 1022 459 1023 496 1023 632 1023 602 1024 599 1024 633 1024 396 1025 418 1025 634 1025 423 1026 439 1026 635 1026 619 1027 396 1027 634 1027 628 1028 423 1028 635 1028 628 1029 635 1029 636 1029 630 1030 628 1030 636 1030 617 1031 611 1031 637 1031 611 1033 433 1033 637 1033 619 1035 634 1035 640 1035 622 1036 400 1036 641 1036 624 1037 619 1037 640 1037 623 1038 629 1038 642 1038 400 1039 426 1039 641 1039 617 1040 637 1040 643 1040 626 1041 622 1041 644 1041 622 1042 641 1042 644 1042 637 1043 433 1043 645 1043 433 1044 441 1044 645 1044 285 1045 307 1045 646 1045 632 1046 496 1046 647 1046 610 1047 285 1047 646 1047 613 1048 610 1048 646 1048 637 1049 645 1049 648 1049 643 1050 637 1050 648 1050 439 1051 457 1051 649 1051 636 1052 635 1052 649 1052 613 1053 646 1053 650 1053 640 1054 634 1054 651 1054 635 1055 439 1055 649 1055 636 1056 649 1056 652 1056 634 1057 418 1057 651 1057 418 1058 454 1058 651 1058 640 1060 651 1060 654 1060 516 1061 540 1061 655 1061 496 1062 516 1062 655 1062 430 1063 462 1063 656 1063 647 1064 496 1064 655 1064 642 1065 629 1065 656 1065 629 1066 430 1066 656 1066 642 1067 656 1067 657 1067 454 1068 471 1068 658 1068 651 1069 454 1069 658 1069 426 1070 445 1070 659 1070 641 1071 426 1071 659 1071 644 1072 641 1072 659 1072 625 1073 401 1073 660 1073 644 1074 659 1074 661 1074 401 1075 455 1075 660 1075 627 1076 625 1076 660 1076 649 1077 457 1077 662 1077 307 1078 329 1078 663 1078 650 1079 646 1079 663 1079 646 1080 307 1080 663 1080 457 1081 477 1081 662 1081 654 1082 651 1082 664 1082 649 1083 662 1083 665 1083 652 1084 649 1084 665 1084 651 1085 658 1085 664 1085 540 1086 587 1086 666 1086 627 1087 660 1087 667 1087 655 1088 540 1088 666 1088 659 1089 445 1089 668 1089 406 1090 478 1090 669 1090 631 1091 406 1091 669 1091 633 1092 631 1092 669 1092 445 1093 464 1093 668 1093 633 1094 669 1094 670 1094 661 1095 659 1095 671 1095 659 1096 668 1096 671 1096 650 1097 663 1097 672 1097 471 1098 497 1098 673 1098 668 1099 464 1099 674 1099 658 1100 471 1100 673 1100 464 1101 467 1101 674 1101 671 1102 668 1102 674 1102 664 1103 658 1103 675 1103 671 1104 674 1104 676 1104 658 1105 673 1105 675 1105 678 1107 679 1107 677 1107 645 1108 441 1108 680 1108 662 1110 477 1110 681 1110 665 1111 662 1111 681 1111 477 1112 504 1112 681 1112 441 1113 506 1113 680 1113 648 1114 645 1114 680 1114 665 1115 681 1115 682 1115 648 1116 680 1116 683 1116 329 1117 372 1117 684 1117 663 1118 329 1118 684 1118 674 1119 467 1119 685 1119 672 1120 663 1120 684 1120 676 1121 674 1121 685 1121 672 1122 684 1122 686 1122 467 1123 482 1123 685 1123 669 1124 478 1124 687 1124 478 1125 519 1125 687 1125 676 1126 685 1126 688 1126 669 1127 687 1127 689 1127 670 1128 669 1128 689 1128 681 1129 504 1129 690 1129 519 1130 529 1130 691 1130 682 1131 681 1131 690 1131 687 1132 519 1132 691 1132 504 1133 523 1133 690 1133 462 1134 535 1134 692 1134 682 1135 690 1135 693 1135 656 1136 462 1136 692 1136 666 1137 587 1137 694 1137 657 1138 656 1138 692 1138 587 1139 595 1139 694 1139 523 1140 549 1140 695 1140 689 1141 687 1141 696 1141 687 1142 691 1142 696 1142 657 1143 692 1143 697 1143 693 1144 690 1144 695 1144 660 1145 455 1145 698 1145 690 1146 523 1146 695 1146 693 1147 695 1147 699 1147 660 1148 698 1148 700 1148 685 1149 482 1149 701 1149 482 1150 527 1150 701 1150 667 1151 660 1151 700 1151 688 1152 685 1152 701 1152 529 1153 548 1153 702 1153 691 1154 529 1154 702 1154 688 1155 701 1155 703 1155 696 1156 691 1156 702 1156 696 1157 702 1157 704 1157 694 1158 595 1158 705 1158 595 1159 604 1159 705 1159 497 1160 559 1160 706 1160 673 1161 497 1161 706 1161 549 1162 562 1162 707 1162 695 1163 549 1163 707 1163 695 1164 707 1164 708 1164 567 1165 590 1165 709 1165 699 1166 695 1166 708 1166 506 1167 567 1167 709 1167 680 1168 506 1168 709 1168 604 1169 621 1169 710 1169 705 1170 604 1170 710 1170 562 1171 575 1171 711 1171 673 1172 706 1172 712 1172 675 1173 673 1173 712 1173 680 1174 709 1174 713 1174 683 1175 680 1175 713 1175 707 1176 562 1176 711 1176 708 1177 707 1177 711 1177 708 1178 711 1178 714 1178 698 1179 455 1179 715 1179 455 1180 479 1180 715 1180 701 1181 527 1181 716 1181 703 1182 701 1182 716 1182 700 1183 698 1183 717 1183 527 1184 566 1184 716 1184 698 1185 715 1185 717 1185 372 1186 425 1186 718 1186 684 1187 372 1187 718 1187 703 1188 716 1188 719 1188 684 1189 718 1189 720 1189 575 1190 592 1190 721 1190 686 1191 684 1191 720 1191 697 1192 692 1192 722 1192 535 1193 588 1193 722 1193 692 1194 535 1194 722 1194 711 1195 575 1195 721 1195 714 1196 711 1196 721 1196 714 1197 721 1197 723 1197 709 1198 590 1198 724 1198 592 1199 607 1199 725 1199 713 1200 709 1200 724 1200 723 1201 721 1201 725 1201 721 1202 592 1202 725 1202 697 1203 722 1203 726 1203 723 1204 725 1204 727 1204 713 1205 724 1205 728 1205 710 1206 621 1206 729 1206 621 1207 639 1207 729 1207 715 1208 479 1208 730 1208 522 1209 576 1209 730 1209 566 1210 593 1210 731 1210 479 1211 522 1211 730 1211 716 1212 566 1212 731 1212 715 1213 730 1213 732 1213 719 1214 716 1214 731 1214 717 1215 715 1215 732 1215 719 1216 731 1216 733 1216 639 1217 653 1217 734 1217 729 1218 639 1218 734 1218 548 1219 598 1219 735 1219 702 1220 548 1220 735 1220 704 1221 702 1221 736 1221 702 1222 735 1222 736 1222 607 1223 626 1223 737 1223 725 1224 607 1224 737 1224 712 1225 706 1225 738 1225 725 1226 737 1226 739 1226 706 1227 559 1227 738 1227 727 1228 725 1228 739 1228 559 1229 602 1229 738 1229 733 1230 731 1230 740 1230 593 1231 609 1231 740 1231 724 1232 590 1232 741 1232 728 1233 724 1233 741 1233 731 1234 593 1234 740 1234 590 1235 608 1235 741 1235 733 1236 740 1236 742 1236 734 1237 653 1237 743 1237 712 1238 738 1238 744 1238 653 1239 677 1239 743 1239 718 1240 425 1240 745 1240 425 1241 487 1241 745 1241 740 1242 609 1242 746 1242 742 1243 740 1243 746 1243 609 1244 618 1244 746 1244 728 1245 741 1245 747 1245 718 1246 745 1246 748 1246 720 1247 718 1247 748 1247 742 1248 746 1248 749 1248 726 1249 722 1249 750 1249 737 1250 626 1250 751 1250 722 1251 588 1251 750 1251 588 1252 617 1252 750 1252 626 1253 644 1253 751 1253 726 1254 750 1254 752 1254 739 1255 737 1255 751 1255 739 1256 751 1256 753 1256 624 1257 640 1257 754 1257 741 1258 608 1258 754 1258 746 1259 618 1259 755 1259 747 1260 741 1260 754 1260 749 1261 746 1261 755 1261 608 1262 624 1262 754 1262 618 1263 632 1263 755 1263 749 1264 755 1264 756 1264 747 1265 754 1265 757 1265 730 1266 576 1266 758 1266 743 1267 677 1267 759 1267 677 1268 679 1268 759 1268 732 1269 730 1269 758 1269 753 1270 751 1270 760 1270 751 1271 644 1271 760 1271 732 1272 758 1272 761 1272 644 1273 661 1273 760 1273 614 1274 623 1274 762 1274 763 1275 614 1275 762 1275 753 1276 760 1276 764 1276 623 1277 642 1277 762 1277 632 1278 647 1278 765 1278 755 1279 632 1279 765 1279 735 1280 598 1280 766 1280 756 1281 755 1281 765 1281 736 1282 735 1282 766 1282 598 1283 627 1283 766 1283 736 1284 766 1284 767 1284 756 1285 765 1285 768 1285 647 1286 655 1286 769 1286 765 1287 647 1287 769 1287 763 1288 762 1288 770 1288 602 1289 633 1289 771 1289 738 1290 602 1290 771 1290 768 1291 765 1291 772 1291 765 1292 769 1292 772 1292 744 1293 738 1293 771 1293 764 1294 760 1294 773 1294 754 1295 640 1295 774 1295 661 1296 671 1296 773 1296 760 1297 661 1297 773 1297 764 1298 773 1298 775 1298 487 1299 546 1299 776 1299 745 1300 487 1300 776 1300 655 1301 666 1301 777 1301 744 1302 771 1302 778 1302 769 1303 655 1303 777 1303 617 1304 643 1304 779 1304 772 1305 769 1305 780 1305 769 1306 777 1306 780 1306 752 1307 750 1307 779 1307 750 1308 617 1308 779 1308 745 1309 776 1309 781 1309 671 1310 676 1310 782 1310 773 1311 671 1311 782 1311 748 1312 745 1312 781 1312 775 1313 773 1313 783 1313 773 1314 782 1314 783 1314 757 1315 754 1315 784 1315 754 1316 774 1316 784 1316 758 1317 576 1317 785 1317 676 1318 688 1318 786 1318 782 1319 676 1319 786 1319 576 1320 597 1320 785 1320 783 1321 782 1321 786 1321 783 1322 786 1322 787 1322 758 1323 785 1323 788 1323 761 1324 758 1324 788 1324 787 1325 786 1325 789 1325 643 1326 648 1326 790 1326 786 1327 688 1327 789 1327 688 1328 703 1328 789 1328 779 1329 643 1329 790 1329 787 1330 789 1330 791 1330 752 1331 779 1331 792 1331 779 1332 790 1332 792 1332 762 1333 642 1333 793 1333 770 1334 762 1334 793 1334 642 1335 657 1335 793 1335 792 1336 790 1336 794 1336 492 1337 493 1337 795 1337 774 1338 640 1338 796 1338 797 1339 492 1339 798 1339 492 1340 795 1340 798 1340 666 1341 694 1341 799 1341 640 1342 654 1342 796 1342 777 1343 666 1343 799 1343 770 1344 793 1344 800 1344 780 1345 777 1345 799 1345 784 1346 774 1346 801 1346 780 1347 799 1347 802 1347 774 1348 796 1348 801 1348 613 1349 650 1349 803 1349 795 1350 493 1350 804 1350 785 1351 597 1351 803 1351 798 1352 795 1352 804 1352 597 1353 613 1353 803 1353 788 1354 785 1354 805 1354 785 1355 803 1355 805 1355 493 1356 512 1356 804 1356 654 1357 664 1357 806 1357 796 1358 654 1358 806 1358 767 1359 766 1359 807 1359 798 1360 804 1360 808 1360 703 1361 719 1361 809 1361 791 1362 789 1362 809 1362 627 1363 667 1363 807 1363 766 1364 627 1364 807 1364 789 1365 703 1365 809 1365 791 1366 809 1366 810 1366 767 1367 807 1367 811 1367 802 1368 799 1368 812 1368 799 1369 694 1369 812 1369 778 1370 771 1370 813 1370 694 1371 705 1371 812 1371 802 1372 812 1372 814 1372 771 1373 633 1373 813 1373 633 1374 670 1374 813 1374 801 1375 796 1375 815 1375 796 1376 806 1376 815 1376 546 1377 545 1377 816 1377 781 1378 776 1378 816 1378 808 1379 804 1379 817 1379 804 1380 512 1380 817 1380 545 1381 818 1381 816 1381 776 1382 546 1382 816 1382 793 1383 657 1383 819 1383 657 1384 697 1384 819 1384 800 1385 793 1385 819 1385 778 1386 813 1386 820 1386 512 1387 538 1387 817 1387 808 1388 817 1388 821 1388 806 1389 664 1389 822 1389 812 1390 705 1390 823 1390 814 1391 812 1391 823 1391 664 1392 675 1392 822 1392 705 1393 710 1393 823 1393 815 1394 806 1394 822 1394 814 1395 823 1395 824 1395 781 1396 816 1396 825 1396 816 1397 818 1397 825 1397 809 1398 719 1398 826 1398 794 1399 790 1399 827 1399 810 1400 809 1400 826 1400 719 1401 733 1401 826 1401 648 1402 683 1402 827 1402 790 1403 648 1403 827 1403 810 1404 826 1404 828 1404 815 1405 822 1405 829 1405 538 1406 584 1406 830 1406 800 1407 819 1407 831 1407 794 1408 827 1408 832 1408 817 1409 538 1409 830 1409 821 1410 817 1410 830 1410 821 1411 830 1411 833 1411 813 1412 670 1412 834 1412 670 1413 689 1413 834 1413 710 1414 729 1414 835 1414 813 1415 834 1415 836 1415 820 1416 813 1416 836 1416 823 1417 710 1417 835 1417 689 1418 696 1418 837 1418 824 1419 823 1419 838 1419 834 1420 689 1420 837 1420 823 1421 835 1421 838 1421 733 1422 742 1422 839 1422 828 1423 826 1423 839 1423 836 1424 834 1424 840 1424 826 1425 733 1425 839 1425 834 1426 837 1426 840 1426 828 1427 839 1427 841 1427 805 1428 803 1428 842 1428 650 1429 672 1429 842 1429 803 1430 650 1430 842 1430 805 1431 842 1431 843 1431 584 1432 601 1432 844 1432 830 1433 584 1433 844 1433 831 1434 819 1434 845 1434 819 1435 697 1435 845 1435 807 1436 667 1436 846 1436 667 1437 700 1437 846 1437 833 1438 830 1438 847 1438 830 1439 844 1439 847 1439 729 1440 734 1440 848 1440 838 1441 835 1441 848 1441 835 1442 729 1442 848 1442 838 1443 848 1443 849 1443 807 1444 846 1444 850 1444 811 1445 807 1445 850 1445 742 1446 749 1446 851 1446 837 1447 696 1447 852 1447 839 1448 742 1448 851 1448 696 1449 704 1449 852 1449 840 1450 837 1450 852 1450 841 1451 839 1451 851 1451 841 1452 851 1452 853 1452 840 1453 852 1453 854 1453 601 1454 616 1454 855 1454 832 1455 827 1455 856 1455 844 1456 601 1456 855 1456 683 1457 713 1457 856 1457 827 1458 683 1458 856 1458 847 1459 844 1459 855 1459 675 1460 712 1460 857 1460 822 1461 675 1461 857 1461 847 1462 855 1462 858 1462 734 1463 743 1463 859 1463 848 1464 734 1464 859 1464 831 1465 845 1465 860 1465 848 1466 859 1466 861 1466 829 1467 822 1467 862 1467 849 1468 848 1468 861 1468 822 1469 857 1469 862 1469 749 1470 756 1470 863 1470 832 1471 856 1471 864 1471 851 1472 749 1472 863 1472 853 1473 851 1473 863 1473 853 1474 863 1474 865 1474 700 1475 717 1475 866 1475 855 1476 616 1476 867 1476 846 1477 700 1477 866 1477 850 1478 846 1478 868 1478 846 1479 866 1479 868 1479 616 1480 630 1480 867 1480 842 1481 672 1481 869 1481 843 1482 842 1482 869 1482 858 1483 855 1483 867 1483 858 1484 867 1484 870 1484 672 1485 686 1485 869 1485 865 1486 863 1486 871 1486 843 1487 869 1487 872 1487 856 1488 713 1488 873 1488 756 1489 768 1489 871 1489 713 1490 728 1490 873 1490 863 1491 756 1491 871 1491 865 1492 871 1492 874 1492 864 1493 856 1493 873 1493 867 1494 630 1494 875 1494 869 1495 686 1495 876 1495 872 1496 869 1496 876 1496 872 1497 876 1497 877 1497 864 1498 873 1498 878 1498 630 1499 636 1499 875 1499 697 1500 726 1500 879 1500 860 1501 845 1501 879 1501 867 1502 875 1502 880 1502 870 1503 867 1503 880 1503 726 1504 752 1504 879 1504 861 1505 859 1505 881 1505 679 1506 882 1506 881 1506 759 1507 679 1507 881 1507 845 1508 697 1508 879 1508 743 1509 759 1509 881 1509 859 1510 743 1510 881 1510 882 1511 21 1511 883 1511 881 1512 882 1512 883 1512 866 1513 717 1513 884 1513 861 1514 881 1514 883 1514 871 1515 768 1515 885 1515 717 1516 732 1516 884 1516 874 1517 871 1517 885 1517 768 1518 772 1518 885 1518 868 1519 866 1519 886 1519 874 1520 885 1520 887 1520 866 1521 884 1521 886 1521 704 1522 736 1522 888 1522 880 1523 875 1523 889 1523 854 1524 852 1524 888 1524 875 1525 636 1525 889 1525 852 1526 704 1526 888 1526 636 1527 652 1527 889 1527 860 1528 879 1528 890 1528 854 1529 888 1529 891 1529 880 1530 889 1530 892 1530 885 1531 772 1531 893 1531 712 1532 744 1532 894 1532 772 1533 780 1533 893 1533 885 1534 893 1534 895 1534 857 1535 712 1535 894 1535 887 1536 885 1536 895 1536 652 1537 665 1537 896 1537 878 1538 873 1538 897 1538 728 1539 747 1539 897 1539 873 1540 728 1540 897 1540 889 1541 652 1541 896 1541 857 1542 894 1542 898 1542 862 1543 857 1543 898 1543 878 1544 897 1544 899 1544 892 1545 889 1545 900 1545 889 1546 896 1546 900 1546 780 1547 802 1547 901 1547 893 1548 780 1548 901 1548 747 1549 757 1549 902 1549 899 1550 897 1550 902 1550 897 1551 747 1551 902 1551 893 1552 901 1552 903 1552 895 1553 893 1553 903 1553 686 1554 720 1554 904 1554 876 1555 686 1555 904 1555 665 1556 682 1556 905 1556 879 1557 752 1557 906 1557 900 1558 896 1558 905 1558 752 1559 792 1559 906 1559 890 1560 879 1560 906 1560 876 1561 904 1561 907 1561 896 1562 665 1562 905 1562 877 1563 876 1563 907 1563 886 1564 884 1564 908 1564 884 1565 732 1565 908 1565 900 1566 905 1566 909 1566 732 1567 761 1567 908 1567 899 1568 902 1568 910 1568 905 1569 682 1569 911 1569 682 1570 693 1570 911 1570 886 1571 908 1571 912 1571 909 1572 905 1572 911 1572 890 1573 906 1573 913 1573 909 1574 911 1574 914 1574 736 1575 767 1575 915 1575 901 1576 802 1576 916 1576 888 1577 736 1577 915 1577 891 1578 888 1578 915 1578 802 1579 814 1579 916 1579 903 1580 901 1580 916 1580 891 1581 915 1581 917 1581 903 1582 916 1582 918 1582 894 1583 744 1583 919 1583 744 1584 778 1584 919 1584 911 1585 693 1585 920 1585 778 1586 820 1586 919 1586 898 1587 894 1587 919 1587 910 1588 902 1588 921 1588 693 1589 699 1589 920 1589 757 1590 784 1590 921 1590 914 1591 911 1591 920 1591 902 1592 757 1592 921 1592 914 1593 920 1593 922 1593 898 1594 919 1594 923 1594 814 1595 824 1595 924 1595 908 1596 761 1596 925 1596 916 1597 814 1597 924 1597 918 1598 916 1598 924 1598 918 1599 924 1599 926 1599 761 1600 788 1600 925 1600 910 1601 921 1601 927 1601 912 1602 908 1602 928 1602 908 1603 925 1603 928 1603 920 1604 699 1604 929 1604 913 1605 906 1605 930 1605 699 1606 708 1606 929 1606 906 1607 792 1607 930 1607 792 1608 794 1608 930 1608 922 1609 920 1609 931 1609 904 1610 720 1610 932 1610 920 1611 929 1611 931 1611 824 1612 838 1612 933 1612 748 1613 781 1613 932 1613 924 1614 824 1614 933 1614 720 1615 748 1615 932 1615 926 1616 924 1616 933 1616 921 1617 784 1617 934 1617 926 1618 933 1618 935 1618 927 1619 921 1619 934 1619 784 1620 801 1620 934 1620 797 1621 798 1621 936 1621 930 1622 794 1622 937 1622 938 1623 797 1623 939 1623 797 1624 936 1624 939 1624 904 1625 932 1625 940 1625 907 1626 904 1626 940 1626 913 1627 930 1627 941 1627 930 1628 937 1628 941 1628 708 1629 714 1629 942 1629 929 1630 708 1630 942 1630 925 1631 788 1631 943 1631 931 1632 929 1632 942 1632 788 1633 805 1633 943 1633 931 1634 942 1634 944 1634 927 1635 934 1635 945 1635 714 1636 723 1636 946 1636 944 1637 942 1637 946 1637 928 1638 925 1638 947 1638 925 1639 943 1639 947 1639 942 1640 714 1640 946 1640 941 1641 937 1641 948 1641 936 1642 798 1642 949 1642 801 1643 815 1643 950 1643 934 1644 801 1644 950 1644 939 1645 936 1645 949 1645 945 1646 934 1646 950 1646 798 1647 808 1647 949 1647 767 1648 811 1648 951 1648 917 1649 915 1649 951 1649 915 1650 767 1650 951 1650 944 1651 946 1651 952 1651 938 1652 939 1652 953 1652 939 1653 949 1653 953 1653 923 1654 919 1654 954 1654 919 1655 820 1655 954 1655 723 1656 727 1656 955 1656 917 1657 951 1657 956 1657 945 1658 950 1658 957 1658 952 1659 946 1659 955 1659 946 1660 723 1660 955 1660 958 1661 763 1661 959 1661 763 1662 770 1662 959 1662 952 1663 955 1663 960 1663 770 1664 800 1664 959 1664 838 1665 849 1665 961 1665 957 1666 950 1666 962 1666 933 1667 838 1667 961 1667 950 1668 815 1668 962 1668 815 1669 829 1669 962 1669 933 1670 961 1670 963 1670 935 1671 933 1671 963 1671 923 1672 954 1672 964 1672 953 1673 949 1673 965 1673 957 1674 962 1674 966 1674 808 1675 821 1675 965 1675 949 1676 808 1676 965 1676 958 1677 959 1677 967 1677 820 1678 836 1678 968 1678 836 1679 840 1679 968 1679 953 1680 965 1680 969 1680 954 1681 820 1681 968 1681 961 1682 849 1682 970 1682 781 1683 825 1683 971 1683 849 1684 861 1684 970 1684 932 1685 781 1685 971 1685 963 1686 961 1686 970 1686 963 1687 970 1687 972 1687 727 1688 739 1688 973 1688 955 1689 727 1689 973 1689 794 1690 832 1690 974 1690 937 1691 794 1691 974 1691 948 1692 937 1692 974 1692 971 1693 975 1693 976 1693 932 1694 971 1694 976 1694 940 1695 932 1695 976 1695 955 1696 973 1696 977 1696 840 1697 854 1697 978 1697 960 1698 955 1698 977 1698 968 1699 840 1699 978 1699 954 1700 968 1700 979 1700 964 1701 954 1701 979 1701 800 1702 831 1702 980 1702 965 1703 821 1703 981 1703 959 1704 800 1704 980 1704 969 1705 965 1705 981 1705 821 1706 833 1706 981 1706 979 1707 968 1707 982 1707 969 1708 981 1708 983 1708 968 1709 978 1709 982 1709 861 1710 883 1710 984 1710 970 1711 861 1711 984 1711 972 1712 970 1712 984 1712 948 1713 974 1713 985 1713 972 1714 984 1714 25 1714 977 1715 973 1715 986 1715 805 1716 843 1716 987 1716 973 1717 739 1717 986 1717 943 1718 805 1718 987 1718 947 1719 943 1719 987 1719 947 1720 987 1720 988 1720 739 1721 753 1721 986 1721 811 1722 850 1722 989 1722 977 1723 986 1723 990 1723 951 1724 811 1724 989 1724 981 1725 833 1725 991 1725 982 1726 978 1726 992 1726 978 1727 854 1727 992 1727 833 1728 847 1728 991 1728 981 1729 991 1729 993 1729 951 1730 989 1730 994 1730 956 1731 951 1731 994 1731 959 1732 980 1732 995 1732 983 1733 981 1733 993 1733 967 1734 959 1734 995 1734 883 1735 21 1735 996 1735 962 1736 829 1736 997 1736 984 1737 883 1737 996 1737 25 1738 984 1738 996 1738 996 1739 21 1739 27 1739 25 1740 996 1740 27 1740 829 1741 862 1741 997 1741 982 1742 992 1742 998 1742 753 1743 764 1743 999 1743 986 1744 753 1744 999 1744 962 1745 997 1745 1000 1745 990 1746 986 1746 999 1746 966 1747 962 1747 1000 1747 831 1748 860 1748 1001 1748 990 1749 999 1749 1002 1749 980 1750 831 1750 1001 1750 993 1751 991 1751 1003 1751 994 1752 989 1752 1004 1752 989 1753 850 1753 1004 1753 991 1754 847 1754 1003 1754 850 1755 868 1755 1004 1755 987 1756 843 1756 1005 1756 847 1757 858 1757 1003 1757 988 1758 987 1758 1005 1758 843 1759 872 1759 1005 1759 993 1760 1003 1760 1006 1760 858 1761 870 1761 1007 1761 988 1762 1005 1762 1008 1762 1003 1763 858 1763 1007 1763 994 1764 1004 1764 1009 1764 975 1765 971 1765 1010 1765 818 1766 975 1766 1010 1766 971 1767 825 1767 1010 1767 825 1768 818 1768 1010 1768 1006 1769 1003 1769 1007 1769 985 1770 974 1770 1011 1770 1006 1771 1007 1771 1012 1771 974 1772 832 1772 1011 1772 832 1773 864 1773 1011 1773 999 1774 764 1774 1013 1774 985 1775 1011 1775 1014 1775 764 1776 775 1776 1013 1776 995 1777 980 1777 1015 1777 980 1778 1001 1778 1015 1778 1002 1779 999 1779 1013 1779 1008 1780 1005 1780 1016 1780 1002 1781 1013 1781 1017 1781 872 1782 877 1782 1016 1782 1005 1783 872 1783 1016 1783 1008 1784 1016 1784 1018 1784 1012 1785 1007 1785 1019 1785 870 1786 880 1786 1019 1786 1004 1787 868 1787 1020 1787 1007 1788 870 1788 1019 1788 1009 1789 1004 1789 1020 1789 868 1790 886 1790 1020 1790 864 1791 878 1791 1021 1791 878 1792 899 1792 1021 1792 1011 1793 864 1793 1021 1793 1012 1794 1019 1794 1022 1794 1014 1795 1011 1795 1021 1795 1013 1796 775 1796 1023 1796 1009 1797 1020 1797 1024 1797 854 1798 891 1798 1025 1798 891 1799 917 1799 1025 1799 998 1800 992 1800 1025 1800 775 1801 783 1801 1023 1801 1013 1802 1023 1802 1026 1802 992 1803 854 1803 1025 1803 1017 1804 1013 1804 1026 1804 862 1805 898 1805 1027 1805 783 1806 787 1806 1028 1806 1023 1807 783 1807 1028 1807 1026 1808 1023 1808 1028 1808 997 1809 862 1809 1027 1809 1000 1810 997 1810 1027 1810 998 1811 1025 1811 1029 1811 1026 1812 1028 1812 1030 1812 1028 1813 787 1813 1031 1813 1014 1814 1021 1814 1032 1814 1030 1815 1028 1815 1031 1815 1001 1816 860 1816 1033 1816 787 1817 791 1817 1031 1817 860 1818 890 1818 1033 1818 1030 1819 1031 1819 1034 1819 1015 1820 1001 1820 1033 1820 880 1821 892 1821 1035 1821 1019 1822 880 1822 1035 1822 1000 1823 1027 1823 1036 1823 899 1824 910 1824 1037 1824 1021 1825 899 1825 1037 1825 1032 1826 1021 1826 1037 1826 1022 1827 1019 1827 1035 1827 1015 1828 1033 1828 1038 1828 1022 1829 1035 1829 1039 1829 1032 1830 1037 1830 1040 1830 877 1831 907 1831 1041 1831 1016 1832 877 1832 1041 1832 1035 1833 892 1833 1042 1833 892 1834 900 1834 1042 1834 1016 1835 1041 1835 1043 1835 1018 1836 1016 1836 1043 1836 1024 1837 1020 1837 1044 1837 886 1838 912 1838 1044 1838 1035 1839 1042 1839 1045 1839 1020 1840 886 1840 1044 1840 1039 1841 1035 1841 1045 1841 1024 1842 1044 1842 1046 1842 1031 1843 791 1843 1047 1843 1034 1844 1031 1844 1047 1844 1037 1845 910 1845 1048 1845 791 1846 810 1846 1047 1846 1040 1847 1037 1847 1048 1847 1034 1848 1047 1848 1049 1848 1029 1849 1025 1849 1050 1849 1025 1850 917 1850 1050 1850 1045 1851 1042 1851 1051 1851 917 1852 956 1852 1050 1852 1027 1853 898 1853 1052 1853 1036 1854 1027 1854 1052 1854 898 1855 923 1855 1052 1855 1042 1856 900 1856 1051 1856 900 1857 909 1857 1051 1857 1029 1858 1050 1858 1053 1858 1033 1859 890 1859 1054 1859 1045 1860 1051 1860 1055 1860 1051 1861 909 1861 1056 1861 890 1862 913 1862 1054 1862 1040 1863 1048 1863 1057 1863 1055 1864 1051 1864 1056 1864 909 1865 914 1865 1056 1865 1036 1866 1052 1866 1058 1866 1055 1867 1056 1867 1059 1867 1044 1868 912 1868 1060 1868 912 1869 928 1869 1060 1869 953 1870 969 1870 1061 1870 938 1871 953 1871 1061 1871 1046 1872 1044 1872 1062 1872 1044 1873 1060 1873 1062 1873 1048 1874 910 1874 1063 1874 927 1875 945 1875 1063 1875 1047 1876 810 1876 1064 1876 1057 1877 1048 1877 1063 1877 1049 1878 1047 1878 1064 1878 810 1879 828 1879 1064 1879 910 1880 927 1880 1063 1880 1033 1881 1054 1881 1065 1881 1038 1882 1033 1882 1065 1882 1049 1883 1064 1883 1066 1883 1067 1884 938 1884 1068 1884 938 1885 1061 1885 1068 1885 907 1886 940 1886 1069 1886 1041 1887 907 1887 1069 1887 1057 1888 1063 1888 1070 1888 1059 1889 1056 1889 1071 1889 1043 1890 1041 1890 1072 1890 1056 1891 914 1891 1071 1891 1041 1892 1069 1892 1072 1892 914 1893 922 1893 1071 1893 1060 1894 928 1894 1073 1894 928 1895 947 1895 1073 1895 1059 1896 1071 1896 1074 1896 1062 1897 1060 1897 1075 1897 1060 1898 1073 1898 1075 1898 1061 1899 969 1899 1076 1899 1063 1900 945 1900 1077 1900 969 1901 983 1901 1076 1901 1070 1902 1063 1902 1077 1902 1053 1903 1050 1903 1078 1903 1061 1904 1076 1904 1079 1904 1068 1905 1061 1905 1079 1905 1050 1906 956 1906 1078 1906 923 1907 964 1907 1080 1907 1052 1908 923 1908 1080 1908 1058 1909 1052 1909 1080 1909 1071 1910 922 1910 1081 1910 922 1911 931 1911 1081 1911 1071 1912 1081 1912 1082 1912 1054 1913 913 1913 1083 1913 913 1914 941 1914 1083 1914 1074 1915 1071 1915 1082 1915 1065 1916 1054 1916 1083 1916 1064 1917 828 1917 1084 1917 1053 1918 1078 1918 1085 1918 1066 1919 1064 1919 1084 1919 828 1920 841 1920 1084 1920 1070 1921 1077 1921 1086 1921 1066 1922 1084 1922 54 1922 1058 1923 1080 1923 1087 1923 1086 1924 1077 1924 1088 1924 1081 1925 931 1925 1089 1925 1077 1926 945 1926 1088 1926 931 1927 944 1927 1089 1927 945 1928 957 1928 1088 1928 1065 1929 1083 1929 1090 1929 1082 1930 1081 1930 1089 1930 1082 1931 1089 1931 1091 1931 957 1932 966 1932 1092 1932 1088 1933 957 1933 1092 1933 1086 1934 1088 1934 1093 1934 1088 1935 1092 1935 1093 1935 1076 1936 983 1936 1094 1936 983 1937 993 1937 1094 1937 964 1938 979 1938 1095 1938 1087 1939 1080 1939 1095 1939 1076 1940 1094 1940 1096 1940 1080 1941 964 1941 1095 1941 1079 1942 1076 1942 1096 1942 940 1943 976 1943 1097 1943 1089 1944 944 1944 1098 1944 1069 1945 940 1945 1097 1945 944 1946 952 1946 1098 1946 1069 1947 1097 1947 1099 1947 1072 1948 1069 1948 1099 1948 1095 1949 979 1949 1100 1949 979 1950 982 1950 1100 1950 1091 1951 1089 1951 1098 1951 1091 1952 1098 1952 1101 1952 1093 1953 1092 1953 1102 1953 1101 1954 1098 1954 1103 1954 1087 1955 1095 1955 1104 1955 1095 1956 1100 1956 1104 1956 1098 1957 952 1957 1103 1957 952 1958 960 1958 1103 1958 1083 1959 941 1959 1105 1959 941 1960 948 1960 1105 1960 1101 1961 1103 1961 1106 1961 54 1962 1084 1962 1107 1962 1104 1963 1100 1963 1108 1963 841 1964 853 1964 1107 1964 1084 1965 841 1965 1107 1965 947 1966 988 1966 1109 1966 1073 1967 947 1967 1109 1967 1075 1968 1073 1968 1109 1968 54 1969 1107 1969 55 1969 1107 1970 853 1970 1110 1970 853 1971 865 1971 1110 1971 55 1972 1107 1972 1110 1972 1075 1973 1109 1973 1111 1973 948 1974 985 1974 1112 1974 1105 1975 948 1975 1112 1975 55 1976 1110 1976 77 1976 1094 1977 993 1977 1113 1977 1078 1978 956 1978 1114 1978 956 1979 994 1979 1114 1979 994 1980 1009 1980 1114 1980 993 1981 1006 1981 1113 1981 1100 1982 982 1982 1115 1982 1094 1983 1113 1983 1116 1983 1108 1984 1100 1984 1115 1984 982 1985 998 1985 1115 1985 1096 1986 1094 1986 1116 1986 1078 1987 1114 1987 1117 1987 1085 1988 1078 1988 1117 1988 865 1989 874 1989 1118 1989 1110 1990 865 1990 1118 1990 77 1991 1110 1991 1118 1991 1090 1992 1083 1992 1119 1992 77 1993 1118 1993 92 1993 1083 1994 1105 1994 1119 1994 1108 1995 1115 1995 1120 1995 1105 1996 1112 1996 63 1996 1103 1997 960 1997 1121 1997 1119 1998 1105 1998 63 1998 960 1999 977 1999 1121 1999 1114 2000 1009 2000 1122 2000 1106 2001 1103 2001 1123 2001 1117 2002 1114 2002 1122 2002 1103 2003 1121 2003 1123 2003 1109 2004 988 2004 1124 2004 1111 2005 1109 2005 1124 2005 988 2006 1008 2006 1124 2006 1006 2007 1012 2007 1125 2007 1092 2008 966 2008 1126 2008 1113 2009 1006 2009 1125 2009 966 2010 1000 2010 1126 2010 1117 2011 1122 2011 1127 2011 1113 2012 1125 2012 1128 2012 1116 2013 1113 2013 1128 2013 976 2014 975 2014 1129 2014 92 2015 1118 2015 1130 2015 975 2016 1131 2016 1129 2016 1118 2017 874 2017 1130 2017 874 2018 887 2018 1130 2018 1099 2019 1097 2019 1129 2019 1097 2020 976 2020 1129 2020 1111 2021 1124 2021 1132 2021 92 2022 1130 2022 127 2022 1131 2023 1133 2023 1134 2023 1129 2024 1131 2024 1134 2024 1099 2025 1129 2025 1134 2025 1123 2026 1121 2026 1135 2026 1121 2027 977 2027 1135 2027 1092 2028 1126 2028 1136 2028 1102 2029 1092 2029 1136 2029 1008 2030 1018 2030 1137 2030 1124 2031 1008 2031 1137 2031 1132 2032 1124 2032 1137 2032 977 2033 990 2033 1135 2033 1112 2034 985 2034 1138 2034 1123 2035 1135 2035 67 2035 1012 2036 1022 2036 1139 2036 985 2037 1014 2037 1138 2037 1125 2038 1012 2038 1139 2038 1132 2039 1137 2039 1140 2039 1009 2040 1024 2040 1141 2040 1024 2041 1046 2041 1141 2041 1122 2042 1009 2042 1141 2042 1128 2043 1125 2043 1142 2043 1125 2044 1139 2044 1142 2044 1139 2045 1022 2045 1143 2045 998 2046 1029 2046 1144 2046 1115 2047 998 2047 1144 2047 1022 2048 1039 2048 1143 2048 1120 2049 1115 2049 1144 2049 1122 2050 1141 2050 1145 2050 1127 2051 1122 2051 1145 2051 1120 2052 1144 2052 1146 2052 1139 2053 1143 2053 34 2053 1142 2054 1139 2054 34 2054 1112 2055 1138 2055 64 2055 63 2056 1112 2056 64 2056 887 2057 895 2057 1147 2057 1148 2058 958 2058 1149 2058 1130 2059 887 2059 1147 2059 958 2060 967 2060 1149 2060 967 2061 995 2061 1149 2061 127 2062 1130 2062 171 2062 1130 2063 1147 2063 171 2063 1000 2064 1036 2064 1150 2064 1067 2065 1068 2065 1151 2065 1126 2066 1000 2066 1150 2066 1136 2067 1126 2067 1150 2067 137 2068 1067 2068 1152 2068 1067 2069 1151 2069 1152 2069 360 2070 1148 2070 1153 2070 1147 2071 895 2071 1154 2071 895 2072 903 2072 1154 2072 1148 2073 1149 2073 1153 2073 1147 2074 1154 2074 219 2074 1136 2075 1150 2075 48 2075 171 2076 1147 2076 219 2076 1014 2077 1032 2077 1155 2077 1138 2078 1014 2078 1155 2078 1135 2079 990 2079 1156 2079 67 2080 1135 2080 1156 2080 990 2081 1002 2081 1156 2081 67 2082 1156 2082 68 2082 1018 2083 1043 2083 1157 2083 1137 2084 1018 2084 1157 2084 1145 2085 1141 2085 1158 2085 1039 2086 1045 2086 1159 2086 1141 2087 1046 2087 1158 2087 1143 2088 1039 2088 1159 2088 1137 2089 1157 2089 43 2089 1140 2090 1137 2090 43 2090 1145 2091 1158 2091 7 2091 1149 2092 995 2092 1160 2092 1143 2093 1159 2093 37 2093 34 2094 1143 2094 37 2094 1068 2095 1079 2095 1161 2095 1029 2096 1053 2096 1162 2096 1151 2097 1068 2097 1161 2097 1151 2098 1161 2098 0 2098 1144 2099 1029 2099 1162 2099 1152 2100 1151 2100 0 2100 1146 2101 1144 2101 1162 2101 219 2102 1154 2102 1163 2102 903 2103 918 2103 1163 2103 1138 2104 1155 2104 93 2104 1154 2105 903 2105 1163 2105 64 2106 1138 2106 93 2106 219 2107 1163 2107 281 2107 68 2108 1156 2108 1164 2108 1149 2109 1160 2109 1165 2109 1002 2110 1017 2110 1164 2110 1153 2111 1149 2111 1165 2111 360 2112 1153 2112 1165 2112 1156 2113 1002 2113 1164 2113 1146 2114 1162 2114 18 2114 1032 2115 1040 2115 1166 2115 1155 2116 1032 2116 1166 2116 68 2117 1164 2117 109 2117 93 2118 1155 2118 1166 2118 1079 2119 1096 2119 1167 2119 1046 2120 1062 2120 1168 2120 1158 2121 1046 2121 1168 2121 1161 2122 1079 2122 1167 2122 1158 2123 1168 2123 8 2123 7 2124 1158 2124 8 2124 48 2125 1150 2125 1169 2125 1045 2126 1055 2126 1170 2126 1058 2127 1087 2127 1169 2127 1159 2128 1045 2128 1170 2128 1036 2129 1058 2129 1169 2129 1150 2130 1036 2130 1169 2130 0 2131 1161 2131 1 2131 1161 2132 1167 2132 1 2132 1015 2133 1038 2133 1171 2133 1160 2134 995 2134 1171 2134 995 2135 1015 2135 1171 2135 1159 2136 1170 2136 86 2136 1165 2137 1160 2137 1171 2137 37 2138 1159 2138 86 2138 93 2139 1166 2139 111 2139 1017 2140 1026 2140 1172 2140 1164 2141 1017 2141 1172 2141 48 2142 1169 2142 53 2142 1157 2143 1043 2143 1173 2143 109 2144 1164 2144 143 2144 1043 2145 1072 2145 1173 2145 1164 2146 1172 2146 143 2146 1163 2147 918 2147 1174 2147 281 2148 1163 2148 1174 2148 1040 2149 1057 2149 1175 2149 1166 2150 1040 2150 1175 2150 918 2151 926 2151 1174 2151 281 2152 1174 2152 305 2152 43 2153 1157 2153 39 2153 1157 2154 1173 2154 39 2154 1026 2155 1030 2155 1176 2155 360 2156 1165 2156 1177 2156 1172 2157 1026 2157 1176 2157 1165 2158 1171 2158 1177 2158 143 2159 1172 2159 1176 2159 1062 2160 1075 2160 1178 2160 1168 2161 1062 2161 1178 2161 1075 2162 1111 2162 1178 2162 8 2163 1168 2163 57 2163 143 2164 1176 2164 180 2164 1168 2165 1178 2165 57 2165 1053 2166 1085 2166 1179 2166 1055 2167 1059 2167 1180 2167 1162 2168 1053 2168 1179 2168 1170 2169 1055 2169 1180 2169 18 2170 1162 2170 1179 2170 111 2171 1166 2171 146 2171 1166 2172 1175 2172 146 2172 18 2173 1179 2173 28 2173 86 2174 1170 2174 103 2174 1170 2175 1180 2175 103 2175 926 2176 935 2176 1181 2176 1174 2177 926 2177 1181 2177 1175 2178 1057 2178 1182 2178 305 2179 1174 2179 1181 2179 305 2180 1181 2180 327 2180 1057 2181 1070 2181 1182 2181 1030 2182 1034 2182 1183 2182 1169 2183 1087 2183 1184 2183 1176 2184 1030 2184 1183 2184 180 2185 1176 2185 1183 2185 53 2186 1169 2186 1184 2186 1177 2187 1171 2187 1185 2187 180 2188 1183 2188 210 2188 1171 2189 1038 2189 1185 2189 1167 2190 1096 2190 1186 2190 53 2191 1184 2191 84 2191 1096 2192 1116 2192 1186 2192 1072 2193 1099 2193 1187 2193 1173 2194 1072 2194 1187 2194 1 2195 1167 2195 62 2195 1167 2196 1186 2196 62 2196 146 2197 1175 2197 147 2197 1175 2198 1182 2198 147 2198 39 2199 1173 2199 40 2199 1180 2200 1059 2200 1188 2200 1173 2201 1187 2201 40 2201 360 2202 1177 2202 355 2202 1059 2203 1074 2203 1188 2203 1177 2204 1185 2204 355 2204 103 2205 1180 2205 104 2205 1182 2206 1070 2206 1189 2206 1180 2207 1188 2207 104 2207 1070 2208 1086 2208 1189 2208 1178 2209 1111 2209 1190 2209 57 2210 1178 2210 1190 2210 1111 2211 1132 2211 1190 2211 1184 2212 1087 2212 1191 2212 1087 2213 1104 2213 1191 2213 1188 2214 1074 2214 1192 2214 1074 2215 1082 2215 1192 2215 84 2216 1184 2216 1191 2216 57 2217 1190 2217 88 2217 104 2218 1188 2218 152 2218 1188 2219 1192 2219 152 2219 1186 2220 1116 2220 1193 2220 1104 2221 1108 2221 1194 2221 1108 2222 1120 2222 1194 2222 1191 2223 1104 2223 1194 2223 28 2224 1179 2224 1195 2224 1181 2225 935 2225 1196 2225 1179 2226 1085 2226 1195 2226 935 2227 963 2227 1196 2227 1085 2228 1117 2228 1195 2228 84 2229 1191 2229 121 2229 1181 2230 1196 2230 367 2230 327 2231 1181 2231 367 2231 1191 2232 1194 2232 121 2232 1182 2233 1189 2233 198 2233 62 2234 1186 2234 98 2234 1186 2235 1193 2235 98 2235 147 2236 1182 2236 198 2236 210 2237 1183 2237 1197 2237 28 2238 1195 2238 76 2238 1183 2239 1034 2239 1197 2239 1034 2240 1049 2240 1197 2240 121 2241 1194 2241 150 2241 198 2242 1189 2242 1198 2242 210 2243 1197 2243 238 2243 1189 2244 1086 2244 1198 2244 1082 2245 1091 2245 1199 2245 1086 2246 1093 2246 1198 2246 150 2247 1194 2247 1200 2247 1194 2248 1120 2248 1200 2248 1120 2249 1146 2249 1200 2249 1192 2250 1082 2250 1199 2250 1117 2251 1127 2251 1201 2251 1192 2252 1199 2252 153 2252 152 2253 1192 2253 153 2253 76 2254 1195 2254 1201 2254 1195 2255 1117 2255 1201 2255 1038 2256 1065 2256 1202 2256 1199 2257 1091 2257 1203 2257 1185 2258 1038 2258 1202 2258 1091 2259 1101 2259 1203 2259 1132 2260 1140 2260 1204 2260 1190 2261 1132 2261 1204 2261 88 2262 1190 2262 1204 2262 1187 2263 1099 2263 1205 2263 1199 2264 1203 2264 240 2264 40 2265 1187 2265 1205 2265 153 2266 1199 2266 240 2266 1134 2267 1133 2267 1205 2267 1196 2268 963 2268 1206 2268 1099 2269 1134 2269 1205 2269 367 2270 1196 2270 1206 2270 963 2271 972 2271 1206 2271 1093 2272 1102 2272 1207 2272 1198 2273 1093 2273 1207 2273 1193 2274 1116 2274 1208 2274 1116 2275 1128 2275 1208 2275 1128 2276 1142 2276 1208 2276 76 2277 1201 2277 125 2277 88 2278 1204 2278 107 2278 367 2279 1206 2279 422 2279 1133 2280 114 2280 82 2280 1205 2281 1133 2281 82 2281 98 2282 1193 2282 133 2282 40 2283 1205 2283 82 2283 1193 2284 1208 2284 133 2284 150 2285 1200 2285 156 2285 355 2286 1185 2286 356 2286 1185 2287 1202 2287 356 2287 137 2288 1152 2288 1209 2288 1203 2289 1101 2289 1210 2289 1198 2290 1207 2290 199 2290 198 2291 1198 2291 199 2291 1102 2292 1136 2292 1211 2292 1207 2293 1102 2293 1211 2293 1101 2294 1106 2294 1210 2294 137 2295 1209 2295 138 2295 238 2296 1197 2296 1212 2296 107 2297 1204 2297 1213 2297 1204 2298 1140 2298 1213 2298 1197 2299 1049 2299 1212 2299 199 2300 1207 2300 235 2300 1049 2301 1066 2301 1212 2301 238 2302 1212 2302 290 2302 240 2303 1203 2303 243 2303 1127 2304 1145 2304 1214 2304 1203 2305 1210 2305 243 2305 1201 2306 1127 2306 1214 2306 125 2307 1201 2307 1214 2307 107 2308 1213 2308 130 2308 1106 2309 1123 2309 14 2309 125 2310 1214 2310 126 2310 235 2311 1207 2311 237 2311 1210 2312 1106 2312 14 2312 1207 2313 1211 2313 237 2313 356 2314 1202 2314 1215 2314 1210 2315 14 2315 13 2315 243 2316 1210 2316 13 2316 1152 2317 0 2317 3 2317 1209 2318 1152 2318 3 2318 1065 2319 1090 2319 1215 2319 1202 2320 1065 2320 1215 2320 1209 2321 3 2321 10 2321 138 2322 1209 2322 10 2322 1200 2323 1146 2323 17 2323 1146 2324 18 2324 17 2324 1208 2325 1142 2325 1216 2325 156 2326 1200 2326 17 2326 356 2327 1215 2327 4 2327 133 2328 1208 2328 201 2328 156 2329 17 2329 20 2329 1136 2330 48 2330 47 2330 1208 2331 1216 2331 201 2331 1206 2332 972 2332 24 2332 422 2333 1206 2333 24 2333 972 2334 25 2334 24 2334 1211 2335 1136 2335 47 2335 1213 2336 1140 2336 42 2336 1140 2337 43 2337 42 2337 1214 2338 1145 2338 12 2338 126 2339 1214 2339 12 2339 1142 2340 34 2340 33 2340 1145 2341 7 2341 12 2341 1216 2342 1142 2342 33 2342 130 2343 1213 2343 45 2343 1213 2344 42 2344 45 2344 422 2345 24 2345 26 2345 126 2346 12 2346 32 2346 1216 2347 33 2347 46 2347 201 2348 1216 2348 46 2348 4 2349 1215 2349 5 2349 1090 2350 1119 2350 5 2350 1212 2351 1066 2351 51 2351 290 2352 1212 2352 51 2352 1119 2353 63 2353 5 2353 1215 2354 1090 2354 5 2354 1066 2355 54 2355 51 2355 237 2356 1211 2356 70 2356 290 2357 51 2357 50 2357 1211 2358 47 2358 70 2358 14 2359 1123 2359 16 2359 5 2360 63 2360 29 2360 1123 2361 67 2361 16 2361 1217 2362 1218 2362 1219 2362 1220 2363 1221 2363 1222 2363 1217 2364 1223 2364 1218 2364 1220 2365 1224 2365 1221 2365 1220 2366 1222 2366 1225 2366 1226 2367 1227 2367 1228 2367 1226 2368 1229 2368 1227 2368 1230 2369 1231 2369 1232 2369 1233 2370 1229 2370 1226 2370 1230 2371 1234 2371 1231 2371 1233 2372 1235 2372 1229 2372 1236 2373 1237 2373 1238 2373 1236 2374 1238 2374 1239 2374 1240 2375 1241 2375 1242 2375 1243 2376 1244 2376 1245 2376 1243 2377 1246 2377 1244 2377 1247 2378 1219 2378 1248 2378 1243 2379 1249 2379 1246 2379 1247 2380 1217 2380 1219 2380 1250 2381 1251 2381 1252 2381 1250 2382 1252 2382 1253 2382 1254 2383 1247 2383 1248 2383 1250 2384 1253 2384 1249 2384 1255 2385 1256 2385 1257 2385 1254 2386 1248 2386 1258 2386 1259 2387 1260 2387 1241 2387 1255 2388 1257 2388 1261 2388 1259 2389 1241 2389 1240 2389 1255 2390 1261 2390 1262 2390 1263 2391 1249 2391 1243 2391 1264 2392 1254 2392 1258 2392 1264 2393 1258 2393 1265 2393 1266 2394 1255 2394 1262 2394 1267 2395 1268 2395 1269 2395 1270 2396 1271 2396 1234 2396 1267 2397 1242 2397 1268 2397 1272 2398 1273 2398 1274 2398 1272 2399 1274 2399 1275 2399 1272 2400 1275 2400 1276 2400 1272 2401 1264 2401 1265 2401 1270 2402 1234 2402 1230 2402 1272 2403 1265 2403 1273 2403 1277 2404 1226 2404 1228 2404 1278 2405 1251 2405 1250 2405 1277 2406 1228 2406 1279 2406 1280 2407 1233 2407 1226 2407 1280 2408 1226 2408 1277 2408 1281 2409 1251 2409 1278 2409 1281 2410 1282 2410 1251 2410 1281 2411 1283 2411 1282 2411 1284 2412 1249 2412 1263 2412 1284 2413 1250 2413 1249 2413 1284 2414 1278 2414 1250 2414 1285 2415 1286 2415 1287 2415 1288 2416 1232 2416 1283 2416 1289 2417 1279 2417 1223 2417 1289 2418 1280 2418 1277 2418 1288 2419 1230 2419 1232 2419 1289 2420 1277 2420 1279 2420 1290 2421 1224 2421 1220 2421 1290 2422 1262 2422 1224 2422 1291 2423 1280 2423 1289 2423 1292 2424 1269 2424 1286 2424 1292 2425 1267 2425 1269 2425 1293 2426 1288 2426 1283 2426 1293 2427 1283 2427 1281 2427 1292 2428 1286 2428 1285 2428 1294 2429 1242 2429 1267 2429 1295 2430 1243 2430 1245 2430 1294 2431 1240 2431 1242 2431 1296 2432 1237 2432 1236 2432 1297 2433 1298 2433 1299 2433 1297 2434 1299 2434 1260 2434 1296 2435 1300 2435 1237 2435 1301 2436 1289 2436 1223 2436 1301 2437 1223 2437 1217 2437 1302 2438 1278 2438 1284 2438 1303 2439 1291 2439 1289 2439 1303 2440 1289 2440 1301 2440 1304 2441 1220 2441 1225 2441 1305 2442 1285 2442 1287 2442 1306 2443 1263 2443 1243 2443 1306 2444 1243 2444 1295 2444 1305 2445 1287 2445 1235 2445 1307 2446 1259 2446 1240 2446 1308 2447 1262 2447 1290 2447 1308 2448 1266 2448 1262 2448 1309 2449 1217 2449 1247 2449 1310 2450 1245 2450 1311 2450 1309 2451 1301 2451 1217 2451 1310 2452 1295 2452 1245 2452 1312 2453 1294 2453 1267 2453 1312 2454 1267 2454 1292 2454 1310 2455 1306 2455 1295 2455 1313 2456 1284 2456 1263 2456 1313 2457 1302 2457 1284 2457 1256 2458 1255 2458 1266 2458 1314 2459 1303 2459 1301 2459 1314 2460 1301 2460 1309 2460 1315 2461 1298 2461 1297 2461 1298 2462 1316 2462 1315 2462 1317 2463 1306 2463 1310 2463 1315 2464 1260 2464 1259 2464 1315 2465 1297 2465 1260 2465 1315 2466 1259 2466 1307 2466 1318 2467 1270 2467 1230 2467 1318 2468 1230 2468 1288 2468 1319 2469 1305 2469 1235 2469 1320 2470 1239 2470 1271 2470 1319 2471 1235 2471 1233 2471 1321 2472 1247 2472 1254 2472 1320 2473 1271 2473 1270 2473 1321 2474 1309 2474 1247 2474 1321 2475 1314 2475 1309 2475 1322 2476 1254 2476 1264 2476 1323 2477 1302 2477 1313 2477 1324 2478 1281 2478 1278 2478 1324 2479 1293 2479 1281 2479 1322 2480 1321 2480 1254 2480 1324 2481 1278 2481 1302 2481 1325 2482 1314 2482 1321 2482 1326 2483 1325 2483 1321 2483 1327 2484 1270 2484 1318 2484 1326 2485 1321 2485 1322 2485 1327 2486 1320 2486 1270 2486 1328 2487 1239 2487 1320 2487 1329 2488 1264 2488 1272 2488 1329 2489 1322 2489 1264 2489 1328 2490 1236 2490 1239 2490 1330 2491 1292 2491 1285 2491 1330 2492 1312 2492 1292 2492 1331 2493 1288 2493 1293 2493 1332 2494 1326 2494 1322 2494 1332 2495 1322 2495 1329 2495 1331 2496 1318 2496 1288 2496 1333 2497 1329 2497 1272 2497 1333 2498 1332 2498 1329 2498 1334 2499 1293 2499 1324 2499 1335 2500 1332 2500 1333 2500 1334 2501 1331 2501 1293 2501 1336 2502 1333 2502 1272 2502 1336 2503 1335 2503 1333 2503 1337 2504 1310 2504 1311 2504 1338 2505 1335 2505 1336 2505 1337 2506 1317 2506 1310 2506 1339 2507 1290 2507 1220 2507 1340 2508 1294 2508 1312 2508 1340 2509 1240 2509 1294 2509 1340 2510 1307 2510 1240 2510 1339 2511 1220 2511 1304 2511 1344 2513 1263 2513 1306 2513 1344 2514 1313 2514 1263 2514 1345 2515 1233 2515 1280 2515 1344 2516 1306 2516 1317 2516 1346 2517 1341 2517 1343 2517 1345 2518 1319 2518 1233 2518 1347 2519 1256 2519 1266 2519 1347 2520 1348 2520 1256 2520 1349 2521 1341 2521 1346 2521 1347 2522 1266 2522 1308 2522 1350 2523 1336 2523 1272 2523 1350 2524 1338 2524 1336 2524 1351 2525 1349 2525 1346 2525 1350 2526 1272 2526 1276 2526 1351 2527 1346 2527 1343 2527 1352 2528 1300 2528 1296 2528 1353 2529 1338 2529 1350 2529 1353 2531 1350 2531 1276 2531 1352 2533 1225 2533 1300 2533 1354 2534 1341 2534 1349 2534 1356 2535 1285 2535 1305 2535 1357 2536 1302 2536 1323 2536 1356 2537 1330 2537 1285 2537 1357 2538 1324 2538 1302 2538 1357 2539 1334 2539 1324 2539 1358 2540 1312 2540 1330 2540 1359 2541 1349 2541 1351 2541 1360 2542 1225 2542 1352 2542 1362 2544 1361 2544 1354 2544 1360 2545 1304 2545 1225 2545 1362 2546 1354 2546 1349 2546 1363 2547 1316 2547 1315 2547 1362 2548 1349 2548 1359 2548 1363 2549 1315 2549 1307 2549 1364 2550 1343 2550 1365 2550 1366 2551 1317 2551 1337 2551 1364 2552 1359 2552 1351 2552 1367 2553 1280 2553 1291 2553 1364 2554 1351 2554 1343 2554 1368 2555 1311 2555 1369 2555 1367 2556 1345 2556 1280 2556 1368 2557 1337 2557 1311 2557 1370 2558 1312 2558 1358 2558 1371 2559 1359 2559 1364 2559 1372 2560 1361 2560 1362 2560 1373 2561 1317 2561 1366 2561 1370 2562 1340 2562 1312 2562 1373 2563 1344 2563 1317 2563 1374 2564 1362 2564 1359 2564 1375 2565 1344 2565 1373 2565 1376 2566 1367 2566 1291 2566 1374 2567 1359 2567 1371 2567 1375 2568 1323 2568 1313 2568 1376 2569 1291 2569 1303 2569 1375 2570 1313 2570 1344 2570 1374 2571 1372 2571 1362 2571 1377 2572 1347 2572 1308 2572 1378 2573 1330 2573 1356 2573 1378 2574 1358 2574 1330 2574 1377 2575 1308 2575 1290 2575 1379 2576 1372 2576 1374 2576 1377 2577 1290 2577 1339 2577 1380 2578 1334 2578 1357 2578 1383 2581 1337 2581 1368 2581 1383 2582 1366 2582 1337 2582 1384 2583 1356 2583 1305 2583 1384 2584 1305 2584 1319 2584 1385 2585 1379 2585 1374 2585 1386 2586 1375 2586 1373 2586 1385 2587 1374 2587 1371 2587 1387 2588 1303 2588 1314 2588 1387 2591 1376 2591 1303 2591 1390 2592 1378 2592 1356 2592 1391 2593 1327 2593 1318 2593 1392 2594 1361 2594 1372 2594 1392 2595 1381 2595 1361 2595 1391 2596 1318 2596 1331 2596 1390 2597 1356 2597 1384 2597 1393 2598 1368 2598 1369 2598 1394 2599 1387 2599 1314 2599 1395 2600 1379 2600 1385 2600 1394 2601 1325 2601 1326 2601 1394 2602 1314 2602 1325 2602 1396 2603 1364 2603 1365 2603 1396 2604 1371 2604 1364 2604 1397 2605 1296 2605 1236 2605 1397 2606 1236 2606 1328 2606 1398 2607 1394 2607 1326 2607 1399 2608 1385 2608 1371 2608 1400 2609 1357 2609 1323 2609 1401 2610 1307 2610 1340 2610 1399 2611 1371 2611 1396 2611 1401 2612 1316 2612 1363 2612 1316 2613 1402 2613 1401 2613 1401 2614 1363 2614 1307 2614 1400 2615 1380 2615 1357 2615 1403 2616 1381 2616 1392 2616 1404 2617 1319 2617 1345 2617 1403 2618 1388 2618 1381 2618 1405 2619 1392 2619 1372 2619 1406 2620 1368 2620 1393 2620 1406 2621 1383 2621 1368 2621 1404 2622 1384 2622 1319 2622 1405 2623 1403 2623 1392 2623 1405 2624 1372 2624 1379 2624 1407 2625 1331 2625 1334 2625 1407 2626 1391 2626 1331 2626 1407 2627 1334 2627 1380 2627 1408 2628 1365 2628 1409 2628 1410 2629 1398 2629 1326 2629 1410 2630 1326 2630 1332 2630 1408 2631 1396 2631 1365 2631 1411 2632 1370 2632 1358 2632 1408 2633 1399 2633 1396 2633 1411 2634 1358 2634 1378 2634 1412 2635 1328 2635 1320 2635 1412 2636 1320 2636 1327 2636 1413 2637 1412 2637 1327 2637 1414 2638 1332 2638 1335 2638 1413 2639 1327 2639 1391 2639 1414 2640 1335 2640 1338 2640 1414 2642 1410 2642 1332 2642 1416 2643 1345 2643 1367 2643 1417 2644 1380 2644 1400 2644 1418 2645 1399 2645 1408 2645 1419 2646 1386 2646 1373 2646 1416 2647 1404 2647 1345 2647 1420 2648 1403 2648 1405 2648 1419 2649 1373 2649 1366 2649 1421 2650 1401 2650 1340 2650 1422 2651 1393 2651 1369 2651 1422 2652 1369 2652 1423 2652 1421 2653 1340 2653 1370 2653 1421 2654 1370 2654 1411 2654 1421 2655 1402 2655 1401 2655 1424 2656 1276 2656 1425 2656 1424 2657 1338 2657 1353 2657 1426 2658 1385 2658 1399 2658 1424 2659 1353 2659 1276 2659 1424 2660 1414 2660 1338 2660 1426 2661 1399 2661 1418 2661 1427 2662 1397 2662 1328 2662 1428 2663 1367 2663 1376 2663 1426 2664 1395 2664 1385 2664 1427 2665 1328 2665 1412 2665 1428 2666 1416 2666 1367 2666 1429 2667 1405 2667 1379 2667 1429 2668 1379 2668 1395 2668 1430 2669 1347 2669 1377 2669 1431 2670 1393 2670 1422 2670 1431 2671 1406 2671 1393 2671 1432 2672 1388 2672 1403 2672 1433 2673 1390 2673 1384 2673 1432 2674 1403 2674 1420 2674 1433 2675 1384 2675 1404 2675 1432 2676 1415 2676 1388 2676 1434 2677 1407 2677 1380 2677 1434 2678 1380 2678 1417 2678 1435 2679 1405 2679 1429 2679 1436 2680 1304 2680 1360 2680 1437 2681 1378 2681 1390 2681 1437 2682 1411 2682 1378 2682 1435 2683 1420 2683 1405 2683 1438 2684 1433 2684 1404 2684 1436 2685 1339 2685 1304 2685 1439 2686 1422 2686 1423 2686 1438 2687 1404 2687 1416 2687 1439 2688 1423 2688 1440 2688 1441 2689 1395 2689 1426 2689 1439 2690 1431 2690 1422 2690 1442 2691 1428 2691 1376 2691 1441 2692 1429 2692 1395 2692 1443 2693 1366 2693 1383 2693 1442 2695 1376 2695 1387 2695 1446 2696 1438 2696 1416 2696 1443 2698 1419 2698 1366 2698 1448 2699 1386 2699 1419 2699 1446 2700 1416 2700 1428 2700 1449 2702 1409 2702 1450 2702 1451 2703 1437 2703 1390 2703 1449 2704 1408 2704 1409 2704 1452 2705 1323 2705 1375 2705 1453 2706 1441 2706 1426 2706 1454 2707 1442 2707 1387 2707 1453 2708 1426 2708 1418 2708 1452 2709 1400 2709 1323 2709 1454 2710 1387 2710 1394 2710 1455 2711 1408 2711 1449 2711 1455 2712 1418 2712 1408 2712 1456 2713 1439 2713 1440 2713 1457 2714 1394 2714 1398 2714 1457 2715 1454 2715 1394 2715 1458 2716 1432 2716 1420 2716 1459 2717 1431 2717 1439 2717 1460 2718 1459 2718 1439 2718 1461 2719 1446 2719 1428 2719 1460 2720 1439 2720 1456 2720 1461 2723 1428 2723 1442 2723 1463 2724 1448 2724 1419 2724 1464 2725 1457 2725 1398 2725 1463 2727 1419 2727 1443 2727 1464 2728 1398 2728 1410 2728 1466 2729 1465 2729 1447 2729 1467 2730 1391 2730 1407 2730 1467 2731 1413 2731 1391 2731 1402 2732 1468 2732 1469 2732 1466 2733 1415 2733 1432 2733 1466 2734 1447 2734 1415 2734 1467 2735 1407 2735 1434 2735 1469 2736 1402 2736 1421 2736 1470 2737 1441 2737 1453 2737 1469 2738 1421 2738 1411 2738 1471 2739 1464 2739 1410 2739 1472 2740 1383 2740 1406 2740 1472 2741 1443 2741 1383 2741 1471 2742 1410 2742 1414 2742 1473 2743 1461 2743 1442 2743 1473 2744 1442 2744 1454 2744 1474 2745 1417 2745 1400 2745 1474 2746 1400 2746 1452 2746 1475 2747 1465 2747 1466 2747 1476 2748 1454 2748 1457 2748 1477 2749 1440 2749 1478 2749 1479 2750 1458 2750 1420 2750 1479 2751 1420 2751 1435 2751 1477 2752 1456 2752 1440 2752 1476 2753 1473 2753 1454 2753 1480 2754 1471 2754 1414 2754 1481 2755 1375 2755 1386 2755 1482 2756 1435 2756 1429 2756 1480 2757 1414 2757 1424 2757 1482 2758 1429 2758 1441 2758 1481 2759 1386 2759 1448 2759 1481 2760 1452 2760 1375 2760 1483 2761 1466 2761 1432 2761 1484 2762 1352 2762 1296 2762 1483 2763 1475 2763 1466 2763 1484 2764 1296 2764 1397 2764 1485 2765 1433 2765 1438 2765 1483 2766 1432 2766 1458 2766 1485 2767 1390 2767 1433 2767 1485 2768 1451 2768 1390 2768 1486 2769 1418 2769 1455 2769 1487 2770 1480 2770 1424 2770 1487 2771 1424 2771 1425 2771 1488 2772 1469 2772 1411 2772 1486 2773 1453 2773 1418 2773 1489 2774 1360 2774 1352 2774 1488 2775 1468 2775 1469 2775 1490 2776 1479 2776 1435 2776 1488 2777 1411 2777 1437 2777 1490 2778 1435 2778 1482 2778 1489 2779 1352 2779 1484 2779 1491 2780 1457 2780 1464 2780 1492 2781 1460 2781 1456 2781 1491 2782 1476 2782 1457 2782 1492 2783 1456 2783 1477 2783 1493 2784 1477 2784 1478 2784 1493 2785 1478 2785 1494 2785 1495 2786 1464 2786 1471 2786 1496 2787 1475 2787 1483 2787 1493 2788 1492 2788 1477 2788 1497 2789 1493 2789 1494 2789 1495 2791 1491 2791 1464 2791 1500 2792 1438 2792 1446 2792 1500 2793 1485 2793 1438 2793 1501 2795 1470 2795 1453 2795 1502 2796 1434 2796 1417 2796 1503 2797 1413 2797 1467 2797 1501 2798 1453 2798 1486 2798 1504 2799 1487 2799 1425 2799 1506 2801 1474 2801 1452 2801 1504 2802 1495 2802 1471 2802 1504 2803 1471 2803 1480 2803 1504 2805 1480 2805 1487 2805 1507 2806 1446 2806 1461 2806 1508 2807 1482 2807 1441 2807 1506 2808 1452 2808 1481 2808 1509 2809 1463 2809 1443 2809 1508 2810 1441 2810 1470 2810 1507 2811 1500 2811 1446 2811 1509 2812 1443 2812 1472 2812 1510 2813 1483 2813 1458 2813 1510 2814 1496 2814 1483 2814 1468 2815 1511 2815 1512 2815 1512 2816 1468 2816 1488 2816 1512 2817 1488 2817 1437 2817 1510 2818 1458 2818 1479 2818 1512 2819 1437 2819 1451 2819 1513 2820 1397 2820 1427 2820 1514 2821 1507 2821 1461 2821 1513 2823 1484 2823 1397 2823 1514 2825 1461 2825 1473 2825 1517 2826 1492 2826 1493 2826 1518 2827 1413 2827 1503 2827 1520 2830 1490 2830 1482 2830 1518 2831 1412 2831 1413 2831 1521 2832 1473 2832 1476 2832 1518 2833 1427 2833 1412 2833 1522 2834 1467 2834 1434 2834 1520 2835 1482 2835 1508 2835 1522 2836 1503 2836 1467 2836 1521 2837 1514 2837 1473 2837 1522 2838 1434 2838 1502 2838 1523 2839 1455 2839 1449 2839 1524 2840 1476 2840 1491 2840 1525 2841 1494 2841 1526 2841 1525 2842 1497 2842 1494 2842 1524 2843 1521 2843 1476 2843 1527 2844 1451 2844 1485 2844 1523 2845 1449 2845 1450 2845 1528 2846 1493 2846 1497 2846 1512 2847 1511 2847 1527 2847 1527 2848 1512 2848 1451 2848 1529 2849 1465 2849 1475 2849 1528 2850 1517 2850 1493 2850 1529 2851 1505 2851 1465 2851 1530 2852 1348 2852 1347 2852 1530 2853 1347 2853 1430 2853 1531 2854 1491 2854 1495 2854 1531 2855 1524 2855 1491 2855 1532 2856 1523 2856 1450 2856 1533 2857 1472 2857 1406 2857 1532 2858 1450 2858 1534 2858 1535 2859 1495 2859 1504 2859 1535 2860 1531 2860 1495 2860 1533 2861 1406 2861 1431 2861 1536 2862 1527 2862 1485 2862 1533 2863 1431 2863 1459 2863 1537 2864 1526 2864 1538 2864 1536 2865 1485 2865 1500 2865 1537 2866 1538 2866 1539 2866 1540 2867 1496 2867 1510 2867 1537 2868 1525 2868 1526 2868 1536 2869 1511 2869 1527 2869 1541 2870 1486 2870 1455 2870 1542 2871 1377 2871 1339 2871 1541 2872 1523 2872 1532 2872 1543 2873 1535 2873 1504 2873 1542 2874 1339 2874 1436 2874 1541 2875 1455 2875 1523 2875 1544 2876 1500 2876 1507 2876 1544 2877 1511 2877 1536 2877 1544 2878 1536 2878 1500 2878 1545 2879 1425 2879 1546 2879 1547 2880 1497 2880 1525 2880 1545 2881 1504 2881 1425 2881 1547 2882 1528 2882 1497 2882 1545 2883 1543 2883 1504 2883 1547 2884 1525 2884 1537 2884 1511 2885 1548 2885 1549 2885 1550 2886 1541 2886 1532 2886 1551 2887 1537 2887 1539 2887 1544 2888 1511 2888 1549 2888 1551 2889 1539 2889 1552 2889 1549 2890 1507 2890 1514 2890 1549 2891 1544 2891 1507 2891 1553 2892 1549 2892 1514 2892 1554 2893 1519 2893 1505 2893 1554 2894 1505 2894 1529 2894 1553 2895 1514 2895 1521 2895 1555 2896 1479 2896 1490 2896 1556 2897 1513 2897 1427 2897 1553 2898 1548 2898 1549 2898 1556 2899 1427 2899 1518 2899 1555 2900 1510 2900 1479 2900 1557 2901 1552 2901 1558 2901 1557 2902 1537 2902 1551 2902 1559 2903 1553 2903 1521 2903 1555 2904 1490 2904 1520 2904 1557 2905 1547 2905 1537 2905 1559 2906 1548 2906 1553 2906 1557 2907 1551 2907 1552 2907 1559 2908 1521 2908 1524 2908 1560 2909 1475 2909 1496 2909 1561 2910 1548 2910 1559 2910 1561 2911 1559 2911 1524 2911 1562 2912 1533 2912 1459 2912 1561 2913 1524 2913 1531 2913 1560 2914 1529 2914 1475 2914 1561 2915 1548 2915 1563 2915 1563 2916 1561 2916 1531 2916 1564 2917 1503 2917 1522 2917 1565 2918 1470 2918 1501 2918 1563 2919 1531 2919 1535 2919 1565 2920 1508 2920 1470 2920 1566 2921 1481 2921 1448 2921 1563 2922 1548 2922 1567 2922 1567 2923 1563 2923 1535 2923 1566 2924 1506 2924 1481 2924 1567 2925 1535 2925 1543 2925 1569 2927 1472 2927 1533 2927 1570 2928 1543 2928 1545 2928 1570 2929 1567 2929 1543 2929 1548 2930 1546 2930 1570 2930 1569 2931 1509 2931 1472 2931 1567 2932 1548 2932 1570 2932 1569 2933 1533 2933 1562 2933 1570 2934 1545 2934 1546 2934 1572 2937 1459 2937 1460 2937 1572 2938 1562 2938 1459 2938 1573 2939 1430 2939 1377 2939 1574 2940 1554 2940 1529 2940 1573 2941 1377 2941 1542 2941 1574 2942 1529 2942 1560 2942 1575 2943 1474 2943 1506 2943 1575 2944 1502 2944 1417 2944 1575 2945 1417 2945 1474 2945 1576 2946 1520 2946 1508 2946 1576 2947 1508 2947 1565 2947 1577 2948 1569 2948 1562 2948 1578 2949 1555 2949 1520 2949 1579 2950 1522 2950 1502 2950 1579 2951 1564 2951 1522 2951 1580 2952 1501 2952 1486 2952 1581 2953 1506 2953 1566 2953 1580 2954 1486 2954 1541 2954 1582 2955 1572 2955 1460 2955 1583 2956 1580 2956 1541 2956 1582 2957 1460 2957 1492 2957 1584 2958 1448 2958 1463 2958 1583 2959 1541 2959 1550 2959 1585 2960 1571 2960 1519 2960 1585 2961 1554 2961 1574 2961 1584 2962 1566 2962 1448 2962 1585 2963 1519 2963 1554 2963 1586 2964 1562 2964 1572 2964 1586 2965 1577 2965 1562 2965 1587 2966 1540 2966 1510 2966 1587 2967 1510 2967 1555 2967 1588 2968 1492 2968 1517 2968 1588 2969 1582 2969 1492 2969 1589 2970 1560 2970 1496 2970 1590 2971 1506 2971 1581 2971 1589 2972 1496 2972 1540 2972 1590 2973 1575 2973 1506 2973 1591 2974 1588 2974 1517 2974 1591 2975 1517 2975 1528 2975 1592 2976 1501 2976 1580 2976 1592 2977 1580 2977 1583 2977 1593 2978 1360 2978 1489 2978 1593 2979 1436 2979 1360 2979 1594 2980 1592 2980 1583 2980 1595 2981 1564 2981 1579 2981 1596 2982 1574 2982 1560 2982 1597 2983 1581 2983 1566 2983 1596 2984 1560 2984 1589 2984 1597 2985 1566 2985 1584 2985 1598 2986 1540 2986 1587 2986 1599 2987 1572 2987 1582 2987 1599 2988 1586 2988 1572 2988 1599 2989 1582 2989 1588 2989 1600 2990 1518 2990 1503 2990 1601 2991 1532 2991 1534 2991 1601 2992 1550 2992 1532 2992 1600 2993 1556 2993 1518 2993 1600 2994 1503 2994 1564 2994 1602 2995 1555 2995 1578 2995 1603 2996 1591 2996 1528 2996 1602 2997 1587 2997 1555 2997 1603 2998 1528 2998 1547 2998 1604 2999 1585 2999 1574 2999 1605 3000 1484 3000 1513 3000 1605 3001 1489 3001 1484 3001 1604 3002 1574 3002 1596 3002 1608 3004 1584 3004 1463 3004 1608 3006 1463 3006 1509 3006 1610 3009 1571 3009 1585 3009 1611 3011 1489 3011 1605 3011 1611 3013 1593 3013 1489 3013 1613 3015 1513 3015 1556 3015 1614 3016 1583 3016 1550 3016 1613 3017 1605 3017 1513 3017 1614 3018 1550 3018 1601 3018 1615 3019 1520 3019 1576 3019 1616 3020 1603 3020 1547 3020 1615 3021 1578 3021 1520 3021 1616 3022 1547 3022 1557 3022 1617 3023 1599 3023 1588 3023 1617 3024 1588 3024 1591 3024 1618 3025 1598 3025 1587 3025 1618 3026 1587 3026 1602 3026 1619 3027 1610 3027 1585 3027 1620 3028 1617 3028 1591 3028 1619 3029 1612 3029 1610 3029 1621 3030 1616 3030 1557 3030 1619 3031 1585 3031 1604 3031 1621 3032 1557 3032 1558 3032 1622 3033 1612 3033 1619 3033 1623 3034 1556 3034 1600 3034 1623 3035 1613 3035 1556 3035 1624 3036 1604 3036 1596 3036 1625 3037 1597 3037 1584 3037 1625 3038 1584 3038 1608 3038 1626 3039 1501 3039 1592 3039 1627 3040 1430 3040 1573 3040 1627 3041 1530 3041 1430 3041 1626 3042 1565 3042 1501 3042 1628 3043 1579 3043 1502 3043 1629 3044 1592 3044 1594 3044 1629 3045 1626 3045 1592 3045 1628 3046 1502 3046 1575 3046 1630 3047 1591 3047 1603 3047 1631 3048 1596 3048 1589 3048 1630 3049 1603 3049 1616 3049 1630 3050 1620 3050 1591 3050 1632 3051 1564 3051 1595 3051 1631 3052 1540 3052 1598 3052 1631 3053 1589 3053 1540 3053 1632 3054 1600 3054 1564 3054 1632 3055 1623 3055 1600 3055 1633 3056 1621 3056 1558 3056 1634 3057 1602 3057 1578 3057 1634 3058 1578 3058 1615 3058 1633 3059 1616 3059 1621 3059 1633 3060 1630 3060 1616 3060 1635 3061 1594 3061 1583 3061 1635 3062 1583 3062 1614 3062 1636 3063 1576 3063 1565 3063 1637 3064 1509 3064 1569 3064 1637 3065 1608 3065 1509 3065 1636 3066 1565 3066 1626 3066 1638 3067 1590 3067 1581 3067 1639 3068 1626 3068 1629 3068 1639 3069 1636 3069 1626 3069 1640 3070 1575 3070 1590 3070 1640 3071 1590 3071 1638 3071 1640 3072 1628 3072 1575 3072 1641 3073 1619 3073 1604 3073 1642 3074 1595 3074 1579 3074 1641 3075 1622 3075 1619 3075 1641 3076 1604 3076 1624 3076 1642 3077 1579 3077 1628 3077 1643 3078 1622 3078 1641 3078 1644 3079 1623 3079 1632 3079 1645 3080 1637 3080 1569 3080 1646 3081 1601 3081 1534 3081 1645 3082 1569 3082 1577 3082 1647 3083 1596 3083 1631 3083 1647 3084 1624 3084 1596 3084 1648 3085 1608 3085 1637 3085 1649 3086 1618 3086 1602 3086 1648 3087 1625 3087 1608 3087 1650 3088 1436 3088 1593 3088 1649 3089 1602 3089 1634 3089 1650 3091 1542 3091 1436 3091 1653 3094 1645 3094 1577 3094 1654 3095 1601 3095 1646 3095 1653 3096 1577 3096 1586 3096 1654 3097 1614 3097 1601 3097 1654 3098 1635 3098 1614 3098 1655 3100 1612 3100 1622 3100 1656 3101 1638 3101 1581 3101 1656 3102 1581 3102 1597 3102 1657 3103 1628 3103 1640 3103 1658 3104 1629 3104 1594 3104 1657 3105 1642 3105 1628 3105 1658 3106 1594 3106 1635 3106 1659 3107 1598 3107 1618 3107 1659 3108 1631 3108 1598 3108 1660 3109 1648 3109 1637 3109 1660 3110 1637 3110 1645 3110 1661 3111 1644 3111 1632 3111 1661 3112 1632 3112 1595 3112 1662 3113 1641 3113 1624 3113 1663 3114 1586 3114 1599 3114 1663 3115 1653 3115 1586 3115 1664 3116 1641 3116 1662 3116 1664 3117 1643 3117 1641 3117 1665 3118 1647 3118 1631 3118 1666 3119 1623 3119 1644 3119 1665 3120 1631 3120 1659 3120 1666 3121 1613 3121 1623 3121 1667 3122 1645 3122 1653 3122 1668 3123 1622 3123 1643 3123 1668 3124 1655 3124 1622 3124 1667 3125 1660 3125 1645 3125 1669 3126 1647 3126 1665 3126 1670 3127 1573 3127 1542 3127 1669 3128 1624 3128 1647 3128 1669 3129 1662 3129 1624 3129 1670 3130 1542 3130 1650 3130 1671 3131 1613 3131 1666 3131 1671 3132 1611 3132 1605 3132 1672 3133 1615 3133 1576 3133 1671 3134 1605 3134 1613 3134 1672 3135 1576 3135 1636 3135 1673 3136 1636 3136 1639 3136 1674 3137 1611 3137 1671 3137 1675 3138 1348 3138 1530 3138 1675 3139 1676 3139 1348 3139 1675 3140 1677 3140 1676 3140 1673 3141 1672 3141 1636 3141 1675 3142 1530 3142 1627 3142 1680 3145 1656 3145 1597 3145 1681 3146 1635 3146 1654 3146 1681 3147 1658 3147 1635 3147 1680 3148 1597 3148 1625 3148 1682 3149 1650 3149 1593 3149 1682 3150 1611 3150 1674 3150 1682 3151 1593 3151 1611 3151 1684 3154 1599 3154 1617 3154 1685 3155 1643 3155 1664 3155 1684 3156 1663 3156 1599 3156 1685 3157 1668 3157 1643 3157 1686 3158 1684 3158 1617 3158 1686 3159 1617 3159 1620 3159 1687 3160 1659 3160 1618 3160 1687 3161 1618 3161 1649 3161 1688 3162 1644 3162 1661 3162 1689 3163 1629 3163 1658 3163 1690 3164 1657 3164 1640 3164 1689 3165 1639 3165 1629 3165 1690 3166 1640 3166 1638 3166 1692 3168 1653 3168 1663 3168 1692 3169 1667 3169 1653 3169 1693 3170 1658 3170 1681 3170 1694 3171 1686 3171 1620 3171 1694 3172 1620 3172 1630 3172 1695 3173 1669 3173 1665 3173 1697 3175 1644 3175 1688 3175 1697 3176 1666 3176 1644 3176 1698 3177 1692 3177 1663 3177 1699 3179 1655 3179 1668 3179 1698 3180 1663 3180 1684 3180 1699 3181 1683 3181 1655 3181 1700 3182 1694 3182 1630 3182 1700 3183 1630 3183 1633 3183 1701 3184 1665 3184 1659 3184 1701 3185 1659 3185 1687 3185 1702 3186 1684 3186 1686 3186 1702 3187 1698 3187 1684 3187 1703 3188 1690 3188 1638 3188 1703 3189 1638 3189 1656 3189 1704 3190 1639 3190 1689 3190 1704 3191 1673 3191 1639 3191 1705 3192 1558 3192 1706 3192 1705 3193 1633 3193 1558 3193 1705 3194 1700 3194 1633 3194 1707 3195 1615 3195 1672 3195 1708 3196 1657 3196 1690 3196 1707 3197 1634 3197 1615 3197 1709 3198 1680 3198 1625 3198 1709 3199 1625 3199 1648 3199 1710 3200 1707 3200 1672 3200 1710 3201 1672 3201 1673 3201 1711 3202 1685 3202 1664 3202 1712 3203 1686 3203 1694 3203 1712 3204 1702 3204 1686 3204 1713 3205 1696 3205 1683 3205 1713 3206 1683 3206 1699 3206 1714 3207 1661 3207 1595 3207 1714 3208 1595 3208 1642 3208 1715 3209 1662 3209 1669 3209 1716 3210 1700 3210 1705 3210 1716 3211 1712 3211 1694 3211 1715 3212 1664 3212 1662 3212 1715 3213 1669 3213 1695 3213 1716 3214 1694 3214 1700 3214 1717 3215 1664 3215 1715 3215 1717 3216 1711 3216 1664 3216 1718 3217 1648 3217 1660 3217 1718 3218 1709 3218 1648 3218 1719 3219 1649 3219 1634 3219 1719 3220 1634 3220 1707 3220 1720 3221 1716 3221 1705 3221 1720 3222 1705 3222 1706 3222 1721 3223 1708 3223 1690 3223 1722 3224 1719 3224 1707 3224 1721 3225 1690 3225 1703 3225 1722 3226 1707 3226 1710 3226 1723 3227 1573 3227 1670 3227 1724 3228 1668 3228 1685 3228 1723 3229 1627 3229 1573 3229 1724 3230 1699 3230 1668 3230 1725 3231 1654 3231 1646 3231 1726 3232 1656 3232 1680 3232 1726 3233 1703 3233 1656 3233 1725 3234 1646 3234 1534 3234 1727 3235 1661 3235 1714 3235 1727 3236 1688 3236 1661 3236 1730 3238 1718 3238 1660 3238 1730 3241 1660 3241 1667 3241 1732 3245 1696 3245 1713 3245 1733 3246 1657 3246 1708 3246 1733 3247 1642 3247 1657 3247 1734 3248 1695 3248 1665 3248 1733 3249 1714 3249 1642 3249 1735 3250 1697 3250 1688 3250 1734 3251 1665 3251 1701 3251 1736 3252 1681 3252 1654 3252 1737 3253 1650 3253 1682 3253 1736 3254 1654 3254 1725 3254 1738 3255 1699 3255 1724 3255 1737 3256 1670 3256 1650 3256 1739 3257 1671 3257 1666 3257 1738 3258 1713 3258 1699 3258 1739 3259 1674 3259 1671 3259 1739 3260 1666 3260 1697 3260 1740 3261 1658 3261 1693 3261 1740 3262 1689 3262 1658 3262 1741 3263 1715 3263 1695 3263 1742 3264 1674 3264 1739 3264 1741 3265 1695 3265 1734 3265 1741 3266 1717 3266 1715 3266 1743 3267 1717 3267 1741 3267 1744 3268 1667 3268 1692 3268 1744 3269 1692 3269 1698 3269 1744 3270 1730 3270 1667 3270 1745 3271 1714 3271 1733 3271 1745 3272 1727 3272 1714 3272 1746 3273 1673 3273 1704 3273 1746 3274 1710 3274 1673 3274 1747 3275 1724 3275 1685 3275 1748 3276 1721 3276 1703 3276 1747 3277 1685 3277 1711 3277 1748 3278 1703 3278 1726 3278 1749 3279 1732 3279 1713 3279 1750 3280 1737 3280 1682 3280 1749 3281 1713 3281 1738 3281 1750 3282 1674 3282 1742 3282 1751 3283 1689 3283 1740 3283 1750 3284 1682 3284 1674 3284 1752 3285 1726 3285 1680 3285 1751 3286 1746 3286 1704 3286 1752 3287 1680 3287 1709 3287 1751 3288 1704 3288 1689 3288 1753 3289 1738 3289 1724 3289 1753 3290 1724 3290 1747 3290 1754 3291 1744 3291 1698 3291 1755 3292 1723 3292 1670 3292 1755 3293 1670 3293 1737 3293 1756 3294 1649 3294 1719 3294 1756 3295 1687 3295 1649 3295 1757 3296 1719 3296 1722 3296 1757 3297 1756 3297 1719 3297 1758 3298 1754 3298 1698 3298 1758 3299 1698 3299 1702 3299 1759 3300 1697 3300 1735 3300 1759 3301 1739 3301 1697 3301 1759 3302 1742 3302 1739 3302 1760 3303 1711 3303 1717 3303 1761 3304 1681 3304 1736 3304 1762 3305 1742 3305 1759 3305 1761 3306 1693 3306 1681 3306 1763 3307 1722 3307 1710 3307 1764 3308 1758 3308 1702 3308 1764 3309 1712 3309 1716 3309 1763 3310 1710 3310 1746 3310 1764 3311 1702 3311 1712 3311 1765 3312 1749 3312 1738 3312 1765 3313 1738 3313 1753 3313 1766 3314 1752 3314 1709 3314 1766 3315 1709 3315 1718 3315 1767 3316 1687 3316 1756 3316 1767 3317 1734 3317 1701 3317 1768 3318 1733 3318 1708 3318 1767 3319 1701 3319 1687 3319 1768 3320 1745 3320 1733 3320 1769 3321 1764 3321 1716 3321 1769 3322 1716 3322 1720 3322 1769 3323 1720 3323 1706 3323 1770 3324 1756 3324 1757 3324 1769 3325 1706 3325 1771 3325 1770 3326 1767 3326 1756 3326 1772 3327 1748 3327 1726 3327 1773 3328 1741 3328 1734 3328 1772 3329 1726 3329 1752 3329 1774 3330 1718 3330 1730 3330 1775 3331 1743 3331 1741 3331 1774 3332 1766 3332 1718 3332 1775 3333 1741 3333 1773 3333 1776 3334 1735 3334 1688 3334 1776 3335 1688 3335 1727 3335 1776 3336 1727 3336 1745 3336 1777 3337 1740 3337 1693 3337 1777 3338 1693 3338 1761 3338 1778 3339 1627 3339 1723 3339 1778 3340 1779 3340 1677 3340 1780 3341 1731 3341 1732 3341 1778 3342 1677 3342 1675 3342 1780 3343 1781 3343 1731 3343 1778 3344 1675 3344 1627 3344 1780 3345 1732 3345 1749 3345 1782 3346 1752 3346 1766 3346 1782 3347 1772 3347 1752 3347 1783 3348 1757 3348 1722 3348 1783 3349 1722 3349 1763 3349 1784 3350 1745 3350 1768 3350 1785 3351 1730 3351 1744 3351 1786 3352 1746 3352 1751 3352 1785 3353 1774 3353 1730 3353 1787 3354 1717 3354 1743 3354 1787 3355 1760 3355 1717 3355 1788 3356 1708 3356 1721 3356 1788 3357 1768 3357 1708 3357 1789 3358 1534 3358 1244 3358 1790 3359 1782 3359 1766 3359 1789 3360 1725 3360 1534 3360 1790 3361 1766 3361 1774 3361 1791 3362 1765 3362 1753 3362 1792 3363 1745 3363 1784 3363 1792 3364 1776 3364 1745 3364 1793 3365 1725 3365 1789 3365 1793 3366 1736 3366 1725 3366 1794 3367 1759 3367 1735 3367 1795 3368 1747 3368 1711 3368 1794 3369 1762 3369 1759 3369 1795 3370 1711 3370 1760 3370 1796 3371 1762 3371 1794 3371 1797 3372 1734 3372 1767 3372 1797 3373 1773 3373 1734 3373 1798 3374 1744 3374 1754 3374 1799 3375 1749 3375 1765 3375 1799 3376 1800 3376 1781 3376 1798 3377 1785 3377 1744 3377 1799 3378 1780 3378 1749 3378 1799 3379 1781 3379 1780 3379 1801 3380 1797 3380 1767 3380 1802 3381 1798 3381 1754 3381 1802 3382 1754 3382 1758 3382 1801 3383 1767 3383 1770 3383 1803 3384 1791 3384 1753 3384 1803 3385 1747 3385 1795 3385 1804 3386 1737 3386 1750 3386 1804 3387 1755 3387 1737 3387 1803 3388 1753 3388 1747 3388 1805 3389 1784 3389 1768 3389 1805 3390 1768 3390 1788 3390 1806 3391 1778 3391 1723 3391 1807 3392 1763 3392 1746 3392 1807 3393 1746 3393 1786 3393 1806 3394 1723 3394 1755 3394 1808 3395 1795 3395 1760 3395 1809 3396 1785 3396 1798 3396 1809 3397 1790 3397 1774 3397 1808 3398 1760 3398 1787 3398 1809 3399 1774 3399 1785 3399 1810 3400 1804 3400 1750 3400 1811 3401 1743 3401 1775 3401 1810 3402 1742 3402 1762 3402 1811 3403 1787 3403 1743 3403 1810 3404 1750 3404 1742 3404 1812 3405 1751 3405 1740 3405 1813 3406 1802 3406 1758 3406 1813 3407 1758 3407 1764 3407 1812 3408 1740 3408 1777 3408 1814 3409 1721 3409 1748 3409 1815 3410 1757 3410 1783 3410 1814 3411 1788 3411 1721 3411 1815 3412 1770 3412 1757 3412 1816 3413 1765 3413 1791 3413 1817 3414 1813 3414 1764 3414 1816 3415 1799 3415 1765 3415 1817 3416 1764 3416 1769 3416 1816 3417 1818 3417 1800 3417 1819 3418 1809 3418 1798 3418 1816 3419 1800 3419 1799 3419 1820 3420 1763 3420 1807 3420 1821 3421 1798 3421 1802 3421 1820 3422 1783 3422 1763 3422 1821 3423 1819 3423 1798 3423 1822 3424 1736 3424 1793 3424 1822 3425 1761 3425 1736 3425 1823 3426 1806 3426 1755 3426 1823 3427 1755 3427 1804 3427 1824 3428 1817 3428 1769 3428 1824 3429 1769 3429 1771 3429 1825 3430 1786 3430 1751 3430 1825 3431 1751 3431 1812 3431 1826 3432 1788 3432 1814 3432 1827 3433 1795 3433 1808 3433 1826 3434 1805 3434 1788 3434 1827 3435 1803 3435 1795 3435 1828 3436 1813 3436 1817 3436 1828 3437 1802 3437 1813 3437 1829 3438 1801 3438 1770 3438 1828 3439 1821 3439 1802 3439 1829 3440 1770 3440 1815 3440 1830 3441 1797 3441 1801 3441 1830 3442 1773 3442 1797 3442 1831 3443 1810 3443 1762 3443 1831 3444 1762 3444 1796 3444 1830 3445 1775 3445 1773 3445 1832 3446 1792 3446 1784 3446 1833 3447 1789 3447 1244 3447 1833 3448 1793 3448 1789 3448 1834 3449 1817 3449 1824 3449 1834 3450 1824 3450 1771 3450 1834 3451 1828 3451 1817 3451 1835 3452 1761 3452 1822 3452 1836 3453 1748 3453 1772 3453 1835 3454 1777 3454 1761 3454 1836 3455 1814 3455 1748 3455 1837 3456 1775 3456 1830 3456 1837 3457 1811 3457 1775 3457 1838 3458 1794 3458 1735 3458 1839 3459 1791 3459 1803 3459 1839 3460 1803 3460 1827 3460 1838 3461 1776 3461 1792 3461 1840 3462 1830 3462 1801 3462 1838 3463 1735 3463 1776 3463 1841 3464 1794 3464 1838 3464 1842 3465 1837 3465 1830 3465 1842 3466 1830 3466 1840 3466 1841 3467 1796 3467 1794 3467 1843 3468 1836 3468 1772 3468 1843 3469 1772 3469 1782 3469 1844 3470 1793 3470 1833 3470 1844 3471 1822 3471 1793 3471 1845 3472 1808 3472 1787 3472 1845 3473 1787 3473 1811 3473 1846 3474 1832 3474 1784 3474 1846 3475 1784 3475 1805 3475 1847 3476 1839 3476 1827 3476 1848 3477 1826 3477 1814 3477 1849 3478 1801 3478 1829 3478 1848 3479 1814 3479 1836 3479 1850 3480 1838 3480 1792 3480 1849 3481 1840 3481 1801 3481 1850 3482 1792 3482 1832 3482 1231 3483 1807 3483 1786 3483 1231 3484 1786 3484 1825 3484 1851 3485 1843 3485 1782 3485 1852 3486 1847 3486 1827 3486 1852 3487 1827 3487 1808 3487 1852 3488 1808 3488 1845 3488 1851 3489 1782 3489 1790 3489 1853 3490 1779 3490 1778 3490 1853 3491 1778 3491 1806 3491 1854 3492 1815 3492 1783 3492 1854 3493 1783 3493 1820 3493 1855 3494 1856 3494 1818 3494 1857 3495 1838 3495 1850 3495 1855 3496 1818 3496 1816 3496 1857 3497 1841 3497 1838 3497 1855 3498 1791 3498 1839 3498 1855 3499 1816 3499 1791 3499 1858 3500 1804 3500 1810 3500 1858 3501 1823 3501 1804 3501 1238 3502 1815 3502 1854 3502 1238 3503 1829 3503 1815 3503 1859 3504 1848 3504 1836 3504 1859 3505 1836 3505 1843 3505 1860 3506 1835 3506 1822 3506 1860 3507 1822 3507 1844 3507 1268 3508 1831 3508 1796 3508 1861 3509 1853 3509 1806 3509 1862 3510 1777 3510 1835 3510 1862 3511 1812 3511 1777 3511 1861 3512 1806 3512 1823 3512 1863 3513 1833 3513 1244 3513 1864 3514 1851 3514 1790 3514 1864 3515 1790 3515 1809 3515 1863 3516 1844 3516 1833 3516 1865 3517 1811 3517 1837 3517 1218 3518 1859 3518 1843 3518 1221 3519 1865 3519 1837 3519 1218 3520 1843 3520 1851 3520 1221 3521 1837 3521 1842 3521 1227 3522 1805 3522 1826 3522 1866 3523 1860 3523 1844 3523 1866 3524 1844 3524 1863 3524 1227 3525 1846 3525 1805 3525 1867 3526 1823 3526 1858 3526 1867 3527 1861 3527 1823 3527 1868 3528 1812 3528 1862 3528 1869 3529 1864 3529 1809 3529 1869 3530 1809 3530 1819 3530 1868 3531 1825 3531 1812 3531 1870 3532 1835 3532 1860 3532 1871 3533 1869 3533 1819 3533 1871 3534 1819 3534 1821 3534 1870 3535 1862 3535 1835 3535 1234 3536 1820 3536 1807 3536 1234 3537 1807 3537 1231 3537 1872 3538 1831 3538 1268 3538 1872 3539 1867 3539 1858 3539 1872 3540 1858 3540 1810 3540 1872 3541 1810 3541 1831 3541 1219 3542 1851 3542 1864 3542 1873 3543 1856 3543 1855 3543 1219 3544 1218 3544 1851 3544 1873 3545 1839 3545 1847 3545 1873 3546 1855 3546 1839 3546 1257 3547 1873 3547 1847 3547 1257 3548 1256 3548 1856 3548 1874 3549 1871 3549 1821 3549 1257 3550 1856 3550 1873 3550 1257 3551 1847 3551 1852 3551 1874 3552 1821 3552 1828 3552 1875 3553 1857 3553 1850 3553 1876 3554 1842 3554 1840 3554 1876 3555 1840 3555 1849 3555 1875 3556 1832 3556 1846 3556 1222 3557 1221 3557 1842 3557 1875 3558 1850 3558 1832 3558 1222 3559 1842 3559 1876 3559 1248 3560 1864 3560 1869 3560 1271 3561 1820 3561 1234 3561 1248 3562 1219 3562 1864 3562 1271 3563 1854 3563 1820 3563 1287 3564 1857 3564 1875 3564 1237 3565 1829 3565 1238 3565 1877 3566 1874 3566 1828 3566 1877 3567 1828 3567 1834 3567 1237 3568 1876 3568 1849 3568 1237 3569 1849 3569 1829 3569 1258 3570 1869 3570 1871 3570 1878 3571 1845 3571 1811 3571 1258 3572 1248 3572 1869 3572 1878 3573 1811 3573 1865 3573 1228 3574 1227 3574 1826 3574 1224 3575 1878 3575 1865 3575 1224 3576 1865 3576 1221 3576 1228 3577 1826 3577 1848 3577 1241 3578 1867 3578 1872 3578 1879 3579 1866 3579 1863 3579 1880 3580 1771 3580 1275 3580 1879 3581 1863 3581 1244 3581 1252 3582 1860 3582 1866 3582 1880 3583 1834 3583 1771 3583 1880 3584 1877 3584 1834 3584 1265 3585 1871 3585 1874 3585 1265 3586 1258 3586 1871 3586 1252 3587 1870 3587 1860 3587 1232 3588 1825 3588 1868 3588 1269 3589 1268 3589 1796 3589 1232 3590 1231 3590 1825 3590 1269 3591 1796 3591 1841 3591 1253 3592 1866 3592 1879 3592 1253 3593 1252 3593 1866 3593 1279 3594 1228 3594 1848 3594 1279 3595 1848 3595 1859 3595 1261 3596 1257 3596 1852 3596 1273 3597 1874 3597 1877 3597 1261 3598 1845 3598 1878 3598 1261 3599 1852 3599 1845 3599 1282 3600 1868 3600 1862 3600 1273 3601 1877 3601 1880 3601 1273 3602 1265 3602 1874 3602 1282 3603 1862 3603 1870 3603 1229 3604 1875 3604 1846 3604 1262 3605 1878 3605 1224 3605 1262 3606 1261 3606 1878 3606 1229 3607 1846 3607 1227 3607 1235 3608 1287 3608 1875 3608 1251 3609 1870 3609 1252 3609 1251 3610 1282 3610 1870 3610 1235 3611 1875 3611 1229 3611 1242 3612 1872 3612 1268 3612 1246 3613 1253 3613 1879 3613 1246 3614 1879 3614 1244 3614 1242 3615 1241 3615 1872 3615 1223 3616 1859 3616 1218 3616 1223 3617 1279 3617 1859 3617 1283 3618 1232 3618 1868 3618 1283 3619 1868 3619 1282 3619 1274 3620 1880 3620 1275 3620 1249 3621 1253 3621 1246 3621 1274 3622 1273 3622 1880 3622 1299 3623 1881 3623 1779 3623 1299 3624 1298 3624 1881 3624 1299 3625 1779 3625 1853 3625 1299 3626 1853 3626 1861 3626 1286 3627 1841 3627 1857 3627 1286 3628 1857 3628 1287 3628 1300 3629 1222 3629 1876 3629 1300 3630 1876 3630 1237 3630 1239 3631 1238 3631 1854 3631 1286 3632 1269 3632 1841 3632 1239 3633 1854 3633 1271 3633 1260 3634 1861 3634 1867 3634 1260 3635 1299 3635 1861 3635 1260 3636 1867 3636 1241 3636 1225 3637 1222 3637 1300 3637 1882 3638 1883 3638 1884 3638 1883 3639 1885 3639 1884 3639 1886 3640 1887 3640 1888 3640 1889 3641 1882 3641 1884 3641 1888 3642 1887 3642 1890 3642 1891 3643 1892 3643 1893 3643 1887 3644 1894 3644 1890 3644 1895 3645 1891 3645 1893 3645 1894 3646 1896 3646 1890 3646 1897 3647 1898 3647 1899 3647 1898 3648 1900 3648 1899 3648 1901 3649 1902 3649 1903 3649 1902 3650 1897 3650 1903 3650 1904 3651 1905 3651 1906 3651 1905 3652 1907 3652 1906 3652 1908 3653 1909 3653 1910 3653 1911 3654 1912 3654 1913 3654 1909 3655 1914 3655 1910 3655 1915 3656 1916 3656 1917 3656 1916 3657 1918 3657 1917 3657 1919 3658 1920 3658 1921 3658 1910 3659 1914 3659 1922 3659 1897 3660 1899 3660 1923 3660 1920 3661 1924 3661 1921 3661 1903 3662 1897 3662 1923 3662 1925 3663 1926 3663 1927 3663 1926 3664 1889 3664 1927 3664 1919 3665 1921 3665 1928 3665 1884 3666 1885 3666 1929 3666 1930 3667 1919 3667 1928 3667 1245 3668 1244 3668 1931 3668 1244 3669 1932 3669 1931 3669 1885 3670 1933 3670 1929 3670 1934 3671 1935 3671 1936 3671 1937 3672 1938 3672 1939 3672 1940 3673 1937 3673 1939 3673 1941 3674 1942 3674 1943 3674 1944 3675 1895 3675 1945 3675 1922 3676 1914 3676 1946 3676 1914 3677 1947 3677 1946 3677 1942 3678 1948 3678 1943 3678 1940 3679 1939 3679 1949 3679 1950 3680 1925 3680 1951 3680 1952 3681 1950 3681 1951 3681 1953 3682 1954 3682 1955 3682 1903 3683 1923 3683 1956 3683 1901 3684 1903 3684 1956 3684 1889 3685 1884 3685 1957 3685 1958 3686 1934 3686 1959 3686 1884 3687 1929 3687 1957 3687 1934 3688 1936 3688 1959 3688 1960 3689 1961 3689 1962 3689 1952 3690 1951 3690 1963 3690 1913 3691 1912 3691 1962 3691 1947 3692 1952 3692 1963 3692 1900 3693 1908 3693 1964 3693 1908 3694 1910 3694 1964 3694 1899 3695 1900 3695 1964 3695 1910 3696 1922 3696 1965 3696 1912 3697 1960 3697 1962 3697 1966 3698 1967 3698 1968 3698 1964 3699 1910 3699 1965 3699 1967 3700 1969 3700 1968 3700 1929 3701 1933 3701 1970 3701 1969 3702 1971 3702 1968 3702 1972 3703 1944 3703 1970 3703 1933 3704 1972 3704 1970 3704 1945 3705 1895 3705 1973 3705 1895 3706 1893 3706 1973 3706 1921 3707 1924 3707 1974 3707 1924 3708 1975 3708 1974 3708 1892 3709 1976 3709 1977 3709 1893 3710 1892 3710 1977 3710 1978 3711 1979 3711 1980 3711 1981 3712 1978 3712 1980 3712 1979 3713 1982 3713 1980 3713 1957 3714 1929 3714 1983 3714 1929 3715 1970 3715 1983 3715 1984 3716 1985 3716 1986 3716 1964 3717 1965 3717 1987 3717 1985 3718 1988 3718 1986 3718 1899 3719 1964 3719 1987 3719 1923 3720 1899 3720 1987 3720 1917 3721 1918 3721 1989 3721 1987 3722 1965 3722 1990 3722 1968 3723 1971 3723 1991 3723 1890 3724 1896 3724 1992 3724 1922 3725 1946 3725 1993 3725 1889 3726 1957 3726 1994 3726 1927 3727 1889 3727 1994 3727 1977 3728 1976 3728 1995 3728 1976 3729 1996 3729 1995 3729 1961 3730 1997 3730 1998 3730 1962 3731 1961 3731 1998 3731 1956 3732 1923 3732 1999 3732 1923 3733 1987 3733 1999 3733 1987 3734 1990 3734 2000 3734 1999 3735 1987 3735 2000 3735 1939 3736 1938 3736 2001 3736 1974 3737 1975 3737 2002 3737 1949 3738 1939 3738 2001 3738 1975 3739 2003 3739 2002 3739 1948 3740 2004 3740 2005 3740 2006 3741 1904 3741 2001 3741 1938 3742 2006 3742 2001 3742 1946 3743 1947 3743 2007 3743 1993 3744 1946 3744 2007 3744 1947 3745 1963 3745 2007 3745 1925 3746 1927 3746 2008 3746 1951 3747 1925 3747 2008 3747 1943 3748 1948 3748 2005 3748 1980 3749 1982 3749 2009 3749 1951 3750 2008 3750 2010 3750 1963 3751 1951 3751 2010 3751 1986 3752 1988 3752 2011 3752 1983 3753 1970 3753 2012 3753 1931 3754 1932 3754 2013 3754 1949 3755 2001 3755 2014 3755 1932 3756 2015 3756 2013 3756 1928 3757 1921 3757 2016 3757 1965 3758 1922 3758 2017 3758 1921 3759 1974 3759 2016 3759 1990 3760 1965 3760 2017 3760 1922 3761 1993 3761 2017 3761 1901 3762 1956 3762 2018 3762 1245 3763 1931 3763 2019 3763 1931 3764 2013 3764 2019 3764 1956 3765 1999 3765 2018 3765 1901 3766 2018 3766 2020 3766 1999 3767 2000 3767 2020 3767 2018 3768 1999 3768 2020 3768 2005 3769 2004 3769 2021 3769 1970 3770 1944 3770 2022 3770 2004 3771 2023 3771 2021 3771 2012 3772 1970 3772 2022 3772 1886 3773 1888 3773 2024 3773 1936 3774 1935 3774 2024 3774 1973 3775 1893 3775 2025 3775 1935 3776 1886 3776 2024 3776 1893 3777 1977 3777 2025 3777 1977 3778 1995 3778 2025 3778 2001 3779 1904 3779 2026 3779 2027 3780 1941 3780 2028 3780 2014 3781 2001 3781 2026 3781 1904 3782 1906 3782 2026 3782 1955 3783 1954 3783 2028 3783 1954 3784 2027 3784 2028 3784 1990 3785 2017 3785 2029 3785 1936 3786 2024 3786 2030 3786 1996 3787 1940 3787 2031 3787 1959 3788 1936 3788 2030 3788 1995 3789 1996 3789 2031 3789 2014 3790 2026 3790 2032 3790 2033 3791 2034 3791 2032 3791 1953 3792 1955 3792 2035 3792 1991 3793 1971 3793 2035 3793 1971 3794 1953 3794 2035 3794 1982 3795 1966 3795 2036 3795 1993 3796 2007 3796 2037 3796 2009 3797 1982 3797 2036 3797 1995 3798 2031 3798 2038 3798 2025 3799 1995 3799 2038 3799 2020 3800 2000 3800 2039 3800 1990 3801 2029 3801 2039 3801 1974 3802 2002 3802 2040 3802 2016 3803 1974 3803 2040 3803 2000 3804 1990 3804 2039 3804 1988 3805 2041 3805 2042 3805 2011 3806 1988 3806 2042 3806 1957 3807 1983 3807 2043 3807 1989 3808 1918 3808 2044 3808 1918 3809 1984 3809 2044 3809 1994 3810 1957 3810 2043 3810 1984 3811 1986 3811 2044 3811 2022 3812 1944 3812 2045 3812 1944 3813 1945 3813 2045 3813 1992 3814 1896 3814 2046 3814 2037 3815 2007 3815 2047 3815 1981 3816 1980 3816 2046 3816 1896 3817 1981 3817 2046 3817 2007 3818 1963 3818 2047 3818 1963 3819 2010 3819 2047 3819 1994 3820 2043 3820 2048 3820 2003 3821 2049 3821 2050 3821 2008 3822 1927 3822 2048 3822 1927 3823 1994 3823 2048 3823 2002 3824 2003 3824 2050 3824 2047 3825 2010 3825 2051 3825 2008 3826 2048 3826 2051 3826 2010 3827 2008 3827 2051 3827 2012 3828 2022 3828 2052 3828 2022 3829 2045 3829 2052 3829 2033 3830 2032 3830 2053 3830 1998 3831 1997 3831 2054 3831 1907 3832 2033 3832 2053 3832 2026 3833 1906 3833 2053 3833 2032 3834 2026 3834 2053 3834 1906 3835 1907 3835 2053 3835 2020 3836 2039 3836 2055 3836 2054 3837 1997 3837 2056 3837 1901 3838 2020 3838 2055 3838 2029 3839 2017 3839 2057 3839 1997 3840 2058 3840 2056 3840 1993 3841 2037 3841 2057 3841 2019 3842 2013 3842 2059 3842 2017 3843 1993 3843 2057 3843 2015 3844 1958 3844 2060 3844 2043 3845 1983 3845 2061 3845 1983 3846 2012 3846 2061 3846 2013 3847 2015 3847 2060 3847 2059 3848 2013 3848 2060 3848 2045 3849 1945 3849 2062 3849 2002 3850 2050 3850 2063 3850 2040 3851 2002 3851 2063 3851 1945 3852 1973 3852 2062 3852 2038 3853 2031 3853 2064 3853 1343 3854 2065 3854 2066 3854 2030 3855 2024 3855 2067 3855 1888 3856 1890 3856 2067 3856 2066 3857 2065 3857 2068 3857 2065 3858 2069 3858 2068 3858 2052 3859 2045 3859 2070 3859 2024 3860 1888 3860 2067 3860 2069 3861 2071 3861 2072 3861 2045 3862 2062 3862 2070 3862 2068 3863 2069 3863 2072 3863 2030 3864 2067 3864 2073 3864 2039 3865 2029 3865 2074 3865 2067 3866 1890 3866 2075 3866 2066 3867 2068 3867 2076 3867 2029 3868 2057 3868 2074 3868 1343 3869 2066 3869 2076 3869 2031 3870 1940 3870 2077 3870 1890 3871 1992 3871 2075 3871 2073 3872 2067 3872 2075 3872 1940 3873 1949 3873 2077 3873 2071 3874 2078 3874 2079 3874 2057 3875 2037 3875 2080 3875 2072 3876 2071 3876 2079 3876 2037 3877 2047 3877 2080 3877 2076 3878 2068 3878 2081 3878 2028 3879 1941 3879 2082 3879 1941 3880 1943 3880 2082 3880 2023 3881 2083 3881 2084 3881 2061 3882 2012 3882 2085 3882 2068 3883 2072 3883 2081 3883 2012 3884 2052 3884 2085 3884 2072 3885 2079 3885 2086 3885 2039 3886 2074 3886 2087 3886 2081 3887 2072 3887 2086 3887 2021 3888 2023 3888 2084 3888 2079 3889 2078 3889 2088 3889 2080 3890 2047 3890 2089 3890 2047 3891 2051 3891 2089 3891 2078 3892 2090 3892 2088 3892 1365 3893 1343 3893 2091 3893 2073 3894 2075 3894 2092 3894 2048 3895 2043 3895 2093 3895 1343 3896 2076 3896 2091 3896 2049 3898 2095 3898 2096 3898 2050 3900 2049 3900 2096 3900 2048 3901 2093 3901 2098 3901 2051 3902 2048 3902 2098 3902 2079 3903 2088 3903 2099 3903 2086 3904 2079 3904 2099 3904 2070 3905 2062 3905 2100 3905 2035 3906 1955 3906 2101 3906 2057 3908 2080 3908 2103 3908 2036 3909 1966 3909 2104 3909 2074 3910 2057 3910 2103 3910 1966 3911 1968 3911 2104 3911 2076 3912 2081 3912 2105 3912 2091 3913 2076 3913 2105 3913 2055 3914 2039 3914 2106 3914 1901 3915 2055 3915 2106 3915 2039 3916 2087 3916 2106 3916 1980 3917 2009 3917 2107 3917 1973 3920 2025 3920 2110 3920 2025 3921 2038 3921 2110 3921 2046 3922 1980 3922 2107 3922 2062 3923 1973 3923 2110 3923 2099 3924 2088 3924 2111 3924 2088 3925 2094 3925 2111 3925 2044 3926 1986 3926 2112 3926 2043 3927 2061 3927 2113 3927 1986 3928 2011 3928 2112 3928 2093 3929 2043 3929 2113 3929 1968 3930 1991 3930 2114 3930 2098 3931 2093 3931 2115 3931 2104 3932 1968 3932 2114 3932 2058 3933 2116 3933 2117 3933 2093 3934 2113 3934 2115 3934 2056 3935 2058 3935 2117 3935 2081 3936 2086 3936 2118 3936 2105 3937 2081 3937 2118 3937 2064 3938 2031 3938 2119 3938 2031 3939 2077 3939 2119 3939 2116 3940 2120 3940 2117 3940 2087 3941 2074 3941 2121 3941 2074 3942 2103 3942 2121 3942 2094 3943 2102 3943 2122 3943 2059 3944 2060 3944 2123 3944 2111 3945 2094 3945 2122 3945 2080 3946 2089 3946 2124 3946 2103 3947 2080 3947 2124 3947 2060 3950 1958 3950 2127 3950 2122 3951 2102 3951 2128 3951 1958 3952 1959 3952 2127 3952 1949 3953 2014 3953 2129 3953 2077 3954 1949 3954 2129 3954 2095 3955 2130 3955 2131 3955 2038 3956 2064 3956 2132 3956 2102 3957 2109 3957 2128 3957 2110 3958 2038 3958 2132 3958 2086 3959 2099 3959 2133 3959 2096 3960 2095 3960 2131 3960 2118 3961 2086 3961 2133 3961 2052 3962 2070 3962 2134 3962 2085 3963 2052 3963 2134 3963 2063 3964 2050 3964 2135 3964 2087 3965 2121 3965 2136 3965 1311 3966 1245 3966 2137 3966 2019 3968 2059 3968 2137 3968 1245 3970 2019 3970 2137 3970 2128 3971 2109 3971 2140 3971 2124 3972 2089 3972 2141 3972 2109 3973 2126 3973 2140 3973 2089 3974 2051 3974 2141 3974 2051 3975 2098 3975 2141 3975 2075 3976 1992 3976 2142 3976 2092 3977 2075 3977 2142 3977 2113 3978 2061 3978 2143 3978 2061 3979 2085 3979 2143 3979 2107 3980 2009 3980 2144 3980 1365 3981 2091 3981 2145 3981 2115 3982 2113 3982 2146 3982 2113 3983 2143 3983 2146 3983 2062 3984 2110 3984 2147 3984 2133 3985 2099 3985 2148 3985 2082 3986 1943 3986 2149 3986 2100 3987 2062 3987 2147 3987 2110 3988 2132 3988 2147 3988 2103 3989 2124 3989 2150 3989 2011 3990 2042 3990 2151 3990 2121 3991 2103 3991 2150 3991 2041 3992 2152 3992 2151 3992 2042 3993 2041 3993 2151 3993 2099 3994 2111 3994 2148 3994 2112 3995 2011 3995 2151 3995 2106 3998 2087 3998 2155 3998 1901 3999 2106 3999 2155 3999 2140 4000 2126 4000 2156 4000 2087 4001 2136 4001 2155 4001 2014 4002 2032 4002 2157 4002 2084 4003 2083 4003 2158 4003 2083 4004 1911 4004 2158 4004 2129 4005 2014 4005 2157 4005 2126 4006 2138 4006 2156 4006 2134 4007 2070 4007 2159 4007 2092 4008 2142 4008 2160 4008 2070 4009 2100 4009 2159 4009 2091 4010 2105 4010 2161 4010 1955 4011 2028 4011 2162 4011 2145 4012 2091 4012 2161 4012 2101 4013 1955 4013 2162 4013 2147 4014 2132 4014 2163 4014 2115 4016 2146 4016 2165 4016 2028 4017 2082 4017 2162 4017 2098 4018 2115 4018 2165 4018 2141 4020 2098 4020 2165 4020 2050 4021 2096 4021 2167 4021 2111 4022 2122 4022 2168 4022 2132 4023 2064 4023 2169 4023 2135 4024 2050 4024 2167 4024 1991 4025 2035 4025 2170 4025 2114 4026 1991 4026 2170 4026 2148 4027 2111 4027 2168 4027 2168 4028 2122 4028 2171 4028 2035 4029 2101 4029 2170 4029 2121 4030 2150 4030 2172 4030 2119 4031 2077 4031 2173 4031 2077 4032 2129 4032 2173 4032 2129 4033 2157 4033 2173 4033 2009 4034 2036 4034 2174 4034 2144 4035 2009 4035 2174 4035 2122 4036 2128 4036 2171 4036 2150 4037 2124 4037 2175 4037 1409 4038 1365 4038 2176 4038 2141 4039 2165 4039 2175 4039 1369 4040 1311 4040 2177 4040 1365 4041 2145 4041 2176 4041 2124 4042 2141 4042 2175 4042 1311 4043 2137 4043 2177 4043 2156 4044 2138 4044 2178 4044 2032 4045 2034 4045 2179 4045 2005 4046 2021 4046 2180 4046 2138 4047 2154 4047 2178 4047 2157 4048 2032 4048 2179 4048 2136 4049 2121 4049 2181 4049 2149 4050 1943 4050 2180 4050 2121 4051 2172 4051 2181 4051 2155 4052 2136 4052 2181 4052 2100 4053 2147 4053 2182 4053 2159 4054 2100 4054 2182 4054 2161 4055 2105 4055 2183 4055 1943 4056 2005 4056 2180 4056 2105 4057 2118 4057 2183 4057 2165 4058 2146 4058 2184 4058 2123 4059 2060 4059 2185 4059 2060 4060 2127 4060 2185 4060 2130 4061 1915 4061 2186 4061 2134 4063 2159 4063 2188 4063 2143 4064 2085 4064 2188 4064 2131 4065 2130 4065 2186 4065 2085 4067 2134 4067 2188 4067 2128 4068 2140 4068 2190 4068 2171 4069 2128 4069 2190 4069 2146 4070 2143 4070 2191 4070 2177 4071 2137 4071 2192 4071 2143 4072 2188 4072 2191 4072 2137 4073 2059 4073 2192 4073 2155 4074 2181 4074 2193 4074 2175 4076 2165 4076 2195 4076 2189 4077 2196 4077 2194 4077 2165 4078 2184 4078 2195 4078 2145 4079 2161 4079 2197 4079 2163 4080 2132 4080 2198 4080 2132 4081 2169 4081 2198 4081 2117 4082 2120 4082 2199 4082 2176 4083 2145 4083 2197 4083 2173 4084 2157 4084 2200 4084 2034 4085 2201 4085 2200 4085 1959 4086 2030 4086 2202 4086 2157 4087 2179 4087 2200 4087 2179 4088 2034 4088 2200 4088 2172 4089 2150 4089 2203 4089 2127 4090 1959 4090 2202 4090 2150 4091 2175 4091 2203 4091 2178 4092 2154 4092 2204 4092 2167 4093 2096 4093 2205 4093 2154 4094 2164 4094 2204 4094 2175 4095 2195 4095 2203 4095 2188 4096 2159 4096 2206 4096 2096 4097 2131 4097 2205 4097 2064 4098 2119 4098 2207 4098 1992 4099 2046 4099 2208 4099 2142 4100 1992 4100 2208 4100 2169 4101 2064 4101 2207 4101 2118 4102 2133 4102 2209 4102 2046 4103 2107 4103 2208 4103 2183 4104 2118 4104 2209 4104 2198 4105 2169 4105 2207 4105 2204 4106 2164 4106 2210 4106 2188 4107 2206 4107 2211 4107 2164 4108 2187 4108 2210 4108 2191 4109 2188 4109 2211 4109 2180 4110 2021 4110 2212 4110 2021 4111 2084 4111 2212 4111 2172 4112 2203 4112 2213 4112 2194 4113 2196 4113 2214 4113 1911 4114 1913 4114 2215 4114 2158 4116 1911 4116 2215 4116 2195 4117 2184 4117 2217 4117 2213 4118 2203 4118 2218 4118 2140 4119 2156 4119 2219 4119 2203 4120 2195 4120 2218 4120 2190 4121 2140 4121 2219 4121 1915 4122 1917 4122 2220 4122 2186 4123 1915 4123 2220 4123 2147 4124 2163 4124 2221 4124 2182 4125 2147 4125 2221 4125 2142 4126 2208 4126 2222 4126 2161 4127 2183 4127 2223 4127 2160 4128 2142 4128 2222 4128 2172 4129 2213 4129 2224 4129 2181 4130 2172 4130 2224 4130 2197 4131 2161 4131 2223 4131 2082 4132 2149 4132 2225 4132 2184 4133 2146 4133 2226 4133 2217 4134 2184 4134 2226 4134 2146 4135 2191 4135 2226 4135 2162 4136 2082 4136 2225 4136 2209 4137 2133 4137 2227 4137 2133 4138 2148 4138 2227 4138 2159 4139 2182 4139 2228 4139 2177 4140 2192 4140 2229 4140 2206 4141 2159 4141 2228 4141 2224 4142 2213 4142 2230 4142 2170 4143 2101 4143 2231 4143 2210 4144 2187 4144 2232 4144 2187 4145 2194 4145 2232 4145 2213 4146 2218 4146 2230 4146 2211 4147 2206 4147 2233 4147 2215 4148 1913 4148 2234 4148 2206 4149 2228 4149 2233 4149 1913 4150 1962 4150 2234 4150 2218 4151 2195 4151 2235 4151 1409 4152 2176 4152 2236 4152 2230 4153 2218 4153 2235 4153 2195 4154 2217 4154 2235 4154 2181 4155 2224 4155 2237 4155 2202 4156 2030 4156 2238 4156 2196 4157 2239 4157 2240 4157 2214 4158 2196 4158 2240 4158 2193 4159 2181 4159 2237 4159 2198 4161 2207 4161 2241 4161 2030 4162 2073 4162 2238 4162 2156 4163 2178 4163 2242 4163 2219 4164 2156 4164 2242 4164 2221 4165 2163 4165 2243 4165 2174 4166 2036 4166 2244 4166 2036 4167 2104 4167 2244 4167 2163 4168 2198 4168 2243 4168 2104 4169 2114 4169 2244 4169 2224 4170 2230 4170 2245 4170 2192 4171 2059 4171 2246 4171 2229 4172 2192 4172 2246 4172 2237 4173 2224 4173 2245 4173 2059 4175 2123 4175 2246 4175 2248 4176 1901 4176 2249 4176 2193 4177 2237 4177 2249 4177 1901 4178 2155 4178 2249 4178 2185 4179 2127 4179 2250 4179 2155 4180 2193 4180 2249 4180 2127 4181 2202 4181 2250 4181 2191 4182 2211 4182 2251 4182 2232 4183 2194 4183 2252 4183 2226 4184 2191 4184 2251 4184 2202 4185 2238 4185 2250 4185 2120 4186 1930 4186 2253 4186 2211 4187 2233 4187 2251 4187 2183 4188 2209 4188 2254 4188 2230 4189 2235 4189 2255 4189 2245 4190 2230 4190 2255 4190 2217 4191 2226 4191 2256 4191 2199 4192 2120 4192 2253 4192 2223 4193 2183 4193 2254 4193 2235 4194 2217 4194 2256 4194 2226 4195 2251 4195 2256 4195 2073 4196 2092 4196 2257 4196 2119 4197 2173 4197 2258 4197 2178 4198 2204 4198 2259 4198 2207 4199 2119 4199 2258 4199 2238 4200 2073 4200 2257 4200 2242 4201 2178 4201 2259 4201 2173 4202 2200 4202 2258 4202 2237 4203 2245 4203 2260 4203 1917 4204 1989 4204 2261 4204 2220 4205 1917 4205 2261 4205 2148 4206 2168 4206 2262 4206 2245 4207 2255 4207 2263 4207 2227 4208 2148 4208 2262 4208 2237 4209 2260 4209 2264 4209 2249 4210 2237 4210 2264 4210 2244 4211 2114 4211 2265 4211 2248 4212 2249 4212 2264 4212 2131 4213 2186 4213 2266 4213 2236 4214 2176 4214 2267 4214 2205 4215 2131 4215 2266 4215 2186 4216 2220 4216 2266 4216 2176 4217 2197 4217 2267 4217 2243 4218 2198 4218 2268 4218 2198 4219 2241 4219 2268 4219 2107 4220 2144 4220 2269 4220 2251 4221 2233 4221 2270 4221 2208 4222 2107 4222 2269 4222 2221 4223 2243 4223 2271 4223 2228 4224 2182 4224 2271 4224 2168 4225 2171 4225 2272 4225 2262 4226 2168 4226 2272 4226 2182 4227 2221 4227 2271 4227 2212 4228 2084 4228 2273 4228 2228 4229 2271 4229 2274 4229 2233 4230 2228 4230 2274 4230 2084 4231 2158 4231 2273 4231 2208 4232 2269 4232 2275 4232 2194 4233 2216 4233 2276 4233 2252 4234 2194 4234 2276 4234 2235 4235 2256 4235 2277 4235 2222 4236 2208 4236 2275 4236 2216 4237 2247 4237 2276 4237 2255 4238 2235 4238 2277 4238 2260 4240 2245 4240 2280 4240 2245 4242 2263 4242 2280 4242 2264 4243 2260 4243 2280 4243 2234 4244 1962 4244 2281 4244 2248 4246 2264 4246 2280 4246 1962 4248 1998 4248 2281 4248 2204 4249 2210 4249 2283 4249 2256 4250 2251 4250 2284 4250 2251 4251 2270 4251 2284 4251 2225 4252 2149 4252 2285 4252 2149 4253 2180 4253 2285 4253 2258 4254 2200 4254 2286 4254 2259 4255 2204 4255 2283 4255 2258 4256 2286 4256 2287 4256 2241 4257 2207 4257 2287 4257 2266 4258 2220 4258 2288 4258 2207 4259 2258 4259 2287 4259 2274 4260 2271 4260 2289 4260 1369 4261 2177 4261 2290 4261 2254 4262 2209 4262 2291 4262 2177 4263 2229 4263 2290 4263 2209 4264 2227 4264 2291 4264 2271 4265 2243 4265 2289 4265 2229 4266 2246 4266 2292 4266 2267 4267 2197 4267 2293 4267 2274 4268 2289 4268 2294 4268 2197 4269 2223 4269 2293 4269 2272 4270 2171 4270 2295 4270 2255 4271 2277 4271 2296 4271 2269 4272 2144 4272 2297 4272 2275 4273 2269 4273 2297 4273 2296 4274 2277 4274 2298 4274 2171 4275 2190 4275 2295 4275 2277 4276 2256 4276 2298 4276 2162 4277 2225 4277 2299 4277 2256 4278 2284 4278 2298 4278 2231 4279 2101 4279 2299 4279 2279 4280 2278 4280 2300 4280 2282 4281 2279 4281 2300 4281 2284 4282 2270 4282 2301 4282 2101 4283 2162 4283 2299 4283 2238 4284 2257 4284 2302 4284 2278 4285 2303 4285 2300 4285 2200 4286 2201 4286 2304 4286 2286 4287 2200 4287 2304 4287 2287 4288 2286 4288 2305 4288 2282 4289 2300 4289 2306 4289 2304 4290 2201 4290 2305 4290 2276 4291 2247 4291 2307 4291 2286 4292 2304 4292 2305 4292 2250 4293 2238 4293 2302 4293 2275 4294 2297 4294 2308 4294 2263 4295 2255 4295 2309 4295 2255 4296 2296 4296 2309 4296 2265 4297 2114 4297 2310 4297 2274 4298 2294 4298 2311 4298 2227 4299 2262 4299 2312 4299 2114 4300 2170 4300 2310 4300 2301 4301 2270 4301 2311 4301 2170 4302 2231 4302 2310 4302 2270 4303 2233 4303 2311 4303 2233 4304 2274 4304 2311 4304 2291 4305 2227 4305 2312 4305 2241 4306 2287 4306 2313 4306 2123 4307 2185 4307 2314 4307 2268 4308 2241 4308 2313 4308 2246 4309 2123 4309 2314 4309 2283 4310 2210 4310 2315 4310 2309 4311 2296 4311 2316 4311 2210 4312 2232 4312 2315 4312 2302 4313 2257 4313 2317 4313 2296 4314 2298 4314 2316 4314 2268 4315 2313 4315 2318 4315 2289 4316 2243 4316 2318 4316 2262 4317 2272 4317 2319 4317 2312 4318 2262 4318 2319 4318 2243 4319 2268 4319 2318 4319 1930 4320 1928 4320 2320 4320 2253 4321 1930 4321 2320 4321 2263 4322 2309 4322 2321 4322 2248 4323 2280 4323 2321 4323 2315 4324 2232 4324 2322 4324 2280 4325 2263 4325 2321 4325 2289 4326 2318 4326 2323 4326 2092 4327 2160 4327 2324 4327 2317 4328 2257 4328 2324 4328 2257 4329 2092 4329 2324 4329 2232 4330 2252 4330 2322 4330 2294 4331 2289 4331 2323 4331 1450 4332 1409 4332 2325 4332 2298 4333 2284 4333 2326 4333 2284 4334 2301 4334 2326 4334 2285 4335 2180 4335 2327 4335 2236 4336 2267 4336 2325 4336 1409 4337 2236 4337 2325 4337 2316 4338 2298 4338 2326 4338 2223 4339 2254 4339 2328 4339 2311 4340 2294 4340 2329 4340 2293 4341 2223 4341 2328 4341 2309 4342 2316 4342 2330 4342 1989 4343 2044 4343 2331 4343 2261 4344 1989 4344 2331 4344 2330 4345 2316 4345 2332 4345 2288 4346 2220 4346 2333 4346 2190 4347 2219 4347 2334 4347 2316 4348 2326 4348 2332 4348 2220 4349 2261 4349 2333 4349 2335 4350 2248 4350 2336 4350 2309 4351 2330 4351 2336 4351 2321 4352 2309 4352 2336 4352 2295 4353 2190 4353 2334 4353 2248 4354 2321 4354 2336 4354 2144 4355 2174 4355 2337 4355 2300 4356 2303 4356 2338 4356 2297 4357 2144 4357 2337 4357 2311 4358 2329 4358 2339 4358 2174 4359 2244 4359 2337 4359 2301 4360 2311 4360 2339 4360 2303 4361 2340 4361 2338 4361 2273 4362 2158 4362 2341 4362 2300 4363 2338 4363 2342 4363 2330 4364 2332 4364 2343 4364 2306 4365 2300 4365 2342 4365 2158 4366 2215 4366 2341 4366 2336 4367 2330 4367 2343 4367 2247 4368 2282 4368 2344 4368 2307 4369 2247 4369 2344 4369 2339 4370 2329 4370 2345 4370 2282 4371 2306 4371 2344 4371 2329 4372 2294 4372 2346 4372 2294 4373 2323 4373 2346 4373 2297 4374 2337 4374 2347 4374 2308 4375 2297 4375 2347 4375 2345 4376 2329 4376 2346 4376 2287 4377 2305 4377 2348 4377 1998 4378 2054 4378 2349 4378 2313 4379 2287 4379 2348 4379 2272 4380 2295 4380 2350 4380 2326 4381 2301 4381 2351 4381 2281 4382 1998 4382 2349 4382 2301 4383 2339 4383 2351 4383 2319 4384 2272 4384 2350 4384 2339 4385 2345 4385 2351 4385 2318 4386 2313 4386 2352 4386 2322 4387 2252 4387 2353 4387 2180 4388 2212 4388 2354 4388 2313 4389 2348 4389 2352 4389 2252 4390 2276 4390 2353 4390 2327 4391 2180 4391 2354 4391 2349 4392 2054 4392 2355 4392 2336 4393 2343 4393 2356 4393 2054 4394 2056 4394 2355 4394 2323 4395 2318 4395 2357 4395 2267 4396 2293 4396 2358 4396 2325 4397 2267 4397 2358 4397 2318 4398 2352 4398 2357 4398 2346 4399 2323 4399 2357 4399 2342 4401 2338 4401 2360 4401 2351 4402 2345 4402 2361 4402 2338 4403 2340 4403 2360 4403 2290 4404 2229 4404 2362 4404 2326 4405 2351 4405 2363 4405 2229 4406 2292 4406 2362 4406 2332 4407 2326 4407 2363 4407 2351 4409 2361 4409 2363 4409 2219 4410 2242 4410 2365 4410 2292 4411 2246 4411 2366 4411 2201 4412 2367 4412 2368 4412 2305 4413 2201 4413 2368 4413 2348 4414 2305 4414 2368 4414 2334 4415 2219 4415 2365 4415 2246 4416 2314 4416 2366 4416 2345 4417 2346 4417 2369 4417 2361 4418 2345 4418 2369 4418 2328 4419 2254 4419 2370 4419 2254 4420 2291 4420 2370 4420 2343 4421 2332 4421 2371 4421 2299 4422 2225 4422 2372 4422 1423 4423 1369 4423 2373 4423 2332 4424 2363 4424 2371 4424 2371 4425 2363 4425 2374 4425 2363 4426 2361 4426 2374 4426 2290 4427 2362 4427 2373 4427 1369 4428 2290 4428 2373 4428 2346 4431 2357 4431 2376 4431 2369 4432 2346 4432 2376 4432 1423 4433 2373 4433 2377 4433 2343 4434 2371 4434 2378 4434 2356 4436 2343 4436 2378 4436 2344 4437 2306 4437 2380 4437 2317 4438 2324 4438 2381 4438 2371 4439 2374 4439 2382 4439 2378 4440 2371 4440 2382 4440 2306 4441 2342 4441 2380 4441 2324 4442 2160 4442 2383 4442 2295 4443 2334 4443 2384 4443 2160 4444 2222 4444 2383 4444 2374 4445 2361 4445 2385 4445 2361 4446 2369 4446 2385 4446 2350 4447 2295 4447 2384 4447 2352 4448 2348 4448 2386 4448 2310 4449 2231 4449 2387 4449 2348 4450 2368 4450 2386 4450 2352 4451 2386 4451 2388 4451 2365 4452 2242 4452 2389 4452 2250 4453 2302 4453 2390 4453 2357 4454 2352 4454 2388 4454 2314 4455 2185 4455 2390 4455 2185 4456 2250 4456 2390 4456 2356 4457 2378 4457 2391 4457 2242 4458 2259 4458 2389 4458 2335 4459 2336 4459 2391 4459 2336 4460 2356 4460 2391 4460 2016 4461 2040 4461 2392 4461 2378 4462 2382 4462 2393 4462 2353 4463 2276 4463 2394 4463 2320 4464 1928 4464 2392 4464 2276 4465 2307 4465 2394 4465 1928 4466 2016 4466 2392 4466 2374 4467 2385 4467 2395 4467 2386 4468 2368 4468 2396 4468 2293 4469 2328 4469 2397 4469 2358 4470 2293 4470 2397 4470 2388 4471 2386 4471 2396 4471 2044 4472 2112 4472 2398 4472 2331 4473 2044 4473 2398 4473 2369 4474 2376 4474 2399 4474 2291 4475 2312 4475 2400 4475 2370 4476 2291 4476 2400 4476 2341 4477 2215 4477 2401 4477 2391 4478 2378 4478 2402 4478 2215 4479 2234 4479 2401 4479 2378 4480 2393 4480 2402 4480 1450 4481 2325 4481 2403 4481 2335 4482 2391 4482 2402 4482 2388 4483 2396 4483 2404 4483 2400 4484 2312 4484 2405 4484 2261 4485 2331 4485 2406 4485 2382 4486 2374 4486 2407 4486 2312 4487 2319 4487 2405 4487 2333 4488 2261 4488 2406 4488 2374 4489 2395 4489 2407 4489 2389 4490 2259 4490 2408 4490 2337 4491 2244 4491 2409 4491 2399 4492 2376 4492 2410 4492 2376 4493 2357 4493 2410 4493 2355 4494 2056 4494 2411 4494 2388 4495 2404 4495 2410 4495 2259 4496 2283 4496 2408 4496 2357 4497 2388 4497 2410 4497 2393 4498 2382 4498 2412 4498 2056 4499 2117 4499 2411 4499 2380 4500 2342 4500 2413 4500 2402 4501 2393 4501 2412 4501 2382 4502 2407 4502 2412 4502 2335 4503 2402 4503 2412 4503 2369 4504 2399 4504 2414 4504 2395 4505 2385 4505 2414 4505 2292 4506 2366 4506 2415 4506 2362 4507 2292 4507 2415 4507 2385 4508 2369 4508 2414 4508 2342 4509 2364 4509 2413 4509 2379 4510 2375 4510 2416 4510 2368 4511 2367 4511 2417 4511 2404 4512 2396 4512 2417 4512 2359 4513 2418 4513 2416 4513 2337 4514 2409 4514 2419 4514 2347 4515 2337 4515 2419 4515 2396 4516 2368 4516 2417 4516 2375 4517 2359 4517 2416 4517 2212 4518 2273 4518 2420 4518 2379 4519 2416 4519 2421 4519 2273 4520 2341 4520 2420 4520 2417 4521 2367 4521 2422 4521 2410 4522 2404 4522 2422 4522 2384 4523 2334 4523 2423 4523 2404 4524 2417 4524 2422 4524 2354 4525 2212 4525 2420 4525 2334 4526 2365 4526 2423 4526 2395 4527 2414 4527 2424 4527 2397 4528 2328 4528 2425 4528 2410 4529 2422 4529 2426 4529 2399 4530 2410 4530 2426 4530 2407 4531 2395 4531 2427 4531 2328 4532 2370 4532 2425 4532 2392 4533 2040 4533 2428 4533 2395 4534 2424 4534 2427 4534 2244 4535 2265 4535 2429 4535 2307 4536 2344 4536 2430 4536 2335 4537 2412 4537 2431 4537 2412 4538 2407 4538 2431 4538 2394 4539 2307 4539 2430 4539 2409 4540 2244 4540 2429 4540 2407 4541 2427 4541 2431 4541 2424 4542 2414 4542 2432 4542 2414 4543 2399 4543 2432 4543 2364 4544 2379 4544 2433 4544 2399 4545 2426 4545 2432 4545 2413 4546 2364 4546 2433 4546 2373 4547 2362 4547 2434 4547 2367 4548 2435 4548 2436 4548 2314 4549 2390 4549 2437 4549 2422 4550 2367 4550 2436 4550 2426 4551 2422 4551 2436 4551 2432 4552 2426 4552 2436 4552 2403 4553 2325 4553 2438 4553 2366 4554 2314 4554 2437 4554 2427 4555 2424 4555 2439 4555 2424 4556 2432 4556 2439 4556 2325 4557 2358 4557 2438 4557 2419 4558 2409 4558 2440 4558 2436 4559 2435 4559 2441 4559 2409 4560 2429 4560 2440 4560 2432 4561 2436 4561 2441 4561 2365 4562 2389 4562 2442 4562 2285 4563 2327 4563 2443 4563 2439 4564 2432 4564 2441 4564 2427 4565 2439 4565 2444 4565 2423 4566 2365 4566 2442 4566 2225 4567 2285 4567 2443 4567 2439 4568 2441 4568 2445 4568 2372 4569 2225 4569 2443 4569 2441 4570 2435 4570 2445 4570 2405 4571 2319 4571 2446 4571 2444 4572 2439 4572 2445 4572 2431 4573 2427 4573 2447 4573 2427 4574 2444 4574 2447 4574 2373 4575 2434 4575 2448 4575 2319 4576 2350 4576 2446 4576 2377 4577 2373 4577 2448 4577 2444 4578 2445 4578 2449 4578 2283 4579 2315 4579 2450 4579 2151 4580 2152 4580 2451 4580 2445 4581 2435 4581 2449 4581 2408 4582 2283 4582 2450 4582 2112 4583 2151 4583 2451 4583 2447 4584 2444 4584 2449 4584 2398 4585 2112 4585 2451 4585 2435 4586 2335 4586 2452 4586 2335 4587 2431 4587 2452 4587 1440 4588 1423 4588 2453 4588 2431 4589 2447 4589 2452 4589 1478 4590 1440 4590 2453 4590 2447 4591 2449 4591 2454 4591 2377 4592 2448 4592 2453 4592 2449 4593 2435 4593 2454 4593 2452 4594 2447 4594 2455 4594 1423 4595 2377 4595 2453 4595 2447 4596 2454 4596 2455 4596 2379 4597 2421 4597 2456 4597 2401 4598 2234 4598 2457 4598 2454 4599 2435 4599 2455 4599 2435 4600 2452 4600 2455 4600 2433 4601 2379 4601 2456 4601 2234 4602 2281 4602 2457 4602 2416 4603 2418 4603 2458 4603 2437 4604 2390 4604 2459 4604 2418 4605 2460 4605 2458 4605 2421 4606 2416 4606 2458 4606 2302 4607 2317 4607 2459 4607 2421 4608 2458 4608 2461 4608 2390 4609 2302 4609 2459 4609 2381 4610 2324 4610 2462 4610 2315 4611 2322 4611 2463 4611 2324 4612 2383 4612 2462 4612 2450 4613 2315 4613 2463 4613 2462 4614 2383 4614 2464 4614 2222 4615 2275 4615 2464 4615 2383 4616 2222 4616 2464 4616 2389 4617 2408 4617 2465 4617 2442 4618 2389 4618 2465 4618 2430 4619 2344 4619 2466 4619 2387 4620 2231 4620 2467 4620 2231 4621 2299 4621 2467 4621 2344 4622 2380 4622 2466 4622 2299 4623 2372 4623 2467 4623 2317 4624 2381 4624 2468 4624 2459 4625 2317 4625 2468 4625 2425 4626 2370 4626 2469 4626 2370 4627 2400 4627 2469 4627 2428 4628 2040 4628 2470 4628 2040 4629 2063 4629 2470 4629 2438 4630 2358 4630 2471 4630 2063 4631 2135 4631 2470 4631 2358 4632 2397 4632 2471 4632 2350 4633 2384 4633 2472 4633 2457 4634 2281 4634 2473 4634 2281 4635 2349 4635 2473 4635 2446 4636 2350 4636 2472 4636 2461 4637 2458 4637 2474 4637 2460 4638 2475 4638 2474 4638 2458 4639 2460 4639 2474 4639 2443 4640 2327 4640 2476 4640 2327 4641 2354 4641 2476 4641 2331 4642 2398 4642 2477 4642 2398 4643 2451 4643 2477 4643 2322 4644 2353 4644 2478 4644 2406 4645 2331 4645 2477 4645 2463 4646 2322 4646 2478 4646 2265 4647 2310 4647 2479 4647 2456 4648 2421 4648 2480 4648 2429 4649 2265 4649 2479 4649 2310 4650 2387 4650 2479 4650 2415 4651 2366 4651 2481 4651 2421 4652 2461 4652 2480 4652 2366 4653 2437 4653 2481 4653 1494 4655 1478 4655 2483 4655 1478 4656 2453 4656 2483 4656 2400 4657 2405 4657 2484 4657 2469 4658 2400 4658 2484 4658 2437 4659 2459 4659 2485 4659 2459 4660 2468 4660 2485 4660 2466 4661 2380 4661 2486 4661 2380 4662 2413 4662 2486 4662 2464 4663 2275 4663 2487 4663 2408 4664 2450 4664 2488 4664 2275 4665 2308 4665 2487 4665 2465 4666 2408 4666 2488 4666 2420 4667 2341 4667 2489 4667 2341 4668 2401 4668 2489 4668 2484 4669 2405 4669 2490 4669 2411 4670 2117 4670 2491 4670 2405 4671 2446 4671 2490 4671 2117 4672 2199 4672 2491 4672 2475 4673 2492 4673 2493 4673 2474 4674 2475 4674 2493 4674 2482 4675 2474 4675 2493 4675 2450 4676 2463 4676 2494 4676 2488 4677 2450 4677 2494 4677 2440 4678 2429 4678 2495 4678 2429 4679 2479 4679 2495 4679 2483 4680 2453 4680 2496 4680 2453 4681 2448 4681 2496 4681 2482 4682 2493 4682 2497 4682 2434 4683 2362 4683 2498 4683 2397 4684 2425 4684 2499 4684 2362 4685 2415 4685 2498 4685 2471 4686 2397 4686 2499 4686 2485 4687 2468 4687 2500 4687 2384 4688 2423 4688 2501 4688 2472 4689 2384 4689 2501 4689 2476 4690 2354 4690 2502 4690 2413 4691 2433 4691 2503 4691 2434 4692 2498 4692 2504 4692 2448 4693 2434 4693 2504 4693 2486 4694 2413 4694 2503 4694 2496 4695 2448 4695 2504 4695 2462 4696 2464 4696 2505 4696 2464 4697 2487 4697 2505 4697 2477 4698 2451 4698 2506 4698 2480 4699 2461 4699 2507 4699 2461 4700 2482 4700 2507 4700 2467 4701 2372 4701 2508 4701 2493 4702 2492 4702 2509 4702 2497 4703 2493 4703 2509 4703 1526 4704 1494 4704 2510 4704 2492 4705 2511 4705 2509 4705 1494 4706 2483 4706 2510 4706 2500 4707 2468 4707 2512 4707 2353 4708 2394 4708 2513 4708 2478 4709 2353 4709 2513 4709 2468 4710 2381 4710 2512 4710 2308 4711 2347 4711 2514 4711 2501 4713 2423 4713 2516 4713 2487 4714 2308 4714 2514 4714 2423 4715 2442 4715 2516 4715 2135 4716 2167 4716 2517 4716 2433 4717 2456 4717 2518 4717 2470 4718 2135 4718 2517 4718 2503 4719 2433 4719 2518 4719 2483 4720 2496 4720 2519 4720 2490 4721 2446 4721 2520 4721 2510 4722 2483 4722 2519 4722 1526 4723 2510 4723 2521 4723 2446 4724 2472 4724 2520 4724 2494 4725 2463 4725 2522 4725 2463 4726 2478 4726 2522 4726 2349 4727 2355 4727 2523 4727 2473 4728 2349 4728 2523 4728 2523 4729 2355 4729 2524 4729 2499 4730 2425 4730 2525 4730 2355 4731 2411 4731 2524 4731 2425 4732 2469 4732 2525 4732 2469 4733 2484 4733 2525 4733 2505 4734 2487 4734 2526 4734 2516 4735 2442 4735 2527 4735 2442 4736 2465 4736 2527 4736 2506 4737 2451 4737 2528 4737 2507 4738 2482 4738 2529 4738 2451 4739 2152 4739 2528 4739 2482 4740 2497 4740 2529 4740 2491 4741 2199 4741 2530 4741 2199 4742 2253 4742 2530 4742 2513 4743 2394 4743 2531 4743 2489 4744 2401 4744 2532 4744 2394 4745 2430 4745 2531 4745 2509 4746 2511 4746 2533 4746 2401 4747 2457 4747 2532 4747 2515 4748 2509 4748 2533 4748 2511 4749 2534 4749 2533 4749 2479 4750 2387 4750 2535 4750 2534 4751 2536 4751 2537 4751 2533 4752 2534 4752 2537 4752 2515 4753 2533 4753 2538 4753 2495 4754 2479 4754 2535 4754 2437 4755 2485 4755 2539 4755 2481 4756 2437 4756 2539 4756 2533 4757 2537 4757 2540 4757 2538 4758 2533 4758 2540 4758 1534 4759 1450 4759 2541 4759 2517 4760 2167 4760 2542 4760 1450 4761 2403 4761 2541 4761 2167 4762 2205 4762 2542 4762 2496 4763 2504 4763 2543 4763 2519 4764 2496 4764 2543 4764 2520 4765 2472 4765 2544 4765 2472 4766 2501 4766 2544 4766 2498 4767 2415 4767 2545 4767 2415 4768 2481 4768 2545 4768 2518 4769 2456 4769 2546 4769 2456 4770 2480 4770 2546 4770 2495 4771 2535 4771 2547 4771 2500 4772 2512 4772 2548 4772 2525 4773 2484 4773 2549 4773 2484 4774 2490 4774 2549 4774 2478 4775 2513 4775 2550 4775 2504 4776 2498 4776 2551 4776 2522 4777 2478 4777 2550 4777 2498 4778 2545 4778 2551 4778 1538 4779 1526 4779 2552 4779 1539 4780 1538 4780 2552 4780 2529 4781 2497 4781 2553 4781 2497 4782 2515 4782 2553 4782 1526 4783 2521 4783 2552 4783 2502 4784 2354 4784 2554 4784 2354 4785 2420 4785 2554 4785 2420 4786 2489 4786 2554 4786 2490 4787 2520 4787 2555 4787 2510 4788 2519 4788 2556 4788 2549 4789 2490 4789 2555 4789 2521 4790 2510 4790 2556 4790 2465 4791 2488 4791 2557 4791 2527 4792 2465 4792 2557 4792 2508 4793 2372 4793 2558 4793 2372 4794 2443 4794 2558 4794 2512 4795 2381 4795 2559 4795 2430 4796 2466 4796 2560 4796 2381 4797 2462 4797 2559 4797 2531 4798 2430 4798 2560 4798 2487 4799 2514 4799 2561 4799 2553 4800 2515 4800 2562 4800 2526 4801 2487 4801 2561 4801 2515 4802 2538 4802 2562 4802 2457 4803 2473 4803 2563 4803 2537 4804 2536 4804 2564 4804 2532 4805 2457 4805 2563 4805 2540 4806 2537 4806 2564 4806 2347 4807 2419 4807 2565 4807 2514 4808 2347 4808 2565 4808 2488 4809 2494 4809 2566 4809 2557 4810 2488 4810 2566 4810 2403 4811 2438 4811 2567 4811 2542 4812 2205 4812 2568 4812 2541 4813 2403 4813 2567 4813 2552 4814 2521 4814 2569 4814 2521 4815 2556 4815 2569 4815 2539 4817 2485 4817 2571 4817 2485 4818 2500 4818 2571 4818 2544 4819 2501 4819 2572 4819 2501 4820 2516 4820 2572 4820 2519 4821 2543 4821 2573 4821 2546 4822 2480 4822 2574 4822 2480 4823 2507 4823 2574 4823 2565 4824 2419 4824 2575 4824 2419 4825 2440 4825 2575 4825 1534 4826 2541 4826 2576 4826 2541 4827 2567 4827 2576 4827 2524 4828 2411 4828 2577 4828 2513 4829 2531 4829 2578 4829 2530 4830 2253 4830 2579 4830 2550 4831 2513 4831 2578 4831 2555 4832 2520 4832 2580 4832 2253 4833 2320 4833 2579 4833 2387 4834 2467 4834 2581 4834 2572 4835 2516 4835 2582 4835 2516 4836 2527 4836 2582 4836 2535 4837 2387 4837 2581 4837 2494 4838 2522 4838 2583 4838 2467 4839 2508 4839 2581 4839 2571 4840 2500 4840 2584 4840 2566 4841 2494 4841 2583 4841 2466 4842 2486 4842 2585 4842 2500 4843 2548 4843 2584 4843 2552 4844 2569 4844 2586 4844 1539 4845 2552 4845 2586 4845 2563 4846 2473 4846 2587 4846 2560 4847 2466 4847 2585 4847 2543 4848 2504 4848 2588 4848 2438 4849 2471 4849 2589 4849 2567 4850 2438 4850 2589 4850 2573 4851 2543 4851 2588 4851 2504 4852 2551 4852 2588 4852 2562 4853 2538 4853 2590 4853 2558 4854 2443 4854 2591 4854 2476 4855 2502 4855 2591 4855 2538 4856 2540 4856 2590 4856 2443 4857 2476 4857 2591 4857 2590 4858 2540 4858 2592 4858 2535 4859 2581 4859 2593 4859 2547 4860 2535 4860 2593 4860 2540 4861 2570 4861 2592 4861 2512 4862 2559 4862 2594 4862 2564 4863 2536 4863 2595 4863 2570 4864 2564 4864 2595 4864 2548 4865 2512 4865 2594 4865 2536 4866 2596 4866 2595 4866 2570 4867 2595 4867 2597 4867 2539 4868 2571 4868 2598 4868 2481 4869 2539 4869 2598 4869 2574 4870 2507 4870 2599 4870 2545 4871 2481 4871 2598 4871 2554 4872 2489 4872 2600 4872 2507 4873 2529 4873 2599 4873 2489 4874 2532 4874 2600 4874 2551 4875 2545 4875 2601 4875 2576 4876 2567 4876 2602 4876 2545 4877 2598 4877 2601 4877 2527 4878 2557 4878 2603 4878 2556 4879 2519 4879 2604 4879 2582 4880 2527 4880 2603 4880 2569 4881 2556 4881 2604 4881 2519 4882 2573 4882 2604 4882 2531 4883 2560 4883 2605 4883 2462 4884 2505 4884 2606 4884 2559 4885 2462 4885 2606 4885 2578 4886 2531 4886 2605 4886 2505 4887 2526 4887 2606 4887 2580 4888 2520 4888 2607 4888 2520 4889 2544 4889 2607 4889 2591 4890 2502 4890 2608 4890 2544 4891 2572 4891 2607 4891 2486 4892 2503 4892 2609 4892 2514 4893 2565 4893 2610 4893 2565 4894 2575 4894 2610 4894 2585 4895 2486 4895 2609 4895 2561 4896 2514 4896 2610 4896 2599 4897 2529 4897 2611 4897 2529 4898 2553 4898 2611 4898 2205 4899 2266 4899 2612 4899 2266 4900 2288 4900 2612 4900 2568 4901 2205 4901 2612 4901 2440 4902 2495 4902 2613 4902 2575 4903 2440 4903 2613 4903 2609 4904 2503 4904 2614 4904 2503 4905 2518 4905 2614 4905 2569 4906 2604 4906 2615 4906 2522 4907 2550 4907 2616 4907 2573 4908 2588 4908 2617 4908 2583 4909 2522 4909 2616 4909 2610 4910 2575 4910 2618 4910 2593 4911 2581 4911 2619 4911 2589 4912 2471 4912 2620 4912 2471 4913 2499 4913 2620 4913 2581 4914 2508 4914 2619 4914 2592 4915 2570 4915 2621 4915 2570 4916 2597 4916 2621 4916 2606 4917 2526 4917 2622 4917 2596 4918 2623 4918 2624 4918 2584 4919 2548 4919 2625 4919 2595 4920 2596 4920 2624 4920 2548 4921 2594 4921 2625 4921 2597 4922 2595 4922 2626 4922 2595 4923 2624 4923 2626 4923 2601 4924 2598 4924 2627 4924 2567 4925 2589 4925 2628 4925 2598 4926 2571 4926 2627 4926 2577 4927 2411 4927 2629 4927 2602 4928 2567 4928 2628 4928 2411 4929 2491 4929 2629 4929 2611 4930 2553 4930 2630 4930 2553 4931 2562 4931 2630 4931 2612 4932 2288 4932 2631 4932 2605 4933 2560 4933 2632 4933 2560 4934 2585 4934 2632 4934 2601 4935 2627 4935 2633 4935 2557 4936 2566 4936 2634 4936 2569 4937 2615 4937 2635 4937 1539 4938 2586 4938 2635 4938 2636 4939 1539 4939 2635 4939 2603 4940 2557 4940 2634 4940 2586 4941 2569 4941 2635 4941 2320 4942 2392 4942 2637 4942 2572 4943 2582 4943 2638 4943 2607 4944 2572 4944 2638 4944 2634 4945 2566 4945 2639 4945 2579 4946 2320 4946 2637 4946 2593 4947 2619 4947 2640 4947 2566 4948 2583 4948 2639 4948 2550 4949 2578 4949 2641 4949 2606 4950 2622 4950 2642 4950 2616 4951 2550 4951 2641 4951 2559 4952 2606 4952 2642 4952 2594 4953 2559 4953 2642 4953 2587 4954 2473 4954 2643 4954 2614 4955 2518 4955 2644 4955 2473 4956 2523 4956 2643 4956 2518 4957 2546 4957 2644 4957 2632 4958 2585 4958 2645 4958 2617 4959 2588 4959 2646 4959 2601 4960 2633 4960 2646 4960 2588 4961 2551 4961 2646 4961 2551 4962 2601 4962 2646 4962 2585 4963 2609 4963 2645 4963 2643 4964 2523 4964 2647 4964 2638 4965 2582 4965 2648 4965 2523 4966 2524 4966 2647 4966 2584 4967 2625 4967 2649 4967 2627 4968 2571 4968 2649 4968 2624 4970 2623 4970 2651 4970 2571 4971 2584 4971 2649 4971 2626 4972 2624 4972 2651 4972 2633 4973 2627 4973 2652 4973 2499 4974 2525 4974 2653 4974 2627 4975 2649 4975 2652 4975 2620 4976 2499 4976 2653 4976 2600 4977 2532 4977 2654 4977 2532 4978 2563 4978 2654 4978 2615 4979 2604 4979 2655 4979 2573 4980 2617 4980 2655 4980 2621 4981 2597 4981 2656 4981 2597 4982 2626 4982 2656 4982 2604 4984 2573 4984 2655 4984 2502 4985 2554 4985 2658 4985 2608 4986 2502 4986 2658 4986 2628 4987 2589 4987 2659 4987 2554 4988 2600 4988 2658 4988 2589 4989 2620 4989 2659 4989 2609 4990 2614 4990 2660 4990 2622 4991 2526 4991 2661 4991 2526 4992 2561 4992 2661 4992 2645 4993 2609 4993 2660 4993 2630 4994 2562 4994 2662 4994 2562 4995 2590 4995 2662 4995 2392 4996 2428 4996 2663 4996 2662 4997 2590 4997 2664 4997 2637 4998 2392 4998 2663 4998 2590 4999 2592 4999 2664 4999 2642 5000 2622 5000 2665 5000 2639 5001 2583 5001 2666 5001 2618 5002 2575 5002 2667 5002 2583 5003 2616 5003 2666 5003 2575 5004 2613 5004 2667 5004 2631 5005 2288 5005 2668 5005 2582 5006 2603 5006 2669 5006 2648 5007 2582 5007 2669 5007 2288 5008 2333 5008 2668 5008 2615 5009 2655 5009 2670 5009 2613 5010 2495 5010 2671 5010 2653 5011 2525 5011 2672 5011 2667 5012 2613 5012 2671 5012 2495 5013 2547 5013 2671 5013 2525 5014 2549 5014 2672 5014 2654 5015 2563 5015 2673 5015 2641 5016 2578 5016 2674 5016 2563 5017 2587 5017 2673 5017 2578 5018 2605 5018 2674 5018 2617 5019 2646 5019 2675 5019 2644 5020 2546 5020 2676 5020 2508 5021 2558 5021 2677 5021 2558 5022 2591 5022 2677 5022 2619 5023 2508 5023 2677 5023 2546 5024 2574 5024 2676 5024 2625 5025 2594 5025 2678 5025 2594 5026 2642 5026 2678 5026 2646 5027 2633 5027 2679 5027 2672 5028 2549 5028 2680 5028 2549 5029 2555 5029 2680 5029 2675 5030 2646 5030 2679 5030 2626 5031 2657 5031 2681 5031 2629 5032 2491 5032 2682 5032 2656 5033 2626 5033 2681 5033 2657 5034 2651 5034 2683 5034 2491 5035 2530 5035 2682 5035 2530 5036 2579 5036 2682 5036 2636 5037 2635 5037 2684 5037 2650 5038 2685 5038 2683 5038 2635 5039 2615 5039 2684 5039 2651 5040 2650 5040 2683 5040 2615 5041 2670 5041 2684 5041 2657 5042 2683 5042 2686 5042 2620 5043 2653 5043 2687 5043 2663 5044 2428 5044 2688 5044 2659 5045 2620 5045 2687 5045 2428 5046 2470 5046 2688 5046 2653 5047 2672 5047 2687 5047 2640 5048 2619 5048 2689 5048 2664 5049 2592 5049 2690 5049 2619 5050 2677 5050 2689 5050 2592 5051 2621 5051 2690 5051 2633 5052 2652 5052 2691 5052 2614 5053 2644 5053 2692 5053 2660 5054 2614 5054 2692 5054 2679 5055 2633 5055 2691 5055 2616 5056 2641 5056 2693 5056 2524 5057 2577 5057 2694 5057 2666 5058 2616 5058 2693 5058 2647 5059 2524 5059 2694 5059 2649 5060 2625 5060 2695 5060 2683 5062 2685 5062 2697 5062 2652 5063 2649 5063 2695 5063 2634 5064 2639 5064 2698 5064 2603 5065 2634 5065 2698 5065 2622 5066 2661 5066 2699 5066 2665 5067 2622 5067 2699 5067 2669 5068 2603 5068 2698 5068 2652 5069 2695 5069 2700 5069 2691 5070 2652 5070 2700 5070 2686 5071 2683 5071 2701 5071 2683 5072 2697 5072 2701 5072 2698 5073 2639 5073 2702 5073 2673 5074 2587 5074 2703 5074 2605 5075 2632 5075 2704 5075 2674 5076 2605 5076 2704 5076 2617 5077 2675 5077 2705 5077 2655 5078 2617 5078 2705 5078 2670 5079 2655 5079 2705 5079 2574 5080 2599 5080 2706 5080 2658 5081 2600 5081 2707 5081 2600 5082 2654 5082 2707 5082 2676 5083 2574 5083 2706 5083 2610 5084 2618 5084 2708 5084 2661 5085 2561 5085 2708 5085 2561 5086 2610 5086 2708 5086 2672 5087 2680 5087 2709 5087 2687 5088 2672 5088 2709 5088 2689 5089 2677 5089 2710 5089 2591 5090 2608 5090 2710 5090 2677 5091 2591 5091 2710 5091 2680 5092 2555 5092 2711 5092 2679 5093 2691 5093 2712 5093 2555 5094 2580 5094 2711 5094 2705 5095 2675 5095 2712 5095 2675 5096 2679 5096 2712 5096 2681 5097 2657 5097 2713 5097 2689 5098 2710 5098 2714 5098 2657 5099 2686 5099 2713 5099 2667 5100 2671 5100 2715 5100 2671 5103 2547 5103 2718 5103 2547 5105 2593 5105 2718 5105 2709 5106 2680 5106 2719 5106 2333 5107 2406 5107 2720 5107 2406 5108 2477 5108 2720 5108 2668 5109 2333 5109 2720 5109 2680 5110 2711 5110 2719 5110 2670 5111 2705 5111 2721 5111 2692 5112 2644 5112 2722 5112 2644 5113 2676 5113 2722 5113 2690 5114 2621 5114 2723 5114 2621 5115 2656 5115 2723 5115 2708 5116 2618 5116 2724 5116 2712 5117 2691 5117 2725 5117 2710 5118 2608 5118 2726 5118 2706 5119 2599 5119 2727 5119 2714 5120 2710 5120 2726 5120 2599 5121 2611 5121 2727 5121 2693 5122 2641 5122 2728 5122 2642 5123 2665 5123 2729 5123 2678 5124 2642 5124 2729 5124 2641 5125 2674 5125 2728 5125 2682 5126 2579 5126 2730 5126 2704 5127 2632 5127 2731 5127 2632 5128 2645 5128 2731 5128 2688 5129 2470 5129 2732 5129 2639 5130 2666 5130 2733 5130 2470 5131 2517 5131 2732 5131 2666 5132 2693 5132 2733 5132 2702 5133 2639 5133 2733 5133 2714 5134 2726 5134 2734 5134 2731 5135 2645 5135 2735 5135 2645 5136 2660 5136 2735 5136 2636 5137 2684 5137 2736 5137 2684 5138 2670 5138 2736 5138 2670 5139 2721 5139 2736 5139 2580 5140 2607 5140 2737 5140 2691 5141 2700 5141 2738 5141 2725 5142 2691 5142 2738 5142 2695 5143 2625 5143 2739 5143 2625 5144 2678 5144 2739 5144 2711 5145 2580 5145 2737 5145 2611 5146 2630 5146 2740 5146 2705 5147 2712 5147 2741 5147 2721 5148 2705 5148 2741 5148 2712 5149 2725 5149 2741 5149 2700 5150 2695 5150 2742 5150 2727 5151 2611 5151 2740 5151 2695 5152 2739 5152 2742 5152 2694 5156 2577 5156 2745 5156 2577 5157 2629 5157 2745 5157 2713 5158 2686 5158 2746 5158 2708 5159 2724 5159 2747 5159 2661 5160 2708 5160 2747 5160 2699 5161 2661 5161 2747 5161 2686 5162 2701 5162 2746 5162 2719 5163 2711 5163 2748 5163 2741 5164 2725 5164 2749 5164 2703 5166 2587 5166 2751 5166 2587 5167 2643 5167 2751 5167 2751 5168 2643 5168 2752 5168 2576 5169 2602 5169 2753 5169 1534 5170 2576 5170 2753 5170 2643 5171 2647 5171 2752 5171 2676 5172 2706 5172 2754 5172 2665 5173 2699 5173 2755 5173 2729 5174 2665 5174 2755 5174 2722 5175 2676 5175 2754 5175 2723 5176 2656 5176 2756 5176 2656 5177 2681 5177 2756 5177 2707 5178 2654 5178 2757 5178 2654 5179 2673 5179 2757 5179 2728 5180 2674 5180 2758 5180 2674 5181 2704 5181 2758 5181 2747 5182 2724 5182 2759 5182 2746 5183 2701 5183 2760 5183 2732 5184 2517 5184 2761 5184 2701 5185 2717 5185 2760 5185 2517 5186 2542 5186 2761 5186 2741 5189 2749 5189 2764 5189 2736 5191 2721 5191 2764 5191 2721 5192 2741 5192 2764 5192 2667 5193 2715 5193 2765 5193 2724 5195 2618 5195 2765 5195 2618 5196 2667 5196 2765 5196 2733 5197 2693 5197 2767 5197 2671 5198 2718 5198 2768 5198 2715 5199 2671 5199 2768 5199 2754 5200 2706 5200 2769 5200 2706 5201 2727 5201 2769 5201 2768 5202 2718 5202 2770 5202 2593 5203 2640 5203 2770 5203 2718 5204 2593 5204 2770 5204 2735 5205 2660 5205 2771 5205 2764 5206 2749 5206 2772 5206 2660 5207 2692 5207 2771 5207 2749 5208 2725 5208 2773 5208 2607 5209 2638 5209 2774 5209 2725 5210 2738 5210 2773 5210 2737 5211 2607 5211 2774 5211 2736 5212 2764 5212 2775 5212 2764 5213 2772 5213 2775 5213 2720 5214 2477 5214 2776 5214 2477 5215 2506 5215 2776 5215 2658 5216 2707 5216 2777 5216 2630 5217 2662 5217 2778 5217 2726 5218 2608 5218 2777 5218 2740 5219 2630 5219 2778 5219 2734 5220 2726 5220 2777 5220 2608 5221 2658 5221 2777 5221 2755 5222 2699 5222 2779 5222 2778 5223 2662 5223 2780 5223 2699 5224 2747 5224 2779 5224 2662 5225 2664 5225 2780 5225 2673 5226 2703 5226 2781 5226 2717 5227 2750 5227 2782 5227 2757 5228 2673 5228 2781 5228 2760 5229 2717 5229 2782 5229 2579 5230 2637 5230 2783 5230 2748 5231 2711 5231 2784 5231 2730 5232 2579 5232 2783 5232 2711 5233 2737 5233 2784 5233 2637 5234 2663 5234 2783 5234 2775 5236 2772 5236 2787 5236 2602 5239 2628 5239 2788 5239 2773 5240 2738 5240 2789 5240 2753 5241 2602 5241 2788 5241 2738 5242 2700 5242 2789 5242 2700 5243 2742 5243 2789 5243 2729 5244 2755 5244 2790 5244 2678 5245 2729 5245 2790 5245 2739 5246 2678 5246 2790 5246 2542 5248 2568 5248 2792 5248 2756 5249 2681 5249 2793 5249 2681 5250 2713 5250 2793 5250 2761 5251 2542 5251 2792 5251 2727 5252 2740 5252 2794 5252 2734 5253 2777 5253 2795 5253 2769 5254 2727 5254 2794 5254 2704 5255 2731 5255 2796 5255 2739 5256 2790 5256 2797 5256 2742 5257 2739 5257 2797 5257 2758 5258 2704 5258 2796 5258 2787 5259 2636 5259 2798 5259 2736 5260 2775 5260 2798 5260 2775 5261 2787 5261 2798 5261 2636 5262 2736 5262 2798 5262 2629 5263 2682 5263 2799 5263 2682 5264 2730 5264 2799 5264 2745 5265 2629 5265 2799 5265 2638 5266 2648 5266 2800 5266 2774 5267 2638 5267 2800 5267 2772 5268 2749 5268 2801 5268 2749 5269 2773 5269 2801 5269 2693 5270 2728 5270 2802 5270 2728 5271 2758 5271 2802 5271 2759 5272 2724 5272 2803 5272 2767 5273 2693 5273 2802 5273 2692 5274 2722 5274 2804 5274 2724 5275 2765 5275 2803 5275 2647 5276 2694 5276 2805 5276 2771 5277 2692 5277 2804 5277 2752 5278 2647 5278 2805 5278 2648 5279 2669 5279 2806 5279 2800 5280 2648 5280 2806 5280 2694 5281 2745 5281 2805 5281 2776 5282 2506 5282 2807 5282 2506 5283 2528 5283 2807 5283 2663 5284 2688 5284 2808 5284 2780 5285 2664 5285 2809 5285 2783 5286 2663 5286 2808 5286 2703 5287 2751 5287 2810 5287 2664 5288 2690 5288 2809 5288 2796 5289 2731 5289 2811 5289 2781 5290 2703 5290 2810 5290 2731 5291 2735 5291 2811 5291 2790 5292 2755 5292 2812 5292 2737 5293 2774 5293 2813 5293 2797 5294 2790 5294 2812 5294 2797 5295 2812 5295 2814 5295 2774 5296 2800 5296 2813 5296 2784 5297 2737 5297 2813 5297 2768 5298 2770 5298 2815 5298 2782 5299 2750 5299 2816 5299 2770 5300 2640 5300 2817 5300 2750 5301 2766 5301 2816 5301 2640 5302 2689 5302 2817 5302 2765 5303 2715 5303 2818 5303 2788 5304 2628 5304 2819 5304 2803 5305 2765 5305 2818 5305 2628 5306 2659 5306 2819 5306 2787 5307 2772 5307 2820 5307 2772 5309 2801 5309 2820 5309 2773 5311 2789 5311 2823 5311 2707 5314 2757 5314 2825 5314 2777 5315 2707 5315 2825 5315 2795 5316 2777 5316 2825 5316 2811 5317 2735 5317 2826 5317 2152 5318 2827 5318 2828 5318 2735 5319 2771 5319 2826 5319 2528 5320 2152 5320 2828 5320 2807 5321 2528 5321 2828 5321 2793 5322 2713 5322 2829 5322 2808 5323 2688 5323 2830 5323 2713 5324 2746 5324 2829 5324 2794 5325 2740 5325 2831 5325 2636 5326 2787 5326 2832 5326 2740 5327 2778 5327 2831 5327 2787 5328 2820 5328 2832 5328 2778 5329 2780 5329 2833 5329 2797 5330 2814 5330 2834 5330 2789 5331 2742 5331 2834 5331 2831 5332 2778 5332 2833 5332 2742 5333 2797 5333 2834 5333 2823 5334 2789 5334 2834 5334 2779 5336 2747 5336 2837 5336 2747 5339 2759 5339 2837 5339 2795 5340 2825 5340 2838 5340 2792 5342 2568 5342 2840 5342 2813 5343 2800 5343 2841 5343 2568 5344 2612 5344 2840 5344 2816 5345 2766 5345 2842 5345 2755 5346 2779 5346 2843 5346 2779 5347 2837 5347 2843 5347 2766 5348 2791 5348 2842 5348 2812 5349 2755 5349 2843 5349 2730 5350 2783 5350 2844 5350 2799 5351 2730 5351 2844 5351 2802 5352 2758 5352 2845 5352 2804 5353 2722 5353 2846 5353 2812 5354 2843 5354 2847 5354 2814 5355 2812 5355 2847 5355 2820 5356 2801 5356 2848 5356 2773 5357 2823 5357 2848 5357 2722 5358 2754 5358 2846 5358 2801 5359 2773 5359 2848 5359 2759 5360 2803 5360 2849 5360 2837 5361 2759 5361 2849 5361 2829 5362 2746 5362 2850 5362 2746 5363 2760 5363 2850 5363 2806 5364 2669 5364 2851 5364 2689 5365 2714 5365 2852 5365 2817 5366 2689 5366 2852 5366 2669 5367 2698 5367 2851 5367 2803 5368 2818 5368 2853 5368 2809 5369 2690 5369 2854 5369 2690 5370 2723 5370 2854 5370 2805 5371 2745 5371 2855 5371 2745 5372 2799 5372 2855 5372 2612 5373 2631 5373 2856 5373 2819 5374 2659 5374 2857 5374 2840 5375 2612 5375 2856 5375 2834 5376 2814 5376 2858 5376 2659 5377 2687 5377 2857 5377 2800 5378 2806 5378 2859 5378 2841 5379 2800 5379 2859 5379 2751 5380 2752 5380 2860 5380 2810 5381 2751 5381 2860 5381 2752 5382 2805 5382 2861 5382 2842 5383 2791 5383 2862 5383 2860 5385 2752 5385 2861 5385 2770 5386 2817 5386 2864 5386 2815 5388 2770 5388 2864 5388 2817 5390 2852 5390 2864 5390 2698 5391 2702 5391 2866 5391 2852 5392 2714 5392 2867 5392 2714 5393 2734 5393 2867 5393 2851 5394 2698 5394 2866 5394 2768 5395 2815 5395 2868 5395 2818 5396 2715 5396 2868 5396 2715 5397 2768 5397 2868 5397 2754 5398 2769 5398 2869 5398 2820 5399 2848 5399 2870 5399 2846 5400 2754 5400 2869 5400 2848 5401 2823 5401 2871 5401 2760 5402 2782 5402 2872 5402 2823 5403 2834 5403 2871 5403 2834 5404 2858 5404 2871 5404 2850 5405 2760 5405 2872 5405 2825 5406 2757 5406 2873 5406 2833 5407 2780 5407 2874 5407 2838 5408 2825 5408 2873 5408 2780 5409 2809 5409 2874 5409 2757 5410 2781 5410 2873 5410 2826 5411 2771 5411 2875 5411 2771 5412 2804 5412 2875 5412 2830 5413 2688 5413 2876 5413 2732 5414 2761 5414 2876 5414 2688 5415 2732 5415 2876 5415 2758 5416 2796 5416 2877 5416 2845 5417 2758 5417 2877 5417 2832 5418 2820 5418 2878 5418 2636 5419 2832 5419 2878 5419 2820 5420 2870 5420 2878 5420 2769 5421 2794 5421 2879 5421 2869 5422 2769 5422 2879 5422 2854 5423 2723 5423 2880 5423 2838 5424 2873 5424 2881 5424 2814 5425 2847 5425 2882 5425 2723 5426 2756 5426 2880 5426 2858 5427 2814 5427 2882 5427 2849 5428 2803 5428 2883 5428 2803 5429 2853 5429 2883 5429 2631 5430 2668 5430 2884 5430 2702 5431 2733 5431 2885 5431 2866 5432 2702 5432 2885 5432 2856 5433 2631 5433 2884 5433 2862 5434 2791 5434 2886 5434 2837 5435 2849 5435 2887 5435 2791 5436 2824 5436 2886 5436 2843 5437 2837 5437 2887 5437 2824 5438 2839 5438 2886 5438 2687 5439 2709 5439 2888 5439 2848 5440 2871 5440 2889 5440 2870 5441 2848 5441 2889 5441 2857 5442 2687 5442 2888 5442 2844 5443 2783 5443 2890 5443 2783 5444 2808 5444 2890 5444 2806 5445 2851 5445 2891 5445 2858 5446 2882 5446 2892 5446 2859 5447 2806 5447 2891 5447 2889 5448 2871 5448 2892 5448 2871 5449 2858 5449 2892 5449 2851 5450 2866 5450 2891 5450 2843 5451 2887 5451 2893 5451 2847 5452 2843 5452 2893 5452 2882 5455 2847 5455 2893 5455 2852 5456 2867 5456 2895 5456 2864 5458 2852 5458 2895 5458 2796 5459 2811 5459 2897 5459 2811 5460 2826 5460 2897 5460 2877 5461 2796 5461 2897 5461 2853 5462 2818 5462 2898 5462 2818 5463 2868 5463 2898 5463 2855 5465 2799 5465 2900 5465 2782 5466 2816 5466 2901 5466 2881 5467 2873 5467 2902 5467 2781 5468 2810 5468 2902 5468 2872 5469 2782 5469 2901 5469 2875 5470 2804 5470 2903 5470 2873 5471 2781 5471 2902 5471 2804 5472 2846 5472 2903 5472 2891 5473 2866 5473 2904 5473 2887 5474 2849 5474 2905 5474 2809 5475 2854 5475 2906 5475 2893 5476 2887 5476 2907 5476 2887 5477 2905 5477 2907 5477 2874 5478 2809 5478 2906 5478 2839 5479 2865 5479 2908 5479 2876 5480 2761 5480 2909 5480 2886 5481 2839 5481 2908 5481 2897 5482 2826 5482 2910 5482 2861 5483 2805 5483 2911 5483 2826 5484 2875 5484 2910 5484 1244 5485 1534 5485 2912 5485 2805 5486 2855 5486 2911 5486 1534 5487 2753 5487 2912 5487 2881 5488 2902 5488 2913 5488 2816 5489 2842 5489 2914 5489 2901 5490 2816 5490 2914 5490 2895 5491 2867 5491 2915 5491 2878 5492 2870 5492 2916 5492 2888 5493 2709 5493 2917 5493 2870 5494 2889 5494 2916 5494 2898 5495 2868 5495 2918 5495 2868 5496 2815 5496 2918 5496 2815 5497 2864 5497 2918 5497 2879 5498 2794 5498 2919 5498 2890 5499 2808 5499 2920 5499 2794 5500 2831 5500 2919 5500 2734 5501 2795 5501 2921 5501 2831 5502 2833 5502 2922 5502 2867 5503 2734 5503 2921 5503 2919 5504 2831 5504 2922 5504 2889 5505 2892 5505 2923 5505 2916 5506 2889 5506 2923 5506 2880 5507 2756 5507 2924 5507 2892 5508 2882 5508 2925 5508 2878 5509 2916 5509 2926 5509 2756 5510 2793 5510 2924 5510 2917 5511 2709 5511 2927 5511 2913 5512 2902 5512 2928 5512 2709 5513 2719 5513 2927 5513 2902 5514 2810 5514 2928 5514 2761 5515 2792 5515 2929 5515 2885 5516 2733 5516 2930 5516 2909 5517 2761 5517 2929 5517 2733 5518 2767 5518 2930 5518 2913 5519 2928 5519 2931 5519 2908 5520 2865 5520 2932 5520 2865 5521 2899 5521 2932 5521 2885 5522 2930 5522 2933 5522 2882 5523 2893 5523 2934 5523 2866 5524 2885 5524 2933 5524 2925 5525 2882 5525 2934 5525 2883 5526 2853 5526 2935 5526 2904 5527 2866 5527 2933 5527 2853 5530 2898 5530 2935 5530 2926 5531 2916 5531 2938 5531 2846 5532 2869 5532 2939 5532 2916 5533 2923 5533 2938 5533 2903 5534 2846 5534 2939 5534 2830 5535 2876 5535 2940 5535 2808 5536 2830 5536 2940 5536 2920 5538 2808 5538 2940 5538 2668 5540 2720 5540 2942 5540 2884 5541 2668 5541 2942 5541 2914 5542 2842 5542 2943 5542 2923 5543 2892 5543 2944 5543 2842 5544 2862 5544 2943 5544 2892 5545 2925 5545 2944 5545 2938 5546 2923 5546 2944 5546 2849 5547 2883 5547 2945 5547 2854 5548 2880 5548 2946 5548 2883 5549 2935 5549 2945 5549 2906 5550 2854 5550 2946 5550 2905 5551 2849 5551 2945 5551 2753 5552 2788 5552 2947 5552 2912 5553 2753 5553 2947 5553 2898 5554 2918 5554 2948 5554 2875 5555 2903 5555 2949 5555 2905 5556 2945 5556 2950 5556 2910 5557 2875 5557 2949 5557 2907 5558 2905 5558 2950 5558 2844 5559 2890 5559 2951 5559 2952 5560 2953 5560 2954 5560 2900 5563 2799 5563 2951 5563 2799 5565 2844 5565 2951 5565 2869 5566 2879 5566 2955 5566 2939 5567 2869 5567 2955 5567 2893 5568 2907 5568 2956 5568 2934 5569 2893 5569 2956 5569 2833 5570 2874 5570 2957 5570 2922 5571 2833 5571 2957 5571 2926 5572 2938 5572 2958 5572 2953 5574 2960 5574 2959 5574 2954 5575 2953 5575 2959 5575 2918 5576 2864 5576 2961 5576 2719 5577 2748 5577 2962 5577 2911 5578 2855 5578 2963 5578 2927 5579 2719 5579 2962 5579 2915 5580 2867 5580 2964 5580 2867 5581 2921 5581 2964 5581 2964 5582 2921 5582 2965 5582 2795 5583 2838 5583 2965 5583 2793 5584 2829 5584 2966 5584 2921 5585 2795 5585 2965 5585 2938 5586 2944 5586 2967 5586 2924 5587 2793 5587 2966 5587 2925 5588 2934 5588 2968 5588 2930 5589 2767 5589 2969 5589 2934 5590 2956 5590 2968 5590 2767 5591 2802 5591 2969 5591 2958 5592 2938 5592 2970 5592 2938 5593 2967 5593 2970 5593 2932 5594 2899 5594 2971 5594 2899 5595 2941 5595 2971 5595 2840 5596 2856 5596 2972 5596 2792 5597 2840 5597 2972 5597 2929 5598 2792 5598 2972 5598 2933 5599 2930 5599 2973 5599 2943 5600 2862 5600 2974 5600 2810 5601 2860 5601 2975 5601 2928 5602 2810 5602 2975 5602 2862 5603 2886 5603 2974 5603 2946 5604 2880 5604 2976 5604 2880 5605 2924 5605 2976 5605 2975 5606 2860 5606 2977 5606 2860 5607 2861 5607 2977 5607 2955 5608 2879 5608 2978 5608 2879 5609 2919 5609 2978 5609 2968 5610 2956 5610 2979 5610 2898 5611 2948 5611 2980 5611 2788 5612 2819 5612 2981 5612 2935 5613 2898 5613 2980 5613 2947 5614 2788 5614 2981 5614 2940 5615 2876 5615 2982 5615 2829 5616 2850 5616 2983 5616 2966 5617 2829 5617 2983 5617 2928 5618 2975 5618 2984 5618 2931 5619 2928 5619 2984 5619 2949 5620 2903 5620 2985 5620 2903 5621 2939 5621 2985 5621 2975 5622 2977 5622 2986 5622 2886 5623 2908 5623 2987 5623 2984 5624 2975 5624 2986 5624 2974 5625 2886 5625 2987 5625 2907 5626 2950 5626 2988 5626 2956 5627 2907 5627 2988 5627 2979 5628 2956 5628 2988 5628 2961 5629 2864 5629 2989 5629 2874 5630 2906 5630 2990 5630 2957 5631 2874 5631 2990 5631 2864 5632 2895 5632 2989 5632 2948 5633 2918 5633 2991 5633 2918 5634 2961 5634 2991 5634 2962 5635 2748 5635 2992 5635 2961 5636 2989 5636 2991 5636 2748 5637 2784 5637 2992 5637 2993 5638 2636 5638 2994 5638 2926 5639 2958 5639 2994 5639 2958 5640 2970 5640 2994 5640 2636 5641 2878 5641 2994 5641 2878 5642 2926 5642 2994 5642 2983 5643 2850 5643 2995 5643 2942 5644 2720 5644 2996 5644 2850 5645 2872 5645 2995 5645 2720 5646 2776 5646 2996 5646 2945 5647 2935 5647 2997 5647 2950 5648 2945 5648 2997 5648 2969 5649 2802 5649 2998 5649 2925 5650 2968 5650 2999 5650 2944 5651 2925 5651 2999 5651 2967 5652 2944 5652 2999 5652 2802 5653 2845 5653 2998 5653 2973 5654 2930 5654 3000 5654 2972 5655 2856 5655 3001 5655 2969 5656 2998 5656 3000 5656 2988 5657 2950 5657 3002 5657 2930 5658 2969 5658 3000 5658 2941 5659 2959 5659 3003 5659 2950 5660 2997 5660 3002 5660 2971 5661 2941 5661 3003 5661 2890 5662 2920 5662 3004 5662 2924 5663 2966 5663 3005 5663 2976 5664 2924 5664 3005 5664 2951 5665 2890 5665 3004 5665 2915 5666 2964 5666 3006 5666 2987 5667 2908 5667 3007 5667 2895 5668 2915 5668 3006 5668 2908 5669 2932 5669 3007 5669 2989 5670 2895 5670 3006 5670 2999 5671 2968 5671 3008 5671 2968 5672 2979 5672 3008 5672 2981 5673 2819 5673 3009 5673 2963 5674 2855 5674 3010 5674 2855 5675 2900 5675 3010 5675 2819 5676 2857 5676 3009 5676 2964 5677 2965 5677 3011 5677 2978 5678 2919 5678 3012 5678 2919 5679 2922 5679 3012 5679 2838 5680 2881 5680 3013 5680 2922 5681 2957 5681 3014 5681 3011 5682 2965 5682 3013 5682 3012 5683 2922 5683 3014 5683 2939 5684 2955 5684 3015 5684 2965 5685 2838 5685 3013 5685 2876 5686 2909 5686 3016 5686 2985 5687 2939 5687 3015 5687 2909 5688 2929 5688 3016 5688 2912 5689 2947 5689 3017 5689 2982 5690 2876 5690 3016 5690 1244 5691 2912 5691 3017 5691 2999 5692 3008 5692 3018 5692 3003 5693 2959 5693 3019 5693 2967 5694 2999 5694 3018 5694 2776 5695 2807 5695 3020 5695 2966 5696 2983 5696 3021 5696 3005 5697 2966 5697 3021 5697 2996 5698 2776 5698 3020 5698 2906 5699 2946 5699 3022 5699 2920 5700 2940 5700 3023 5700 3004 5701 2920 5701 3023 5701 2990 5702 2906 5702 3022 5702 2979 5703 2988 5703 3024 5703 2992 5704 2784 5704 3025 5704 2813 5705 2841 5705 3025 5705 2991 5706 2989 5706 3026 5706 2784 5707 2813 5707 3025 5707 3018 5708 3008 5708 3027 5708 2872 5709 2901 5709 3028 5709 2977 5710 2861 5710 3029 5710 2861 5711 2911 5711 3029 5711 2995 5712 2872 5712 3028 5712 2967 5713 3018 5713 3030 5713 2970 5714 2967 5714 3030 5714 2845 5715 2877 5715 3031 5715 2994 5716 2970 5716 3030 5716 2884 5717 2942 5717 3032 5717 2998 5718 2845 5718 3031 5718 2856 5719 2884 5719 3032 5719 3001 5720 2856 5720 3032 5720 2980 5721 2948 5721 3033 5721 2955 5722 2978 5722 3034 5722 2948 5723 2991 5723 3033 5723 3015 5724 2955 5724 3034 5724 2977 5725 3029 5725 3035 5725 2986 5726 2977 5726 3035 5726 3000 5727 2998 5727 3036 5727 3019 5728 2959 5728 3037 5728 3013 5729 2881 5729 3038 5729 2959 5730 2960 5730 3037 5730 2983 5731 2995 5731 3039 5731 2881 5732 2913 5732 3038 5732 3021 5733 2983 5733 3039 5733 2989 5734 3006 5734 3040 5734 3014 5735 2957 5735 3041 5735 3026 5736 2989 5736 3040 5736 2957 5737 2990 5737 3041 5737 3017 5738 2947 5738 3042 5738 3016 5739 2929 5739 3043 5739 3030 5740 3018 5740 3044 5740 3018 5741 3027 5741 3044 5741 3024 5742 2988 5742 3045 5742 3025 5743 2841 5743 3046 5743 2988 5744 3002 5744 3045 5744 2935 5745 2980 5745 3047 5745 2901 5746 2914 5746 3048 5746 2997 5747 2935 5747 3047 5747 3028 5748 2901 5748 3048 5748 2980 5749 3033 5749 3047 5749 2994 5750 3030 5750 3049 5750 3030 5751 3044 5751 3049 5751 2993 5752 2994 5752 3049 5752 2997 5753 3047 5753 3050 5753 3002 5754 2997 5754 3050 5754 2807 5755 2828 5755 3051 5755 3052 5756 3053 5756 3051 5756 2827 5757 3052 5757 3051 5757 2828 5758 2827 5758 3051 5758 3009 5759 2857 5759 3054 5759 3020 5760 2807 5760 3051 5760 2857 5761 2888 5761 3054 5761 3023 5762 2940 5762 3055 5762 3007 5763 2932 5763 3056 5763 2932 5764 2971 5764 3056 5764 2940 5765 2982 5765 3055 5765 3008 5766 2979 5766 3057 5766 3034 5767 2978 5767 3058 5767 3027 5768 3008 5768 3057 5768 2979 5769 3024 5769 3057 5769 2900 5770 2951 5770 3059 5770 2877 5771 2897 5771 3060 5771 3010 5772 2900 5772 3059 5772 3031 5773 2877 5773 3060 5773 3011 5774 3013 5774 3061 5774 3013 5775 3038 5775 3061 5775 2946 5776 2976 5776 3062 5776 3049 5777 3044 5777 3063 5777 3022 5778 2946 5778 3062 5778 2993 5779 3049 5779 3063 5779 3040 5780 3006 5780 3064 5780 2964 5781 3011 5781 3064 5781 3006 5782 2964 5782 3064 5782 3060 5783 2897 5783 3065 5783 3038 5784 2913 5784 3066 5784 2897 5785 2910 5785 3065 5785 2913 5786 2931 5786 3066 5786 3046 5787 2841 5787 3067 5787 3027 5788 3057 5788 3068 5788 2841 5789 2859 5789 3067 5789 3057 5790 3024 5790 3069 5790 2859 5791 2891 5791 3067 5791 3024 5792 3045 5792 3069 5792 2991 5793 3026 5793 3070 5793 3048 5794 2914 5794 3071 5794 2914 5795 2943 5795 3071 5795 3033 5796 2991 5796 3070 5796 2963 5797 3010 5797 3072 5797 2998 5798 3031 5798 3073 5798 2911 5799 2963 5799 3072 5799 3029 5800 2911 5800 3072 5800 3036 5801 2998 5801 3073 5801 3061 5802 3038 5802 3074 5802 3038 5803 3066 5803 3074 5803 3054 5804 2888 5804 3075 5804 3044 5805 3027 5805 3076 5805 2993 5806 3063 5806 3076 5806 3063 5807 3044 5807 3076 5807 3027 5808 3068 5808 3076 5808 2888 5809 2917 5809 3075 5809 3032 5810 2942 5810 3077 5810 2995 5811 3028 5811 3078 5811 2942 5812 2996 5812 3077 5812 3039 5813 2995 5813 3078 5813 2929 5814 2972 5814 3079 5814 3043 5815 2929 5815 3079 5815 2947 5816 2981 5816 3080 5816 3042 5817 2947 5817 3080 5817 2972 5818 3001 5818 3079 5818 3029 5819 3072 5819 3081 5819 3035 5820 3029 5820 3081 5820 2917 5821 2927 5821 3082 5821 3069 5822 3045 5822 3083 5822 3045 5823 3002 5823 3083 5823 3002 5824 3050 5824 3083 5824 3033 5825 3070 5825 3084 5825 3075 5826 2917 5826 3082 5826 3041 5827 2990 5827 3085 5827 2990 5828 3022 5828 3085 5828 3050 5829 3047 5829 3084 5829 3047 5830 3033 5830 3084 5830 3040 5831 3064 5831 3086 5831 3056 5832 2971 5832 3087 5832 2971 5833 3003 5833 3087 5833 3083 5834 3050 5834 3088 5834 3050 5835 3084 5835 3088 5835 3012 5836 3014 5836 3089 5836 3058 5837 2978 5837 3089 5837 2978 5838 3012 5838 3089 5838 3055 5839 2982 5839 3090 5839 3057 5840 3069 5840 3091 5840 3089 5841 3014 5841 3092 5841 3068 5842 3057 5842 3091 5842 1244 5843 3017 5843 3093 5843 3017 5844 3042 5844 3093 5844 3079 5845 3001 5845 3094 5845 3073 5846 3031 5846 3095 5846 3064 5847 3011 5847 3096 5847 3011 5848 3061 5848 3096 5848 3031 5849 3060 5849 3095 5849 3086 5850 3064 5850 3096 5850 3028 5851 3048 5851 3097 5851 3078 5852 3028 5852 3097 5852 3059 5853 2951 5853 3098 5853 2951 5854 3004 5854 3098 5854 3062 5855 2976 5855 3099 5855 3074 5856 3066 5856 3100 5856 2976 5857 3005 5857 3099 5857 2943 5858 2974 5858 3101 5858 3071 5859 2943 5859 3101 5859 3070 5860 3026 5860 3102 5860 3026 5861 3040 5861 3102 5861 2931 5862 2984 5862 3103 5862 3066 5863 2931 5863 3103 5863 2910 5864 2949 5864 3104 5864 3065 5865 2910 5865 3104 5865 3100 5866 3066 5866 3103 5866 2984 5867 2986 5867 3105 5867 3103 5868 2984 5868 3105 5868 2982 5869 3016 5869 3106 5869 2891 5870 2904 5870 3107 5870 3067 5871 2891 5871 3107 5871 3090 5872 2982 5872 3106 5872 3003 5873 3019 5873 3108 5873 3068 5874 3091 5874 3109 5874 3076 5875 3068 5875 3109 5875 3087 5876 3003 5876 3108 5876 3069 5877 3083 5877 3110 5877 3095 5878 3060 5878 3111 5878 3060 5879 3065 5879 3111 5879 2904 5880 2933 5880 3112 5880 3040 5881 3086 5881 3113 5881 3102 5882 3040 5882 3113 5882 3072 5883 3010 5883 3114 5883 3107 5884 2904 5884 3112 5884 3004 5885 3023 5885 3115 5885 3101 5886 2974 5886 3116 5886 3098 5887 3004 5887 3115 5887 2974 5888 2987 5888 3116 5888 3081 5889 3072 5889 3117 5889 3072 5890 3114 5890 3117 5890 3080 5891 2981 5891 3118 5891 3076 5892 3109 5892 3119 5892 2981 5893 3009 5893 3118 5893 2993 5894 3076 5894 3119 5894 3005 5895 3021 5895 3120 5895 3083 5896 3088 5896 3121 5896 3110 5897 3083 5897 3121 5897 3077 5898 2996 5898 3122 5898 3099 5899 3005 5899 3120 5899 3082 5900 2927 5900 3123 5900 2996 5901 3020 5901 3122 5901 3084 5902 3070 5902 3124 5902 3070 5903 3102 5903 3124 5903 2927 5904 2962 5904 3123 5904 3086 5905 3096 5905 3125 5905 3097 5906 3048 5906 3126 5906 3088 5907 3084 5907 3127 5907 3084 5908 3124 5908 3127 5908 3048 5909 3071 5909 3126 5909 3032 5910 3077 5910 3128 5910 3001 5911 3032 5911 3128 5911 3094 5912 3001 5912 3128 5912 3085 5913 3022 5913 3129 5913 3022 5914 3062 5914 3129 5914 3016 5915 3043 5915 3130 5915 3019 5916 3037 5916 3131 5916 3037 5917 2960 5917 3131 5917 2960 5918 3132 5918 3131 5918 3106 5919 3016 5919 3130 5919 3108 5920 3019 5920 3131 5920 3092 5921 3014 5921 3133 5921 3091 5922 3069 5922 3134 5922 3069 5923 3110 5923 3134 5923 3109 5924 3091 5924 3134 5924 3014 5925 3041 5925 3133 5925 3093 5926 3042 5926 3135 5926 3061 5927 3074 5927 3136 5927 3042 5928 3080 5928 3135 5928 3096 5929 3061 5929 3136 5929 3120 5930 3021 5930 3137 5930 3021 5931 3039 5931 3137 5931 3125 5932 3096 5932 3136 5932 3055 5933 3090 5933 3138 5933 3115 5934 3023 5934 3138 5934 3023 5935 3055 5935 3138 5935 3104 5936 2949 5936 3139 5936 3100 5937 3103 5937 3140 5937 2949 5938 2985 5938 3139 5938 2987 5939 3007 5939 3141 5939 3140 5940 3103 5940 3142 5940 3116 5941 2987 5941 3141 5941 3103 5942 3105 5942 3142 5942 3142 5943 3105 5943 3143 5943 3112 5944 2933 5944 3144 5944 3105 5945 2986 5945 3143 5945 2986 5946 3035 5946 3143 5946 3020 5947 3051 5947 3145 5947 3122 5948 3020 5948 3145 5948 3109 5949 3134 5949 3146 5949 2933 5950 2973 5950 3144 5950 3065 5951 3104 5951 3147 5951 3104 5952 3139 5952 3147 5952 3124 5953 3102 5953 3148 5953 3111 5954 3065 5954 3147 5954 2962 5955 2992 5955 3149 5955 3102 5956 3113 5956 3148 5956 3134 5957 3110 5957 3150 5957 3110 5958 3121 5958 3150 5958 3123 5959 2962 5959 3149 5959 3127 5960 3124 5960 3151 5960 3124 5961 3148 5961 3151 5961 3126 5962 3071 5962 3152 5962 3114 5963 3010 5963 3153 5963 3071 5964 3101 5964 3152 5964 3010 5965 3059 5965 3153 5965 3062 5966 3099 5966 3154 5966 3129 5967 3062 5967 3154 5967 3113 5968 3086 5968 3155 5968 3086 5969 3125 5969 3155 5969 3118 5970 3009 5970 3156 5970 3009 5971 3054 5971 3156 5971 3074 5972 3100 5972 3157 5972 3054 5973 3075 5973 3156 5973 3136 5974 3074 5974 3157 5974 3135 5975 3080 5975 3158 5975 3114 5976 3153 5976 3159 5976 3041 5977 3085 5977 3160 5977 3117 5978 3114 5978 3159 5978 3085 5979 3129 5979 3160 5979 3133 5980 3041 5980 3160 5980 3109 5981 3146 5981 3161 5981 3101 5982 3116 5982 3162 5982 3119 5983 3109 5983 3161 5983 3121 5984 3088 5984 3163 5984 3152 5985 3101 5985 3162 5985 3150 5986 3121 5986 3163 5986 3137 5987 3039 5987 3164 5987 3088 5988 3127 5988 3163 5988 3127 5989 3151 5989 3163 5989 3148 5990 3113 5990 3165 5990 3039 5991 3078 5991 3164 5991 3113 5992 3155 5992 3165 5992 3125 5993 3136 5993 3166 5993 3136 5994 3157 5994 3166 5994 2985 5995 3015 5995 3167 5995 3139 5996 2985 5996 3167 5996 3151 5997 3148 5997 3168 5997 3148 5998 3165 5998 3168 5998 1244 5999 3093 5999 3169 5999 3053 6000 3170 6000 3171 6000 3051 6001 3053 6001 3171 6001 3093 6002 3135 6002 3169 6002 3145 6003 3051 6003 3171 6003 3139 6004 3167 6004 3172 6004 3128 6005 3077 6005 3173 6005 3077 6006 3122 6006 3173 6006 3147 6007 3139 6007 3172 6007 3146 6008 3134 6008 3174 6008 3134 6009 3150 6009 3174 6009 3141 6010 3007 6010 3175 6010 3007 6011 3056 6011 3175 6011 3043 6012 3079 6012 3176 6012 3079 6013 3094 6013 3176 6013 3130 6014 3043 6014 3176 6014 3138 6015 3090 6015 3177 6015 3144 6016 2973 6016 3178 6016 3157 6017 3100 6017 3179 6017 3156 6018 3075 6018 3180 6018 3142 6019 3143 6019 3181 6019 3149 6020 2992 6020 3182 6020 3166 6021 3157 6021 3183 6021 2992 6022 3025 6022 3182 6022 3157 6023 3179 6023 3183 6023 3094 6024 3128 6024 3184 6024 3176 6025 3094 6025 3184 6025 3075 6026 3082 6026 3185 6026 3035 6027 3081 6027 3186 6027 3143 6028 3035 6028 3186 6028 3180 6029 3075 6029 3185 6029 3082 6030 3123 6030 3185 6030 3078 6031 3097 6031 3187 6031 3164 6032 3078 6032 3187 6032 3163 6033 3151 6033 3188 6033 3161 6034 3146 6034 3189 6034 3099 6035 3120 6035 3190 6035 3146 6036 3174 6036 3189 6036 3150 6037 3163 6037 3191 6037 3163 6038 3188 6038 3191 6038 3154 6039 3099 6039 3190 6039 3125 6040 3166 6040 3192 6040 3155 6041 3125 6041 3192 6041 3116 6042 3141 6042 3193 6042 3162 6043 3116 6043 3193 6043 3015 6044 3034 6044 3194 6044 3059 6045 3098 6045 3195 6045 3153 6046 3059 6046 3195 6046 3167 6047 3015 6047 3194 6047 3080 6048 3118 6048 3196 6048 3090 6049 3106 6049 3197 6049 3158 6050 3080 6050 3196 6050 3177 6051 3090 6051 3197 6051 3161 6052 3189 6052 3198 6052 3129 6053 3154 6053 3199 6053 3160 6054 3129 6054 3199 6054 3169 6055 3135 6055 3200 6055 3151 6056 3168 6056 3201 6056 3188 6057 3151 6057 3201 6057 3159 6058 3153 6058 3202 6058 3153 6059 3195 6059 3202 6059 3025 6060 3046 6060 3203 6060 3155 6061 3192 6061 3204 6061 3182 6062 3025 6062 3203 6062 3165 6063 3155 6063 3204 6063 3190 6064 3120 6064 3205 6064 3165 6065 3204 6065 3206 6065 3120 6066 3137 6066 3205 6066 3168 6067 3165 6067 3206 6067 3097 6068 3126 6068 3207 6068 3183 6069 3179 6069 3208 6069 3189 6070 3174 6070 3209 6070 3150 6071 3191 6071 3209 6071 3187 6072 3097 6072 3207 6072 3174 6073 3150 6073 3209 6073 3034 6074 3058 6074 3210 6074 3161 6075 3198 6075 3211 6075 3212 6076 2993 6076 3211 6076 2993 6077 3119 6077 3211 6077 3119 6078 3161 6078 3211 6078 3194 6079 3034 6079 3210 6079 3122 6080 3145 6080 3213 6080 3173 6081 3122 6081 3213 6081 3167 6082 3194 6082 1912 6082 3172 6083 3167 6083 1912 6083 3128 6084 3173 6084 3214 6084 3184 6085 3128 6085 3214 6085 3178 6086 2973 6086 3215 6086 3191 6087 3188 6087 3216 6087 3188 6088 3201 6088 3216 6088 3000 6089 3036 6089 3215 6089 2973 6090 3000 6090 3215 6090 3195 6091 3098 6091 3217 6091 3115 6092 3138 6092 3217 6092 3098 6093 3115 6093 3217 6093 3175 6094 3056 6094 3218 6094 3106 6095 3130 6095 3219 6095 3056 6096 3087 6096 3218 6096 3185 6097 3123 6097 3220 6097 3197 6098 3106 6098 3219 6098 3195 6099 3217 6099 3221 6099 3202 6100 3195 6100 3221 6100 3203 6101 3046 6101 3222 6101 3100 6102 3140 6102 3223 6102 3179 6103 3100 6103 3223 6103 3046 6104 3067 6104 3222 6104 3140 6105 3142 6105 3224 6105 3223 6106 3140 6106 3224 6106 3205 6107 3137 6107 3225 6107 3137 6108 3164 6108 3225 6108 3141 6109 3175 6109 3226 6109 3143 6110 3186 6110 3227 6110 3193 6111 3141 6111 3226 6111 3181 6112 3143 6112 3227 6112 3156 6113 3180 6113 3228 6113 3081 6114 3117 6114 3229 6114 3186 6115 3081 6115 3229 6115 3196 6116 3118 6116 3228 6116 3118 6117 3156 6117 3228 6117 3194 6118 3210 6118 1960 6118 1912 6119 3194 6119 1960 6119 3189 6120 3209 6120 3230 6120 3199 6121 3154 6121 1920 6121 3154 6122 3190 6122 1920 6122 3216 6123 3201 6123 3231 6123 3213 6124 3145 6124 3232 6124 3108 6125 3131 6125 3233 6125 3087 6126 3108 6126 3233 6126 3132 6127 3234 6127 3233 6127 3209 6128 3191 6128 3235 6128 3131 6129 3132 6129 3233 6129 3218 6130 3087 6130 3233 6130 3230 6131 3209 6131 3235 6131 3216 6132 3231 6132 3235 6132 3191 6133 3216 6133 3235 6133 3135 6134 3158 6134 3236 6134 3200 6135 3135 6135 3236 6135 3192 6136 3166 6136 3237 6136 3166 6137 3183 6137 3237 6137 3217 6138 3138 6138 3238 6138 3207 6139 3126 6139 3239 6139 3126 6140 3152 6140 3239 6140 3198 6141 3189 6141 3240 6141 3189 6142 3230 6142 3240 6142 3210 6143 3058 6143 3241 6143 3058 6144 3089 6144 3241 6144 3217 6145 3238 6145 3242 6145 3221 6146 3217 6146 3242 6146 3201 6147 3168 6147 3243 6147 3168 6148 3206 6148 3243 6148 3215 6149 3036 6149 1942 6149 3231 6150 3201 6150 3243 6150 3089 6151 3092 6151 3244 6151 3206 6152 3204 6152 3245 6152 3204 6153 3192 6153 3245 6153 3192 6154 3237 6154 3245 6154 3241 6155 3089 6155 3244 6155 3206 6156 3245 6156 3246 6156 3243 6157 3206 6157 3246 6157 1960 6158 3210 6158 1961 6158 3235 6159 3231 6159 3247 6159 3211 6160 3198 6160 3248 6160 1244 6161 3169 6161 3249 6161 3198 6162 3240 6162 3248 6162 3169 6163 3200 6163 3249 6163 3212 6164 3211 6164 3248 6164 3179 6165 3223 6165 3250 6165 3208 6166 3179 6166 3250 6166 3239 6167 3152 6167 3251 6167 3152 6168 3162 6168 3251 6168 3220 6169 3123 6169 3252 6169 3250 6170 3223 6170 3253 6170 3223 6171 3224 6171 3253 6171 3123 6172 3149 6172 3252 6172 3235 6173 3247 6173 3254 6173 3230 6174 3235 6174 3254 6174 3232 6175 3145 6175 3255 6175 3145 6176 3171 6176 3255 6176 3180 6177 3185 6177 3256 6177 3171 6178 3170 6178 3255 6178 3228 6179 3180 6179 3256 6179 3164 6180 3187 6180 3257 6180 3237 6181 3183 6181 3258 6181 3183 6182 3208 6182 3258 6182 3225 6183 3164 6183 3257 6183 3214 6184 3173 6184 3259 6184 3173 6185 3213 6185 3259 6185 3130 6186 3176 6186 3260 6186 3219 6187 3130 6187 3260 6187 3067 6188 3107 6188 3261 6188 3176 6189 3184 6189 3260 6189 3222 6190 3067 6190 3261 6190 3256 6191 3185 6191 3262 6191 3224 6192 3142 6192 3263 6192 3181 6193 3227 6193 3263 6193 3185 6194 3220 6194 3262 6194 3142 6195 3181 6195 3263 6195 3226 6196 3175 6196 3264 6196 3186 6197 3229 6197 3265 6197 3175 6198 3218 6198 3264 6198 3227 6199 3186 6199 3265 6199 3248 6200 3240 6200 3266 6200 3230 6201 3254 6201 3266 6201 3240 6202 3230 6202 3266 6202 3261 6203 3107 6203 3267 6203 3229 6204 3117 6204 3268 6204 3107 6205 3112 6205 3267 6205 3117 6206 3159 6206 3268 6206 1920 6207 3190 6207 1924 6207 3190 6208 3205 6208 1924 6208 3254 6209 3247 6209 3269 6209 3158 6210 3196 6210 3270 6210 3231 6211 3243 6211 3271 6211 3236 6212 3158 6212 3270 6212 3187 6213 3207 6213 3272 6213 3260 6214 3184 6214 3273 6214 3257 6215 3187 6215 3272 6215 3212 6216 3248 6216 3274 6216 3248 6217 3266 6217 3274 6217 3162 6218 3193 6218 3275 6218 3251 6219 3162 6219 3275 6219 3249 6220 3200 6220 3276 6220 3238 6221 3138 6221 3277 6221 3138 6222 3177 6222 3277 6222 3177 6223 3197 6223 3277 6223 3200 6224 3236 6224 3276 6224 3242 6225 3238 6225 3277 6225 3266 6226 3254 6226 3278 6226 3254 6227 3269 6227 3278 6227 3208 6228 3250 6228 3279 6228 3258 6229 3208 6229 3279 6229 3036 6230 3073 6230 1948 6230 1942 6231 3036 6231 1948 6231 3092 6232 3133 6232 3280 6232 3244 6233 3092 6233 3280 6233 3242 6234 3277 6234 3281 6234 3271 6235 3243 6235 3282 6235 3264 6236 3218 6236 3283 6236 3243 6237 3246 6237 3282 6237 3218 6238 3233 6238 3283 6238 3237 6239 3258 6239 3284 6239 3245 6240 3237 6240 3284 6240 1924 6241 3205 6241 1975 6241 3246 6242 3245 6242 3284 6242 3282 6243 3246 6243 3285 6243 3246 6244 3284 6244 3285 6244 1961 6245 3210 6245 1997 6245 3212 6246 3274 6246 3286 6246 3274 6247 3266 6247 3286 6247 3210 6248 3241 6248 1997 6248 3266 6249 3278 6249 3286 6249 3241 6250 3244 6250 2058 6250 3253 6251 3224 6251 3287 6251 3224 6252 3263 6252 3287 6252 1997 6253 3241 6253 2058 6253 3247 6254 3231 6254 3288 6254 3149 6255 3182 6255 3289 6255 3269 6256 3247 6256 3288 6256 3231 6257 3271 6257 3288 6257 3252 6258 3149 6258 3289 6258 3182 6259 3203 6259 3289 6259 3197 6260 3219 6260 3290 6260 3272 6261 3207 6261 3291 6261 3281 6262 3277 6262 3290 6262 3207 6263 3239 6263 3291 6263 3277 6264 3197 6264 3290 6264 3259 6265 3213 6265 3292 6265 3213 6266 3232 6266 3292 6266 3267 6267 3112 6267 3293 6267 3265 6268 3229 6268 1883 6268 3229 6269 3268 6269 1883 6269 3112 6270 3144 6270 3293 6270 3262 6271 3220 6271 3294 6271 3281 6272 3290 6272 1891 6272 3184 6273 3214 6273 3295 6273 3205 6274 3225 6274 2003 6274 3214 6275 3259 6275 3295 6275 1975 6276 3205 6276 2003 6276 3273 6277 3184 6277 3295 6277 3233 6278 3234 6278 3296 6278 3284 6279 3258 6279 3297 6279 3283 6280 3233 6280 3296 6280 3285 6281 3284 6281 3297 6281 3258 6282 3279 6282 3297 6282 3073 6283 3095 6283 2004 6283 1948 6284 3073 6284 2004 6284 3263 6285 3227 6285 3298 6285 3227 6286 3265 6286 3298 6286 3285 6287 3297 6287 3299 6287 3095 6288 3111 6288 2004 6288 3159 6289 3202 6289 3300 6289 3268 6290 3159 6290 3300 6290 1883 6291 3268 6291 3300 6291 3289 6292 3203 6292 3301 6292 3269 6293 3288 6293 3302 6293 3228 6294 3256 6294 3303 6294 3270 6295 3196 6295 3303 6295 3288 6296 3271 6296 3304 6296 3196 6297 3228 6297 3303 6297 3271 6298 3282 6298 3304 6298 3276 6299 3236 6299 3305 6299 3290 6300 3219 6300 3306 6300 3212 6301 3286 6301 3307 6301 3278 6302 3269 6302 3307 6302 3286 6303 3278 6303 3307 6303 3269 6304 3302 6304 3307 6304 3285 6305 3299 6305 3308 6305 2004 6306 3111 6306 2023 6306 3304 6307 3282 6307 3308 6307 3282 6308 3285 6308 3308 6308 3275 6309 3193 6309 3309 6309 3279 6310 3250 6310 3310 6310 3250 6311 3253 6311 3310 6311 3193 6312 3226 6312 3309 6312 3280 6313 3133 6313 3311 6313 3292 6314 3232 6314 3312 6314 3310 6315 3253 6315 3313 6315 3253 6316 3287 6316 3313 6316 3133 6317 3160 6317 3311 6317 2058 6318 3244 6318 2116 6318 3290 6319 3306 6319 1892 6319 3244 6320 3280 6320 2116 6320 1891 6321 3290 6321 1892 6321 3222 6322 3261 6322 1967 6322 3202 6323 3221 6323 3314 6323 3203 6324 3222 6324 1967 6324 3301 6325 3203 6325 1967 6325 3239 6326 3251 6326 3315 6326 3300 6327 3202 6327 3314 6327 3291 6328 3239 6328 3315 6328 3299 6329 3297 6329 3316 6329 3297 6330 3279 6330 3316 6330 3220 6331 3252 6331 1978 6331 3294 6332 3220 6332 1978 6332 3299 6333 3316 6333 3317 6333 3144 6334 3178 6334 1954 6334 3288 6335 3304 6335 3318 6335 3293 6336 3144 6336 1954 6336 3302 6337 3288 6337 3318 6337 3287 6338 3263 6338 3319 6338 3263 6339 3298 6339 3319 6339 3308 6340 3299 6340 3320 6340 3299 6341 3317 6341 3320 6341 3303 6342 3256 6342 1887 6342 3255 6343 3170 6343 1905 6343 3312 6344 3232 6344 1905 6344 3321 6345 1907 6345 1905 6345 1244 6346 3249 6346 3322 6346 3170 6347 3321 6347 1905 6347 3232 6348 3255 6348 1905 6348 3298 6349 3265 6349 3323 6349 3319 6350 3298 6350 3323 6350 3225 6351 3257 6351 2049 6351 2003 6352 3225 6352 2049 6352 3300 6353 3314 6353 1885 6353 1244 6354 3322 6354 1932 6354 1883 6355 3300 6355 1885 6355 3295 6356 3259 6356 1938 6356 3259 6357 3292 6357 1938 6357 1887 6358 3256 6358 1894 6358 3262 6359 3294 6359 1894 6359 3256 6360 3262 6360 1894 6360 3314 6361 3221 6361 3324 6361 3315 6362 3251 6362 1916 6362 3251 6363 3275 6363 1916 6363 3221 6364 3242 6364 3324 6364 3307 6365 3302 6365 3325 6365 3302 6366 3318 6366 3325 6366 3236 6367 3270 6367 1935 6367 3318 6368 3304 6368 3326 6368 3304 6369 3308 6369 3326 6369 3308 6370 3320 6370 3326 6370 3305 6371 3236 6371 1935 6371 3307 6372 3325 6372 3327 6372 3147 6373 3172 6373 2083 6373 3260 6374 3273 6374 3328 6374 3306 6375 3219 6375 3328 6375 3111 6376 3147 6376 2083 6376 3219 6377 3260 6377 3328 6377 2023 6378 3111 6378 2083 6378 3313 6379 3287 6379 1950 6379 3311 6380 3160 6380 3329 6380 3287 6381 3319 6381 1950 6381 3160 6382 3199 6382 3329 6382 3306 6383 3328 6383 1976 6383 1892 6384 3306 6384 1976 6384 3226 6385 3264 6385 1985 6385 3320 6386 3317 6386 3330 6386 3309 6387 3226 6387 1985 6387 2049 6388 3257 6388 2095 6388 1885 6389 3314 6389 1933 6389 3257 6390 3272 6390 2095 6390 3280 6391 3311 6391 2120 6391 3318 6392 3326 6392 3331 6392 3325 6393 3318 6393 3331 6393 2116 6394 3280 6394 2120 6394 3279 6395 3310 6395 3332 6395 3261 6396 3267 6396 1969 6396 3316 6397 3279 6397 3332 6397 1967 6398 3261 6398 1969 6398 3252 6399 3289 6399 1979 6399 3332 6400 3310 6400 3333 6400 3310 6401 3313 6401 3333 6401 3289 6402 3301 6402 1979 6402 3326 6403 3320 6403 3334 6403 1978 6404 3252 6404 1979 6404 3331 6405 3326 6405 3334 6405 3320 6406 3330 6406 3334 6406 3249 6407 3276 6407 3335 6407 1932 6408 3322 6408 3335 6408 3317 6409 3316 6409 3336 6409 3322 6410 3249 6410 3335 6410 3316 6411 3332 6411 3336 6411 3319 6412 3323 6412 1926 6412 3275 6413 3309 6413 1918 6413 1916 6414 3275 6414 1918 6414 3178 6415 3215 6415 2027 6415 3332 6416 3333 6416 3337 6416 3336 6417 3332 6417 3337 6417 3328 6418 3273 6418 3338 6418 1954 6419 3178 6419 2027 6419 1976 6420 3328 6420 3338 6420 3273 6421 3295 6421 3338 6421 1976 6422 3338 6422 1996 6422 1969 6423 3267 6423 1971 6423 3323 6424 3265 6424 1882 6424 3265 6425 1883 6425 1882 6425 1932 6426 3335 6426 2015 6426 3314 6427 3324 6427 1972 6427 3234 6428 2041 6428 1988 6428 3264 6429 3283 6429 1988 6429 3283 6430 3296 6430 1988 6430 1933 6431 3314 6431 1972 6431 3296 6432 3234 6432 1988 6432 1985 6433 3264 6433 1988 6433 3242 6434 3281 6434 3339 6434 2095 6435 3272 6435 2130 6435 3272 6436 3291 6436 2130 6436 3324 6437 3242 6437 3339 6437 3327 6438 3325 6438 3340 6438 3325 6439 3331 6439 3340 6439 1938 6440 3292 6440 2006 6440 1894 6441 3294 6441 1896 6441 3292 6442 3312 6442 2006 6442 1979 6443 3301 6443 1982 6443 3331 6444 3334 6444 3341 6444 3340 6445 3331 6445 3341 6445 1935 6446 3270 6446 1886 6446 3341 6447 3334 6447 1908 6447 3334 6448 3330 6448 1908 6448 3303 6449 1887 6449 1886 6449 3327 6450 3340 6450 3342 6450 3270 6451 3303 6451 1886 6451 3338 6452 3295 6452 1937 6452 3295 6453 1938 6453 1937 6453 3319 6454 1926 6454 1925 6454 3172 6455 1912 6455 1911 6455 2083 6456 3172 6456 1911 6456 1950 6457 3319 6457 1925 6457 3317 6458 3336 6458 1909 6458 1908 6459 3330 6459 1909 6459 3199 6460 1920 6460 1919 6460 3330 6461 3317 6461 1909 6461 3329 6462 3199 6462 1919 6462 3338 6463 1937 6463 1940 6463 1996 6464 3338 6464 1940 6464 3311 6465 3329 6465 1930 6465 3339 6466 3281 6466 1895 6466 2120 6467 3311 6467 1930 6467 3329 6468 1919 6468 1930 6468 3293 6469 1954 6469 1953 6469 3281 6470 1891 6470 1895 6470 3342 6471 3340 6471 1898 6471 3340 6472 3341 6472 1898 6472 1971 6473 3267 6473 1953 6473 3267 6474 3293 6474 1953 6474 3335 6475 3276 6475 1934 6475 1909 6476 3336 6476 1914 6476 3336 6477 3337 6477 1914 6477 2015 6478 3335 6478 1934 6478 3305 6479 1935 6479 1934 6479 3276 6480 3305 6480 1934 6480 3313 6481 1950 6481 1952 6481 3333 6482 3313 6482 1952 6482 1901 6483 3212 6483 1902 6483 3327 6484 3342 6484 1902 6484 2027 6485 3215 6485 1941 6485 3307 6486 3327 6486 1902 6486 3212 6487 3307 6487 1902 6487 3337 6488 3333 6488 1947 6488 3215 6489 1942 6489 1941 6489 3301 6490 1967 6490 1966 6490 1914 6491 3337 6491 1947 6491 3333 6492 1952 6492 1947 6492 1926 6493 3323 6493 1889 6493 1982 6494 3301 6494 1966 6494 3323 6495 1882 6495 1889 6495 3312 6496 1905 6496 1904 6496 2015 6497 1934 6497 1958 6497 2006 6498 3312 6498 1904 6498 3309 6499 1985 6499 1984 6499 1918 6500 3309 6500 1984 6500 3341 6501 1908 6501 1900 6501 1898 6502 3341 6502 1900 6502 3315 6503 1916 6503 1915 6503 3291 6504 3315 6504 1915 6504 3342 6505 1898 6505 1897 6505 2130 6506 3291 6506 1915 6506 1902 6507 3342 6507 1897 6507 3324 6508 3339 6508 1944 6508 1972 6509 3324 6509 1944 6509 3294 6510 1978 6510 1981 6510 3339 6511 1895 6511 1944 6511 1896 6512 3294 6512 1981 6512 3343 6513 1731 6513 1781 6513 3343 6514 1781 6514 3344 6514 3344 6515 1781 6515 1800 6515 1800 6516 1818 6516 3345 6516 3346 6517 3347 6517 3345 6517 3347 6518 3348 6518 3345 6518 3348 6519 3349 6519 3345 6519 3349 6520 3344 6520 3345 6520 3344 6521 1800 6521 3345 6521 3350 6522 3351 6522 3352 6522 3351 6523 3353 6523 3352 6523 3353 6524 3354 6524 3352 6524 3354 6525 3355 6525 3352 6525 3355 6526 3346 6526 3352 6526 3346 6527 3345 6527 3352 6527 3356 6528 3357 6528 3358 6528 3357 6529 3359 6529 3358 6529 3359 6530 3360 6530 3358 6530 3360 6531 3361 6531 3358 6531 3361 6532 3362 6532 3358 6532 3362 6533 3363 6533 3358 6533 3363 6534 3350 6534 3358 6534 3350 6535 3352 6535 3358 6535 678 6536 3364 6536 679 6536 3364 6537 3365 6537 679 6537 3365 6538 3366 6538 679 6538 3366 6539 3356 6539 679 6539 3356 6540 3358 6540 679 6540 2960 6541 2953 6541 3367 6541 2960 6542 3367 6542 3368 6542 2960 6543 3368 6543 3369 6543 3370 6544 3132 6544 2960 6544 3370 6545 3369 6545 3371 6545 3370 6546 3371 6546 3372 6546 3370 6547 3372 6547 3373 6547 3370 6548 3373 6548 3374 6548 3370 6549 3374 6549 3375 6549 3370 6550 2960 6550 3369 6550 3376 6551 3375 6551 3377 6551 3376 6552 3377 6552 3378 6552 3376 6553 3378 6553 3379 6553 3376 6554 3379 6554 3380 6554 3376 6555 3380 6555 3381 6555 3376 6556 3370 6556 3375 6556 3382 6557 3381 6557 3383 6557 3382 6558 3383 6558 3384 6558 3382 6559 3384 6559 3385 6559 3382 6560 3385 6560 3386 6560 3382 6561 3386 6561 3387 6561 3382 6562 3387 6562 3388 6562 3382 6563 3388 6563 3389 6563 3382 6564 3376 6564 3381 6564 181 6565 3389 6565 3390 6565 181 6566 3390 6566 3391 6566 181 6567 3391 6567 3392 6567 181 6568 3392 6568 158 6568 181 6569 3382 6569 3389 6569 3393 6570 3394 6570 3395 6570 3396 6571 3397 6571 3398 6571 3399 6572 3395 6572 3400 6572 3399 6573 3400 6573 3401 6573 3402 6574 3398 6574 3403 6574 3402 6575 3396 6575 3398 6575 3404 6576 3397 6576 3396 6576 3404 6577 3405 6577 3406 6577 3404 6578 3406 6578 3397 6578 3407 6579 3401 6579 3408 6579 3407 6580 3399 6580 3401 6580 3409 6581 3408 6581 1298 6581 3409 6582 3407 6582 3408 6582 3409 6583 1298 6583 1316 6583 3410 6584 3395 6584 3399 6584 3411 6585 3405 6585 3404 6585 3412 6586 3409 6586 1316 6586 3413 6587 3403 6587 3414 6587 3413 6588 3414 6588 3394 6588 3415 6589 3399 6589 3407 6589 3415 6590 3410 6590 3399 6590 3416 6591 3393 6591 3395 6591 3416 6592 3395 6592 3410 6592 3417 6593 3413 6593 3394 6593 3417 6594 3394 6594 3393 6594 3418 6595 3419 6595 3420 6595 3418 6596 818 6596 3421 6596 3418 6597 975 6597 818 6597 3418 6598 3421 6598 3419 6598 3418 6599 3420 6599 3405 6599 3422 6600 3410 6600 3415 6600 3422 6601 3416 6601 3410 6601 3423 6602 3404 6602 3396 6602 3423 6603 3411 6603 3404 6603 3424 6604 3415 6604 3407 6604 3424 6605 3407 6605 3409 6605 3425 6606 3402 6606 3403 6606 3425 6607 3403 6607 3413 6607 975 6608 1131 6608 3426 6608 3426 6609 3405 6609 3411 6609 3426 6610 975 6610 3418 6610 3426 6611 3418 6611 3405 6611 3427 6612 3413 6612 3417 6612 3427 6613 3425 6613 3413 6613 3428 6614 3423 6614 3396 6614 3428 6615 3396 6615 3402 6615 3429 6616 3411 6616 3423 6616 3430 6617 3409 6617 3412 6617 3430 6618 3424 6618 3409 6618 3431 6619 3423 6619 3428 6619 3431 6620 3429 6620 3423 6620 3432 6621 3422 6621 3415 6621 3432 6622 3415 6622 3424 6622 3433 6623 1316 6623 1402 6623 3433 6624 3412 6624 1316 6624 3434 6625 3393 6625 3416 6625 3434 6626 3417 6626 3393 6626 3435 6627 1856 6627 3436 6627 3435 6628 3345 6628 1818 6628 3437 6629 3422 6629 3432 6629 3435 6630 1818 6630 1856 6630 3438 6631 3433 6631 1402 6631 3439 6632 3435 6632 3436 6632 3440 6633 3435 6633 3439 6633 3441 6634 3424 6634 3430 6634 3440 6635 3345 6635 3435 6635 3441 6636 3432 6636 3424 6636 3442 6637 3352 6637 3345 6637 3443 6638 1131 6638 3426 6638 3443 6639 3426 6639 3411 6639 3443 6640 3411 6640 3429 6640 3442 6641 3345 6641 3440 6641 3444 6642 3434 6642 3416 6642 3444 6643 3422 6643 3437 6643 3445 6644 3440 6644 3439 6644 3444 6645 3416 6645 3422 6645 3446 6646 3436 6646 1856 6646 1256 6647 1856 6647 3446 6647 3447 6648 3437 6648 3432 6648 3448 6649 3442 6649 3440 6649 3448 6650 3440 6650 3445 6650 3447 6651 3432 6651 3441 6651 3449 6652 3417 6652 3434 6652 3449 6653 3427 6653 3417 6653 3450 6654 3352 6654 3442 6654 3451 6655 3402 6655 3425 6655 3451 6656 3428 6656 3402 6656 3452 6657 3436 6657 3446 6657 3451 6658 3431 6658 3428 6658 3452 6659 3439 6659 3436 6659 3453 6660 3451 6660 3425 6660 3453 6661 3425 6661 3427 6661 3454 6662 3450 6662 3442 6662 3454 6663 3442 6663 3448 6663 3455 6664 3434 6664 3444 6664 3456 6665 3358 6665 3352 6665 3455 6666 3449 6666 3434 6666 3456 6667 3352 6667 3450 6667 3457 6668 3439 6668 3452 6668 3458 6669 3412 6669 3433 6669 3457 6670 3445 6670 3439 6670 3458 6671 3441 6671 3430 6671 3458 6672 3430 6672 3412 6672 3459 6673 3456 6673 3450 6673 3459 6674 3450 6674 3454 6674 3460 6675 3431 6675 3451 6675 3460 6676 3451 6676 3453 6676 3461 6677 3445 6677 3457 6677 3462 6678 3433 6678 3438 6678 3461 6679 3448 6679 3445 6679 3463 6680 3452 6680 3446 6680 3462 6681 3458 6681 3433 6681 3463 6682 3446 6682 1256 6682 3464 6683 3460 6683 3453 6683 3465 6684 3358 6684 3456 6684 1131 6685 1133 6685 3466 6685 3466 6686 3443 6686 3429 6686 3466 6687 3429 6687 3431 6687 3466 6688 1131 6688 3443 6688 3467 6689 3457 6689 3452 6689 3467 6690 3452 6690 3463 6690 3468 6691 3455 6691 3444 6691 3469 6692 3448 6692 3461 6692 3468 6693 3444 6693 3437 6693 3470 6694 3447 6694 3441 6694 3469 6695 3454 6695 3448 6695 3470 6696 3441 6696 3458 6696 3470 6697 3458 6697 3462 6697 3471 6698 882 6698 679 6698 3471 6699 679 6699 3358 6699 3471 6700 3358 6700 3465 6700 3472 6701 1133 6701 3466 6701 3472 6702 3431 6702 3460 6702 3472 6703 3466 6703 3431 6703 3473 6704 3471 6704 3465 6704 3473 6705 3456 6705 3459 6705 3474 6706 1402 6706 1468 6706 3473 6707 3465 6707 3456 6707 3474 6708 3438 6708 1402 6708 3475 6709 3471 6709 3473 6709 3475 6710 882 6710 3471 6710 3476 6711 3470 6711 3462 6711 3477 6712 3454 6712 3469 6712 3477 6713 3459 6713 3454 6713 3478 6714 3457 6714 3467 6714 3478 6715 3461 6715 3457 6715 3479 6716 3468 6716 3437 6716 3479 6717 3437 6717 3447 6717 3480 6718 3461 6718 3478 6718 3480 6719 3469 6719 3461 6719 3481 6720 3447 6720 3470 6720 3482 6721 3463 6721 1256 6721 3481 6722 3470 6722 3476 6722 3482 6723 3467 6723 3463 6723 3483 6724 3455 6724 3468 6724 3482 6725 1256 6725 1348 6725 3484 6726 3473 6726 3459 6726 3485 6727 1468 6727 1511 6727 3485 6728 3474 6728 1468 6728 3484 6729 3459 6729 3477 6729 3486 6730 3427 6730 3449 6730 3487 6731 3477 6731 3469 6731 3486 6732 3453 6732 3427 6732 3487 6733 3469 6733 3480 6733 3488 6734 3475 6734 3473 6734 3488 6735 3473 6735 3484 6735 3489 6736 3481 6736 3476 6736 3490 6737 3478 6737 3467 6737 3491 6738 3449 6738 3455 6738 3491 6739 3486 6739 3449 6739 3490 6740 3467 6740 3482 6740 3491 6741 3455 6741 3483 6741 3492 6742 3477 6742 3487 6742 3493 6743 3468 6743 3479 6743 3492 6744 3484 6744 3477 6744 3493 6745 3483 6745 3468 6745 3494 6746 3482 6746 1348 6746 3495 6747 3453 6747 3486 6747 3494 6748 3490 6748 3482 6748 3495 6749 3464 6749 3453 6749 3496 6750 3480 6750 3478 6750 3496 6751 3478 6751 3490 6751 3497 6752 3438 6752 3474 6752 3497 6753 3474 6753 3485 6753 3497 6754 3462 6754 3438 6754 3498 6755 3480 6755 3496 6755 3498 6756 3487 6756 3480 6756 3499 6757 3486 6757 3491 6757 3499 6758 3495 6758 3486 6758 3500 6759 114 6759 1133 6759 3501 6760 3490 6760 3494 6760 3500 6761 3460 6761 3464 6761 3501 6762 3496 6762 3490 6762 3500 6763 3472 6763 3460 6763 3500 6764 1133 6764 3472 6764 3502 6765 3488 6765 3484 6765 3502 6766 3484 6766 3492 6766 3503 6767 3497 6767 3485 6767 114 6768 118 6768 3504 6768 3505 6769 21 6769 882 6769 3504 6770 114 6770 3500 6770 3505 6771 882 6771 3475 6771 3504 6772 3464 6772 3495 6772 3505 6773 3475 6773 3488 6773 3504 6774 3500 6774 3464 6774 3506 6775 1348 6775 1676 6775 3506 6776 3494 6776 1348 6776 3506 6777 3501 6777 3494 6777 3507 6778 3479 6778 3447 6778 3508 6779 22 6779 21 6779 3507 6780 3447 6780 3481 6780 3508 6781 3488 6781 3502 6781 3508 6782 3505 6782 3488 6782 3508 6783 21 6783 3505 6783 3509 6784 3503 6784 3485 6784 3510 6785 3498 6785 3496 6785 3510 6786 3496 6786 3501 6786 3509 6787 3485 6787 1511 6787 3511 6788 3497 6788 3503 6788 3511 6789 3462 6789 3497 6789 3512 6790 3492 6790 3487 6790 3511 6791 3476 6791 3462 6791 3512 6792 3487 6792 3498 6792 3513 6793 3507 6793 3481 6793 3514 6794 3498 6794 3510 6794 3514 6795 3512 6795 3498 6795 3513 6796 3481 6796 3489 6796 3515 6797 3492 6797 3512 6797 3515 6798 3502 6798 3492 6798 3516 6799 3491 6799 3483 6799 3516 6800 3499 6800 3491 6800 3517 6801 3501 6801 3506 6801 3517 6802 3510 6802 3501 6802 3518 6803 3510 6803 3517 6803 3519 6804 3511 6804 3503 6804 3520 6805 3476 6805 3511 6805 3520 6806 3489 6806 3476 6806 3521 6807 3479 6807 3507 6807 3522 6808 3512 6808 3514 6808 3522 6809 3515 6809 3512 6809 3523 6810 3510 6810 3518 6810 3521 6811 3493 6811 3479 6811 3523 6812 3514 6812 3510 6812 3524 6813 3499 6813 3516 6813 3525 6814 3516 6814 3483 6814 3526 6815 3506 6815 1676 6815 3525 6816 3483 6816 3493 6816 3527 6817 3508 6817 3502 6817 3527 6818 3502 6818 3515 6818 3528 6819 3526 6819 1676 6819 3528 6820 1676 6820 1677 6820 3529 6821 3507 6821 3513 6821 3529 6822 3521 6822 3507 6822 3530 6823 3515 6823 3522 6823 3531 6824 3511 6824 3519 6824 3531 6825 3520 6825 3511 6825 3530 6826 3527 6826 3515 6826 3532 6827 3508 6827 3527 6827 3533 6828 3509 6828 1511 6828 3533 6829 1511 6829 1548 6829 3533 6830 1548 6830 1546 6830 3534 6831 3509 6831 3533 6831 3535 6832 3506 6832 3526 6832 3534 6833 3519 6833 3503 6833 3534 6834 3503 6834 3509 6834 3535 6835 3517 6835 3506 6835 3536 6836 3514 6836 3523 6836 3537 6837 3524 6837 3516 6837 3537 6838 3516 6838 3525 6838 3538 6839 3504 6839 3495 6839 3536 6840 3522 6840 3514 6840 3538 6841 118 6841 3504 6841 3538 6842 3495 6842 3499 6842 3539 6843 3535 6843 3526 6843 118 6844 288 6844 3540 6844 3540 6845 3499 6845 3524 6845 3539 6846 3526 6846 3528 6846 3540 6847 118 6847 3538 6847 3540 6848 3538 6848 3499 6848 3541 6849 3519 6849 3534 6849 3541 6850 3531 6850 3519 6850 3542 6851 3517 6851 3535 6851 3542 6852 3518 6852 3517 6852 3543 6853 3513 6853 3489 6853 3543 6854 3489 6854 3520 6854 3544 6855 3530 6855 3522 6855 3544 6856 3522 6856 3536 6856 3545 6857 3523 6857 3518 6857 3546 6858 3541 6858 3534 6858 3546 6859 3534 6859 3533 6859 3547 6860 3531 6860 3541 6860 3545 6861 3518 6861 3542 6861 3548 6862 3527 6862 3530 6862 3549 6863 3493 6863 3521 6863 3549 6864 3525 6864 3493 6864 3548 6865 3532 6865 3527 6865 3550 6866 3542 6866 3535 6866 3551 6867 3520 6867 3531 6867 3550 6868 3535 6868 3539 6868 3551 6869 3543 6869 3520 6869 3551 6870 3531 6870 3547 6870 3552 6871 3528 6871 1677 6871 3553 6872 3521 6872 3529 6872 3553 6873 3549 6873 3521 6873 3554 6874 3545 6874 3542 6874 3555 6875 3513 6875 3543 6875 3554 6876 3542 6876 3550 6876 3555 6877 3529 6877 3513 6877 3556 6878 3532 6878 3548 6878 3557 6879 3537 6879 3525 6879 3557 6880 3525 6880 3549 6880 3558 6881 3552 6881 1677 6881 3559 6882 3508 6882 3532 6882 3560 6883 3524 6883 3537 6883 3560 6884 288 6884 3540 6884 3559 6885 22 6885 3508 6885 3560 6886 3540 6886 3524 6886 3559 6887 3532 6887 3556 6887 3561 6888 3539 6888 3528 6888 3562 6889 3541 6889 3546 6889 3562 6890 3547 6890 3541 6890 3561 6891 3528 6891 3552 6891 3563 6892 3549 6892 3553 6892 3561 6893 3552 6893 3558 6893 3563 6894 3557 6894 3549 6894 3564 6895 3536 6895 3523 6895 3565 6896 3543 6896 3551 6896 3565 6897 3555 6897 3543 6897 3564 6898 3523 6898 3545 6898 3566 6899 1546 6899 3567 6899 3566 6900 3533 6900 1546 6900 3568 6901 3548 6901 3530 6901 3566 6902 3546 6902 3533 6902 3568 6903 3556 6903 3548 6903 3566 6904 3562 6904 3546 6904 3568 6905 3530 6905 3544 6905 3569 6906 3561 6906 3558 6906 3570 6907 3547 6907 3562 6907 288 6908 392 6908 3571 6908 3571 6909 3537 6909 3557 6909 3571 6910 288 6910 3560 6910 3572 6911 1677 6911 1779 6911 3571 6912 3560 6912 3537 6912 3572 6913 3558 6913 1677 6913 3572 6914 3569 6914 3558 6914 3573 6915 3551 6915 3547 6915 3573 6916 3565 6916 3551 6916 3574 6917 3545 6917 3554 6917 3574 6918 3564 6918 3545 6918 3575 6919 3567 6919 3576 6919 3575 6920 3566 6920 3567 6920 3575 6921 3562 6921 3566 6921 3577 6922 3556 6922 3568 6922 3578 6923 3570 6923 3562 6923 3578 6924 3575 6924 3576 6924 3578 6925 3562 6925 3575 6925 3579 6926 3561 6926 3569 6926 3579 6927 3539 6927 3561 6927 3580 6928 3529 6928 3555 6928 3579 6929 3550 6929 3539 6929 3580 6930 3553 6930 3529 6930 3581 6931 3544 6931 3536 6931 3581 6932 3536 6932 3564 6932 3582 6933 3565 6933 3573 6933 3583 6934 3580 6934 3555 6934 3583 6935 3565 6935 3582 6935 3583 6936 3555 6936 3565 6936 3584 6937 3573 6937 3547 6937 3585 6938 3554 6938 3550 6938 3585 6939 3550 6939 3579 6939 3584 6940 3547 6940 3570 6940 3586 6941 3553 6941 3580 6941 3586 6942 3580 6942 3583 6942 3586 6943 3563 6943 3553 6943 3587 6944 3579 6944 3569 6944 3588 6945 3571 6945 3557 6945 3587 6946 3585 6946 3579 6946 3588 6947 3557 6947 3563 6947 3588 6948 392 6948 3571 6948 3589 6949 3581 6949 3564 6949 3589 6950 3564 6950 3574 6950 3590 6951 392 6951 3588 6951 3590 6952 3588 6952 3563 6952 22 6953 545 6953 3591 6953 3591 6954 3556 6954 3577 6954 3591 6955 22 6955 3559 6955 3591 6956 3559 6956 3556 6956 3592 6957 3586 6957 3583 6957 3593 6958 3573 6958 3584 6958 3593 6959 3582 6959 3573 6959 3594 6960 3576 6960 3595 6960 3596 6961 3585 6961 3587 6961 3594 6962 3578 6962 3576 6962 3594 6963 3584 6963 3570 6963 3594 6964 3570 6964 3578 6964 3597 6965 3569 6965 3572 6965 3598 6966 3583 6966 3582 6966 3597 6967 3587 6967 3569 6967 3598 6968 3592 6968 3583 6968 3599 6969 3597 6969 3572 6969 3599 6970 3572 6970 1779 6970 3600 6971 3594 6971 3595 6971 3600 6972 3593 6972 3584 6972 3601 6973 3599 6973 1779 6973 3600 6974 3584 6974 3594 6974 3601 6975 1779 6975 1881 6975 3602 6976 3596 6976 3587 6976 3603 6977 3592 6977 3598 6977 392 6978 489 6978 3604 6978 3604 6979 3563 6979 3586 6979 3602 6980 3587 6980 3597 6980 3604 6981 3590 6981 3563 6981 3604 6982 3586 6982 3592 6982 3590 6983 392 6983 3604 6983 3605 6984 3544 6984 3581 6984 3605 6985 3568 6985 3544 6985 3606 6986 3582 6986 3593 6986 3606 6987 3598 6987 3582 6987 3606 6988 3603 6988 3598 6988 3607 6989 3585 6989 3596 6989 3608 6990 3592 6990 3603 6990 3607 6991 3574 6991 3554 6991 3608 6992 3604 6992 3592 6992 3607 6993 3554 6993 3585 6993 3608 6994 489 6994 3604 6994 3609 6995 3603 6995 3606 6995 3610 6996 3595 6996 3611 6996 3610 6997 3600 6997 3595 6997 3610 6998 3593 6998 3600 6998 3610 6999 3606 6999 3593 6999 3612 7000 3596 7000 3602 7000 3613 7001 3597 7001 3599 7001 3614 7002 3609 7002 3606 7002 3614 7003 3606 7003 3610 7003 3614 7004 3610 7004 3611 7004 3613 7005 3602 7005 3597 7005 489 7006 556 7006 3615 7006 3615 7007 489 7007 3608 7007 3615 7008 3608 7008 3603 7008 3615 7009 3603 7009 3609 7009 3615 7010 556 7010 3616 7010 3617 7011 3591 7011 3577 7011 3616 7012 3609 7012 3614 7012 3616 7013 3615 7013 3609 7013 3617 7014 545 7014 3591 7014 3618 7015 3611 7015 556 7015 3618 7016 556 7016 3616 7016 3619 7017 3568 7017 3605 7017 3618 7018 3614 7018 3611 7018 3618 7019 3616 7019 3614 7019 3619 7020 3577 7020 3568 7020 3620 7021 3605 7021 3581 7021 3620 7022 3581 7022 3589 7022 3621 7023 3596 7023 3612 7023 3621 7024 3607 7024 3596 7024 3622 7025 3599 7025 3601 7025 3622 7026 3613 7026 3599 7026 3623 7027 3607 7027 3621 7027 3623 7028 3574 7028 3607 7028 3623 7029 3589 7029 3574 7029 3419 7030 3605 7030 3620 7030 3419 7031 3619 7031 3605 7031 3624 7032 3622 7032 3601 7032 3624 7033 3601 7033 1881 7033 3625 7034 3612 7034 3602 7034 3625 7035 3602 7035 3613 7035 3626 7036 3624 7036 1881 7036 3627 7037 3623 7037 3621 7037 3628 7038 3625 7038 3613 7038 3628 7039 3613 7039 3622 7039 3629 7040 3612 7040 3625 7040 3630 7041 3627 7041 3621 7041 3630 7042 3612 7042 3629 7042 3630 7043 3621 7043 3612 7043 3414 7044 3625 7044 3628 7044 3414 7045 3629 7045 3625 7045 3631 7046 3628 7046 3622 7046 3631 7047 3622 7047 3624 7047 3631 7048 3624 7048 3626 7048 3400 7049 3631 7049 3626 7049 3397 7050 3627 7050 3630 7050 3632 7051 3589 7051 3623 7051 3632 7052 3620 7052 3589 7052 3401 7053 1881 7053 1298 7053 3401 7054 3626 7054 1881 7054 3401 7055 3400 7055 3626 7055 545 7056 818 7056 3633 7056 3633 7057 3617 7057 3577 7057 3633 7058 545 7058 3617 7058 3633 7059 3577 7059 3619 7059 3633 7060 3619 7060 3419 7060 3406 7061 3632 7061 3623 7061 3406 7062 3623 7062 3627 7062 3406 7063 3627 7063 3397 7063 3634 7064 3628 7064 3631 7064 3634 7065 3631 7065 3400 7065 3398 7066 3630 7066 3629 7066 3398 7067 3397 7067 3630 7067 3408 7068 3401 7068 1298 7068 3420 7069 3620 7069 3632 7069 3420 7070 3419 7070 3620 7070 3420 7071 3632 7071 3406 7071 3395 7072 3634 7072 3400 7072 3421 7073 818 7073 3633 7073 3421 7074 3633 7074 3419 7074 3403 7075 3398 7075 3629 7075 3403 7076 3629 7076 3414 7076 3394 7077 3414 7077 3628 7077 3394 7078 3628 7078 3634 7078 3394 7079 3634 7079 3395 7079 3405 7080 3420 7080 3406 7080 3635 7081 3636 7081 3637 7081 3636 7082 3638 7082 3637 7082 3638 7083 3639 7083 3637 7083 3640 7084 3641 7084 3642 7084 3641 7085 3643 7085 3642 7085 3644 7086 3645 7086 3646 7086 3645 7087 3647 7087 3646 7087 3648 7088 3649 7088 3650 7088 3639 7089 3648 7089 3650 7089 3637 7090 3639 7090 3651 7090 3647 7091 3635 7091 3652 7091 3635 7092 3637 7092 3652 7092 3637 7093 3651 7093 3652 7093 3642 7094 3643 7094 3653 7094 3643 7095 3654 7095 3653 7095 3644 7096 3646 7096 3655 7096 3656 7097 3644 7097 3655 7097 3654 7098 3656 7098 3655 7098 2033 7099 3657 7099 3658 7099 2034 7100 2033 7100 3658 7100 3659 7101 938 7101 3660 7101 3661 7102 3659 7102 3660 7102 3660 7103 1067 7103 938 7103 3649 7104 3661 7104 3660 7104 3652 7105 3651 7105 3662 7105 3640 7106 3642 7106 3663 7106 3642 7107 3653 7107 3664 7107 3663 7108 3642 7108 3664 7108 3655 7109 3646 7109 3665 7109 3653 7110 3654 7110 3666 7110 3654 7111 3655 7111 3666 7111 3655 7112 3665 7112 3666 7112 3650 7113 3649 7113 3667 7113 3660 7114 1067 7114 3667 7114 3649 7115 3660 7115 3667 7115 3647 7116 3652 7116 3668 7116 3646 7117 3647 7117 3668 7117 3652 7118 3662 7118 3668 7118 3651 7119 3639 7119 3669 7119 3639 7120 3650 7120 3669 7120 3662 7121 3651 7121 3669 7121 3650 7122 3667 7122 3669 7122 2034 7123 3658 7123 3670 7123 3666 7124 3665 7124 3671 7124 3658 7125 3657 7125 3672 7125 3657 7126 3640 7126 3672 7126 3640 7127 3663 7127 3672 7127 3668 7128 3662 7128 3673 7128 3673 7129 3662 7129 3674 7129 3662 7130 3669 7130 3674 7130 3665 7131 3646 7131 3675 7131 3646 7132 3668 7132 3675 7132 3668 7133 3673 7133 3675 7133 3653 7134 3666 7134 3676 7134 3663 7135 3664 7135 3677 7135 3672 7136 3663 7136 3677 7136 3675 7137 3673 7137 3678 7137 3658 7138 3672 7138 3679 7138 3234 7139 3132 7139 3680 7139 3666 7140 3671 7140 3681 7140 3680 7141 3132 7141 3682 7141 3676 7142 3666 7142 3681 7142 3132 7143 3370 7143 3682 7143 3683 7144 137 7144 1067 7144 3667 7145 1067 7145 3683 7145 3669 7146 3667 7146 3683 7146 3674 7147 3669 7147 3683 7147 3370 7148 3376 7148 3684 7148 3676 7149 3681 7149 3685 7149 3664 7150 3653 7150 3685 7150 3682 7151 3370 7151 3684 7151 3653 7152 3676 7152 3685 7152 3680 7153 3682 7153 3686 7153 2201 7154 2034 7154 3687 7154 2034 7155 3670 7155 3687 7155 3686 7156 3682 7156 3688 7156 3679 7157 3672 7157 3689 7157 3682 7158 3684 7158 3688 7158 3690 7159 3234 7159 2041 7159 3672 7160 3677 7160 3689 7160 3675 7161 3678 7161 3691 7161 3234 7162 3680 7162 3690 7162 3665 7163 3675 7163 3691 7163 3671 7164 3665 7164 3691 7164 3684 7165 3376 7165 3692 7165 2041 7166 3690 7166 3693 7166 3673 7167 3674 7167 3694 7167 3678 7168 3673 7168 3694 7168 3674 7169 3683 7169 3695 7169 3694 7170 3674 7170 3695 7170 3688 7171 3684 7171 3696 7171 3683 7172 137 7172 3695 7172 3684 7173 3692 7173 3696 7173 3376 7174 3382 7174 3697 7174 3685 7175 3681 7175 3698 7175 3692 7176 3376 7176 3697 7176 3691 7177 3678 7177 3699 7177 3690 7178 3680 7178 3700 7178 3680 7179 3686 7179 3700 7179 3678 7180 3694 7180 3701 7180 3699 7181 3678 7181 3701 7181 3693 7182 3690 7182 3700 7182 3681 7183 3671 7183 3702 7183 3696 7184 3692 7184 3703 7184 3671 7185 3691 7185 3702 7185 3692 7186 3697 7186 3703 7186 3691 7187 3699 7187 3702 7187 3686 7188 3688 7188 3704 7188 3658 7189 3679 7189 3705 7189 3700 7190 3686 7190 3704 7190 3687 7191 3670 7191 3705 7191 3670 7192 3658 7192 3705 7192 3700 7193 3704 7193 3706 7193 3693 7194 3700 7194 3706 7194 2201 7195 3687 7195 3707 7195 3664 7196 3685 7196 3708 7196 3706 7197 3704 7197 3709 7197 3677 7198 3664 7198 3708 7198 3697 7199 3382 7199 3710 7199 3703 7200 3697 7200 3710 7200 3710 7201 3382 7201 3711 7201 3704 7202 3688 7202 3712 7202 3705 7203 3679 7203 3713 7203 3679 7204 3689 7204 3713 7204 3709 7205 3704 7205 3712 7205 3702 7206 3699 7206 3714 7206 3688 7207 3696 7207 3712 7207 3715 7208 140 7208 137 7208 3694 7209 3695 7209 3715 7209 3703 7210 3710 7210 3716 7210 3701 7211 3694 7211 3715 7211 3695 7212 137 7212 3715 7212 3710 7213 3711 7213 3717 7213 3685 7214 3698 7214 3718 7214 3716 7215 3710 7215 3717 7215 3708 7216 3685 7216 3718 7216 3712 7217 3696 7217 3719 7217 3681 7218 3702 7218 3720 7218 3698 7219 3681 7219 3720 7219 3696 7220 3703 7220 3719 7220 3702 7221 3714 7221 3720 7221 181 7222 293 7222 3721 7222 3382 7223 181 7223 3721 7223 3689 7224 3677 7224 3722 7224 3711 7225 3382 7225 3721 7225 3677 7226 3708 7226 3722 7226 3709 7227 3712 7227 3723 7227 3699 7228 3701 7228 3724 7228 3712 7229 3719 7229 3723 7229 3714 7230 3699 7230 3724 7230 3717 7231 3711 7231 3725 7231 3711 7232 3721 7232 3725 7232 3701 7233 3715 7233 3726 7233 3721 7234 293 7234 3725 7234 3715 7235 140 7235 3726 7235 3723 7236 3719 7236 3727 7236 3707 7237 3687 7237 3728 7237 3687 7238 3705 7238 3728 7238 2152 7239 2041 7239 3729 7239 2041 7240 3693 7240 3729 7240 3720 7241 3714 7241 3730 7241 3703 7242 3716 7242 3731 7242 3719 7243 3703 7243 3731 7243 3727 7244 3719 7244 3731 7244 3705 7245 3713 7245 3732 7245 2152 7246 3729 7246 3733 7246 3728 7247 3705 7247 3732 7247 3716 7248 3717 7248 3734 7248 3731 7249 3716 7249 3734 7249 3722 7250 3708 7250 3735 7250 3708 7251 3718 7251 3735 7251 3727 7252 3731 7252 3736 7252 3731 7253 3734 7253 3736 7253 3714 7254 3724 7254 3737 7254 3730 7255 3714 7255 3737 7255 2367 7256 2201 7256 3738 7256 2201 7257 3707 7257 3738 7257 3729 7258 3693 7258 3739 7258 3693 7259 3706 7259 3739 7259 3718 7260 3698 7260 3740 7260 3733 7261 3729 7261 3739 7261 3698 7262 3720 7262 3740 7262 3720 7263 3730 7263 3740 7263 3736 7264 3734 7264 3741 7264 3734 7265 3717 7265 3742 7265 3717 7266 3725 7266 3742 7266 3713 7267 3689 7267 3743 7267 3741 7268 3734 7268 3742 7268 3689 7269 3722 7269 3743 7269 3739 7270 3706 7270 3744 7270 3706 7271 3709 7271 3744 7271 3740 7272 3730 7272 3745 7272 3707 7273 3728 7273 3746 7273 3738 7274 3707 7274 3746 7274 3739 7275 3744 7275 3747 7275 3728 7276 3732 7276 3746 7276 3733 7277 3739 7277 3747 7277 3747 7278 3744 7278 3748 7278 3749 7279 378 7279 140 7279 3726 7280 140 7280 3749 7280 3724 7281 3701 7281 3749 7281 3701 7282 3726 7282 3749 7282 485 7283 492 7283 3750 7283 3737 7284 3724 7284 3749 7284 3746 7285 3732 7285 3751 7285 3741 7286 3742 7286 3750 7286 293 7287 485 7287 3752 7287 3725 7288 293 7288 3752 7288 3742 7289 3725 7289 3752 7289 485 7290 3750 7290 3752 7290 3750 7291 3742 7291 3752 7291 2827 7292 2152 7292 3753 7292 2152 7293 3733 7293 3753 7293 3730 7294 3737 7294 3754 7294 3745 7295 3730 7295 3754 7295 3709 7296 3723 7296 3755 7296 3718 7297 3740 7297 3756 7297 3744 7298 3709 7298 3755 7298 3735 7299 3718 7299 3756 7299 3740 7300 3745 7300 3756 7300 3748 7301 3744 7301 3755 7301 3723 7302 3727 7302 3757 7302 3722 7303 3735 7303 3758 7303 3743 7304 3722 7304 3758 7304 3755 7305 3723 7305 3757 7305 2435 7306 2367 7306 3759 7306 2367 7307 3738 7307 3759 7307 3737 7308 3749 7308 3760 7308 3748 7309 3755 7309 3761 7309 3754 7310 3737 7310 3760 7310 3755 7311 3757 7311 3761 7311 3749 7312 378 7312 3760 7312 2827 7313 3753 7313 3762 7313 3756 7314 3745 7314 3763 7314 3761 7315 3757 7315 3764 7315 3751 7316 3732 7316 3765 7316 3733 7317 3747 7317 3766 7317 3732 7318 3713 7318 3765 7318 3713 7319 3743 7319 3765 7319 3753 7320 3733 7320 3766 7320 3745 7321 3754 7321 3767 7321 3763 7322 3745 7322 3767 7322 3762 7323 3753 7323 3766 7323 3747 7324 3748 7324 3768 7324 3756 7325 3763 7325 3769 7325 3735 7326 3756 7326 3769 7326 3766 7327 3747 7327 3768 7327 3738 7328 3746 7328 3770 7328 3759 7329 3738 7329 3770 7329 3052 7330 2827 7330 3771 7330 2827 7331 3762 7331 3771 7331 3772 7332 614 7332 378 7332 3760 7333 378 7333 3772 7333 3727 7334 3736 7334 3773 7334 3754 7335 3760 7335 3772 7335 3767 7336 3754 7336 3772 7336 3757 7337 3727 7337 3773 7337 3764 7338 3757 7338 3773 7338 3765 7339 3743 7339 3774 7339 3762 7340 3766 7340 3775 7340 3743 7341 3758 7341 3774 7341 3766 7342 3768 7342 3775 7342 3773 7343 3736 7343 3776 7343 3769 7344 3763 7344 3777 7344 3736 7345 3741 7345 3776 7345 3770 7346 3746 7346 3778 7346 3775 7347 3768 7347 3779 7347 3746 7348 3751 7348 3778 7348 3765 7349 3774 7349 3780 7349 3764 7350 3773 7350 3781 7350 3778 7351 3751 7351 3780 7351 3773 7352 3776 7352 3781 7352 3751 7353 3765 7353 3780 7353 3763 7354 3767 7354 3782 7354 3777 7355 3763 7355 3782 7355 3781 7356 3776 7356 3783 7356 3767 7357 3772 7357 3784 7357 3768 7358 3748 7358 3785 7358 3772 7359 614 7359 3784 7359 3779 7360 3768 7360 3785 7360 3748 7361 3761 7361 3785 7361 3758 7362 3735 7362 3786 7362 3735 7363 3769 7363 3786 7363 3052 7364 3771 7364 3787 7364 3774 7365 3758 7365 3786 7365 2435 7366 3759 7366 3788 7366 3776 7367 3741 7367 3789 7367 3783 7368 3776 7368 3789 7368 3759 7369 3770 7369 3788 7369 3741 7370 3750 7370 3789 7370 3761 7371 3764 7371 3790 7371 3780 7372 3774 7372 3791 7372 3785 7373 3761 7373 3790 7373 3769 7374 3777 7374 3792 7374 3786 7375 3769 7375 3792 7375 3771 7376 3762 7376 3793 7376 3788 7377 3770 7377 3794 7377 3762 7378 3775 7378 3793 7378 3770 7379 3778 7379 3794 7379 3053 7380 3052 7380 3795 7380 3052 7381 3787 7381 3795 7381 3777 7382 3782 7382 3796 7382 492 7383 797 7383 3797 7383 3798 7384 763 7384 614 7384 3783 7385 3789 7385 3797 7385 3782 7386 3767 7386 3798 7386 3767 7387 3784 7387 3798 7387 3779 7388 3785 7388 3799 7388 3784 7389 614 7389 3798 7389 3785 7390 3790 7390 3799 7390 3778 7391 3780 7391 3800 7391 3793 7392 3775 7392 3801 7392 3775 7393 3779 7393 3801 7393 3774 7394 3786 7394 3802 7394 3791 7395 3774 7395 3802 7395 3789 7396 3750 7396 3803 7396 3797 7397 3789 7397 3803 7397 3786 7398 3792 7398 3802 7398 3750 7399 492 7399 3803 7399 492 7400 3797 7400 3803 7400 3802 7401 3792 7401 3804 7401 3799 7402 3790 7402 3805 7402 3792 7403 3777 7403 3806 7403 3777 7404 3796 7404 3806 7404 3804 7405 3792 7405 3806 7405 3796 7406 3782 7406 3807 7406 3771 7407 3793 7407 3808 7407 3798 7408 763 7408 3807 7408 3782 7409 3798 7409 3807 7409 3787 7410 3771 7410 3808 7410 3053 7411 3795 7411 3809 7411 3780 7412 3791 7412 3810 7412 3800 7413 3780 7413 3810 7413 3764 7414 3781 7414 3811 7414 3791 7415 3802 7415 3812 7415 3790 7416 3764 7416 3811 7416 3802 7417 3804 7417 3812 7417 3810 7418 3791 7418 3812 7418 3805 7419 3790 7419 3811 7419 3794 7420 3778 7420 3813 7420 3793 7421 3801 7421 3814 7421 3778 7422 3800 7422 3813 7422 3812 7423 3804 7423 3815 7423 3808 7424 3793 7424 3814 7424 3170 7425 3053 7425 3816 7425 3053 7426 3809 7426 3816 7426 3804 7427 3806 7427 3817 7427 3815 7428 3804 7428 3817 7428 3800 7429 3810 7429 3818 7429 3779 7430 3799 7430 3819 7430 3801 7431 3779 7431 3819 7431 3813 7432 3800 7432 3818 7432 3811 7433 3781 7433 3820 7433 3781 7434 3783 7434 3820 7434 3821 7435 958 7435 763 7435 3817 7436 3806 7436 3821 7436 3807 7437 763 7437 3821 7437 3806 7438 3796 7438 3821 7438 3796 7439 3807 7439 3821 7439 3795 7440 3787 7440 3822 7440 3794 7441 3813 7441 3823 7441 3824 7442 2435 7442 3823 7442 3787 7443 3808 7443 3822 7443 3809 7444 3795 7444 3822 7444 2435 7445 3788 7445 3823 7445 3788 7446 3794 7446 3823 7446 3818 7447 3810 7447 3825 7447 3810 7448 3812 7448 3825 7448 3808 7449 3814 7449 3826 7449 3812 7450 3815 7450 3825 7450 958 7451 1148 7451 3827 7451 3815 7452 3817 7452 3827 7452 3822 7453 3808 7453 3826 7453 958 7454 3827 7454 3828 7454 3817 7455 3821 7455 3828 7455 3827 7456 3817 7456 3828 7456 3821 7457 958 7457 3828 7457 3799 7458 3805 7458 3829 7458 3825 7459 3815 7459 3830 7459 3819 7460 3799 7460 3829 7460 3815 7461 3827 7461 3830 7461 3805 7462 3811 7462 3831 7462 3811 7463 3820 7463 3831 7463 3825 7464 3830 7464 3832 7464 3818 7465 3825 7465 3832 7465 3170 7466 3816 7466 3833 7466 3813 7467 3818 7467 3834 7467 3824 7468 3823 7468 3834 7468 3835 7469 3824 7469 3834 7469 3823 7470 3813 7470 3834 7470 3831 7471 3820 7471 3836 7471 3832 7472 3830 7472 3837 7472 3783 7473 3797 7473 3838 7473 3820 7474 3783 7474 3838 7474 3830 7475 3827 7475 3839 7475 3836 7476 3820 7476 3838 7476 3834 7477 3818 7477 3840 7477 3818 7478 3832 7478 3840 7478 3814 7479 3801 7479 3841 7479 3835 7480 3834 7480 3840 7480 3801 7481 3819 7481 3841 7481 1148 7482 360 7482 3842 7482 3837 7483 3830 7483 3842 7483 3816 7484 3809 7484 3843 7484 3830 7485 3839 7485 3842 7485 3809 7486 3822 7486 3843 7486 3827 7487 1148 7487 3844 7487 3839 7488 3827 7488 3844 7488 3842 7489 3839 7489 3844 7489 1148 7490 3842 7490 3844 7490 3845 7491 3835 7491 3846 7491 3321 7492 3170 7492 3847 7492 3832 7493 3837 7493 3846 7493 3170 7494 3833 7494 3847 7494 3840 7495 3832 7495 3846 7495 3835 7496 3840 7496 3846 7496 3845 7497 3846 7497 3848 7497 3843 7498 3822 7498 3849 7498 3846 7499 3837 7499 3848 7499 3845 7500 3848 7500 3850 7500 3822 7501 3826 7501 3849 7501 3851 7502 3845 7502 3850 7502 360 7503 3851 7503 3850 7503 3842 7504 360 7504 3850 7504 3816 7505 3843 7505 3852 7505 3837 7506 3842 7506 3850 7506 3848 7507 3837 7507 3850 7507 3833 7508 3816 7508 3852 7508 3819 7509 3829 7509 3853 7509 3841 7510 3819 7510 3853 7510 3843 7511 3849 7511 3854 7511 3852 7512 3843 7512 3854 7512 3814 7513 3841 7513 3855 7513 3826 7514 3814 7514 3855 7514 3836 7515 3838 7515 3856 7515 797 7516 938 7516 3856 7516 797 7517 3856 7517 3857 7517 3797 7518 797 7518 3857 7518 3838 7519 3797 7519 3857 7519 3856 7520 3838 7520 3857 7520 3829 7521 3805 7521 3858 7521 3805 7522 3831 7522 3858 7522 3321 7523 3847 7523 3859 7523 3841 7524 3853 7524 3860 7524 3855 7525 3841 7525 3860 7525 3858 7526 3831 7526 3861 7526 3831 7527 3836 7527 3861 7527 3833 7528 3852 7528 3862 7528 3852 7529 3854 7529 3862 7529 3321 7530 3859 7530 3863 7530 1907 7531 3321 7531 3863 7531 3862 7532 3854 7532 3864 7532 3826 7533 3855 7533 3865 7533 3855 7534 3860 7534 3865 7534 3849 7535 3826 7535 3865 7535 3847 7536 3833 7536 3866 7536 3859 7537 3847 7537 3866 7537 3833 7538 3862 7538 3866 7538 3862 7539 3864 7539 3867 7539 3866 7540 3862 7540 3867 7540 3864 7541 3854 7541 3868 7541 3849 7542 3865 7542 3868 7542 3854 7543 3849 7543 3868 7543 3853 7544 3829 7544 3869 7544 3829 7545 3858 7545 3869 7545 3865 7546 3860 7546 3636 7546 3836 7547 3856 7547 3661 7547 3861 7548 3836 7548 3661 7548 1907 7549 3863 7549 3641 7549 3858 7550 3861 7550 3648 7550 3869 7551 3858 7551 3648 7551 3868 7552 3865 7552 3635 7552 3865 7553 3636 7553 3635 7553 3863 7554 3859 7554 3870 7554 3859 7555 3866 7555 3870 7555 3860 7556 3853 7556 3638 7556 3636 7557 3860 7557 3638 7557 3853 7558 3869 7558 3638 7558 1907 7559 3641 7559 3640 7559 2033 7560 1907 7560 3640 7560 3866 7561 3867 7561 3656 7561 3870 7562 3866 7562 3656 7562 3864 7563 3868 7563 3645 7563 3868 7564 3635 7564 3645 7564 3869 7565 3648 7565 3639 7565 3638 7566 3869 7566 3639 7566 3863 7567 3870 7567 3643 7567 3641 7568 3863 7568 3643 7568 3870 7569 3656 7569 3643 7569 3856 7570 938 7570 3659 7570 3661 7571 3856 7571 3659 7571 3648 7572 3861 7572 3649 7572 3861 7573 3661 7573 3649 7573 3643 7574 3656 7574 3654 7574 3867 7575 3864 7575 3644 7575 3864 7576 3645 7576 3644 7576 3656 7577 3867 7577 3644 7577 3645 7578 3635 7578 3647 7578 2033 7579 3640 7579 3657 7579 3835 7580 3871 7580 3872 7580 3835 7581 3845 7581 3871 7581 1706 7582 3873 7582 3874 7582 1706 7583 3874 7583 1771 7583 3875 7584 556 7584 3611 7584 1558 7585 3876 7585 3873 7585 1558 7586 3873 7586 1706 7586 3824 7587 3872 7587 3877 7587 3878 7588 3611 7588 3595 7588 3824 7589 3835 7589 3872 7589 3878 7590 3875 7590 3611 7590 1552 7591 3876 7591 1558 7591 3879 7592 573 7592 556 7592 3879 7593 556 7593 3875 7593 2435 7594 3877 7594 3880 7594 2435 7595 3824 7595 3877 7595 3881 7596 3595 7596 3576 7596 1539 7597 3882 7597 3876 7597 3881 7598 3878 7598 3595 7598 1539 7599 3876 7599 1552 7599 3883 7600 502 7600 551 7600 3883 7601 551 7601 573 7601 3883 7602 573 7602 3879 7602 2335 7603 2435 7603 3880 7603 2636 7604 3884 7604 3882 7604 3885 7605 3576 7605 3567 7605 2636 7606 3882 7606 1539 7606 3885 7607 3567 7607 1546 7607 3885 7608 3881 7608 3576 7608 2248 7609 3880 7609 3886 7609 2248 7610 2335 7610 3880 7610 3887 7611 411 7611 502 7611 2993 7612 3888 7612 3884 7612 3887 7613 502 7613 3883 7613 2993 7614 3884 7614 2636 7614 3889 7615 1546 7615 1425 7615 1901 7616 3886 7616 3890 7616 3889 7617 3885 7617 1546 7617 1901 7618 2248 7618 3886 7618 3891 7619 359 7619 411 7619 3212 7620 3890 7620 3888 7620 3212 7621 3888 7621 2993 7621 3212 7622 1901 7622 3890 7622 3891 7623 411 7623 3887 7623 3892 7624 1425 7624 1276 7624 3892 7625 3889 7625 1425 7625 3893 7626 360 7626 359 7626 3893 7627 359 7627 3891 7627 3894 7628 3892 7628 1276 7628 3894 7629 1276 7629 1275 7629 3895 7630 360 7630 3893 7630 3851 7631 360 7631 3895 7631 3874 7632 3894 7632 1275 7632 3845 7633 3895 7633 3871 7633 3845 7634 3851 7634 3895 7634 1771 7635 3874 7635 1275 7635 4011 7824 4012 7824 4013 7824 4014 7825 4013 7825 4015 7825 4016 7826 4017 7826 4018 7826 4019 7827 4016 7827 4018 7827 4020 7828 4019 7828 4018 7828 4012 7829 4020 7829 4018 7829 4021 7830 4015 7830 4018 7830 4013 7831 4012 7831 4018 7831 4015 7832 4013 7832 4018 7832 4018 7833 4017 7833 4022 7833 4023 7834 4024 7834 4025 7834 4022 7835 4017 7835 4026 7835 4027 7836 4026 7836 4028 7836 4029 7837 4023 7837 4028 7837 4030 7838 4029 7838 4028 7838 4017 7839 4030 7839 4028 7839 4026 7840 4017 7840 4028 7840 4031 7841 4032 7841 4033 7841 4025 7842 4031 7842 4033 7842 4034 7843 4028 7843 4035 7843 4023 7844 4025 7844 4035 7844 4028 7845 4023 7845 4035 7845 4025 7846 4033 7846 4035 7846 3881 7847 3885 7847 4025 7847 3881 7848 4025 7848 4024 7848 3878 7849 3881 7849 4024 7849 3878 7850 4024 7850 4023 7850 3875 7851 3878 7851 4023 7851 3887 7852 4017 7852 4016 7852 3879 7853 3875 7853 4023 7853 3891 7854 3887 7854 4016 7854 3893 7855 3891 7855 4016 7855 3879 7856 4023 7856 4029 7856 3895 7857 3893 7857 4019 7857 3893 7858 4016 7858 4019 7858 3879 7859 4029 7859 4030 7859 3883 7860 3879 7860 4030 7860 3887 7861 3883 7861 4030 7861 3871 7862 3895 7862 4020 7862 3895 7863 4019 7863 4020 7863 3887 7864 4030 7864 4017 7864 3872 7865 3871 7865 4012 7865 3871 7866 4020 7866 4012 7866 3877 7867 3872 7867 4011 7867 3872 7868 4012 7868 4011 7868 3880 7869 3877 7869 4013 7869 3877 7870 4011 7870 4013 7870 3880 7871 4013 7871 4014 7871 3886 7872 3880 7872 4015 7872 3890 7873 3886 7873 4015 7873 3880 7874 4014 7874 4015 7874 3890 7875 4015 7875 4021 7875 3888 7876 3890 7876 4018 7876 3890 7877 4021 7877 4018 7877 3884 7878 3888 7878 4022 7878 3882 7879 3884 7879 4022 7879 3888 7880 4018 7880 4022 7880 3882 7881 4022 7881 4026 7881 3876 7882 3882 7882 4026 7882 3876 7883 4026 7883 4027 7883 3876 7884 4027 7884 4028 7884 3873 7885 3876 7885 4028 7885 3873 7886 4028 7886 4034 7886 3874 7887 3873 7887 4034 7887 3874 7888 4034 7888 4035 7888 3894 7889 3874 7889 4035 7889 3892 7890 3894 7890 4035 7890 3892 7891 4035 7891 4033 7891 3889 7892 3892 7892 4033 7892 3889 7893 4033 7893 4032 7893 3889 7894 4032 7894 4031 7894 3885 7895 3889 7895 4031 7895 3885 7896 4031 7896 4025 7896 2475 7899 2460 7899 4037 7899 2475 7900 4039 7900 4040 7900 2475 7901 4037 7901 4039 7901 2492 7902 2475 7902 4040 7902 4041 7903 2492 7903 4040 7903 2511 7906 2492 7906 4041 7906 4043 7907 2511 7907 4041 7907 2534 7911 2511 7911 4043 7911 2303 7920 4049 7920 2340 7920 2303 7921 4052 7921 4049 7921 4053 7922 4052 7922 2303 7922 2278 7925 4053 7925 2303 7925 2196 7937 4061 7937 2239 7937 4063 7938 4061 7938 2196 7938 2189 7943 4063 7943 2196 7943 2078 7984 4089 7984 2090 7984 2078 7985 4092 7985 4089 7985 4093 7987 4092 7987 2078 7987 2953 7989 2952 7989 4094 7989 2953 7990 4094 7990 4095 7990 2071 7991 4096 7991 4093 7991 2071 7992 4093 7992 2078 7992 4097 7993 2953 7993 4095 7993 4098 7994 4096 7994 2071 7994 3367 7995 2953 7995 4097 7995 2069 7997 4098 7997 2071 7997 2065 8002 4102 8002 2069 8002 4104 8004 4102 8004 2065 8004 1343 8007 4104 8007 2065 8007 4290 8280 4291 8280 4292 8280 4290 8281 4292 8281 4293 8281 4240 8698 4507 8698 4225 8698 4506 8699 4507 8699 4240 8699 4207 8700 4506 8700 4240 8700 4504 8701 4506 8701 4207 8701 4188 8702 4504 8702 4207 8702 4168 8712 4486 8712 4173 8712 4501 8713 4486 8713 4168 8713 4181 8714 4501 8714 4168 8714 4489 8732 4155 8732 4157 8732 4491 8734 4157 8734 4161 8734 4491 8735 4489 8735 4157 8735 4495 8736 4491 8736 4161 8736 4495 8737 4161 8737 4165 8737 4496 8738 4495 8738 4165 8738 4496 8739 4165 8739 4175 8739 4497 8740 4175 8740 4179 8740 4498 8742 4179 8742 4180 8742 4498 8743 4497 8743 4179 8743 4453 8744 4498 8744 4180 8744 4494 8745 4498 8745 4453 8745 4502 8746 4494 8746 4453 8746 4502 8747 4453 8747 4204 8747 4505 8748 4204 8748 4203 8748 4505 8749 4502 8749 4204 8749 4507 8750 4203 8750 4225 8750 4241 8753 4508 8753 4234 8753 4206 8758 4511 8758 4201 8758 4201 8759 4511 8759 4512 8759 4201 8760 4512 8760 4195 8760 4195 8761 4512 8761 4513 8761 4195 8762 4513 8762 4191 8762 4191 8763 4513 8763 4514 8763 4191 8764 4514 8764 4184 8764 4184 8765 4514 8765 4515 8765 4184 8766 4515 8766 4183 8766 4183 8767 4515 8767 4516 8767 4183 8768 4516 8768 4194 8768 4198 8772 4518 8772 4205 8772 4205 8773 4518 8773 4519 8773 4205 8774 4519 8774 4237 8774 4237 8775 4519 8775 4520 8775 4246 8776 4237 8776 4521 8776 4237 8777 4520 8777 4521 8777 4247 8778 4246 8778 4522 8778 4243 8780 4247 8780 4523 8780 4247 8781 4522 8781 4523 8781 4534 8802 4244 8802 4238 8802 4534 8803 4238 8803 4535 8803 4535 8804 4238 8804 4233 8804 4315 8846 4296 8846 4556 8846 4296 8847 4536 8847 4556 8847 4318 8848 4315 8848 4557 8848 4315 8849 4556 8849 4557 8849 4324 8854 4559 8854 4309 8854 4309 8855 4559 8855 4560 8855 4252 8867 4565 8867 4566 8867 4252 8868 4566 8868 4245 8868 4245 8870 4567 8870 4242 8870 4242 8871 4567 8871 4568 8871 4241 8873 4568 8873 4508 8873 4385 8942 4384 8942 4574 8942 4385 8944 4574 8944 4575 8944 4357 8951 4359 8951 4579 8951 4359 8952 4578 8952 4579 8952 4357 8954 4579 8954 4580 8954 4322 8957 4326 8957 4582 8957 4326 8958 4581 8958 4582 8958 4320 8959 4322 8959 4583 8959 4321 8961 4320 8961 4584 8961 4320 8962 4583 8962 4584 8962 4321 8964 4584 8964 4585 8964 4323 8971 4308 8971 4589 8971 4323 8973 4589 8973 4358 8973 4353 8983 4594 8983 4354 8983 4354 8984 4594 8984 4595 8984 4596 9012 4597 9012 4598 9012 4610 9024 4608 9024 4611 9024 4596 9026 4610 9026 4597 9026 4610 9027 4611 9027 4597 9027 4622 9046 4418 9046 4411 9046 4622 9047 4621 9047 4418 9047 4623 9049 4622 9049 4411 9049 4624 9050 4623 9050 4400 9050 4624 9051 4400 9051 4368 9051 4371 9052 4624 9052 4368 9052 4625 9053 4624 9053 4371 9053 4627 9057 4626 9057 4377 9057 4390 9058 4627 9058 4377 9058 4612 9059 4627 9059 4390 9059 4644 9106 4640 9106 4440 9106 4644 9107 4440 9107 4417 9107 4426 9109 4427 9109 4645 9109 4647 9110 4426 9110 4645 9110 4644 9112 4419 9112 4647 9112 4417 9113 4419 9113 4644 9113 4656 9132 4639 9132 4657 9132 4639 9133 4638 9133 4657 9133 4656 9135 4657 9135 4659 9135 4664 9173 4434 9173 4429 9173 4664 9174 4429 9174 4661 9174 4430 9176 4662 9176 4665 9176 4421 9177 4430 9177 4665 9177 4421 9178 4665 9178 4666 9178 4416 9182 4423 9182 4668 9182 4670 9186 4395 9186 4406 9186 4668 9189 4671 9189 4416 9189 4395 9191 4670 9191 4672 9191 4391 9192 4395 9192 4672 9192 4674 9194 4383 9194 4382 9194 4675 9195 4673 9195 4386 9195 4673 9196 4382 9196 4386 9196 4672 9197 4675 9197 4391 9197 4675 9198 4386 9198 4391 9198 4674 9199 4676 9199 4383 9199 4676 9200 4376 9200 4383 9200 4677 9201 4678 9201 4369 9201 4678 9202 4363 9202 4369 9202 4679 9203 4677 9203 4373 9203 4677 9204 4369 9204 4373 9204 4676 9205 4679 9205 4376 9205 4679 9206 4373 9206 4376 9206 4678 9207 4680 9207 4363 9207 4684 9215 4405 9215 4681 9215 4681 9216 4405 9216 4401 9216 4685 9218 4403 9218 4402 9218 4685 9219 4402 9219 4686 9219 4686 9220 4402 9220 4404 9220 4684 9222 4404 9222 4405 9222 4271 9307 4710 9307 4272 9307 4272 9308 4710 9308 4711 9308 4272 9309 4711 9309 4712 9309 4272 9310 4712 9310 4277 9310 4286 9313 4713 9313 4714 9313 4286 9314 4714 9314 4340 9314 4340 9315 4714 9315 4350 9315 4344 9328 4719 9328 4720 9328 4334 9352 4732 9352 4733 9352 4735 9361 4738 9361 4372 9361 4738 9362 4379 9362 4372 9362 4739 9426 4733 9426 4732 9426 4800 9596 4801 9596 4802 9596 4803 9597 4800 9597 4804 9597 4803 9598 4804 9598 4805 9598 4803 9599 4801 9599 4800 9599 4806 9600 4807 9600 4803 9600 4808 9601 4806 9601 4809 9601 4808 9602 4807 9602 4806 9602 4810 9603 4811 9603 4812 9603 4810 9604 4813 9604 4807 9604 4810 9605 4814 9605 4813 9605 4815 9606 4810 9606 4812 9606 4811 9607 4808 9607 4809 9607 4812 9608 4811 9608 4816 9608 4815 9609 4812 9609 4816 9609 4805 9610 4804 9610 4800 9610 4803 9611 4805 9611 4802 9611 4805 9612 4800 9612 4802 9612 4802 9613 4801 9613 4817 9613 4809 9614 4806 9614 4817 9614</p>
        </triangles>
        <triangles material="Material_002-material" count="1415">
          <input semantic="VERTEX" source="#link_3-mesh-vertices" offset="0"/>
          <input semantic="NORMAL" source="#link_3-mesh-normals" offset="1"/>
          <p>158 166 159 166 160 166 159 168 162 168 163 168 160 169 159 169 163 169 163 170 162 170 164 170 162 172 166 172 164 172 164 173 166 173 167 173 166 176 170 176 167 176 167 179 170 179 173 179 170 183 174 183 173 183 174 185 176 185 177 185 173 186 174 186 177 186 177 187 176 187 178 187 178 197 176 197 186 197 176 199 188 199 186 199 188 224 203 224 204 224 186 225 188 225 204 225 203 227 206 227 207 227 204 228 203 228 207 228 206 241 216 241 217 241 207 242 206 242 217 242 217 243 216 243 218 243 216 246 221 246 218 246 221 260 228 260 229 260 218 263 221 263 229 263 229 265 228 265 231 265 228 267 232 267 231 267 231 282 232 282 245 282 232 284 246 284 245 284 245 285 246 285 247 285 247 313 246 313 262 313 246 316 264 316 262 316 264 330 272 330 273 330 262 331 264 331 273 331 273 358 272 358 287 358 272 361 289 361 287 361 287 399 289 399 313 399 314 400 315 400 313 400 289 402 314 402 313 402 313 430 315 430 331 430 315 443 338 443 339 443 331 446 315 446 339 446 338 448 341 448 342 448 339 449 338 449 342 449 341 495 369 495 370 495 342 498 341 498 370 498 369 532 387 532 388 532 370 534 369 534 388 534 387 584 414 584 415 584 388 586 387 586 415 586 415 636 414 636 442 636 442 639 414 639 443 639 414 640 444 640 443 640 443 670 444 670 459 670 444 671 460 671 459 671 459 739 460 739 496 739 460 742 498 742 496 742 498 779 515 779 516 779 496 780 498 780 516 780 515 829 539 829 540 829 516 831 515 831 540 831 540 939 539 939 587 939 587 955 539 955 595 955 539 956 596 956 595 956 596 968 603 968 604 968 595 969 596 969 604 969 603 999 620 999 621 999 604 1000 603 1000 621 1000 620 1032 638 1032 639 1032 621 1034 620 1034 639 1034 639 1059 638 1059 653 1059 653 1106 638 1106 677 1106 638 1109 678 1109 677 1109 1341 2512 1342 2512 1343 2512 1354 2530 1355 2530 1342 2530 1354 2532 1342 2532 1341 2532 1361 2543 1355 2543 1354 2543 1381 2579 1382 2579 1355 2579 1381 2580 1355 2580 1361 2580 1388 2589 1389 2589 1382 2589 1388 2590 1382 2590 1381 2590 1415 2641 1389 2641 1388 2641 1444 2694 1445 2694 1389 2694 1447 2697 1389 2697 1415 2697 1447 2701 1444 2701 1389 2701 1462 2721 1445 2721 1444 2721 1462 2722 1444 2722 1447 2722 1465 2726 1462 2726 1447 2726 1498 2790 1499 2790 1445 2790 1498 2794 1445 2794 1462 2794 1505 2800 1462 2800 1465 2800 1505 2804 1498 2804 1462 2804 1515 2822 1516 2822 1499 2822 1515 2824 1499 2824 1498 2824 1519 2828 1498 2828 1505 2828 1519 2829 1515 2829 1498 2829 1568 2926 1516 2926 1515 2926 1571 2935 1568 2935 1515 2935 1571 2936 1515 2936 1519 2936 1606 3003 1607 3003 1516 3003 1606 3005 1516 3005 1568 3005 1606 3007 1568 3007 1571 3007 1609 3008 1607 3008 1606 3008 1610 3010 1606 3010 1571 3010 1610 3012 1609 3012 1606 3012 1612 3014 1609 3014 1610 3014 1651 3090 1652 3090 1607 3090 1651 3092 1607 3092 1609 3092 1651 3093 1609 3093 1612 3093 1655 3099 1651 3099 1612 3099 1678 3143 1679 3143 1652 3143 1678 3144 1652 3144 1651 3144 1683 3152 1678 3152 1651 3152 1683 3153 1651 3153 1655 3153 1691 3167 1679 3167 1678 3167 1696 3174 1678 3174 1683 3174 1696 3178 1691 3178 1678 3178 1728 3237 1729 3237 1679 3237 1728 3239 1731 3239 1729 3239 1728 3240 1679 3240 1691 3240 1728 3242 1691 3242 1696 3242 1732 3243 1728 3243 1696 3243 1732 3244 1731 3244 1728 3244 2088 3897 2090 3897 2094 3897 2090 3899 2097 3899 2094 3899 2094 3907 2097 3907 2102 3907 2097 3918 2108 3918 2109 3918 2102 3919 2097 3919 2109 3919 2108 3948 2125 3948 2126 3948 2109 3949 2108 3949 2126 3949 2126 3967 2125 3967 2138 3967 2125 3969 2139 3969 2138 3969 2139 3996 2153 3996 2154 3996 2138 3997 2139 3997 2154 3997 2154 4015 2153 4015 2164 4015 2153 4019 2166 4019 2164 4019 2164 4062 2166 4062 2187 4062 2166 4066 2189 4066 2187 4066 2187 4075 2189 4075 2194 4075 2194 4115 2214 4115 2216 4115 2216 4160 2214 4160 2240 4160 2216 4174 2240 4174 2247 4174 2239 4239 2278 4239 2279 4239 2240 4241 2239 4241 2279 4241 2240 4245 2279 4245 2282 4245 2247 4247 2240 4247 2282 4247 2340 4400 2359 4400 2360 4400 2342 4408 2360 4408 2364 4408 2360 4429 2359 4429 2375 4429 2364 4430 2360 4430 2375 4430 2364 4435 2375 4435 2379 4435 2461 4654 2474 4654 2482 4654 2497 4712 2509 4712 2515 4712 2540 4816 2564 4816 2570 4816 2623 4969 2650 4969 2651 4969 2626 4983 2651 4983 2657 4983 2685 5061 2696 5061 2697 5061 2697 5101 2696 5101 2716 5101 2697 5102 2716 5102 2717 5102 2701 5104 2697 5104 2717 5104 2717 5153 2716 5153 2743 5153 2716 5154 2696 5154 2743 5154 2696 5155 2744 5155 2743 5155 2717 5165 2743 5165 2750 5165 2744 5187 2762 5187 2763 5187 2743 5188 2744 5188 2763 5188 2750 5190 2743 5190 2763 5190 2750 5194 2763 5194 2766 5194 2762 5235 2785 5235 2786 5235 2763 5237 2762 5237 2786 5237 2766 5238 2763 5238 2786 5238 2766 5247 2786 5247 2791 5247 2786 5308 2785 5308 2821 5308 2785 5310 2822 5310 2821 5310 2786 5312 2821 5312 2824 5312 2791 5313 2786 5313 2824 5313 2822 5335 2835 5335 2836 5335 2824 5337 2821 5337 2836 5337 2821 5338 2822 5338 2836 5338 2824 5341 2836 5341 2839 5341 2836 5384 2835 5384 2863 5384 2839 5387 2836 5387 2863 5387 2839 5389 2863 5389 2865 5389 2863 5453 2835 5453 2894 5453 2865 5454 2863 5454 2894 5454 2835 5457 2896 5457 2894 5457 2865 5464 2894 5464 2899 5464 2896 5528 2936 5528 2937 5528 2894 5529 2896 5529 2937 5529 2894 5537 2937 5537 2941 5537 2899 5539 2894 5539 2941 5539 2936 5561 2952 5561 2954 5561 2937 5562 2936 5562 2954 5562 2941 5564 2937 5564 2954 5564 2941 5573 2954 5573 2959 5573 638 7636 3896 7636 3897 7636 3898 7637 3372 7637 3371 7637 3361 7638 3899 7638 3900 7638 3361 7639 3900 7639 3362 7639 3373 7640 3372 7640 3898 7640 3901 7641 3373 7641 3898 7641 3902 7642 3373 7642 3901 7642 3360 7643 3903 7643 3899 7643 3360 7644 3904 7644 3903 7644 3360 7645 3899 7645 3361 7645 3905 7646 3374 7646 3902 7646 3906 7647 3374 7647 3905 7647 3375 7648 3374 7648 3906 7648 3907 7649 3375 7649 3906 7649 3908 7650 3375 7650 3907 7650 678 7651 638 7651 3909 7651 3377 7652 3375 7652 3908 7652 678 7653 3910 7653 3911 7653 678 7654 3909 7654 3910 7654 3912 7655 3377 7655 3908 7655 3364 7656 3911 7656 3913 7656 3914 7657 3377 7657 3912 7657 3364 7658 678 7658 3911 7658 3359 7659 3915 7659 3904 7659 3378 7660 3377 7660 3914 7660 3359 7661 3904 7661 3360 7661 3365 7662 3913 7662 3916 7662 3365 7663 3364 7663 3913 7663 3917 7664 3378 7664 3914 7664 3357 7665 3918 7665 3915 7665 3379 7666 3378 7666 3917 7666 3357 7667 3915 7667 3359 7667 3356 7668 3919 7668 3918 7668 3356 7669 3920 7669 3919 7669 3921 7670 3379 7670 3917 7670 3356 7671 3918 7671 3357 7671 3380 7672 3379 7672 3921 7672 3366 7673 3922 7673 3920 7673 3366 7674 3916 7674 3922 7674 3366 7675 3365 7675 3916 7675 3366 7676 3920 7676 3356 7676 3374 7677 3373 7677 3902 7677 3923 7678 3380 7678 3921 7678 3924 7679 3380 7679 3923 7679 3381 7680 3380 7680 3924 7680 3925 7681 3381 7681 3924 7681 3926 7682 3381 7682 3925 7682 3383 7683 3381 7683 3926 7683 3927 7684 3383 7684 3926 7684 3384 7685 3383 7685 3927 7685 3384 7686 3927 7686 3928 7686 3929 7687 3384 7687 3928 7687 3385 7688 3384 7688 3929 7688 3385 7689 3929 7689 3930 7689 3931 7690 3385 7690 3930 7690 3386 7691 3385 7691 3931 7691 3386 7692 3931 7692 3932 7692 3933 7693 3386 7693 3932 7693 3387 7694 3386 7694 3933 7694 3934 7695 3387 7695 3933 7695 3388 7696 3387 7696 3934 7696 3935 7697 3388 7697 3934 7697 3389 7698 3388 7698 3935 7698 3936 7699 3389 7699 3935 7699 3937 7700 3389 7700 3936 7700 3390 7701 3389 7701 3937 7701 3938 7702 3390 7702 3937 7702 3939 7703 3390 7703 3938 7703 3391 7704 3390 7704 3939 7704 3940 7705 3391 7705 3939 7705 3392 7706 3391 7706 3940 7706 3941 7707 3392 7707 3940 7707 158 7708 3392 7708 3941 7708 3942 7709 158 7709 3941 7709 159 7710 3942 7710 3943 7710 159 7711 158 7711 3942 7711 3944 7712 159 7712 3943 7712 162 7713 159 7713 3944 7713 3945 7714 162 7714 3944 7714 166 7715 162 7715 3945 7715 166 7716 3945 7716 3946 7716 3947 7717 166 7717 3946 7717 170 7718 166 7718 3947 7718 170 7719 3947 7719 3948 7719 3949 7720 170 7720 3948 7720 174 7721 170 7721 3949 7721 3950 7722 174 7722 3949 7722 3951 7723 174 7723 3950 7723 176 7724 174 7724 3951 7724 3952 7725 176 7725 3951 7725 188 7726 176 7726 3952 7726 188 7727 3952 7727 3953 7727 3954 7728 188 7728 3953 7728 203 7729 188 7729 3954 7729 203 7730 3954 7730 3955 7730 3956 7731 203 7731 3955 7731 206 7732 203 7732 3956 7732 3957 7733 206 7733 3956 7733 216 7734 206 7734 3957 7734 3958 7735 216 7735 3957 7735 221 7736 216 7736 3958 7736 3959 7737 221 7737 3958 7737 228 7738 221 7738 3959 7738 3960 7739 228 7739 3959 7739 232 7740 228 7740 3960 7740 3961 7741 232 7741 3960 7741 246 7742 232 7742 3961 7742 3962 7743 246 7743 3961 7743 264 7744 246 7744 3962 7744 264 7745 3962 7745 3963 7745 3964 7746 264 7746 3963 7746 272 7747 264 7747 3964 7747 272 7748 3964 7748 3965 7748 3966 7749 272 7749 3965 7749 289 7750 3966 7750 3967 7750 289 7751 272 7751 3966 7751 3968 7752 289 7752 3967 7752 314 7753 3968 7753 3969 7753 314 7754 289 7754 3968 7754 3970 7755 314 7755 3969 7755 315 7756 314 7756 3970 7756 3971 7757 315 7757 3970 7757 338 7758 315 7758 3971 7758 3972 7759 338 7759 3971 7759 341 7760 3972 7760 3973 7760 341 7761 338 7761 3972 7761 3974 7762 341 7762 3973 7762 369 7763 341 7763 3974 7763 369 7764 3974 7764 3975 7764 3976 7765 369 7765 3975 7765 3349 7766 3977 7766 3344 7766 387 7767 369 7767 3976 7767 387 7768 3976 7768 3978 7768 3979 7769 3977 7769 3349 7769 3348 7770 3979 7770 3349 7770 3980 7771 387 7771 3978 7771 3981 7772 3979 7772 3348 7772 414 7773 387 7773 3980 7773 414 7774 3980 7774 3982 7774 3347 7775 3981 7775 3348 7775 3983 7776 3981 7776 3347 7776 3984 7777 414 7777 3982 7777 3985 7778 3983 7778 3347 7778 444 7779 414 7779 3984 7779 444 7780 3984 7780 3986 7780 3346 7781 3985 7781 3347 7781 3987 7782 3985 7782 3346 7782 3988 7783 444 7783 3986 7783 3989 7784 3987 7784 3346 7784 460 7785 444 7785 3988 7785 3990 7786 460 7786 3988 7786 3355 7787 3989 7787 3346 7787 3991 7788 3989 7788 3355 7788 498 7789 3990 7789 3992 7789 498 7790 460 7790 3990 7790 3993 7791 3991 7791 3355 7791 515 7792 3992 7792 3994 7792 515 7793 498 7793 3992 7793 3354 7794 3993 7794 3355 7794 3995 7795 3993 7795 3354 7795 3996 7796 515 7796 3994 7796 3997 7797 3995 7797 3354 7797 539 7798 3996 7798 3998 7798 539 7799 515 7799 3996 7799 3353 7800 3997 7800 3354 7800 3999 7801 3997 7801 3353 7801 4000 7802 539 7802 3998 7802 4001 7803 3999 7803 3353 7803 596 7804 4000 7804 4002 7804 596 7805 539 7805 4000 7805 3351 7806 4001 7806 3353 7806 4003 7807 4001 7807 3351 7807 4004 7808 596 7808 4002 7808 3350 7809 4005 7809 4003 7809 3350 7810 4003 7810 3351 7810 603 7811 4004 7811 4006 7811 603 7812 596 7812 4004 7812 4007 7813 4005 7813 3350 7813 4008 7814 603 7814 4006 7814 3363 7815 4009 7815 4007 7815 3363 7816 4007 7816 3350 7816 4010 7817 4009 7817 3363 7817 620 7818 603 7818 4008 7818 620 7819 4008 7819 3896 7819 3362 7820 4010 7820 3363 7820 3362 7821 3900 7821 4010 7821 638 7822 620 7822 3896 7822 638 7823 3897 7823 3909 7823 2460 7897 4036 7897 4037 7897 2460 7898 4038 7898 4036 7898 2418 7904 4038 7904 2460 7904 2418 7905 4042 7905 4038 7905 2359 7908 4042 7908 2418 7908 2359 7909 4044 7909 4042 7909 4045 7910 4044 7910 2359 7910 2534 7912 4043 7912 4046 7912 4047 7913 2534 7913 4046 7913 2340 7914 4045 7914 2359 7914 2340 7915 4048 7915 4045 7915 4049 7916 4048 7916 2340 7916 2536 7917 2534 7917 4047 7917 2536 7918 4047 7918 4050 7918 4051 7919 2536 7919 4050 7919 2596 7923 2536 7923 4051 7923 4054 7924 2596 7924 4051 7924 4055 7926 4053 7926 2278 7926 4056 7927 2596 7927 4054 7927 2623 7928 2596 7928 4056 7928 4057 7929 4055 7929 2278 7929 4058 7930 2623 7930 4056 7930 2239 7931 4057 7931 2278 7931 4059 7932 4057 7932 2239 7932 2650 7933 4058 7933 4060 7933 2650 7934 2623 7934 4058 7934 4061 7935 4059 7935 2239 7935 4062 7936 2650 7936 4060 7936 2685 7939 2650 7939 4062 7939 2685 7940 4062 7940 4064 7940 4065 7941 2685 7941 4064 7941 2189 7942 4066 7942 4063 7942 4067 7944 4066 7944 2189 7944 2696 7945 2685 7945 4065 7945 2696 7946 4065 7946 4068 7946 4069 7947 2696 7947 4068 7947 2166 7948 4067 7948 2189 7948 2166 7949 4070 7949 4067 7949 2744 7950 2696 7950 4069 7950 4071 7951 4070 7951 2166 7951 4072 7952 2744 7952 4069 7952 2153 7953 4071 7953 2166 7953 2762 7954 2744 7954 4072 7954 4073 7955 4071 7955 2153 7955 4074 7956 2762 7956 4072 7956 2139 7957 4073 7957 2153 7957 2785 7958 2762 7958 4074 7958 4075 7959 4073 7959 2139 7959 4076 7960 2785 7960 4074 7960 4077 7961 2785 7961 4076 7961 2125 7962 4075 7962 2139 7962 2125 7963 4078 7963 4075 7963 2822 7964 2785 7964 4077 7964 4079 7965 4078 7965 2125 7965 4080 7966 2822 7966 4077 7966 2108 7967 4079 7967 2125 7967 4081 7968 4079 7968 2108 7968 2835 7969 4080 7969 4082 7969 2835 7970 2822 7970 4080 7970 4083 7971 4081 7971 2108 7971 4084 7972 2835 7972 4082 7972 2097 7973 4083 7973 2108 7973 4085 7974 4083 7974 2097 7974 2896 7975 4084 7975 4086 7975 2896 7976 2835 7976 4084 7976 4087 7977 4085 7977 2097 7977 4088 7978 2896 7978 4086 7978 2090 7979 4087 7979 2097 7979 4089 7980 4087 7980 2090 7980 2936 7981 4088 7981 4090 7981 2936 7982 2896 7982 4088 7982 4091 7983 2936 7983 4090 7983 2952 7986 2936 7986 4091 7986 4094 7988 2952 7988 4091 7988 4099 7996 3367 7996 4097 7996 4100 7998 4098 7998 2069 7998 3368 7999 4099 7999 4101 7999 3368 8000 3367 8000 4099 8000 4102 8001 4100 8001 2069 8001 4103 8003 3368 8003 4101 8003 3369 8005 3368 8005 4103 8005 4105 8006 3369 8006 4103 8006 3371 8008 3369 8008 4105 8008 4106 8009 4107 8009 1731 8009 4108 8010 4106 8010 3343 8010 1342 8011 4109 8011 1343 8011 4110 8012 4109 8012 1342 8012 4111 8013 4110 8013 1342 8013 1355 8014 4111 8014 1342 8014 4112 8015 4111 8015 1355 8015 4113 8016 4112 8016 1355 8016 1382 8017 4113 8017 1355 8017 4114 8018 4115 8018 1382 8018 1389 8019 4114 8019 1382 8019 4116 8020 4114 8020 1389 8020 4117 8021 4116 8021 1389 8021 1445 8022 4117 8022 1389 8022 4118 8023 4117 8023 1445 8023 1499 8024 4119 8024 4118 8024 1499 8025 4118 8025 1445 8025 4120 8026 4119 8026 1499 8026 1516 8027 4121 8027 4120 8027 1516 8028 4120 8028 1499 8028 4122 8029 4121 8029 1516 8029 1607 8030 4122 8030 1516 8030 4123 8031 4122 8031 1607 8031 4124 8032 4123 8032 1607 8032 1652 8033 4124 8033 1607 8033 4125 8034 4124 8034 1652 8034 4126 8035 4125 8035 1652 8035 1679 8036 4126 8036 1652 8036 4127 8037 4126 8037 1679 8037 4128 8038 4127 8038 1679 8038 1729 8039 4128 8039 1679 8039 1731 8040 4107 8040 1729 8040 3343 8041 4106 8041 1731 8041 3344 8042 4108 8042 3343 8042 4115 8043 4113 8043 1382 8043 4107 8044 4128 8044 1729 8044 3989 8045 3991 8045 4129 8045 3987 8046 3989 8046 4129 8046 3987 8047 4129 8047 4130 8047 3985 8048 3987 8048 4130 8048 3983 8049 3985 8049 4130 8049 3981 8050 3983 8050 4130 8050 4097 8051 4095 8051 4131 8051 4099 8052 4131 8052 4132 8052 3979 8053 3981 8053 4130 8053 4099 8054 4097 8054 4131 8054 4101 8055 4099 8055 4132 8055 3977 8056 3979 8056 4130 8056 3977 8057 4130 8057 4133 8057 4103 8058 4101 8058 4132 8058 3344 8059 3977 8059 4133 8059 4105 8060 4103 8060 4132 8060 4108 8061 3344 8061 4133 8061 4108 8062 4133 8062 4134 8062 3371 8063 4105 8063 4132 8063 4106 8064 4108 8064 4134 8064 3898 8065 4132 8065 4135 8065 3898 8066 3371 8066 4132 8066 3901 8067 3898 8067 4135 8067 4107 8068 4106 8068 4134 8068 4107 8069 4134 8069 4136 8069 3902 8070 3901 8070 4135 8070 4128 8071 4107 8071 4136 8071 3905 8072 3902 8072 4135 8072 4127 8073 4128 8073 4136 8073 4127 8074 4136 8074 4137 8074 3906 8075 3905 8075 4135 8075 4126 8076 4127 8076 4137 8076 3907 8077 4135 8077 4138 8077 3907 8078 3906 8078 4135 8078 4125 8079 4126 8079 4137 8079 3908 8080 3907 8080 4138 8080 4125 8081 4137 8081 4139 8081 3912 8082 3908 8082 4138 8082 4124 8083 4125 8083 4139 8083 4124 8084 4139 8084 4140 8084 3914 8085 3912 8085 4138 8085 4123 8086 4124 8086 4140 8086 3917 8087 3914 8087 4138 8087 3921 8088 4138 8088 4141 8088 4122 8089 4140 8089 4142 8089 4122 8090 4123 8090 4140 8090 3921 8091 3917 8091 4138 8091 3923 8092 3921 8092 4141 8092 4121 8093 4122 8093 4142 8093 3924 8094 3923 8094 4141 8094 4143 8095 4144 8095 4145 8095 4143 8096 4145 8096 4146 8096 3925 8097 3924 8097 4141 8097 4147 8098 4143 8098 4146 8098 4120 8099 4142 8099 4144 8099 3926 8100 3925 8100 4141 8100 4120 8101 4121 8101 4142 8101 4148 8102 4147 8102 4146 8102 3927 8103 3926 8103 4141 8103 3928 8104 4141 8104 4149 8104 4150 8105 4148 8105 4146 8105 3928 8106 3927 8106 4141 8106 4119 8107 4144 8107 4143 8107 4119 8108 4120 8108 4144 8108 3929 8109 3928 8109 4149 8109 3930 8110 3929 8110 4149 8110 4151 8111 4150 8111 4146 8111 3931 8112 3930 8112 4149 8112 4152 8113 4153 8113 4154 8113 3932 8115 3931 8115 4149 8115 4157 8116 4155 8116 4150 8116 4158 8117 4152 8117 4154 8117 4159 8118 4119 8118 4143 8118 4158 8119 4154 8119 4160 8119 3933 8120 3932 8120 4149 8120 3933 8121 4149 8121 4153 8121 4161 8122 4157 8122 4150 8122 4162 8123 4158 8123 4160 8123 4118 8124 4119 8124 4159 8124 3934 8125 3933 8125 4153 8125 4163 8126 4162 8126 4160 8126 3935 8127 3934 8127 4153 8127 3936 8128 4153 8128 4152 8128 3936 8129 3935 8129 4153 8129 4164 8130 4163 8130 4160 8130 4165 8131 4150 8131 4151 8131 4165 8132 4161 8132 4150 8132 4166 8133 4167 8133 4163 8133 4168 8134 4169 8134 4170 8134 4171 8135 4166 8135 4163 8135 4168 8136 4172 8136 4169 8136 4168 8137 4173 8137 4172 8137 4174 8138 3936 8138 4152 8138 4175 8139 4151 8139 4176 8139 4174 8140 3938 8140 3937 8140 4175 8141 4165 8141 4151 8141 4174 8142 3937 8142 3936 8142 4177 8143 4171 8143 4163 8143 4117 8144 4159 8144 4178 8144 3939 8145 3938 8145 4174 8145 4117 8146 4118 8146 4159 8146 4179 8147 4175 8147 4176 8147 4180 8148 4179 8148 4176 8148 3940 8149 3939 8149 4174 8149 4116 8150 4178 8150 4181 8150 4116 8151 4117 8151 4178 8151 4116 8152 4181 8152 4168 8152 4182 8153 4163 8153 4164 8153 4182 8154 4177 8154 4163 8154 4183 8155 4180 8155 4184 8155 3941 8156 3940 8156 4174 8156 4185 8157 4186 8157 4187 8157 4188 8158 4168 8158 4170 8158 4185 8159 4187 8159 4189 8159 4185 8160 4189 8160 4190 8160 4191 8161 4180 8161 4176 8161 4191 8162 4184 8162 4180 8162 4192 8163 4182 8163 4164 8163 4192 8164 4164 8164 4193 8164 4194 8165 4180 8165 4183 8165 3942 8166 3941 8166 4174 8166 4195 8167 4191 8167 4176 8167 4195 8168 4176 8168 4196 8168 4114 8169 4116 8169 4168 8169 3943 8170 4174 8170 4197 8170 4114 8171 4168 8171 4188 8171 3943 8172 3942 8172 4174 8172 4198 8173 4180 8173 4194 8173 4199 8174 4192 8174 4193 8174 3944 8175 4197 8175 4200 8175 3944 8176 3943 8176 4197 8176 4201 8177 4195 8177 4196 8177 4202 8178 4199 8178 4193 8178 3945 8179 4200 8179 4185 8179 4203 8180 4204 8180 4205 8180 4206 8181 4201 8181 4196 8181 3945 8182 3944 8182 4200 8182 3946 8183 3945 8183 4185 8183 4115 8184 4114 8184 4188 8184 4115 8185 4188 8185 4207 8185 4208 8186 4206 8186 4196 8186 3947 8187 3946 8187 4185 8187 4209 8188 4210 8188 4211 8188 4212 8189 4213 8189 4202 8189 4214 8190 4202 8190 4213 8190 4215 8191 4185 8191 4190 8191 4216 8192 4202 8192 4193 8192 4216 8193 4212 8193 4202 8193 4217 8194 4218 8194 4202 8194 4217 8195 4202 8195 4214 8195 3948 8196 4185 8196 4215 8196 3948 8197 3947 8197 4185 8197 4219 8198 4220 8198 4221 8198 4222 8199 4216 8199 4193 8199 4223 8200 4222 8200 4193 8200 4223 8201 4193 8201 4224 8201 4225 8202 4203 8202 4205 8202 4226 8203 4211 8203 4218 8203 4226 8204 4209 8204 4211 8204 4226 8205 4218 8205 4217 8205 4227 8206 4219 8206 4221 8206 3949 8207 3948 8207 4215 8207 4227 8208 4221 8208 4228 8208 4227 8209 4228 8209 4229 8209 4227 8210 4229 8210 4230 8210 4231 8211 4227 8211 4230 8211 4232 8212 4223 8212 4224 8212 3950 8213 3949 8213 4215 8213 4233 8214 4227 8214 4231 8214 4234 8215 4208 8215 4196 8215 4234 8216 4196 8216 4235 8216 4236 8217 4232 8217 4224 8217 4237 8218 4225 8218 4205 8218 3951 8219 3950 8219 4215 8219 4238 8220 4227 8220 4233 8220 4239 8221 4236 8221 4224 8221 4113 8222 4115 8222 4207 8222 4113 8223 4240 8223 4225 8223 4113 8224 4207 8224 4240 8224 4241 8225 4234 8225 4235 8225 4242 8226 4241 8226 4235 8226 4243 8227 4227 8227 4238 8227 4243 8228 4238 8228 4244 8228 4245 8229 4242 8229 4235 8229 4112 8230 4237 8230 4246 8230 4112 8231 4246 8231 4247 8231 4112 8232 4225 8232 4237 8232 4112 8233 4113 8233 4225 8233 4248 8234 4249 8234 4250 8234 4248 8235 4251 8235 4249 8235 4252 8236 4235 8236 4253 8236 4254 8237 4248 8237 4250 8237 4252 8238 4245 8238 4235 8238 4254 8239 4255 8239 4256 8239 4254 8240 4250 8240 4255 8240 4257 8241 4258 8241 4259 8241 4257 8242 4260 8242 4258 8242 4257 8243 4256 8243 4260 8243 4257 8244 4254 8244 4256 8244 3952 8245 4215 8245 4261 8245 3952 8246 3951 8246 4215 8246 4262 8247 4209 8247 4226 8247 4263 8248 4264 8248 4265 8248 4263 8249 4266 8249 4264 8249 4263 8250 4267 8250 4266 8250 4263 8251 4268 8251 4267 8251 4263 8252 4269 8252 4268 8252 4263 8253 4259 8253 4269 8253 4263 8254 4257 8254 4259 8254 4270 8255 4263 8255 4265 8255 4271 8256 4263 8256 4270 8256 4272 8257 4263 8257 4271 8257 4273 8258 4252 8258 4253 8258 3953 8259 3952 8259 4261 8259 4274 8260 4239 8260 4224 8260 4274 8261 4224 8261 4275 8261 4276 8262 4262 8262 4226 8262 4277 8263 4263 8263 4272 8263 3954 8264 4261 8264 4278 8264 3954 8265 3953 8265 4261 8265 4279 8266 4274 8266 4275 8266 3955 8267 4278 8267 4262 8267 3955 8268 3954 8268 4278 8268 3956 8269 4262 8269 4276 8269 3956 8270 3955 8270 4262 8270 4284 8273 4279 8273 4275 8273 4285 8274 4263 8274 4277 8274 4285 8275 4277 8275 4286 8275 4287 8277 4288 8277 4289 8277 4287 8278 4289 8278 4281 8278 4290 8282 4293 8282 4288 8282 3957 8283 4276 8283 4294 8283 3957 8284 3956 8284 4276 8284 4295 8285 4273 8285 4253 8285 4296 8286 4291 8286 4290 8286 4296 8287 4244 8287 4297 8287 4296 8288 4297 8288 4298 8288 4296 8289 4298 8289 4299 8289 4296 8290 4299 8290 4300 8290 4296 8291 4300 8291 4301 8291 4296 8292 4301 8292 4302 8292 4296 8293 4302 8293 4303 8293 4296 8294 4303 8294 4304 8294 4296 8295 4304 8295 4305 8295 4296 8296 4305 8296 4291 8296 4306 8297 4275 8297 4307 8297 4111 8298 4112 8298 4247 8298 4306 8299 4284 8299 4275 8299 4111 8300 4247 8300 4243 8300 4308 8301 4309 8301 4310 8301 4308 8302 4310 8302 4311 8302 4308 8303 4311 8303 4312 8303 4308 8304 4312 8304 4295 8304 4308 8305 4295 8305 4253 8305 4313 8306 4253 8306 4314 8306 4313 8307 4308 8307 4253 8307 4315 8308 4244 8308 4296 8308 4315 8309 4243 8309 4244 8309 4110 8310 4111 8310 4243 8310 4110 8311 4243 8311 4315 8311 4316 8312 4313 8312 4314 8312 4317 8313 4316 8313 4314 8313 4109 8314 4315 8314 4318 8314 4109 8315 4110 8315 4315 8315 3958 8316 3957 8316 4294 8316 3958 8317 4294 8317 4319 8317 4320 8318 4321 8318 4317 8318 4322 8319 4320 8319 4317 8319 4323 8320 4324 8320 4309 8320 1343 8321 4318 8321 4325 8321 1343 8322 4325 8322 4324 8322 1343 8323 4109 8323 4318 8323 4326 8324 4322 8324 4317 8324 4327 8325 4306 8325 4307 8325 4328 8326 4329 8326 4330 8326 4328 8327 4331 8327 4329 8327 4104 8328 1343 8328 4324 8328 4332 8329 4314 8329 4333 8329 4332 8330 4317 8330 4314 8330 4334 8331 4331 8331 4328 8331 4332 8332 4326 8332 4317 8332 4334 8333 4335 8333 4331 8333 4334 8334 4336 8334 4335 8334 4334 8335 4337 8335 4336 8335 4334 8336 4338 8336 4337 8336 4102 8337 4104 8337 4324 8337 4339 8338 4338 8338 4334 8338 4102 8339 4324 8339 4323 8339 4339 8340 4286 8340 4340 8340 4339 8341 4341 8341 4338 8341 4339 8342 4342 8342 4341 8342 4339 8343 4343 8343 4342 8343 4339 8344 4344 8344 4343 8344 4339 8345 4345 8345 4344 8345 4339 8346 4346 8346 4345 8346 4339 8347 4347 8347 4346 8347 4100 8348 4102 8348 4323 8348 4339 8349 4348 8349 4347 8349 4339 8350 4349 8350 4348 8350 4339 8351 4350 8351 4349 8351 4339 8352 4340 8352 4350 8352 4351 8353 4352 8353 4353 8353 4351 8354 4353 8354 4354 8354 3959 8355 3958 8355 4319 8355 4351 8356 4354 8356 4355 8356 4356 8357 4327 8357 4307 8357 4357 8358 4332 8358 4333 8358 3960 8359 3959 8359 4319 8359 3960 8360 4319 8360 4285 8360 4098 8361 4100 8361 4323 8361 4098 8362 4323 8362 4358 8362 4359 8363 4357 8363 4333 8363 4359 8364 4333 8364 4360 8364 3961 8365 3960 8365 4285 8365 4096 8366 4098 8366 4358 8366 4096 8367 4358 8367 4361 8367 4093 8368 4096 8368 4361 8368 4093 8369 4361 8369 4351 8369 4362 8370 4359 8370 4360 8370 4363 8371 4364 8371 4356 8371 4363 8372 4365 8372 4364 8372 4363 8373 4366 8373 4365 8373 4363 8374 4367 8374 4366 8374 4363 8375 4356 8375 4307 8375 3962 8376 3961 8376 4285 8376 4368 8377 4362 8377 4360 8377 4092 8378 4093 8378 4351 8378 4369 8379 4307 8379 4370 8379 4371 8380 4368 8380 4360 8380 4369 8381 4363 8381 4307 8381 4089 8382 4092 8382 4351 8382 3963 8383 3962 8383 4285 8383 4372 8384 4286 8384 4339 8384 4372 8385 3963 8385 4285 8385 4372 8386 4285 8386 4286 8386 4373 8387 4369 8387 4370 8387 4374 8388 4351 8388 4355 8388 3964 8389 3963 8389 4372 8389 4375 8390 4371 8390 4360 8390 4376 8391 4373 8391 4370 8391 4087 8392 4089 8392 4351 8392 3965 8393 3964 8393 4372 8393 4085 8394 4351 8394 4374 8394 4085 8395 4087 8395 4351 8395 4377 8396 4375 8396 4360 8396 3966 8397 3965 8397 4372 8397 4377 8398 4360 8398 4378 8398 4083 8399 4085 8399 4374 8399 3967 8400 4372 8400 4379 8400 3967 8401 3966 8401 4372 8401 4081 8402 4083 8402 4374 8402 3968 8403 4379 8403 4380 8403 4079 8404 4374 8404 4381 8404 3968 8405 3967 8405 4379 8405 4079 8406 4081 8406 4374 8406 4382 8407 4383 8407 4376 8407 4384 8408 4385 8408 4362 8408 4384 8409 4362 8409 4368 8409 4386 8410 4382 8410 4376 8410 4387 8411 4388 8411 4367 8411 3969 8412 3968 8412 4380 8412 4078 8413 4079 8413 4381 8413 3969 8414 4380 8414 4388 8414 4389 8415 4390 8415 4377 8415 4389 8416 4377 8416 4378 8416 4391 8417 4386 8417 4376 8417 4075 8418 4381 8418 4392 8418 4075 8419 4078 8419 4381 8419 4073 8420 4392 8420 4384 8420 4073 8421 4075 8421 4392 8421 4393 8422 4378 8422 4394 8422 4393 8423 4389 8423 4378 8423 3970 8424 3969 8424 4388 8424 4071 8425 4073 8425 4384 8425 4395 8426 4391 8426 4376 8426 4395 8427 4370 8427 4396 8427 4397 8428 4393 8428 4394 8428 4395 8429 4376 8429 4370 8429 4070 8430 4071 8430 4384 8430 4398 8431 4393 8431 4397 8431 3971 8432 4388 8432 4387 8432 3971 8433 3970 8433 4388 8433 4399 8434 4397 8434 4394 8434 4067 8435 4070 8435 4384 8435 3972 8436 3971 8436 4387 8436 4067 8437 4384 8437 4400 8437 4401 8438 4402 8438 4403 8438 4401 8439 4404 8439 4402 8439 4401 8440 4405 8440 4404 8440 4406 8441 4395 8441 4396 8441 4066 8442 4067 8442 4400 8442 4407 8443 4394 8443 4408 8443 4407 8444 4399 8444 4394 8444 4063 8445 4066 8445 4400 8445 3973 8446 4387 8446 4409 8446 3973 8447 3972 8447 4387 8447 4410 8448 4407 8448 4408 8448 4061 8449 4063 8449 4400 8449 4061 8450 4400 8450 4411 8450 4412 8451 4396 8451 4413 8451 4412 8452 4406 8452 4396 8452 4059 8453 4061 8453 4411 8453 3974 8454 4409 8454 4414 8454 4415 8455 4410 8455 4408 8455 3974 8456 3973 8456 4409 8456 4057 8457 4059 8457 4411 8457 3975 8458 3974 8458 4414 8458 3975 8459 4414 8459 4401 8459 4416 8460 4412 8460 4413 8460 4417 8461 4416 8461 4413 8461 4055 8462 4057 8462 4411 8462 4055 8463 4411 8463 4418 8463 3976 8464 3975 8464 4401 8464 4053 8465 4055 8465 4418 8465 4419 8466 4417 8466 4413 8466 4052 8467 4053 8467 4418 8467 4052 8468 4418 8468 4420 8468 3978 8469 3976 8469 4401 8469 4049 8470 4052 8470 4420 8470 4048 8471 4049 8471 4420 8471 4421 8472 4422 8472 4423 8472 4421 8473 4424 8473 4422 8473 4045 8474 4048 8474 4420 8474 4425 8475 4401 8475 4403 8475 4044 8476 4045 8476 4420 8476 4426 8477 4419 8477 4413 8477 4042 8478 4044 8478 4420 8478 3980 8479 3978 8479 4401 8479 3982 8480 4401 8480 4425 8480 4038 8481 4420 8481 4410 8481 4038 8482 4042 8482 4420 8482 3982 8483 3980 8483 4401 8483 4427 8484 4413 8484 4428 8484 4036 8485 4038 8485 4410 8485 4427 8486 4426 8486 4413 8486 4037 8487 4036 8487 4410 8487 3984 8488 3982 8488 4425 8488 4039 8489 4037 8489 4410 8489 4040 8490 4039 8490 4410 8490 3986 8491 3984 8491 4425 8491 4041 8492 4040 8492 4410 8492 4041 8493 4410 8493 4415 8493 4043 8494 4041 8494 4415 8494 3988 8495 4425 8495 4429 8495 3988 8496 3986 8496 4425 8496 4430 8497 4423 8497 4416 8497 4430 8498 4421 8498 4423 8498 4046 8499 4043 8499 4415 8499 4430 8500 4416 8500 4417 8500 4047 8501 4046 8501 4415 8501 4047 8502 4415 8502 4431 8502 4050 8503 4047 8503 4431 8503 3990 8504 3988 8504 4429 8504 4432 8505 4433 8505 4427 8505 4051 8506 4050 8506 4431 8506 4432 8507 4427 8507 4428 8507 4054 8508 4051 8508 4431 8508 3992 8509 4429 8509 4434 8509 3992 8510 3990 8510 4429 8510 3994 8511 4434 8511 4430 8511 4056 8512 4054 8512 4431 8512 3994 8513 3992 8513 4434 8513 4435 8514 4428 8514 4436 8514 4058 8515 4056 8515 4431 8515 4435 8516 4432 8516 4428 8516 4058 8517 4431 8517 4437 8517 3996 8518 3994 8518 4430 8518 4060 8519 4058 8519 4437 8519 4438 8520 4435 8520 4436 8520 4062 8521 4060 8521 4437 8521 3998 8522 3996 8522 4430 8522 4064 8523 4062 8523 4437 8523 4439 8524 4435 8524 4438 8524 4000 8525 3998 8525 4430 8525 4000 8526 4430 8526 4440 8526 4065 8527 4064 8527 4437 8527 4068 8528 4437 8528 4441 8528 4442 8529 4438 8529 4436 8529 4068 8530 4065 8530 4437 8530 4069 8531 4068 8531 4441 8531 4002 8532 4000 8532 4440 8532 4072 8533 4069 8533 4441 8533 4074 8534 4072 8534 4441 8534 4443 8535 4442 8535 4436 8535 4443 8536 4436 8536 4444 8536 4076 8537 4074 8537 4441 8537 4077 8538 4441 8538 4445 8538 4004 8539 4002 8539 4440 8539 4077 8540 4076 8540 4441 8540 4446 8541 4443 8541 4444 8541 4080 8542 4077 8542 4445 8542 4006 8543 4004 8543 4440 8543 4082 8544 4080 8544 4445 8544 4084 8545 4082 8545 4445 8545 4008 8546 4440 8546 4447 8546 4086 8547 4084 8547 4445 8547 4008 8548 4006 8548 4440 8548 4088 8549 4445 8549 4448 8549 4088 8550 4086 8550 4445 8550 3896 8551 4008 8551 4447 8551 4090 8552 4088 8552 4448 8552 4091 8553 4090 8553 4448 8553 4449 8554 4446 8554 4444 8554 4094 8555 4091 8555 4448 8555 4417 8556 4440 8556 4430 8556 4368 8557 4400 8557 4384 8557 4450 8558 4362 8558 4451 8558 4451 8559 4362 8559 4385 8559 4308 8560 4323 8560 4309 8560 3897 8561 4447 8561 4452 8561 4453 8562 4180 8562 4198 8562 4453 8563 4198 8563 4205 8563 4453 8564 4205 8564 4204 8564 3897 8565 3896 8565 4447 8565 4363 8566 4387 8566 4367 8566 3909 8567 3897 8567 4452 8567 3910 8568 4452 8568 4454 8568 3910 8569 3909 8569 4452 8569 3911 8570 3910 8570 4454 8570 3913 8571 3911 8571 4454 8571 3916 8572 3913 8572 4454 8572 3922 8573 3916 8573 4454 8573 3920 8574 3922 8574 4454 8574 3919 8575 4454 8575 4446 8575 3919 8576 3920 8576 4454 8576 3918 8577 3919 8577 4446 8577 3915 8578 3918 8578 4446 8578 3904 8579 3915 8579 4446 8579 3903 8580 3904 8580 4446 8580 3899 8581 3903 8581 4446 8581 3900 8582 4446 8582 4449 8582 3900 8583 3899 8583 4446 8583 4010 8584 3900 8584 4449 8584 4009 8585 4449 8585 4455 8585 4009 8586 4010 8586 4449 8586 4007 8587 4009 8587 4455 8587 4005 8588 4007 8588 4455 8588 4003 8589 4005 8589 4455 8589 4001 8590 4003 8590 4455 8590 3999 8591 4001 8591 4455 8591 3997 8592 4455 8592 4129 8592 3997 8593 3999 8593 4455 8593 3995 8594 3997 8594 4129 8594 3993 8595 3995 8595 4129 8595 3991 8596 3993 8596 4129 8596 4456 8597 4132 8597 4131 8597 4456 8598 4135 8598 4132 8598 4314 8599 4457 8599 4333 8599 4458 8600 4307 8600 4275 8600 4458 8601 4370 8601 4307 8601 4134 8602 4133 8602 4459 8602 4458 8603 4275 8603 4460 8603 4253 8604 4461 8604 4457 8604 4462 8605 4456 8605 4131 8605 4253 8606 4457 8606 4314 8606 4136 8607 4134 8607 4459 8607 4462 8608 4445 8608 4441 8608 4462 8609 4448 8609 4445 8609 4462 8610 4131 8610 4448 8610 4136 8611 4459 8611 4463 8611 4464 8612 4370 8612 4458 8612 4464 8613 4396 8613 4370 8613 4464 8614 4413 8614 4396 8614 4235 8615 4461 8615 4253 8615 4137 8616 4136 8616 4463 8616 4465 8617 4462 8617 4441 8617 4465 8618 4437 8618 4431 8618 4465 8619 4441 8619 4437 8619 4196 8620 4466 8620 4461 8620 4196 8621 4461 8621 4235 8621 4467 8622 4428 8622 4413 8622 4467 8623 4436 8623 4428 8623 4139 8624 4137 8624 4463 8624 4467 8625 4413 8625 4464 8625 4139 8626 4463 8626 4468 8626 4176 8627 4466 8627 4196 8627 4469 8628 4465 8628 4431 8628 4469 8629 4431 8629 4415 8629 4140 8630 4139 8630 4468 8630 4151 8631 4466 8631 4176 8631 4470 8632 4444 8632 4436 8632 4470 8633 4436 8633 4467 8633 4151 8634 4471 8634 4466 8634 4408 8635 4469 8635 4415 8635 4142 8636 4140 8636 4468 8636 4142 8637 4468 8637 4472 8637 4473 8638 4469 8638 4408 8638 4146 8639 4471 8639 4151 8639 4144 8640 4142 8640 4472 8640 4449 8641 4470 8641 4474 8641 4449 8642 4444 8642 4470 8642 4145 8643 4472 8643 4471 8643 4145 8644 4471 8644 4146 8644 4145 8645 4144 8645 4472 8645 4394 8646 4473 8646 4408 8646 4455 8647 4449 8647 4474 8647 4378 8648 4475 8648 4473 8648 4476 8649 4154 8649 4153 8649 4378 8650 4473 8650 4394 8650 4476 8651 4160 8651 4154 8651 4477 8652 4149 8652 4141 8652 4129 8653 4474 8653 4478 8653 4477 8654 4153 8654 4149 8654 4129 8655 4455 8655 4474 8655 4477 8656 4476 8656 4153 8656 4479 8657 4164 8657 4160 8657 4479 8658 4193 8658 4164 8658 4479 8659 4160 8659 4476 8659 4480 8660 4477 8660 4141 8660 4360 8661 4475 8661 4378 8661 4480 8662 4138 8662 4135 8662 4480 8663 4141 8663 4138 8663 4130 8664 4129 8664 4478 8664 4333 8665 4457 8665 4475 8665 4460 8666 4224 8666 4193 8666 4460 8667 4275 8667 4224 8667 4333 8668 4475 8668 4360 8668 4460 8669 4193 8669 4479 8669 4133 8670 4478 8670 4459 8670 4133 8671 4130 8671 4478 8671 4456 8672 4480 8672 4135 8672 4227 8784 4524 8784 4525 8784 4219 8785 4227 8785 4525 8785 4220 8786 4219 8786 4526 8786 4219 8787 4525 8787 4526 8787 4221 8788 4220 8788 4527 8788 4220 8789 4526 8789 4527 8789 4228 8790 4221 8790 4528 8790 4221 8791 4527 8791 4528 8791 4229 8792 4228 8792 4529 8792 4228 8793 4528 8793 4529 8793 4230 8794 4229 8794 4530 8794 4229 8795 4529 8795 4530 8795 4231 8796 4230 8796 4531 8796 4230 8797 4530 8797 4531 8797 4233 8798 4231 8798 4532 8798 4231 8799 4531 8799 4532 8799 4297 8808 4533 8808 4538 8808 4298 8809 4297 8809 4538 8809 4299 8810 4298 8810 4539 8810 4298 8811 4538 8811 4539 8811 4300 8812 4299 8812 4540 8812 4299 8813 4539 8813 4540 8813 4301 8814 4300 8814 4541 8814 4300 8815 4540 8815 4541 8815 4302 8816 4301 8816 4542 8816 4301 8817 4541 8817 4542 8817 4291 8824 4305 8824 4546 8824 4282 8836 4281 8836 4552 8836 4309 8856 4560 8856 4310 8856 4242 8872 4568 8872 4241 8872 4355 8933 4569 8933 4374 8933 4451 8943 4385 8943 4575 8943 4450 8945 4451 8945 4576 8945 4451 8946 4575 8946 4576 8946 4450 8947 4576 8947 4362 8947 4359 8949 4362 8949 4578 8949 4332 8953 4357 8953 4580 8953 4332 8955 4580 8955 4581 8955 4326 8956 4332 8956 4581 8956 4317 8963 4321 8963 4585 8963 4316 8965 4317 8965 4586 8965 4313 8967 4316 8967 4587 8967 4316 8968 4586 8968 4587 8968 4361 8977 4591 8977 4351 8977 4351 8978 4591 8978 4592 8978 4351 8979 4592 8979 4352 8979 4354 8985 4595 8985 4355 8985 4355 8986 4595 8986 4569 8986 4599 9013 4596 9013 4598 9013 4602 9018 4603 9018 4604 9018 4604 9019 4603 9019 4605 9019 4604 9020 4605 9020 4606 9020 4607 9021 4604 9021 4606 9021 4389 9028 4612 9028 4390 9028 4397 9034 4615 9034 4398 9034 4621 9045 4420 9045 4418 9045 4623 9048 4411 9048 4400 9048 4375 9054 4625 9054 4371 9054 4626 9055 4625 9055 4375 9055 4377 9056 4626 9056 4375 9056 4596 9084 4599 9084 4600 9084 4610 9085 4600 9085 4602 9085 4610 9086 4596 9086 4600 9086 4608 9087 4610 9087 4602 9087 4607 9088 4602 9088 4604 9088 4607 9089 4608 9089 4602 9089 4629 9092 4628 9092 4632 9092 4632 9093 4628 9093 4633 9093 4636 9097 4635 9097 4637 9097 4637 9099 4638 9099 4636 9099 4447 9100 4440 9100 4640 9100 4447 9101 4640 9101 4641 9101 4452 9103 4447 9103 4641 9103 4419 9111 4426 9111 4647 9111 4435 9117 4439 9117 4649 9117 4651 9118 4435 9118 4649 9118 4432 9119 4435 9119 4651 9119 4433 9121 4432 9121 4648 9121 4658 9137 4659 9137 4631 9137 4638 9162 4637 9162 4635 9162 4657 9163 4635 9163 4633 9163 4657 9164 4638 9164 4635 9164 4659 9165 4657 9165 4633 9165 4631 9166 4633 9166 4628 9166 4631 9167 4659 9167 4633 9167 4403 9168 4660 9168 4425 9168 4425 9169 4660 9169 4661 9169 4662 9170 4430 9170 4663 9170 4663 9171 4430 9171 4434 9171 4661 9175 4429 9175 4425 9175 4424 9179 4666 9179 4667 9179 4666 9180 4424 9180 4421 9180 4424 9181 4667 9181 4422 9181 4671 9187 4669 9187 4412 9187 4669 9188 4406 9188 4412 9188 4671 9190 4412 9190 4416 9190 4680 9208 4387 9208 4363 9208 4682 9210 4401 9210 4414 9210 4680 9214 4409 9214 4387 9214 4274 9252 4279 9252 4690 9252 4222 9257 4223 9257 4692 9257 4223 9258 4691 9258 4692 9258 4222 9259 4692 9259 4216 9259 4216 9260 4692 9260 4693 9260 4216 9261 4693 9261 4212 9261 4212 9262 4693 9262 4694 9262 4212 9263 4694 9263 4213 9263 4213 9264 4694 9264 4695 9264 4213 9265 4695 9265 4214 9265 4214 9266 4695 9266 4696 9266 4214 9267 4696 9267 4217 9267 4217 9268 4696 9268 4697 9268 4217 9269 4697 9269 4226 9269 4226 9270 4697 9270 4698 9270 4700 9273 4701 9273 4319 9273 4701 9274 4285 9274 4319 9274 4702 9275 4700 9275 4294 9275 4700 9276 4319 9276 4294 9276 4702 9278 4294 9278 4276 9278 4701 9280 4263 9280 4285 9280 4263 9281 4703 9281 4257 9281 4254 9282 4257 9282 4704 9282 4257 9283 4703 9283 4704 9283 4254 9284 4704 9284 4248 9284 4248 9285 4704 9285 4251 9285 4249 9286 4251 9286 4705 9286 4251 9287 4704 9287 4705 9287 4249 9288 4705 9288 4250 9288 4250 9289 4705 9289 4255 9289 4256 9290 4255 9290 4706 9290 4255 9291 4705 9291 4706 9291 4256 9292 4706 9292 4260 9292 4260 9293 4706 9293 4258 9293 4259 9294 4258 9294 4707 9294 4258 9295 4706 9295 4707 9295 4259 9296 4707 9296 4269 9296 4269 9297 4707 9297 4268 9297 4266 9298 4267 9298 4708 9298 4267 9299 4268 9299 4708 9299 4268 9300 4707 9300 4708 9300 4266 9301 4708 9301 4264 9301 4265 9302 4264 9302 4709 9302 4264 9303 4708 9303 4709 9303 4265 9304 4709 9304 4270 9304 4271 9305 4270 9305 4710 9305 4270 9306 4709 9306 4710 9306 4277 9312 4713 9312 4286 9312 4349 9316 4350 9316 4715 9316 4349 9318 4715 9318 4716 9318 4349 9319 4716 9319 4348 9319 4346 9320 4347 9320 4717 9320 4347 9321 4348 9321 4717 9321 4346 9323 4717 9323 4718 9323 4346 9324 4718 9324 4345 9324 4344 9325 4345 9325 4719 9325 4345 9326 4718 9326 4719 9326 4343 9327 4344 9327 4720 9327 4343 9330 4721 9330 4342 9330 4341 9331 4342 9331 4722 9331 4342 9332 4721 9332 4722 9332 4341 9333 4722 9333 4338 9333 4338 9334 4722 9334 4723 9334 4338 9335 4723 9335 4724 9335 4338 9336 4724 9336 4337 9336 4335 9339 4336 9339 4726 9339 4329 9343 4331 9343 4728 9343 4329 9345 4728 9345 4729 9345 4330 9346 4329 9346 4729 9346 4330 9347 4729 9347 4730 9347 4330 9348 4730 9348 4328 9348 4730 9349 4731 9349 4328 9349 4328 9350 4731 9350 4732 9350 4334 9351 4328 9351 4732 9351 4734 9355 4735 9355 4339 9355 4735 9356 4372 9356 4339 9356 4737 9358 4388 9358 4380 9358 4737 9364 4367 9364 4388 9364 4327 9375 4744 9375 4306 9375 4306 9376 4744 9376 4745 9376 4306 9377 4745 9377 4746 9377 4306 9378 4746 9378 4284 9378 4284 9380 4747 9380 4279 9380 4279 9381 4747 9381 4690 9381 4762 9466 4758 9466 4177 9466 4762 9467 4177 9467 4182 9467 4199 9468 4202 9468 4765 9468 4199 9469 4765 9469 4764 9469 4192 9470 4764 9470 4763 9470 4192 9471 4199 9471 4764 9471 4218 9474 4765 9474 4202 9474 4761 9475 4211 9475 4210 9475 4769 9478 4761 9478 4210 9478 4769 9479 4210 9479 4209 9479 4772 9480 4769 9480 4209 9480 4774 9481 4772 9481 4262 9481 4209 9482 4262 9482 4772 9482 4278 9486 4261 9486 4773 9486 4774 9487 4278 9487 4773 9487 4262 9488 4278 9488 4774 9488 4190 9489 4770 9489 4215 9489 4759 9490 4770 9490 4190 9490 4755 9491 4186 9491 4753 9491 4187 9492 4186 9492 4755 9492 4757 9493 4187 9493 4755 9493 4189 9494 4187 9494 4757 9494 4759 9495 4189 9495 4757 9495 4190 9496 4189 9496 4759 9496 4753 9497 4185 9497 4768 9497 4186 9498 4185 9498 4753 9498 4766 9499 4174 9499 4760 9499 4197 9500 4174 9500 4766 9500 4200 9502 4197 9502 4767 9502 4768 9503 4200 9503 4767 9503 4185 9504 4200 9504 4768 9504 4174 9506 4152 9506 4760 9506 4163 9513 4167 9513 4748 9513 4163 9514 4748 9514 4752 9514 4171 9515 4177 9515 4758 9515 4095 9521 4448 9521 4131 9521 4094 9522 4448 9522 4095 9522 4775 9523 4776 9523 4777 9523 4778 9524 4779 9524 4780 9524 4781 9525 4778 9525 4782 9525 4783 9526 4784 9526 4785 9526 4786 9527 4783 9527 4785 9527 4787 9528 4781 9528 4788 9528 4789 9529 4790 9529 4786 9529 4791 9530 4785 9530 4775 9530 4791 9531 4777 9531 4779 9531 4791 9532 4787 9532 4792 9532 4791 9533 4775 9533 4777 9533 4791 9534 4779 9534 4778 9534 4791 9535 4778 9535 4781 9535 4791 9536 4781 9536 4787 9536 4793 9537 4789 9537 4786 9537 4793 9538 4786 9538 4785 9538 4793 9539 4785 9539 4791 9539 4794 9540 4793 9540 4791 9540 4795 9541 4793 9541 4794 9541 4796 9542 4797 9542 4793 9542 4796 9543 4793 9543 4795 9543 4798 9544 4795 9544 4799 9544 4798 9545 4796 9545 4795 9545 4789 9546 4793 9546 4466 9546 4790 9547 4789 9547 4466 9547 4790 9548 4466 9548 4471 9548 4790 9549 4471 9549 4472 9549 4775 9550 4785 9550 4459 9550 4775 9551 4459 9551 4478 9551 4786 9552 4790 9552 4472 9552 4783 9553 4786 9553 4472 9553 4776 9554 4478 9554 4474 9554 4783 9555 4472 9555 4468 9555 4776 9556 4775 9556 4478 9556 4783 9557 4468 9557 4463 9557 4784 9558 4463 9558 4459 9558 4777 9559 4474 9559 4470 9559 4784 9560 4783 9560 4463 9560 4777 9561 4776 9561 4474 9561 4785 9562 4784 9562 4459 9562 4779 9563 4470 9563 4467 9563 4779 9564 4777 9564 4470 9564 4780 9565 4467 9565 4464 9565 4780 9566 4464 9566 4458 9566 4780 9567 4779 9567 4467 9567 4778 9568 4458 9568 4460 9568 4778 9569 4780 9569 4458 9569 4782 9570 4460 9570 4479 9570 4782 9571 4778 9571 4460 9571 4781 9572 4782 9572 4479 9572 4788 9573 4479 9573 4476 9573 4788 9574 4781 9574 4479 9574 4787 9575 4476 9575 4477 9575 4787 9576 4788 9576 4476 9576 4792 9577 4477 9577 4480 9577 4792 9578 4787 9578 4477 9578 4791 9579 4792 9579 4480 9579 4791 9580 4480 9580 4456 9580 4794 9581 4791 9581 4456 9581 4794 9582 4456 9582 4462 9582 4795 9583 4794 9583 4462 9583 4795 9584 4462 9584 4465 9584 4795 9585 4465 9585 4469 9585 4799 9586 4795 9586 4469 9586 4799 9587 4469 9587 4473 9587 4798 9588 4799 9588 4473 9588 4796 9589 4798 9589 4473 9589 4796 9590 4473 9590 4475 9590 4797 9591 4796 9591 4475 9591 4797 9592 4475 9592 4457 9592 4797 9593 4457 9593 4461 9593 4793 9594 4797 9594 4461 9594 4793 9595 4461 9595 4466 9595</p>
        </triangles>
        <triangles material="Material_003-material" count="495">
          <input semantic="VERTEX" source="#link_3-mesh-vertices" offset="0"/>
          <input semantic="NORMAL" source="#link_3-mesh-normals" offset="1"/>
          <p>4155 8114 4156 8114 4150 8114 4280 8271 4281 8271 4282 8271 4280 8272 4282 8272 4283 8272 4287 8276 4281 8276 4280 8276 4290 8279 4288 8279 4287 8279 4481 8673 4482 8673 4483 8673 4481 8674 4483 8674 4484 8674 4481 8675 4484 8675 4485 8675 4486 8676 4481 8676 4487 8676 4488 8677 4487 8677 4489 8677 4488 8678 4486 8678 4487 8678 4490 8679 4489 8679 4491 8679 4490 8680 4488 8680 4489 8680 4492 8681 4490 8681 4491 8681 4493 8682 4481 8682 4486 8682 4493 8683 4482 8683 4481 8683 4494 8684 4491 8684 4495 8684 4494 8685 4495 8685 4496 8685 4494 8686 4496 8686 4497 8686 4494 8687 4497 8687 4498 8687 4494 8688 4492 8688 4491 8688 4499 8689 4493 8689 4486 8689 4500 8690 4499 8690 4486 8690 4501 8691 4500 8691 4486 8691 4502 8692 4492 8692 4494 8692 4503 8693 4492 8693 4502 8693 4504 8694 4502 8694 4505 8694 4504 8695 4503 8695 4502 8695 4506 8696 4504 8696 4505 8696 4507 8697 4506 8697 4505 8697 4503 8703 4504 8703 4188 8703 4170 8704 4503 8704 4188 8704 4492 8705 4503 8705 4170 8705 4169 8706 4492 8706 4170 8706 4490 8707 4492 8707 4169 8707 4172 8708 4490 8708 4169 8708 4488 8709 4490 8709 4172 8709 4173 8710 4488 8710 4172 8710 4486 8711 4488 8711 4173 8711 4500 8715 4501 8715 4181 8715 4178 8716 4500 8716 4181 8716 4499 8717 4500 8717 4178 8717 4159 8718 4499 8718 4178 8718 4493 8719 4499 8719 4159 8719 4143 8720 4493 8720 4159 8720 4482 8721 4493 8721 4143 8721 4483 8722 4482 8722 4143 8722 4483 8723 4143 8723 4147 8723 4484 8724 4147 8724 4148 8724 4484 8725 4483 8725 4147 8725 4485 8726 4148 8726 4150 8726 4485 8727 4484 8727 4148 8727 4481 8728 4485 8728 4150 8728 4481 8729 4150 8729 4156 8729 4487 8730 4481 8730 4156 8730 4487 8731 4156 8731 4155 8731 4489 8733 4487 8733 4155 8733 4497 8741 4496 8741 4175 8741 4507 8751 4505 8751 4203 8751 4508 8752 4509 8752 4234 8752 4509 8754 4510 8754 4208 8754 4234 8755 4509 8755 4208 8755 4510 8756 4511 8756 4206 8756 4208 8757 4510 8757 4206 8757 4194 8769 4516 8769 4517 8769 4194 8770 4517 8770 4198 8770 4198 8771 4517 8771 4518 8771 4246 8779 4521 8779 4522 8779 4243 8782 4523 8782 4227 8782 4227 8783 4523 8783 4524 8783 4533 8800 4297 8800 4244 8800 4533 8801 4244 8801 4534 8801 4535 8805 4233 8805 4532 8805 4296 8806 4290 8806 4536 8806 4290 8807 4537 8807 4536 8807 4303 8818 4302 8818 4543 8818 4302 8819 4542 8819 4543 8819 4304 8820 4303 8820 4544 8820 4303 8821 4543 8821 4544 8821 4305 8822 4304 8822 4545 8822 4304 8823 4544 8823 4545 8823 4305 8825 4545 8825 4546 8825 4292 8826 4291 8826 4547 8826 4291 8827 4546 8827 4547 8827 4293 8828 4292 8828 4548 8828 4292 8829 4547 8829 4548 8829 4288 8830 4293 8830 4549 8830 4293 8831 4548 8831 4549 8831 4289 8832 4288 8832 4550 8832 4288 8833 4549 8833 4550 8833 4281 8834 4289 8834 4551 8834 4289 8835 4550 8835 4551 8835 4281 8837 4551 8837 4552 8837 4282 8838 4552 8838 4553 8838 4283 8839 4282 8839 4553 8839 4283 8840 4553 8840 4554 8840 4280 8841 4283 8841 4554 8841 4280 8842 4554 8842 4555 8842 4287 8843 4280 8843 4555 8843 4287 8844 4555 8844 4537 8844 4290 8845 4287 8845 4537 8845 4325 8850 4318 8850 4558 8850 4318 8851 4557 8851 4558 8851 4324 8852 4325 8852 4559 8852 4325 8853 4558 8853 4559 8853 4310 8857 4560 8857 4561 8857 4310 8858 4561 8858 4311 8858 4311 8859 4561 8859 4562 8859 4311 8860 4562 8860 4312 8860 4312 8861 4562 8861 4563 8861 4312 8862 4563 8862 4295 8862 4295 8863 4563 8863 4564 8863 4295 8864 4564 8864 4273 8864 4273 8865 4564 8865 4565 8865 4273 8866 4565 8866 4252 8866 4245 8869 4566 8869 4567 8869 4542 8874 4541 8874 4566 8874 4543 8875 4542 8875 4565 8875 4564 8876 4544 8876 4543 8876 4564 8877 4545 8877 4544 8877 4564 8878 4543 8878 4565 8878 4528 8879 4515 8879 4514 8879 4528 8880 4516 8880 4515 8880 4520 8881 4519 8881 4524 8881 4563 8882 4546 8882 4545 8882 4529 8883 4513 8883 4512 8883 4529 8884 4514 8884 4513 8884 4563 8885 4545 8885 4564 8885 4529 8886 4528 8886 4514 8886 4527 8887 4517 8887 4516 8887 4527 8888 4518 8888 4517 8888 4527 8889 4516 8889 4528 8889 4530 8890 4512 8890 4511 8890 4530 8891 4529 8891 4512 8891 4531 8892 4530 8892 4511 8892 4526 8893 4519 8893 4518 8893 4526 8894 4518 8894 4527 8894 4532 8895 4511 8895 4510 8895 4532 8896 4531 8896 4511 8896 4525 8897 4519 8897 4526 8897 4521 8898 4520 8898 4524 8898 4524 8899 4519 8899 4525 8899 4562 8900 4547 8900 4546 8900 4562 8901 4548 8901 4547 8901 4535 8902 4510 8902 4509 8902 4535 8903 4532 8903 4510 8903 4562 8904 4546 8904 4563 8904 4534 8905 4535 8905 4509 8905 4561 8906 4549 8906 4548 8906 4561 8907 4550 8907 4549 8907 4561 8908 4551 8908 4550 8908 4561 8909 4548 8909 4562 8909 4533 8910 4534 8910 4509 8910 4533 8911 4509 8911 4508 8911 4522 8912 4521 8912 4524 8912 4523 8913 4522 8913 4524 8913 4538 8914 4533 8914 4508 8914 4560 8915 4552 8915 4551 8915 4560 8916 4553 8916 4552 8916 4560 8917 4554 8917 4553 8917 4560 8918 4555 8918 4554 8918 4560 8919 4537 8919 4555 8919 4539 8920 4508 8920 4568 8920 4560 8921 4536 8921 4537 8921 4560 8922 4551 8922 4561 8922 4539 8923 4538 8923 4508 8923 4557 8924 4556 8924 4536 8924 4540 8925 4568 8925 4567 8925 4540 8926 4539 8926 4568 8926 4558 8927 4557 8927 4536 8927 4541 8928 4567 8928 4566 8928 4541 8929 4540 8929 4567 8929 4559 8930 4536 8930 4560 8930 4559 8931 4558 8931 4536 8931 4542 8932 4566 8932 4565 8932 4374 8934 4569 8934 4570 8934 4374 8935 4570 8935 4381 8935 4381 8936 4570 8936 4571 8936 4381 8937 4571 8937 4392 8937 4392 8938 4571 8938 4572 8938 4392 8939 4572 8939 4384 8939 4384 8940 4572 8940 4573 8940 4384 8941 4573 8941 4574 8941 4362 8948 4576 8948 4577 8948 4362 8950 4577 8950 4578 8950 4322 8960 4582 8960 4583 8960 4317 8966 4585 8966 4586 8966 4308 8969 4313 8969 4588 8969 4313 8970 4587 8970 4588 8970 4308 8972 4588 8972 4589 8972 4358 8974 4589 8974 4590 8974 4358 8975 4590 8975 4361 8975 4361 8976 4590 8976 4591 8976 4352 8980 4592 8980 4593 8980 4352 8981 4593 8981 4353 8981 4353 8982 4593 8982 4594 8982 4584 8987 4586 8987 4585 8987 4584 8988 4587 8988 4586 8988 4584 8989 4588 8989 4587 8989 4593 8990 4584 8990 4583 8990 4594 8991 4583 8991 4582 8991 4594 8992 4593 8992 4583 8992 4595 8993 4582 8993 4581 8993 4595 8994 4594 8994 4582 8994 4569 8995 4595 8995 4581 8995 4589 8996 4588 8996 4584 8996 4589 8997 4584 8997 4593 8997 4576 8998 4581 8998 4580 8998 4576 8999 4579 8999 4578 8999 4576 9000 4580 9000 4579 9000 4576 9001 4569 9001 4581 9001 4590 9002 4589 9002 4593 9002 4591 9003 4590 9003 4593 9003 4592 9004 4591 9004 4593 9004 4575 9005 4569 9005 4576 9005 4570 9006 4575 9006 4574 9006 4570 9007 4569 9007 4575 9007 4571 9008 4570 9008 4574 9008 4572 9009 4571 9009 4574 9009 4573 9010 4572 9010 4574 9010 4577 9011 4576 9011 4578 9011 4599 9014 4598 9014 4600 9014 4600 9015 4598 9015 4601 9015 4600 9016 4601 9016 4602 9016 4602 9017 4601 9017 4603 9017 4608 9022 4607 9022 4609 9022 4607 9023 4606 9023 4609 9023 4608 9025 4609 9025 4611 9025 4613 9029 4612 9029 4389 9029 4393 9030 4613 9030 4389 9030 4614 9031 4613 9031 4393 9031 4398 9032 4614 9032 4393 9032 4615 9033 4614 9033 4398 9033 4616 9035 4615 9035 4397 9035 4617 9036 4407 9036 4410 9036 4617 9037 4410 9037 4618 9037 4619 9038 4399 9038 4407 9038 4619 9039 4407 9039 4617 9039 4616 9040 4397 9040 4399 9040 4616 9041 4399 9041 4619 9041 4620 9042 4618 9042 4410 9042 4620 9043 4410 9043 4420 9043 4621 9044 4620 9044 4420 9044 4612 9060 4624 9060 4625 9060 4612 9061 4625 9061 4626 9061 4612 9062 4626 9062 4627 9062 4598 9063 4612 9063 4613 9063 4598 9064 4624 9064 4612 9064 4601 9065 4598 9065 4613 9065 4615 9066 4616 9066 4619 9066 4617 9067 4615 9067 4619 9067 4603 9068 4613 9068 4614 9068 4603 9069 4601 9069 4613 9069 4618 9070 4615 9070 4617 9070 4605 9071 4614 9071 4615 9071 4605 9072 4603 9072 4614 9072 4605 9073 4615 9073 4618 9073 4623 9074 4598 9074 4597 9074 4623 9075 4624 9075 4598 9075 4622 9076 4611 9076 4609 9076 4622 9077 4597 9077 4611 9077 4622 9078 4623 9078 4597 9078 4621 9079 4609 9079 4606 9079 4621 9080 4622 9080 4609 9080 4620 9081 4606 9081 4605 9081 4620 9082 4605 9082 4618 9082 4620 9083 4621 9083 4606 9083 4628 9090 4629 9090 4630 9090 4631 9091 4628 9091 4630 9091 4632 9094 4633 9094 4634 9094 4634 9095 4633 9095 4635 9095 4634 9096 4635 9096 4636 9096 4638 9098 4639 9098 4636 9098 4452 9102 4641 9102 4642 9102 4454 9104 4642 9104 4643 9104 4454 9105 4452 9105 4642 9105 4645 9108 4427 9108 4646 9108 4433 9114 4646 9114 4427 9114 4648 9115 4646 9115 4433 9115 4649 9116 4439 9116 4650 9116 4648 9120 4432 9120 4651 9120 4438 9122 4650 9122 4439 9122 4652 9123 4650 9123 4438 9123 4442 9124 4653 9124 4652 9124 4442 9125 4652 9125 4438 9125 4443 9126 4654 9126 4653 9126 4443 9127 4653 9127 4442 9127 4446 9128 4655 9128 4654 9128 4446 9129 4654 9129 4443 9129 4643 9130 4655 9130 4446 9130 4643 9131 4446 9131 4454 9131 4658 9134 4656 9134 4659 9134 4630 9136 4658 9136 4631 9136 4648 9138 4644 9138 4647 9138 4648 9139 4647 9139 4645 9139 4648 9140 4645 9140 4646 9140 4636 9141 4648 9141 4651 9141 4636 9142 4644 9142 4648 9142 4634 9143 4636 9143 4651 9143 4650 9144 4652 9144 4653 9144 4654 9145 4650 9145 4653 9145 4632 9146 4651 9146 4649 9146 4632 9147 4634 9147 4651 9147 4655 9148 4650 9148 4654 9148 4629 9149 4649 9149 4650 9149 4629 9150 4632 9150 4649 9150 4629 9151 4650 9151 4655 9151 4640 9152 4636 9152 4639 9152 4640 9153 4644 9153 4636 9153 4641 9154 4656 9154 4658 9154 4641 9155 4639 9155 4656 9155 4641 9156 4640 9156 4639 9156 4642 9157 4658 9157 4630 9157 4642 9158 4641 9158 4658 9158 4643 9159 4630 9159 4629 9159 4643 9160 4642 9160 4630 9160 4643 9161 4629 9161 4655 9161 4663 9172 4434 9172 4664 9172 4422 9183 4667 9183 4668 9183 4423 9184 4422 9184 4668 9184 4669 9185 4670 9185 4406 9185 4673 9193 4674 9193 4382 9193 4681 9209 4401 9209 4682 9209 4682 9211 4414 9211 4683 9211 4683 9212 4414 9212 4409 9212 4683 9213 4409 9213 4680 9213 4660 9217 4403 9217 4685 9217 4686 9221 4404 9221 4684 9221 4674 9223 4679 9223 4676 9223 4674 9224 4677 9224 4679 9224 4674 9225 4678 9225 4677 9225 4684 9226 4674 9226 4673 9226 4686 9227 4673 9227 4675 9227 4686 9228 4684 9228 4673 9228 4685 9229 4675 9229 4672 9229 4685 9230 4686 9230 4675 9230 4660 9231 4685 9231 4672 9231 4680 9232 4678 9232 4674 9232 4680 9233 4674 9233 4684 9233 4667 9234 4672 9234 4670 9234 4667 9235 4669 9235 4671 9235 4667 9236 4670 9236 4669 9236 4667 9237 4660 9237 4672 9237 4683 9238 4680 9238 4684 9238 4682 9239 4683 9239 4684 9239 4681 9240 4682 9240 4684 9240 4666 9241 4660 9241 4667 9241 4661 9242 4666 9242 4665 9242 4661 9243 4660 9243 4666 9243 4664 9244 4661 9244 4665 9244 4663 9245 4664 9245 4665 9245 4662 9246 4663 9246 4665 9246 4668 9247 4667 9247 4671 9247 4236 9248 4239 9248 4687 9248 4688 9249 4236 9249 4687 9249 4239 9250 4274 9250 4689 9250 4687 9251 4239 9251 4689 9251 4689 9253 4274 9253 4690 9253 4236 9254 4688 9254 4232 9254 4232 9255 4688 9255 4691 9255 4232 9256 4691 9256 4223 9256 4699 9271 4276 9271 4698 9271 4698 9272 4276 9272 4226 9272 4699 9277 4702 9277 4276 9277 4703 9279 4263 9279 4701 9279 4277 9311 4712 9311 4713 9311 4350 9317 4714 9317 4715 9317 4348 9322 4716 9322 4717 9322 4343 9329 4720 9329 4721 9329 4336 9337 4337 9337 4725 9337 4337 9338 4724 9338 4725 9338 4336 9340 4725 9340 4726 9340 4331 9341 4335 9341 4727 9341 4335 9342 4726 9342 4727 9342 4331 9344 4727 9344 4728 9344 4334 9353 4733 9353 4339 9353 4339 9354 4733 9354 4734 9354 4736 9357 4737 9357 4380 9357 4738 9359 4736 9359 4379 9359 4736 9360 4380 9360 4379 9360 4739 9363 4367 9363 4737 9363 4367 9365 4739 9365 4366 9365 4366 9366 4739 9366 4740 9366 4366 9367 4740 9367 4365 9367 4365 9368 4740 9368 4741 9368 4365 9369 4741 9369 4364 9369 4364 9370 4741 9370 4742 9370 4364 9371 4742 9371 4356 9371 4356 9372 4742 9372 4743 9372 4356 9373 4743 9373 4327 9373 4327 9374 4743 9374 4744 9374 4284 9379 4746 9379 4747 9379 4720 9382 4719 9382 4744 9382 4743 9383 4721 9383 4720 9383 4743 9384 4722 9384 4721 9384 4743 9385 4720 9385 4744 9385 4707 9386 4694 9386 4693 9386 4707 9387 4695 9387 4694 9387 4699 9388 4698 9388 4703 9388 4742 9389 4723 9389 4722 9389 4708 9390 4692 9390 4691 9390 4708 9391 4693 9391 4692 9391 4742 9392 4722 9392 4743 9392 4708 9393 4707 9393 4693 9393 4706 9394 4696 9394 4695 9394 4706 9395 4697 9395 4696 9395 4706 9396 4695 9396 4707 9396 4709 9397 4691 9397 4688 9397 4709 9398 4708 9398 4691 9398 4710 9399 4709 9399 4688 9399 4705 9400 4698 9400 4697 9400 4705 9401 4697 9401 4706 9401 4711 9402 4688 9402 4687 9402 4711 9403 4710 9403 4688 9403 4704 9404 4698 9404 4705 9404 4702 9405 4699 9405 4703 9405 4703 9406 4698 9406 4704 9406 4741 9407 4724 9407 4723 9407 4741 9408 4725 9408 4724 9408 4712 9409 4687 9409 4689 9409 4712 9410 4711 9410 4687 9410 4741 9411 4723 9411 4742 9411 4713 9412 4712 9412 4689 9412 4740 9413 4726 9413 4725 9413 4740 9414 4727 9414 4726 9414 4740 9415 4728 9415 4727 9415 4740 9416 4725 9416 4741 9416 4714 9417 4713 9417 4689 9417 4714 9418 4689 9418 4690 9418 4700 9419 4702 9419 4703 9419 4701 9420 4700 9420 4703 9420 4715 9421 4714 9421 4690 9421 4739 9422 4729 9422 4728 9422 4739 9423 4730 9423 4729 9423 4739 9424 4731 9424 4730 9424 4739 9425 4732 9425 4731 9425 4716 9427 4690 9427 4747 9427 4739 9428 4734 9428 4733 9428 4739 9429 4728 9429 4740 9429 4716 9430 4715 9430 4690 9430 4738 9431 4735 9431 4734 9431 4717 9432 4747 9432 4746 9432 4717 9433 4716 9433 4747 9433 4736 9434 4738 9434 4734 9434 4718 9435 4746 9435 4745 9435 4718 9436 4717 9436 4746 9436 4737 9437 4734 9437 4739 9437 4737 9438 4736 9438 4734 9438 4719 9439 4745 9439 4744 9439 4719 9440 4718 9440 4745 9440 4748 9441 4749 9441 4750 9441 4748 9442 4750 9442 4751 9442 4748 9443 4751 9443 4752 9443 4753 9444 4748 9444 4754 9444 4755 9445 4754 9445 4756 9445 4755 9446 4753 9446 4754 9446 4757 9447 4756 9447 4758 9447 4757 9448 4755 9448 4756 9448 4759 9449 4757 9449 4758 9449 4760 9450 4748 9450 4753 9450 4760 9451 4749 9451 4748 9451 4761 9452 4758 9452 4762 9452 4761 9453 4762 9453 4763 9453 4761 9454 4763 9454 4764 9454 4761 9455 4764 9455 4765 9455 4761 9456 4759 9456 4758 9456 4766 9457 4760 9457 4753 9457 4767 9458 4766 9458 4753 9458 4768 9459 4767 9459 4753 9459 4769 9460 4759 9460 4761 9460 4770 9461 4759 9461 4769 9461 4771 9462 4769 9462 4772 9462 4771 9463 4770 9463 4769 9463 4773 9464 4771 9464 4772 9464 4774 9465 4773 9465 4772 9465 4182 9472 4763 9472 4762 9472 4182 9473 4192 9473 4763 9473 4761 9476 4765 9476 4218 9476 4761 9477 4218 9477 4211 9477 4771 9483 4215 9483 4770 9483 4261 9484 4215 9484 4771 9484 4773 9485 4261 9485 4771 9485 4767 9501 4197 9501 4766 9501 4760 9505 4152 9505 4749 9505 4162 9507 4163 9507 4752 9507 4162 9508 4752 9508 4751 9508 4158 9509 4751 9509 4750 9509 4158 9510 4162 9510 4751 9510 4152 9511 4750 9511 4749 9511 4152 9512 4158 9512 4750 9512 4171 9516 4758 9516 4756 9516 4166 9517 4756 9517 4754 9517 4166 9518 4171 9518 4756 9518 4167 9519 4754 9519 4748 9519 4167 9520 4166 9520 4754 9520</p>
        </triangles>
      </mesh>
    </geometry>
  </library_geometries>
  <library_visual_scenes>
    <visual_scene id="Scene" name="Scene">
      <node id="link_3" name="link_3" type="NODE">
        <matrix sid="transform">1 0 0 0 0 1 0 0 0 0 1 0 0 0 0 1</matrix>
        <instance_geometry url="#link_3-mesh" name="link_3">
          <bind_material>
            <technique_common>
              <instance_material symbol="Material_001-material" target="#Material_001-material"/>
              <instance_material symbol="Material_002-material" target="#Material_002-material"/>
              <instance_material symbol="Material_003-material" target="#Material_003-material"/>
            </technique_common>
          </bind_material>
        </instance_geometry>
      </node>
      <node id="Camera" name="Camera" type="NODE">
        <matrix sid="transform">0.6859207 -0.3240135 0.6515582 7.358891 0.7276763 0.3054208 -0.6141704 -6.925791 0 0.8953956 0.4452714 4.958309 0 0 0 1</matrix>
        <instance_camera url="#Camera-camera"/>
      </node>
      <node id="Light" name="Light" type="NODE">
        <matrix sid="transform">-0.2908646 -0.7711008 0.5663932 4.076245 0.9551712 -0.1998834 0.2183912 1.005454 -0.05518906 0.6045247 0.7946723 5.903862 0 0 0 1</matrix>
        <instance_light url="#Light-light"/>
      </node>
    </visual_scene>
  </library_visual_scenes>
  <scene>
    <instance_visual_scene url="#Scene"/>
  </scene>
</COLLADA>