<?xml version="1.0" encoding="utf-8"?>
<COLLADA xmlns="http://www.collada.org/2005/11/COLLADASchema" version="1.4.1" xmlns:xsi="http://www.w3.org/2001/XMLSchema-instance">
  <asset>
    <contributor>
      <author>Blender User</author>
      <authoring_tool>Blender 4.3.2 commit date:2024-12-16, commit time:21:10, hash:32f5fdce0a0a</authoring_tool>
    </contributor>
    <created>2025-01-28T17:17:38</created>
    <modified>2025-01-28T17:17:38</modified>
    <unit name="meter" meter="1"/>
    <up_axis>Z_UP</up_axis>
  </asset>
  <library_cameras>
    <camera id="Camera-camera" name="Camera">
      <optics>
        <technique_common>
          <perspective>
            <xfov sid="xfov">39.59775</xfov>
            <aspect_ratio>1.777778</aspect_ratio>
            <znear sid="znear">0.1</znear>
            <zfar sid="zfar">100</zfar>
          </perspective>
        </technique_common>
      </optics>
      <extra>
        <technique profile="blender">
          <shiftx sid="shiftx" type="float">0</shiftx>
          <shifty sid="shifty" type="float">0</shifty>
          <dof_distance sid="dof_distance" type="float">10</dof_distance>
        </technique>
      </extra>
    </camera>
  </library_cameras>
  <library_lights>
    <light id="Light-light" name="Light">
      <technique_common>
        <point>
          <color sid="color">1000 1000 1000</color>
          <constant_attenuation>1</constant_attenuation>
          <linear_attenuation>0</linear_attenuation>
          <quadratic_attenuation>0</quadratic_attenuation>
        </point>
      </technique_common>
      <extra>
        <technique profile="blender">
          <type sid="type" type="int">0</type>
          <flag sid="flag" type="int">0</flag>
          <mode sid="mode" type="int">2097153</mode>
          <red sid="red" type="float">1</red>
          <green sid="green" type="float">1</green>
          <blue sid="blue" type="float">1</blue>
          <energy sid="blender_energy" type="float">1000</energy>
          <spotsize sid="spotsize" type="float">75</spotsize>
          <spotblend sid="spotblend" type="float">0.15</spotblend>
          <clipsta sid="clipsta" type="float">0.04999995</clipsta>
          <clipend sid="clipend" type="float">40</clipend>
          <radius sid="radius" type="float">0.1</radius>
          <area_shape sid="area_shape" type="int">1</area_shape>
          <area_size sid="area_size" type="float">0.1</area_size>
          <area_sizey sid="area_sizey" type="float">0.1</area_sizey>
          <area_sizez sid="area_sizez" type="float">1</area_sizez>
        </technique>
      </extra>
    </light>
  </library_lights>
  <library_effects>
    <effect id="Material_001-effect">
      <profile_COMMON>
        <technique sid="common">
          <lambert>
            <emission>
              <color sid="emission">0 0 0 1</color>
            </emission>
            <diffuse>
              <color sid="diffuse">0.578 0.578 0.578 1</color>
            </diffuse>
            <index_of_refraction>
              <float sid="ior">1.5</float>
            </index_of_refraction>
          </lambert>
        </technique>
      </profile_COMMON>
    </effect>
    <effect id="Material_002-effect">
      <profile_COMMON>
        <technique sid="common">
          <lambert>
            <emission>
              <color sid="emission">0 0 0 1</color>
            </emission>
            <diffuse>
              <color sid="diffuse">1 1 1 1</color>
            </diffuse>
            <index_of_refraction>
              <float sid="ior">1.5</float>
            </index_of_refraction>
          </lambert>
        </technique>
      </profile_COMMON>
    </effect>
    <effect id="Material_003-effect">
      <profile_COMMON>
        <technique sid="common">
          <lambert>
            <emission>
              <color sid="emission">0 0 0 1</color>
            </emission>
            <diffuse>
              <color sid="diffuse">0 0 0 1</color>
            </diffuse>
            <index_of_refraction>
              <float sid="ior">1.5</float>
            </index_of_refraction>
          </lambert>
        </technique>
      </profile_COMMON>
    </effect>
  </library_effects>
  <library_images/>
  <library_materials>
    <material id="Material_001-material" name="Material.001">
      <instance_effect url="#Material_001-effect"/>
    </material>
    <material id="Material_002-material" name="Material.002">
      <instance_effect url="#Material_002-effect"/>
    </material>
    <material id="Material_003-material" name="Material.003">
      <instance_effect url="#Material_003-effect"/>
    </material>
  </library_materials>
  <library_geometries>
    <geometry id="link_5-mesh" name="link_5">
      <mesh>
        <source id="link_5-mesh-positions">
          <float_array id="link_5-mesh-positions-array" count="9042">0.04761606 -0.04829221 0.03842586 0.04761314 -0.04828798 0.03299999 0.04787325 -0.04803884 0.03299999 0.04788088 -0.04803884 0.03843307 -0.04837423 -0.04803884 0.03856939 -0.04838186 -0.04803884 0.03306722 -0.04829639 -0.04812318 0.0330671 -0.04811406 -0.04828804 0.03856688 -0.04820966 -0.04820626 0.03306698 -0.04812175 -0.04828798 0.03306686 0.03668379 0.05709266 0.03299999 0.03194588 0.05989277 0.03299999 0.03255498 0.05955958 0.03845441 0.04354763 0.05200946 0.03843909 0.04117971 0.0539186 0.03299999 0.04540425 0.05039137 0.03299999 -0.05424267 -0.04134309 0.03307539 -0.05838054 -0.03523874 0.03858119 0.04932975 0.04653406 0.03299999 0.05284863 0.04245007 0.03842616 -0.05917888 -0.03393942 0.03308224 0.05293041 0.04237192 0.03299999 -0.06310617 -0.02595454 0.03308773 -0.06509345 -0.02044117 0.03859055 0.05618274 0.03793227 0.03299999 0.06012856 0.03127503 0.03841602 -0.06595712 -0.01752519 0.03309172 -0.06798136 -0.005913734 0.03859454 0.05906534 0.03324413 0.03299999 -0.06768298 -0.008795797 0.0330941 0.06155943 0.02833825 0.03299999 0.06364864 0.02324676 0.03299999 0.06506907 0.01888817 0.03840911 -0.06825423 8.42224e-5 0.03309494 -0.06781899 0.007422745 0.0385943 0.06531924 0.01800298 0.03299999 -0.06766098 0.00896281 0.0330941 0.06656032 0.01264131 0.03299999 0.0674867 0.005771517 0.03840577 -0.06591349 0.01768791 0.03309166 -0.06508475 0.02047663 0.03859049 0.06736379 0.007196784 0.03299999 -0.06304168 0.02611017 0.03308767 -0.05983877 0.03273725 0.03858321 0.06772428 0.001705169 0.03299999 0.06732612 -0.007564604 0.03840595 -0.05909466 0.03408527 0.03308212 0.06763958 -0.00379759 0.03299999 -0.05414009 0.04147672 0.03307527 -0.05229026 0.04373317 0.03857266 0.06711012 -0.009275555 0.03299999 0.0661394 -0.01469272 0.03299999 0.06454706 -0.02060759 0.03840982 -0.04826271 0.04815793 0.03306704 -0.04276084 0.05306434 0.03855937 0.0647338 -0.02001368 0.03299999 -0.04156333 0.05401444 0.03305774 0.06290251 -0.02520352 0.03299999 -0.0341565 0.05894607 0.03304737 0.05926537 -0.03285485 0.03841722 -0.0315845 0.06033974 0.03854382 0.0606575 -0.03022825 0.03299999 -0.02616918 0.06286823 0.03303629 -0.01919722 0.06528401 0.03852653 0.05801355 -0.03505504 0.03299999 0.0541048 -0.0408461 0.03842437 -0.01773804 0.06571388 0.03302448 0.0549879 -0.03965216 0.03299999 -0.009007513 0.06743425 0.03301233 0.05160045 -0.04398959 0.03299999 -0.006088793 0.06774336 0.03850829 -1.27173e-4 0.06799983 0.03299999 0.007245898 0.06757807 0.03848969 0.002817869 0.06793051 0.03299999 0.005757153 0.06773376 0.03299999 0.01121491 0.06702578 0.03299999 0.02029138 0.06480211 0.03847151 0.0165975 0.06587874 0.03299999 0.02186971 0.06430023 0.03299999 0.02699708 0.06230056 0.03299999 0.04479813 -0.05073207 0.03299999 0.04185855 -0.05302482 0.03299999 0.03402799 -0.05804955 0.03845238 0.03720957 -0.05618125 0.03299999 0.0323252 -0.05895954 0.03299999 0.0272361 -0.06134217 0.03299999 0.01853376 -0.06435424 0.03847396 0.02197426 -0.06331431 0.03299999 0.01657277 -0.06486344 0.03299999 0.01028078 -0.06610023 0.03848546 0.0110656 -0.06597989 0.03299999 0.005487203 -0.06665664 0.03299999 0.001879334 -0.06685733 0.0384972 -1.27173e-4 -0.06688946 0.03299999 -0.008885145 -0.0663622 0.03301221 -0.01482445 -0.06537097 0.03852045 -0.01751095 -0.0647571 0.03302419 -0.0258724 -0.06209874 0.03303587 -0.02926838 -0.06067579 0.0385406 -0.03384143 -0.05842781 0.03304696 -0.0391854 -0.05523365 0.03855443 -0.04129594 -0.05380064 0.03305733 0.01446712 -0.09433442 0.1560419 0.01437276 -0.09133058 0.1408534 0.01573288 -0.09401786 0.1561155 0.001697003 -0.08951151 0.1258463 0.001737296 -0.08655375 0.1156065 0.004653811 -0.0893445 0.1258987 0.01562935 -0.09100294 0.1409599 0.01446723 -0.09433531 0.1560474 0.00478214 -0.08637672 0.1156577 0.03278249 -0.0667237 0.08534008 0.03800773 -0.06312143 0.08614385 0.03138494 -0.07223349 0.1011552 0.015733 -0.09401881 0.1561211 0.03091019 -0.07252532 0.1010775 0.01730531 -0.06647646 0.05684292 0.01881265 -0.06606197 0.05688065 0.01878529 -0.06690776 0.06112807 0.017282 -0.06732571 0.0610817 0.02380967 -0.06441831 0.05703449 -0.04117292 -0.08665347 0.2171756 -0.04117107 -0.08665359 0.2171657 -0.03944939 -0.08755838 0.2170881 -0.04103511 -0.0868352 0.2160046 -0.03559297 -0.08894193 0.2208392 -0.03794997 -0.08878695 0.1924667 -0.03640323 -0.08967918 0.1928865 0.02379238 -0.06338155 0.04991894 -0.03255641 -0.09168171 0.1938384 -0.04031538 -0.08521008 0.1758621 -0.03469139 -0.08653652 0.1624317 -0.03592354 -0.0882129 0.1759972 -0.03724914 -0.06832033 0.1023078 -0.03581964 -0.06942415 0.1020065 -0.03406488 -0.07566237 0.1190463 -0.03544557 -0.07462716 0.1193682 -0.03327155 -0.08743256 0.1622686 0.01593106 -0.07899582 0.0993793 0.01731508 -0.07859432 0.09948289 0.01508229 -0.084571 0.1162086 -0.006139099 -0.09837621 0.1783059 -0.00611186 -0.09824806 0.1764681 -6.42341e-4 -0.09864598 0.1783224 0.01022356 -0.08566039 0.1158745 0.005452573 -0.06937319 0.06086546 0.01047289 -0.06876659 0.06092661 0.00537616 -0.07302415 0.07464575 -6.42016e-4 -0.09851741 0.1764754 0.001928925 -0.07322806 0.07461547 -0.01346385 -0.09787118 0.1930457 -0.01155042 -0.09767246 0.1782509 -0.01205068 -0.09811675 0.1931446 -0.04050195 -0.08532613 0.177268 -0.03608959 -0.0883314 0.1774994 0.03369849 -0.05886518 0.05020165 0.01981508 -0.08969593 0.1413837 0.01990252 -0.08835601 0.1359674 0.0281679 -0.08599889 0.1425713 0.01639604 -0.0842002 0.1163226 0.02826571 -0.08457905 0.1372178 0.03422421 -0.05857121 0.05022096 0.02871155 -0.08433115 0.1372994 0.02190124 -0.07699823 0.09989774 0.02861404 -0.08575612 0.1426487 -0.03890436 -0.07466614 0.1308027 -0.039523 -0.07114332 0.1204486 -0.03865498 -0.07489252 0.1307291 -0.03444588 -0.08911353 0.1760385 -0.03860372 -0.07493877 0.1307141 0.00172317 -0.09676033 0.1604996 0.00180912 -0.09849435 0.1764707 -0.03947144 -0.07119178 0.1204336 0.004645049 -0.09661012 0.1605238 -0.01103127 -0.09210127 0.1406332 -0.01109826 -0.09081518 0.1351761 -0.005891561 -0.09282559 0.140385 -0.005931735 -0.09155601 0.1349155 0.02376598 -0.06525129 0.0613166 -0.01731204 -0.09704226 0.1964505 -0.01362258 -0.09780472 0.1968288 -6.99488e-4 -0.08953714 0.1258411 -6.77109e-4 -0.09183973 0.1348107 -0.01824742 -0.07339018 0.08396631 -0.01442217 -0.07440167 0.08374863 -0.01741099 -0.07866281 0.09951329 -0.02341365 -0.07651376 0.1000892 0.03387188 -0.0785768 0.1294308 0.03347051 -0.08134227 0.1382765 -0.006950259 -0.07566058 0.08347648 -8.66632e-4 -0.07325923 0.07461392 -8.41149e-4 -0.07602012 0.08339399 0.009878158 -0.09600204 0.1606315 0.01457375 -0.09507584 0.1607991 0.001820921 -0.09862285 0.178317 -0.02456825 -0.09105992 0.1568753 -0.02122402 -0.09237086 0.1565629 -0.02136689 -0.0931167 0.1612142 -0.03221166 -0.07191413 0.1013296 -0.02699244 -0.07486909 0.1005313 -0.03058975 -0.07799214 0.1183199 -0.02473855 -0.09180933 0.1614602 -0.01219278 -0.09804904 0.1969501 -0.03460526 -0.08923274 0.1775699 0.01031017 -0.07241129 0.0747444 0.009146392 -0.08584362 0.1158186 0.008894145 -0.08884155 0.1260627 0.01152598 -0.07220113 0.07477903 0.01171046 -0.06855857 0.06094837 0.001678228 -0.09181523 0.1348157 0.01584863 -0.09476011 0.1608564 0.001899242 -0.07598924 0.08339667 -0.02111417 -0.08929777 0.1415711 -0.01563048 -0.09105879 0.140985 -0.01569014 -0.09407186 0.1561464 -0.02122384 -0.09236991 0.1565575 0.01995515 -0.09275478 0.1564093 -0.01293367 -0.0747267 0.08367872 -0.01375269 -0.07963156 0.09925383 0.01995533 -0.09275573 0.1564148 0.03982537 -0.0550484 0.05045944 -0.01569026 -0.09407275 0.156152 -0.01233017 -0.0799424 0.09917044 -0.03545463 -0.08918035 0.2195521 0.009941399 -0.0886687 0.1261196 -0.03461009 -0.07820999 0.1296459 0.004834234 -0.09834313 0.1764582 0.00884056 -0.09615761 0.1606036 0.04474282 -0.05710923 0.08753126 0.03986513 -0.07055968 0.1205176 0.0364117 -0.06873136 0.1020937 0.04293078 -0.05890756 0.08711051 0.03365129 -0.05984503 0.05748963 -0.03559124 -0.08894598 0.2208209 0.04346573 -0.05839216 0.08723062 0.04397815 -0.05788648 0.08734887 0.03417187 -0.05954813 0.05752044 -0.02973997 -0.08944314 0.1618998 -0.03077661 -0.09113419 0.1761323 0.004860937 -0.09847146 0.1782992 0.005278468 -0.07578742 0.08343362 -0.006396412 -0.09882068 0.1934268 0.02075785 -0.08272325 0.1167775 0.03805547 -0.0777775 0.1394296 0.03847575 -0.08273875 0.1586892 0.03338402 -0.08282792 0.1435762 -0.03324532 -0.0791946 0.1293225 -0.04308027 -0.08510768 0.1880946 -0.04055941 -0.08528351 0.1772648 -0.04270505 -0.08538353 0.1881971 0.0380274 -0.07780176 0.1394218 -0.02558505 -0.08074647 0.1174577 0.02010256 -0.09350049 0.1610852 -0.0421769 -0.08576536 0.1883395 0.01699662 -0.07095533 0.07498884 -0.03823947 -0.07780164 0.1395283 -0.03811317 -0.07940006 0.1447556 -0.04211753 -0.08580774 0.1883553 -0.006469964 -0.09874933 0.1972967 -0.03818792 -0.07784605 0.1395138 -0.03091943 -0.09125506 0.1777299 0.01847153 -0.07053297 0.07506132 -6.66276e-4 -0.09310299 0.1402849 0.009177684 -0.09788709 0.1764272 0.03355765 -0.06064718 0.06187111 0.01025182 -0.09773033 0.1764171 0.00458455 -0.09165567 0.1348663 0.03407484 -0.06034851 0.06190842 -0.02584224 -0.09183895 0.2255858 -0.02968358 -0.09108793 0.2225105 -0.02710253 -0.09404021 0.1949764 0.0101155 -0.07518053 0.08355236 -0.01231575 -0.09184843 0.140719 -0.01235276 -0.09483468 0.1559596 0.009225487 -0.09801483 0.1782523 -0.04769974 -0.04976463 0.0587424 -0.04618173 -0.05045139 0.05091881 -0.006617307 -0.0808345 0.09892916 -0.04564183 -0.05091583 0.05088281 -0.0455811 -0.05096751 0.05087882 -0.02216738 -0.08227401 0.1169774 0.01030486 -0.09785783 0.1782369 -0.01235282 -0.09483563 0.1559652 -0.04747104 -0.04998123 0.05871611 -0.04687321 -0.05053871 0.0586487 -6.48248e-4 -0.09909081 0.1935307 -0.01579117 -0.094814 0.1608905 -0.02981942 -0.0814082 0.1285917 -0.04087096 -0.05463552 0.05060154 -0.04684686 -0.08372014 0.2114465 -0.04313129 -0.08539003 0.1908917 -0.04631876 -0.05104404 0.05858796 0.04518264 -0.05091601 0.05075621 0.01130759 -0.07497233 0.0835939 0.001927971 -0.09906786 0.1935178 -0.04259997 -0.08576953 0.1910658 -0.04594343 -0.05137997 0.05854779 -0.02572679 -0.09214162 0.2241725 0.04577082 -0.05040961 0.05079382 -0.0234186 -0.09534472 0.1956136 -0.04541379 -0.05184561 0.0584923 0.03970587 -0.05599695 0.05789923 -0.04254031 -0.08581173 0.1910852 -0.04535418 -0.0518974 0.05848616 0.02842116 -0.08917897 0.1572337 0.04633551 -0.04991263 0.05083101 -0.01106059 -0.09507894 0.1558992 -0.03418385 -0.08099001 0.138486 0.0284214 -0.08917993 0.157239 -0.03926748 -0.05574464 0.05052006 0.04718071 -0.04914832 0.05088865 -0.04724091 -0.05073952 0.06332284 -0.04613423 -0.0541839 0.07829296 -6.50519e-4 -0.09901815 0.1974256 0.04753118 -0.04882401 0.05091333 -0.01106065 -0.09507989 0.1559049 -0.04665046 -0.05129873 0.06324231 0.02335363 -0.06885862 0.07535362 0.02887547 -0.08894395 0.1572874 -0.0328204 -0.08193546 0.1381746 0.001675665 -0.09307897 0.1402895 -0.0461027 -0.05180573 0.06316971 0.0288757 -0.08894491 0.1572927 -7.89274e-4 -0.08117729 0.09883177 0.01466971 -0.08764004 0.1264593 -0.04573178 -0.05214273 0.06312167 0.03956604 -0.0567786 0.06236702 0.01511216 -0.09679752 0.1763599 -0.04520821 -0.05261003 0.06305527 0.0164318 -0.09647971 0.1763411 0.01594978 -0.08728969 0.1265751 0.01667201 -0.07373756 0.08384442 -0.04514932 -0.05266207 0.06304794 -0.03524821 -0.05824947 0.05033981 0.01518845 -0.09692382 0.1781475 -0.02559 -0.09351223 0.1762449 -0.01645654 -0.08426344 0.1163487 0.008754432 -0.09117525 0.1350252 0.001957833 -0.09899538 0.1974104 -0.04072225 -0.05558151 0.05805772 -0.02490532 -0.08402091 0.127722 -0.03755706 -0.08880102 0.1894841 0.005106985 -0.09891653 0.1934508 -0.03914129 -0.05669778 0.05793142 -0.04056477 -0.05636119 0.06253457 0.01811844 -0.07331866 0.08393061 0.0165143 -0.09660571 0.1781178 0.04497575 -0.05184578 0.05836629 0.02863997 -0.0899344 0.161729 -0.02948516 -0.06122899 0.05013203 -0.01242983 -0.09557479 0.1607431 0.004565715 -0.09292298 0.1403375 -0.0389977 -0.05748277 0.06238293 0.02909857 -0.08969998 0.1617711 0.001824557 -0.08114784 0.09883588 -0.03516989 -0.05922323 0.05765175 -0.03408467 -0.08248269 0.1437796 0.0455529 -0.05133807 0.05842518 0.005176246 -0.09884488 0.1973294 -0.02570945 -0.0936352 0.1779214 -0.02555721 -0.0628913 0.0500189 -0.01908731 -0.09351193 0.2263614 0.04610669 -0.05083996 0.0584833 0.009784817 -0.09101015 0.1350803 -0.03505676 -0.06002175 0.0620467 0.04699158 -0.05057162 0.06321555 0.03375047 -0.08610731 0.1579324 -0.02940696 -0.08405947 0.1374702 0.03375071 -0.08610832 0.1579375 -0.04556828 -0.05474954 0.07817572 -0.0111286 -0.0958184 0.1606954 -0.01298671 -0.08515763 0.1160643 -0.04504245 -0.05526208 0.07806992 0.02083539 -0.09521234 0.176268 -0.03602159 -0.08969873 0.1898272 -0.01917934 -0.09317398 0.2278576 -0.01917821 -0.09317737 0.2278407 -0.03271603 -0.08340924 0.1434839 -0.02945572 -0.06223583 0.0573287 0.009668707 -0.09845948 0.1932555 -0.02156054 -0.08546775 0.1272364 -0.00589472 -0.09577858 0.1557239 0.02093833 -0.09533691 0.1780015 -0.04468607 -0.05560284 0.07799983 0.005048274 -0.08095538 0.0988816 -0.00589472 -0.09577947 0.1557297 0.01079618 -0.09830236 0.1931892 -0.04418265 -0.05607539 0.07790291 -0.01163929 -0.08544421 0.1159727 -0.04412597 -0.0561279 0.07789218 0.04478293 -0.05261021 0.06292986 -0.01503843 -0.09412699 0.2273539 -0.02209711 -0.09482645 0.1763077 -0.01899623 -0.06506854 0.04987329 0.0229066 -0.07165658 0.08427721 -0.02554941 -0.06392079 0.05715274 0.02937418 -0.07856279 0.1180594 0.009793698 -0.0983901 0.1970921 0.04535341 -0.05210071 0.06300061 0.03292125 -0.06420338 0.0762003 0.0340237 -0.08687043 0.1622759 -0.02937698 -0.06305319 0.0616576 0.02020555 -0.08589297 0.1270365 0.02983027 -0.0782904 0.1181433 -0.01346343 -0.09432405 0.2276729 -0.03970044 -0.05986875 0.07713794 0.0459007 -0.05160099 0.06307041 0.03342503 -0.0639013 0.07625681 0.01093465 -0.09823375 0.1970113 -0.02220052 -0.09495067 0.1780285 -0.01352924 -0.09396976 0.2291954 -0.01500904 -0.06605207 0.04980784 0.01589298 -0.09736824 0.1927987 -0.02929502 -0.0854901 0.1428148 -0.04275327 -0.06331497 0.1036834 -0.04463911 -0.05758064 0.0875445 0.04671895 -0.05083286 0.06317853 0.01727527 -0.0970503 0.192667 -0.03818184 -0.06100308 0.07691371 0.008713304 -0.09245336 0.1404885 -0.02452945 -0.08656364 0.1366308 0.009665071 -0.08037608 0.09902638 -0.02548861 -0.06475007 0.06144541 0.01609098 -0.0973044 0.1965354 -0.0322051 -0.0917133 0.1906047 -0.007134795 -0.0948885 0.2285876 0.01444077 -0.09002703 0.1354092 -0.0386343 -0.08273839 0.1587966 -0.03858053 -0.08278071 0.1587871 -0.01346027 -0.06636798 0.04978662 0.03880798 -0.08350849 0.1628693 0.03889989 -0.0834372 0.1628819 0.009738445 -0.09229189 0.1405408 -0.0441268 -0.05809366 0.0874229 0.02968049 -0.09162765 0.1760725 -0.03858083 -0.08278167 0.1587921 -0.01598715 -0.08734941 0.1265996 -0.005927205 -0.09651619 0.1605566 -0.04377949 -0.05843466 0.08734232 0.03015619 -0.09139209 0.1760601 0.01080352 -0.08017718 0.0990768 -0.04328864 -0.05890744 0.0872308 0.01570248 -0.08969211 0.1355213 -0.006235837 -0.0862658 0.1157079 0.01748889 -0.0969882 0.1963748 -0.007159471 -0.09452182 0.2301405 -0.007169544 -0.09452116 0.2301368 -0.04323339 -0.05896002 0.0872184 -6.77235e-4 -0.09473252 0.2304977 -0.0190069 -0.06613272 0.0569266 -6.47162e-4 -0.09604644 0.1556519 -0.02121955 -0.08794903 0.1361618 0.02982342 -0.09174889 0.1776859 0.03030121 -0.09151315 0.1776657 -0.03435236 -0.06357091 0.0764141 0.02188277 -0.09578317 0.1921467 -6.47158e-4 -0.09604734 0.1556576 0.0387603 -0.06029087 0.07694566 -0.007245957 -0.0672754 0.04972386 -6.75805e-4 -0.09510517 0.2289351 -0.01260823 -0.08819407 0.126311 -0.01502239 -0.06713384 0.05682545 0.02214628 -0.09572798 0.19574 -0.02441793 -0.08794194 0.1420171 0.03527253 -0.08854854 0.1759139 -0.01632374 -0.09653401 0.1763898 0.03467321 -0.07501274 0.1191513 -0.0189684 -0.06697911 0.06117248 -0.01347321 -0.06745564 0.05679285 0.03544038 -0.08866733 0.1774265 -0.0390461 -0.08343744 0.1629905 -0.03895467 -0.08350843 0.1629778 -0.03891021 -0.06269979 0.08634728 0.00581336 -0.09459632 0.2302507 0.002221047 -0.09508705 0.2289012 -0.01640027 -0.09666001 0.1781685 0.005793154 -0.09496599 0.2286969 0.001704394 -0.09602326 0.1556541 -0.03890001 -0.08355069 0.1629702 -0.03742426 -0.06383264 0.08608728 0.03110897 -0.09220522 0.1907092 -0.01129728 -0.08846461 0.126218 -0.01499378 -0.06798863 0.06105047 0.04100948 -0.08486574 0.1771184 0.04026174 -0.08516758 0.1757477 -0.03442436 -0.08577269 0.1581038 0.03160411 -0.09197032 0.1906164 0.001704454 -0.09602421 0.1556598 -0.02881276 -0.06663638 0.07583189 0.04045253 -0.08528357 0.1771517 -0.03442466 -0.08577364 0.1581089 0.03146058 -0.09217071 0.1939851 -9.12055e-4 -0.06762456 0.04969459 -0.02680003 -0.09408569 0.191534 0.01223093 -0.09411454 0.229411 0.01090627 -0.09459918 0.2280884 -0.01344788 -0.06831318 0.06101125 -0.007251381 -0.06838065 0.05669754 0.03228873 -0.0670247 0.08527392 -0.03367364 -0.06639438 0.08550614 0.03195989 -0.09193718 0.1938716 0.01216655 -0.09447306 0.2278804 -7.30971e-4 -0.08658087 0.1156014 0.00192821 -0.06759458 0.04969245 0.01223027 -0.09411567 0.2294082 0.03692299 -0.08913564 0.1895086 -6.442e-4 -0.09678339 0.1604986 -0.0250101 -0.06835192 0.07551264 -0.01284396 -0.09729993 0.176426 0.01783901 -0.09372335 0.2266522 -0.04226237 -0.06381803 0.1035445 0.03732025 -0.08911955 0.1925187 0.01792967 -0.0933811 0.2281565 0.01792865 -0.09338378 0.2281419 0.02864801 -0.08195 0.1283319 -0.03302031 -0.08667087 0.1578967 -0.04192912 -0.06415206 0.1034523 0.01936912 -0.09346824 0.2262371 0.0245521 -0.09214103 0.2260255 0.02909654 -0.08169144 0.1284165 -0.03302055 -0.08667182 0.1579019 0.04350358 -0.08506929 0.1906233 0.0421009 -0.08576542 0.1882219 0.004606723 -0.09587264 0.1556863 0.005431592 -0.06739848 0.04969918 -0.00723648 -0.06924635 0.06089693 0.02443617 -0.09245127 0.2245962 0.004606723 -0.09587359 0.155692 0.04253154 -0.08576971 0.1909471 -0.04145789 -0.06461495 0.1033247 -0.01571798 -0.08974915 0.1355457 0.04310977 -0.08535587 0.1907557 -0.0114969 -0.09754526 0.1764374 0.02455145 -0.09214162 0.2260223 0.03437983 -0.08957594 0.2200646 -0.04140484 -0.06466645 0.1033105 -9.03949e-4 -0.06873697 0.05665594 0.04060071 -0.0869165 0.2174791 0.03452116 -0.08932894 0.2213717 0.03490394 -0.08938699 0.2197723 -0.01290392 -0.09742689 0.1782311 0.03451889 -0.08933258 0.2213516 -0.028243 -0.06944733 0.08482575 -0.01862049 -0.07060503 0.07510036 0.04045897 -0.08710491 0.2162948 -0.006045222 -0.08924007 0.1259492 0.0405988 -0.08691728 0.2174677 0.04571354 -0.08438682 0.2122797 0.001942932 -0.06870639 0.05665493 0.04693841 -0.08361977 0.2123612 0.0462864 -0.08405065 0.2117927 0.04683548 -0.08372008 0.2113159 0.01045137 -0.06680893 0.04972702 -0.02952468 -0.08868646 0.1574283 0.0116899 -0.0666067 0.04973733 -0.02315253 -0.09539777 0.1920542 -8.9728e-4 -0.06960594 0.06084805 0.0392577 -0.07114344 0.1203387 -0.02952492 -0.08868741 0.1574336 0.03975659 -0.07066798 0.1204844 -0.02451384 -0.07115316 0.08445131 -0.04694694 -0.08361977 0.2124921 -0.04662287 -0.08385562 0.2116411 0.005453884 -0.0685063 0.05666857 -0.01471972 -0.07162523 0.07491576 -0.01238888 -0.09055656 0.1352662 0.001946091 -0.06957507 0.06084769 0.008773803 -0.09541904 0.1557898 -0.01320159 -0.07195317 0.07485646 0.008773863 -0.09541994 0.1557955 0.01727354 -0.06540644 0.049802 -0.04624956 -0.08407843 0.2119617 -0.04572242 -0.0843867 0.2124069 0.01048183 -0.06790506 0.05671739 -0.04566305 -0.08442091 0.2124565 0.01878267 -0.06499904 0.04982489 0.009804368 -0.09526306 0.1558259 -0.04088139 -0.08478462 0.1758433 -0.04037255 -0.08516752 0.1758603 0.009804427 -0.09526401 0.1558315 0.01172155 -0.06769889 0.05673491 -0.007098615 -0.072896 0.07468467 -0.01711136 -0.09710466 0.1927372 -0.02456808 -0.09105896 0.1568698 -0.03998064 -0.07070726 0.1205835 0.02562505 -0.03948938 0.1126648 0.02883005 -0.01073169 0.09851372 0.02136367 -0.03694891 0.1132709 0.03816658 -0.07551771 0.1473238 0.03608602 -0.07315635 0.1470433 0.03611153 -0.07333618 0.1477041 -0.03893417 -0.05349779 0.1091732 -0.03921592 -0.05398768 0.1090304 -0.03510493 -0.06122916 0.1229912 -0.02275848 -0.06177067 0.1388131 -0.02620214 -0.06290245 0.1376834 -0.02615362 -0.0631451 0.1382638 -0.02274316 -0.06185513 0.1390032 0.02854174 -0.05628061 0.1244507 0.03042954 -0.04327642 0.111759 0.02594685 -0.05468666 0.1249793 0.02955341 -0.04249829 0.1119469 0.0329107 -0.06805741 0.1393461 0.03298801 -0.06747025 0.1376531 0.03198266 -0.0674172 0.1395184 0.03206288 -0.06682538 0.1378316 -0.02270078 -0.06209892 0.1395604 -0.02613848 -0.06322419 0.1384558 0.03290587 -0.06810212 0.139478 -0.01770752 0.03511106 0.08253568 -0.02428919 0.04248404 0.07581448 -0.02244687 0.03360784 0.08227992 -0.02259677 -0.06278342 0.1411951 -0.02609652 -0.06345295 0.1390184 0.03197765 -0.0674622 0.1396499 0.03285485 -0.06875157 0.1414478 0.03601151 -0.07164317 0.1418713 0.03602308 -0.07132327 0.1408524 -0.04141753 -0.05836868 0.1076869 -0.0354703 -0.06157571 0.1228882 0.038262 -0.07562893 0.1473048 0.0383495 -0.07661199 0.1514978 0.03844112 -0.07696533 0.1529487 0.03910189 -0.07847893 0.1593808 -0.02955603 -0.05678999 0.1243662 -0.03166645 -0.05831664 0.1238815 -0.02739554 -0.06346255 0.1374763 -0.02690541 0.05297631 0.06454187 -0.03727275 0.04744368 0.06411612 -0.03393089 0.03784024 0.0752477 -0.04097235 0.04483234 0.06393259 -0.0273478 -0.06369972 0.1380589 -1.84703e-4 0.03744125 0.08297121 -0.004172682 0.03732407 0.0829516 -1.66791e-4 0.01054096 0.09582287 -0.02599513 -0.0640977 0.1406693 0.003898859 0.0103935 0.09577959 -0.02258992 -0.06283485 0.1413225 0.03284394 -0.06906992 0.1424531 0.03602051 -0.07241457 0.1444284 -0.02250987 -0.06356966 0.1432228 -0.02598857 -0.06414628 0.140798 0.02512049 -0.05422264 0.1251351 0.009985923 -0.002584218 0.1002206 0.007300794 0.01004129 0.09568685 0.006543159 -0.002020061 0.1003647 -0.0273329 -0.06377708 0.1382516 -0.02729171 -0.06400096 0.1388162 0.03180706 -0.05862349 0.1236966 0.02977448 -0.06483846 0.1369244 0.03214967 -0.06632721 0.1364681 -0.02591395 -0.06484335 0.1427181 -0.02248483 -0.06392139 0.1441919 0.03192466 -0.06811463 0.1416125 -0.02719259 -0.06463307 0.1404734 0.03209704 -0.0666176 0.137257 0.03210949 -0.06654596 0.1370609 0.02973103 -0.06506502 0.1375121 -0.02718621 -0.06468075 0.1406025 -0.02589255 -0.06517899 0.1436976 0.0297175 -0.06513905 0.1377065 -0.06508934 0.02047932 0.03859478 -0.06783986 0.007425904 0.03859841 -0.02957737 -0.06460219 0.1370843 -0.04678952 0.0398426 0.06360059 -0.03742855 0.03560656 0.07500201 0.03191322 -0.0684337 0.1426141 -0.02953177 -0.06483024 0.1376711 0.02968043 -0.06535351 0.1382761 -0.02711445 -0.06536638 0.1425302 0.03286147 -0.06983023 0.1449761 -0.02951753 -0.0649048 0.1378651 -0.01330298 0.03615272 0.08272576 -0.003334045 0.01045155 0.09580439 -0.02947837 -0.06512069 0.1384338 0.03635299 -0.07438921 0.1518361 -0.0270946 -0.06569731 0.1435136 -0.06360763 0.0215184 0.05110442 -0.06105691 0.0304318 0.03858923 -0.02588814 -0.06596237 0.1461546 -0.05904835 0.03135555 0.05144685 -0.02716678 -0.06718438 0.148502 -0.03855443 -0.06486296 0.1219352 -0.02938485 -0.0657323 0.1401032 0.003490269 -0.001716315 0.1004461 0.02959275 -0.06596171 0.1399481 -0.02937889 -0.06577861 0.1402333 -0.04972106 0.04404473 0.05184811 -0.05495375 0.03020811 0.06298559 -0.02709442 -0.06647235 0.1459809 -0.05771893 0.0335983 0.05151957 -0.02931308 -0.06644648 0.1421754 0.02958726 -0.06600779 0.1400785 0.03646987 -0.07472592 0.1532722 -0.03995418 -0.06661748 0.1214389 -0.0681917 0.002729654 0.03859883 -0.04003733 -0.06672811 0.1214078 -0.04047065 -0.0673182 0.1212416 -0.02929604 -0.06677055 0.1431666 0.02372455 -0.007512629 0.09913635 0.02278751 -0.00701785 0.09923619 0.01754945 -0.03518599 0.1137 -0.03325003 -0.06694644 0.1363855 0.03193086 -0.06919318 0.1451278 0.03294557 -0.0705502 0.1475558 -0.03320956 -0.06716293 0.1369803 -0.05634289 0.02810382 0.06285005 -0.03319698 -0.06723386 0.1371771 0.01645064 -0.004324138 0.09980982 0.01685577 -0.03491091 0.1137681 -0.03364825 -0.06724017 0.1363062 0.03297734 -0.07072293 0.1482077 -0.02930241 -0.06753474 0.1456534 -0.03145211 0.02948927 0.0816614 0.02952802 -0.0666728 0.1420237 -0.03316235 -0.06743967 0.1377536 -0.04299879 0.03127819 0.07455617 -0.03360843 -0.0674557 0.136902 -0.03359603 -0.06752634 0.137099 0.02951425 -0.06699585 0.1430163 -0.03356194 -0.06773138 0.1376765 0.03201717 -0.06990879 0.1476978 -0.03308016 -0.06802707 0.139446 0.02156156 -0.05244046 0.1257386 -0.03307497 -0.06807178 0.1395779 0.03204977 -0.07007992 0.1483472 0.02640569 -0.06309527 0.1375371 -0.02938103 -0.06824415 0.1481956 -0.03348094 -0.06831699 0.1393716 -1.60295e-4 -0.001588821 0.1004841 -0.03347581 -0.06836163 0.1395038 -0.03393536 -0.07230037 0.1537474 -0.02941238 -0.06841194 0.1488378 -0.03301841 -0.06872129 0.1415473 0.02635902 -0.06333589 0.1381184 -0.03342002 -0.06901013 0.1414763 -0.03473991 0.02749526 0.08139157 -0.0330047 -0.0690397 0.1425523 0.05411362 -0.04085272 0.03842693 -0.03340643 -0.06932842 0.1424829 0.02634447 -0.06341439 0.1383107 0.05928379 -0.03286498 0.03842008 -0.03852772 -0.07367664 0.1404669 -0.03706085 -0.0701645 0.1355805 -0.06798893 -0.005913734 0.03859835 0.06455469 -0.02060985 0.03841322 0.05000513 -0.04630833 0.05233258 -0.03301519 -0.0697999 0.1450749 0.04743659 -0.04966193 0.05930846 0.02630436 -0.06364142 0.138874 0.06560021 -0.0169754 0.03841185 0.02952855 -0.06775867 0.145507 0.05254328 -0.04331189 0.05312061 -0.01057541 0.009564042 0.09559589 -0.03702628 -0.07037508 0.1361854 -0.03701549 -0.07044422 0.1363854 0.05332934 -0.04229682 0.05338168 0.03235167 -0.07106137 0.1524068 0.03327155 -0.07171821 0.1522831 -0.03341662 -0.07008934 0.1450096 0.06733107 -0.007564544 0.0384097 -0.03698557 -0.07064551 0.1369715 -0.06698542 0.00825572 0.05054312 0.04781371 -0.04927188 0.05945837 0.05817663 -0.03479105 0.05517208 -0.03309226 -0.07051968 0.1476544 -0.03691303 -0.07122403 0.1386922 -0.003004312 -0.001666128 0.100468 0.02620834 -0.06428158 0.1405274 0.06535929 -0.01708048 0.04870969 -0.03690832 -0.07126832 0.1388263 -0.06121009 0.0187518 0.06221699 -0.03312224 -0.0706923 0.1483063 0.04939121 -0.04754352 0.06012064 0.05157232 -0.04486489 0.06112432 0.0262022 -0.0643298 0.1406563 -0.03349232 -0.07081121 0.1475934 0.05224972 -0.04395276 0.06145596 0.02961492 -0.06846833 0.1480531 -0.03352183 -0.0709846 0.1482464 -0.03685498 -0.07191628 0.1408281 0.06750762 0.00577414 0.03840976 -0.06751847 0.003409922 0.0502966 0.06697356 -0.007288157 0.04945933 -0.03683984 -0.07223713 0.1418498 0.01218187 -0.0333876 0.1141536 0.04746139 -0.05024337 0.06491959 -0.03340554 -0.07168692 0.1523818 0.01321762 -0.00333786 0.1000375 0.04612463 -0.05383539 0.07968413 -0.03380066 -0.07198596 0.1523287 0.02351289 -0.06514513 0.1463921 0.02964818 -0.06863647 0.1486963 -0.04000449 0.02361285 0.08089989 -0.03683829 -0.07301217 0.1444142 0.06316685 -0.02267813 0.05750662 0.04878717 -0.04864442 0.06561774 -0.03843271 -0.0735712 0.1404882 0.02613389 -0.06502276 0.1425792 -0.0368905 -0.07375931 0.1470367 0.06411683 -0.01899313 0.05809545 -0.01406097 0.008781492 0.09541827 -0.03691232 -0.07394075 0.1476995 0.05643403 -0.03714579 0.06372493 0.05062001 -0.04616975 0.06667023 0.02382117 -0.06198394 0.1379769 -0.03925812 -0.07847887 0.1594899 -0.03712689 -0.07500594 0.151844 -0.03723311 -0.07534766 0.1532846 0.06588727 0.01582056 0.03841215 0.03255653 0.05956453 0.03845906 0.03016942 0.05827301 0.05224055 0.03695374 0.05628293 0.04539835 0.04507672 0.05069297 0.03844153 0.0435518 0.05201613 0.03844368 -0.0509932 0.0227434 0.07372915 0.04088795 0.05160802 0.05197674 0.04241013 0.05041551 0.05193299 0.05118882 -0.04532778 0.06701701 0.06507635 0.01889139 0.03841334 0.0587244 -0.02562159 0.07325685 0.05932235 -0.01737785 0.07503545 0.05354446 -0.01794123 0.0829913 0.04711383 -0.02061033 0.09002578 0.04929786 -0.02891284 0.0882284 0.04985487 -0.03487783 0.0866903 0.0667532 0.006554722 0.05027288 0.05793267 -0.005765259 0.07702785 0.02377378 -0.06223702 0.1385539 0.05406481 0.005188465 0.07854479 0.04812008 0.01482039 0.07972395 0.04597634 6.41702e-4 0.0861172 0.03827047 -0.005954146 0.09264498 0.04335665 -0.01281803 0.09147137 0.023759 -0.06231945 0.1387448 0.04654723 -0.04801499 0.08968174 0.04645699 -0.04145175 0.09186118 0.04293453 -0.05015587 0.09936404 0.04212361 -0.06080949 0.106778 0.04259991 -0.06210601 0.1063497 0.06550008 -0.009364902 0.05941718 0.04623675 -0.03951019 0.09242719 0.03799563 -0.05242878 0.1093732 0.03866779 -0.0535497 0.1090499 0.04074347 -0.05754381 0.1078343 0.02611571 -0.06535667 0.1435602 0.04563122 -0.05471545 0.08701521 0.04597741 -0.05290412 0.08777314 0.04607623 -0.05230373 0.08801954 0.04196113 -0.06039124 0.1069155 0.0546863 -0.03904914 0.06938374 0.02371799 -0.06255769 0.1393039 0.03218626 -2.61861e-4 0.09361404 0.03977382 0.008180499 0.08723127 0.04063779 0.02275472 0.0806815 0.03349512 0.02805274 0.0813716 0.02649706 0.003577172 0.09430539 0.06067895 -0.02599394 0.0666843 0.01787519 -0.05093061 0.126252 -0.006088972 0.06774848 0.03851306 -0.01920253 0.06530445 0.0385313 -0.01215094 0.06629544 0.04566526 -0.00555551 0.06520932 0.05259591 -0.0176019 0.06317174 0.05251616 0.04276931 -0.02762144 0.09530675 0.04005658 -0.02264219 0.09630459 0.03897172 -0.03967654 0.1022316 -0.05237966 0.02085423 0.0735473 0.03307104 -0.04591268 0.1111099 0.03611743 -0.04963511 0.1101455 0.04524356 -0.03451889 0.09374451 0.06144928 -0.02257645 0.06743335 0.03907632 -0.02116692 0.09658616 0.02301377 -0.06166988 0.1381078 0.02471274 0.01868635 0.08891719 0.01406919 0.03591501 0.08264166 0.01114094 0.009385049 0.09552305 0.03217339 0.02885806 0.08148407 0.02320587 0.03318625 0.08214634 0.01863157 0.03474116 0.08241832 0.06467944 0.01682597 0.05074101 0.0229665 -0.06192696 0.1386835 0.01474982 0.008504807 0.09531557 0.01836377 0.007347762 0.09505879 0.02545011 0.004164755 0.09441655 0.0601325 0.03127837 0.03842037 0.02295172 -0.06201076 0.1388739 -0.03171765 3.57285e-4 0.09381031 -0.02752548 0.003171145 0.09430581 -0.03927958 0.009013056 0.08746427 -0.04764091 0.01590299 0.07998538 -0.0489788 0.0141887 0.07978463 0.009796738 -0.03281623 0.1143032 -0.03901177 -0.006405472 0.09267717 -0.03790396 -0.005180358 0.09288054 0.06371223 0.01992464 0.05086594 -0.05057018 -0.007049322 0.08506822 -0.04313611 -0.01190859 0.09175008 -0.05381035 0.006466865 0.0788564 -0.05796641 -0.004352748 0.0774005 0.06488353 0.004235327 0.06086534 0.02291077 -0.06225264 0.1394318 -0.04707819 -0.0196048 0.09035366 0.02361881 -0.06322735 0.1409446 -0.05968225 -0.01592844 0.07547885 -0.05856776 -0.02862668 0.07267212 -0.05469226 -0.02724581 0.08109438 -0.05021649 -0.03707706 0.08619558 -0.0494703 -0.02787184 0.08861058 0.05813807 -0.02877038 0.07247203 0.02361238 -0.06327772 0.1410724 -0.05308079 -0.03882247 0.07773476 -0.04789209 -0.05022269 0.08141988 -0.04796397 -0.05000811 0.08151233 -0.05825912 -0.02997207 0.0723167 -0.05415695 -0.04096347 0.06885385 0.0261197 -0.06613689 0.1460208 -0.04900825 -0.04635 0.08301669 0.06242781 -0.01362377 0.06912249 -0.05027079 -0.04724431 0.06635838 -0.04749947 -0.05133682 0.08093315 -0.05141878 -0.04560458 0.06704658 -0.05123907 -0.04587125 0.06693631 -0.0501821 -0.03806728 0.08589655 -0.06510078 -0.02044326 0.03859388 0.04438155 -0.0145992 0.09115535 0.05069786 -0.008207857 0.08473873 0.05519104 0.002684056 0.07821983 0.04668152 -0.05249041 0.08028888 -0.01780635 0.007660567 0.09517586 -0.05886447 -0.008387625 0.07678323 -0.05372798 -0.01698005 0.08332824 -0.06756609 -0.005568504 0.04976218 0.05286437 0.04246419 0.03843063 -0.0481072 -0.02247911 0.08978283 0.06247103 0.0142312 0.06170833 -0.06458681 -0.02200764 0.03859311 -0.009500801 -0.002430558 0.1002852 0.05811631 0.03217917 0.05131113 0.02281129 -0.06293201 0.1410688 0.04743582 -0.05046343 0.08118277 -0.06503176 0.005898356 0.06119698 0.06139922 0.01722031 0.06193464 0.02280485 -0.06298303 0.1411963 0.02353906 -0.06399822 0.1429798 0.02351784 -0.06434369 0.1439526 0.04766374 -0.04978573 0.0814743 0.007406413 -0.03237313 0.1144219 0.0613594 -9.88852e-4 0.07099294 0.02273052 -0.06371289 0.1430992 -0.05732941 0.01237368 0.07270264 0.01465523 -0.04986512 0.1266125 0.04896748 -0.0448755 0.0834456 -0.06571692 0.001154065 0.06075471 0.05035728 0.04284781 0.05166965 0.02270847 -0.06406241 0.1440696 -0.01262301 -0.003101348 0.1001288 0.05542021 0.02887797 0.06274503 0.01407402 -0.04969674 0.1266692 0.05870056 0.008233487 0.07209634 0.0196098 -0.06049323 0.1386178 0.01956486 -0.06076729 0.1391888 0.05757266 0.01097357 0.07239478 0.01955074 -0.06085652 0.1393776 0.01951152 -0.06111395 0.1399307 0.004851698 -0.03203707 0.1145143 0.0498532 -0.03718256 0.08602464 -0.02492111 0.004626095 0.09457421 -0.0648449 -0.02067136 0.04857033 0.04746437 0.0387541 0.0633974 -0.01597434 -0.004057943 0.09991419 0.01941508 -0.06183505 0.1415533 -0.06602007 -0.007672131 0.05980461 0.0194087 -0.06188911 0.1416797 0.02653962 0.06250184 0.03846752 -0.05839729 -0.03524887 0.03858399 -0.06433296 -0.02228581 0.04841679 0.05148667 0.02155005 0.07347023 0.02029716 0.06482243 0.03847622 0.002580165 -0.03185433 0.1145663 -0.06143289 5.50836e-4 0.07136058 0.0101732 -0.0487504 0.1269857 0.01618099 -0.05951809 0.1390525 0.03957456 0.04555875 0.06387192 0.03808772 0.04661303 0.06395006 -0.05433082 -0.04121762 0.03857803 -0.05406045 -0.04156994 0.03857761 0.01344579 0.06660705 0.03848582 0.01614105 -0.05980807 0.1396193 0.01612848 -0.05990242 0.1398068 -0.06225615 -0.003845334 0.07078522 0.04366821 0.03032457 0.07433927 0.01609349 -0.06017452 0.1403558 0.02445882 0.06079918 0.05235272 -0.05259335 -0.04340285 0.03857553 -1.40635e-4 -0.03177726 0.1145908 0.007246553 0.06758582 0.03849446 -0.0223363 -0.00662887 0.09937745 0.01862102 0.06276631 0.05244725 0.0130878 -0.06030577 0.1422528 0.01600641 -0.06093579 0.1419659 0.01600056 -0.06099283 0.1420913 0.02780359 0.05239969 0.0644164 0.008185386 -0.048388 0.1271061 -0.06365561 -0.02250987 0.05771142 -0.04912394 -0.04727584 0.03857046 0.03611165 0.0362302 0.07496798 -2.46674e-4 0.06799995 0.03850489 -0.05812269 -0.03573894 0.04690766 -0.002260565 -0.03182405 0.1145811 0.03470569 0.0371322 0.07507097 -0.06317931 -0.02408677 0.05744326 0.01229047 0.06426149 0.05252534 -0.0628575 -0.0120486 0.06955939 -0.02466726 -0.007854223 0.09913659 0.02243787 0.05454057 0.06461173 0.01323729 -0.05883091 0.1393551 0.01320326 -0.05913275 0.139919 0.01319259 -0.05923098 0.1401054 0.006191253 -0.04810363 0.1272004 0.0127092 -0.05872189 0.1394023 0.01316267 -0.0595141 0.1406515 0.006609439 0.06507468 0.05257236 0.01267641 -0.05902564 0.1399657 0.01266604 -0.05912446 0.140152 0.0170173 0.05618494 0.06477409 -0.05409312 -0.04163408 0.04612046 0.01263719 -0.05940937 0.1406977 -0.05382758 -0.04197806 0.04607266 -0.05239218 -0.04375982 0.04582303 -0.04813992 -0.04873126 0.0518229 0.02511459 0.04200643 0.07568103 -0.02842867 -0.01021397 0.09869021 -2.27032e-4 0.06541723 0.05259871 0.01119697 0.05742049 0.06490582 0.004056632 -0.04788589 0.127273 -0.007090508 -0.03228193 0.1144661 -0.05731803 -0.03706896 0.05481553 -0.06113374 -0.02583795 0.06688994 0.0201919 0.0437709 0.07593375 0.00215584 -0.04776668 0.1273135 0.009180009 -0.05810469 0.1396635 -0.06073951 -0.02729791 0.06654989 0.009155809 -0.05841928 0.1402241 0.006009578 0.05808687 0.06498277 -0.02528434 0.06322258 0.03853976 0.007343888 -0.05858784 0.1410474 0.00914818 -0.05852162 0.1404094 -0.009401679 -0.03267776 0.1143658 -0.05352669 -0.04263049 0.0534448 0.01526552 0.04510897 0.07614248 -0.05327814 -0.04295194 0.05336141 -0.03402745 -0.01483088 0.09785109 -2.09719e-4 0.05836635 0.06502139 0.007386863 -0.05786591 0.1397612 0.03986829 -0.06685328 0.1212611 -1.22877e-4 -0.04771625 0.1273327 0.03861063 -0.07203805 0.1350419 -0.05193805 -0.04461067 0.05292564 -0.03158718 0.06034702 0.03854846 0.007367372 -0.05818474 0.1403207 0.007361173 -0.05828845 0.1405057 -0.03504115 -0.01584905 0.09766787 0.03960591 -0.06650388 0.1213601 -0.01187556 -0.03323423 0.1142262 -0.04882937 -0.04803955 0.05200785 -0.001898467 -0.04774689 0.1273254 0.01001751 0.04610341 0.07631033 0.003651797 -0.05796432 0.1406368 0.005589008 -0.0576775 0.139837 0.03434711 -0.01547408 0.09763914 -0.05573135 -0.03922188 0.06322705 -0.005055785 0.0581969 0.06500989 -0.03887158 -0.02041345 0.09683603 0.003664433 -0.05753272 0.1398949 0.005366086 0.0466355 0.07640707 0.003654897 -0.05785751 0.1404529 -0.02327018 0.06141299 0.0524457 -0.05246001 -0.04425263 0.06149339 0.03773808 -0.06421673 0.1220141 -0.01656627 -0.03469371 0.1138679 -0.05224591 -0.04454147 0.06138783 -0.04276329 0.05306899 0.03856396 -0.04763144 -0.05052685 0.0649271 -0.05109292 -0.04602831 0.06083518 0.009222447 0.03678405 0.08282035 -0.005938291 -0.04804474 0.1272361 -1.04526e-4 -0.05774694 0.1405001 0.001950263 -0.05745351 0.1399272 -0.02922737 0.05894982 0.05235058 -0.01829171 -0.03537511 0.113704 -1.93786e-4 0.04685777 0.07645356 -0.04270863 -0.02678811 0.09559851 -0.01607781 0.05652117 0.06485319 -0.007867097 -0.04829955 0.127157 -0.0465607 0.04978954 0.03856927 -1.05303e-4 -0.05742013 0.1399426 0.004934847 0.03724783 0.08292269 -0.004525065 0.04672312 0.07643598 -0.02110016 -0.03666806 0.1133971 -0.04378145 -0.02917087 0.09509855 -0.02132648 0.05505585 0.06472015 0.03488588 -0.0612657 0.1228827 -0.009929299 -0.0486536 0.1270453 -0.05230557 0.04374766 0.03857719 -0.001707017 -0.0574404 0.1399372 -0.04803365 -0.05006623 0.06513071 0.03403532 -0.06048637 0.1231188 -0.04534435 -0.03365164 0.09408152 0.03831326 -0.07170504 0.1351184 -0.02539855 -0.03914749 0.1128165 -0.02620309 -0.03968846 0.1126902 -0.01384216 -0.04956334 0.1267523 -0.04007142 0.0525521 0.05212301 0.03828239 -0.07191526 0.1357277 -0.005349993 -0.0576384 0.1398673 0.03827273 -0.07198435 0.1359291 -0.005334913 -0.05796122 0.1404258 -0.007048308 -0.0584793 0.1409943 -0.005330145 -0.0580663 0.1406104 -0.01528769 -0.04998052 0.1266159 -0.00708884 -0.05780738 0.1398043 -0.04679322 -0.0413627 0.09201788 -0.00706911 -0.05812722 0.1403635 0.03824585 -0.07218557 0.1365196 -0.007062911 -0.05823129 0.1405484 -0.04386031 0.04959726 0.05202507 -0.04686295 -0.04219955 0.09176445 -0.02937471 -0.04210096 0.1121239 0.03818017 -0.07276546 0.1382525 0.03817588 -0.07280999 0.1383876 -0.01765757 -0.05076217 0.126358 -0.008948624 -0.05804103 0.1397144 -0.008924007 -0.05835676 0.1402747 -0.01442456 0.04538065 0.07622677 -0.01363319 -0.06043291 0.1423847 -0.008916258 -0.05845946 0.1404598 0.03621727 -0.06957131 0.1356193 -0.04575043 -0.05579358 0.08668452 -0.03294938 -0.04546964 0.111312 0.03812634 -0.07346212 0.1404038 0.03618347 -0.06978237 0.1362224 -0.04680198 -0.04929274 0.08933568 0.03617298 -0.06985163 0.1364219 -0.02136039 -0.05223822 0.1258665 -0.05984485 0.03274202 0.03858757 -0.01248627 -0.05863535 0.1394742 0.03811162 -0.07378602 0.1414327 -0.03410106 -0.04673939 0.1109958 0.03614395 -0.07005321 0.1370065 -0.01918423 0.04419195 0.07605063 -0.0124529 -0.05894058 0.1400371 -0.01244235 -0.05903995 0.1402232 -0.02206915 -0.05255824 0.1257597 -0.01241284 -0.05932623 0.1407684 -0.04640007 -0.05250048 0.088068 -0.04636907 -0.05269062 0.08798992 -0.01379948 -0.0589056 0.1393609 -0.01376318 -0.05920612 0.139925 0.03607505 -0.07063198 0.1387223 -0.01375168 -0.05930387 0.1401115 -0.04619431 -0.05368167 0.08757841 0.03607064 -0.07067626 0.1388561 -0.01371961 -0.0595858 0.1406578 -0.0360592 -0.04915994 0.1103726 0.03810644 -0.07457131 0.1440152 -0.01363867 -0.06037414 0.1422598 -0.02493733 -0.05398643 0.1252838 -0.0159654 -0.05940967 0.1391449 -0.01592463 -0.0597015 0.1397112 -0.01591181 -0.05979645 0.1398984 -0.01587593 -0.06007027 0.1404469 0.0381484 -0.07533228 0.1466563 -0.02837824 -0.05600976 0.1246184 -0.01939982 -0.06036192 0.1387299 0.03307169 -0.06697726 0.1362846 -0.01935374 -0.06063807 0.1393002 -0.01933926 -0.06072795 0.1394888 -0.02006679 -0.06056988 0.1386396 -0.01929891 -0.06098723 0.1400413 0.03303301 -0.06719362 0.1368796 -0.02001994 -0.06084275 0.1392108 0.03302097 -0.06726449 0.1370764 -0.02000522 -0.06093156 0.1393996 -0.01996427 -0.06118792 0.139953 -0.01919877 -0.06171345 0.141662 -0.01919209 -0.06176793 0.1417882 -0.01986283 -0.06190603 0.1415762 -0.01985609 -0.06195986 0.1417027 -0.01974922 -0.06309372 0.1445506 -0.01911211 -0.0625441 0.1436711 -0.01977562 -0.06272792 0.1435888 -0.02280724 -0.06151145 0.1382381 0.03930014 -0.07404589 0.1343933 0.03987634 -0.07055228 0.1205218 0.04021489 -0.07015711 0.1207187 0.04733139 -0.04976916 0.05928426 0.04756057 -0.04879659 0.05091685 0.04758965 -0.04876911 0.0509203 0.04761558 -0.04874438 0.0509234 0.04046374 -0.06966322 0.1209446 0.04735791 -0.04974281 0.05929028 0.04763883 -0.04872196 0.0509262 0.03928214 -0.0734595 0.1345929 0.04057633 -0.06916779 0.1211555 0.04738426 -0.04971623 0.05929636 0.04766201 -0.04869943 0.050929 0.04057729 -0.06870615 0.1213399 0.03913635 -0.07289826 0.1347768 0.04768323 -0.04867863 0.05093157 0.04048454 -0.06825602 0.121509 0.0474084 -0.04969167 0.05930197 0.03890711 -0.0724343 0.1349228 0.0474314 -0.04966789 0.05930733 0.03862249 -0.0720514 0.135038 0.04271334 -0.06292015 0.1060255 0.04271376 -0.06262344 0.106149 0.04267406 -0.06235653 0.1062549 0.04260283 -0.06211119 0.1063479 0.04486 -0.05698126 0.08759087 0.04496669 -0.05683922 0.08765405 0.0450499 -0.05670332 0.08771204 0.04511398 -0.05657517 0.08776497 0.04516738 -0.05644243 0.08781808 0.03896635 -0.07722288 0.1468701 0.03899741 -0.08219164 0.1587352 0.04596805 -0.05412381 0.07957774 0.03940051 -0.08150178 0.1588177 0.03961461 -0.08079749 0.158921 0.03965562 -0.08013564 0.1590334 0.03955942 -0.07949399 0.1591555 0.0388211 -0.07659178 0.1470396 0.0460276 -0.05402272 0.07961559 0.03937041 -0.07895249 0.1592689 0.03857964 -0.07607144 0.1471818 0.04607748 -0.05392742 0.07965052 0.03827476 -0.07564383 0.1473006 0.04700273 -0.05056059 0.06321847 0.03806626 -0.0777682 0.1394328 0.04704856 -0.05051654 0.06323105 0.0385344 -0.07725012 0.139603 0.04709452 -0.05047112 0.06324392 0.04713523 -0.05042999 0.06325548 0.03888088 -0.07658255 0.1398165 0.04717141 -0.0503925 0.06326591 0.03903055 -0.07590544 0.1400287 0.04720723 -0.05035459 0.06327641 0.04723978 -0.05031937 0.06328612 0.039016 -0.07527858 0.1402217 0.03886383 -0.07468003 0.140403 0.0386216 -0.07418733 0.1405496 0.04753178 -0.04882341 0.05091339 0.03941363 -0.082906 0.1628934 0.03981614 -0.08223825 0.162939 0.04003983 -0.08155548 0.1630089 0.04009974 -0.08091086 0.1630935 0.04003018 -0.08028072 0.1631921 0.0398693 -0.07974344 0.1632887 0.03963047 -0.07926619 0.1633845 0.04646563 -0.08251255 0.1980114 0.04640322 -0.08274346 0.1980393 0.0449773 -0.08256846 0.1902296 0.04654383 -0.08212798 0.1979699 0.0465362 -0.08213084 0.1979716 0.044936 -0.0828216 0.1902469 0.04358458 -0.08377391 0.1850672 0.04422378 -0.08437591 0.1904492 0.04392439 -0.08471196 0.1905232 0.04429388 -0.08428359 0.1904314 0.04350352 -0.08506894 0.1906232 0.04456841 -0.08384841 0.1903591 0.04474002 -0.08348113 0.1903106 0.04374331 -0.08337152 0.1850311 0.04376268 -0.0833103 0.1850266 0.04476201 -0.0834251 0.1903041 0.04490035 -0.08298236 0.1902599 0.04387468 -0.08282929 0.1849994 0.0438984 -0.08265602 0.1849931 0.04391849 -0.08238494 0.1849867 0.04390573 -0.08194714 0.1849857 0.04390794 -0.08194768 0.1849852 0.04101085 -0.08486467 0.1771182 0.04147779 -0.08442407 0.177046 0.04598248 -0.08366566 0.1981836 0.04754114 -0.08315092 0.2111686 0.048105 -0.08241963 0.2110213 0.04179531 -0.08399808 0.177002 0.04616671 -0.08333778 0.1981256 0.04619127 -0.08328765 0.1981174 0.04837757 -0.0818693 0.2109289 0.04635572 -0.08288919 0.1980584 0.0418663 -0.08388018 0.176993 0.04855871 -0.08129292 0.2108448 0.04212266 -0.08332431 0.176966 0.04225224 -0.08285999 0.1769596 0.04226583 -0.08278989 0.1769598 0.04232102 -0.08224523 0.176971 0.04231965 -0.0820524 0.176979 0.04229611 -0.08175504 0.1769953 0.04764437 -0.08304399 0.2122359 0.04821127 -0.0823093 0.2121084 0.04849141 -0.08176016 0.212027 0.04867881 -0.08118367 0.2119519 -0.04737991 -0.08194696 0.2235799 -0.04685884 -0.08165371 0.2265433 -0.04685926 -0.08165323 0.2265433 -0.04738032 -0.08194649 0.2235799 -0.046682 -0.08252364 0.2235378 -0.04881829 -0.08049476 0.219366 -0.04881882 -0.08049243 0.2193658 -0.04868853 -0.08118361 0.2120876 -0.04850476 -0.08176231 0.212162 -0.04863256 -0.08106648 0.2194125 -0.04863238 -0.08106696 0.2194125 -0.04835575 -0.08161628 0.2194517 -0.04822891 -0.08231484 0.2122426 -0.04835557 -0.08161658 0.2194517 -0.04778742 -0.08234965 0.2194929 -0.04765909 -0.08304888 0.2123686 -0.04778695 -0.08235007 0.2194929 0.04782986 -0.08241176 0.2187286 0.04844361 -0.08010733 0.2232654 0.04782944 -0.08241224 0.2187286 0.0471211 -0.08298629 0.2187575 0.04844307 -0.08010965 0.2232655 0.04825776 -0.08067911 0.2232969 0.04825758 -0.08067953 0.2232969 0.0479831 -0.08122724 0.2233139 0.04798293 -0.08122754 0.223314 0.04742103 -0.08196008 0.22331 0.04742062 -0.08196055 0.22331 0.04642754 -0.08235108 0.2251375 0.04767811 -0.08104038 0.2252295 0.04559206 -0.07905167 0.2342573 0.04767793 -0.08104068 0.2252295 0.04712039 -0.08177292 0.2252032 0.04711997 -0.0817734 0.2252032 0.04559278 -0.07905387 0.2342576 0.04541528 -0.07961732 0.2342455 0.04541516 -0.07961779 0.2342455 0.04515641 -0.08016115 0.2341999 0.04515624 -0.08016145 0.2341999 0.04463165 -0.08089244 0.2340701 0.04463124 -0.08089292 0.23407 0.04438757 -0.07997781 0.2360616 0.04027861 -0.07808023 0.2442815 0.0443874 -0.0799781 0.2360616 0.04387241 -0.08070886 0.2359104 0.04387199 -0.08070933 0.2359103 0.04323548 -0.08129274 0.2356913 0.04028147 -0.07808226 0.2442836 0.04012215 -0.07864034 0.2442305 0.04012203 -0.07864081 0.2442305 0.03989309 -0.0791803 0.2441276 0.03989297 -0.07918059 0.2441275 0.0394327 -0.07991015 0.2438846 0.03943234 -0.07991057 0.2438844 0.0386452 -0.07900893 0.2458535 0.03278708 -0.07724618 0.2528215 0.03864508 -0.07900923 0.2458534 0.03819978 -0.07973849 0.245591 0.03819942 -0.07973897 0.2455908 0.03765147 -0.08032739 0.2452365 0.03278702 -0.07724833 0.2528216 0.03265565 -0.077802 0.2527327 0.03265553 -0.07780241 0.2527326 0.03246891 -0.07833868 0.2525808 0.03246879 -0.07833892 0.2525807 0.03209644 -0.07906728 0.2522426 0.03209614 -0.07906776 0.2522424 0.03078222 -0.07819342 0.2540335 0.02352446 -0.07659959 0.2594023 0.03078216 -0.07819372 0.2540333 0.03042942 -0.07892185 0.253679 0.03042918 -0.07892233 0.2536788 0.02999669 -0.07951474 0.2532137 0.02352398 -0.0766018 0.2594017 0.02342879 -0.07715207 0.2592846 0.02342873 -0.07715249 0.2592844 0.02329474 -0.07768625 0.2590947 0.02329462 -0.07768654 0.2590946 0.02302867 -0.07841384 0.258684 0.02302843 -0.07841432 0.2586837 0.02124619 -0.07757997 0.2601531 0.01294445 -0.07617884 0.2636704 0.02124613 -0.07758021 0.260153 0.02100372 -0.07830739 0.2597306 0.02100348 -0.07830786 0.2597303 0.02070707 -0.07890325 0.2591837 0.01289379 -0.07672828 0.2635416 0.01289373 -0.07672876 0.2635415 0.01281994 -0.07726091 0.2633272 0.01281994 -0.0772612 0.2633271 0.01267397 -0.0779879 0.2628696 0.01267391 -0.07798838 0.2628692 0.01046365 -0.07720232 0.2639101 0.001641631 -0.07600963 0.2653914 0.01046365 -0.07720261 0.2639099 0.01034462 -0.07792919 0.263446 0.0103445 -0.07792973 0.2634456 0.01019918 -0.07852679 0.2628495 0.001641452 -0.07601171 0.2653917 0.001634836 -0.07655894 0.2652484 0.001634836 -0.07655936 0.2652482 0.001625537 -0.07709091 0.265024 0.001625537 -0.07709121 0.2650238 0.001607179 -0.07781761 0.2645477 0.00160712 -0.07781815 0.2645472 -8.47461e-4 -0.07841414 0.2639555 -8.69669e-4 -0.0770893 0.2650434 -0.009688735 -0.07610505 0.2644459 -8.69666e-4 -0.0770896 0.2650433 -8.59648e-4 -0.077816 0.2645669 -8.5964e-4 -0.07781648 0.2645665 -0.009689688 -0.07610666 0.2644512 -0.009650111 -0.07665431 0.264312 -0.009650051 -0.07665479 0.2643118 -0.009594678 -0.07718664 0.2640931 -0.009594678 -0.07718694 0.2640929 -0.009485304 -0.07791352 0.263627 -0.009485185 -0.07791399 0.2636266 -0.01184332 -0.07857072 0.2624546 -0.01215112 -0.07724642 0.2635054 -0.0205093 -0.07645583 0.2609183 -0.01215106 -0.07724672 0.2635053 -0.01201254 -0.07797336 0.2630459 -0.01201242 -0.07797384 0.2630454 -0.02050924 -0.07645803 0.2609179 -0.02042597 -0.07700753 0.2607942 -0.02042585 -0.077008 0.2607941 -0.02030885 -0.07754123 0.2605956 -0.02030879 -0.07754147 0.2605955 -0.02007687 -0.07826858 0.2601682 -0.02007669 -0.07826906 0.2601678 -0.02214741 -0.07898521 0.2584468 -0.02272492 -0.07766216 0.2593979 -0.03022885 -0.07704317 0.2549757 -0.0227248 -0.07766246 0.2593978 -0.02246516 -0.07838976 0.2589838 -0.02246493 -0.07839024 0.2589834 -0.03022849 -0.07704538 0.2549755 -0.03010684 -0.07759791 0.2548774 -0.03010672 -0.07759839 0.2548773 -0.02993446 -0.07813382 0.2547131 -0.02993434 -0.07813411 0.2547129 -0.02959126 -0.07886213 0.2543511 -0.02959102 -0.0788626 0.2543508 -0.03169423 -0.07903993 0.2526012 -0.03829115 -0.07782924 0.2469648 -0.03169393 -0.0790404 0.2526009 -0.03124266 -0.07963228 0.2521504 -0.03829085 -0.07783144 0.2469649 -0.03813868 -0.07838821 0.2469006 -0.03813856 -0.07838863 0.2469006 -0.03792065 -0.07892709 0.2467823 -0.03792053 -0.07892739 0.2467823 -0.03748363 -0.0796566 0.2465094 -0.03748327 -0.07965707 0.2465091 -0.03918385 -0.07988572 0.2442368 -0.04428017 -0.07876831 0.2373129 -0.03918349 -0.07988619 0.2442366 -0.03862023 -0.08047384 0.243901 -0.04427957 -0.07877057 0.2373129 -0.04410618 -0.07933247 0.2372884 -0.044106 -0.07933294 0.2372884 -0.04385447 -0.07987517 0.2372254 -0.04385435 -0.07987546 0.2372253 -0.04334568 -0.08060604 0.2370609 -0.04334527 -0.08060652 0.2370607 -0.04385834 -0.08145707 0.2341809 -0.04450595 -0.08087408 0.2343784 -0.04787015 -0.07980394 0.2265685 -0.04450553 -0.0808745 0.2343783 -0.0478695 -0.0798062 0.2265686 -0.04768532 -0.08037394 0.2265871 -0.04768514 -0.08037441 0.2265871 -0.04741358 -0.08092081 0.2265853 -0.04741346 -0.08092111 0.2265853 -0.04755294 -0.08315098 0.211301 -0.04811722 -0.08241963 0.2111552 -0.04839009 -0.0818693 0.2110636 -0.04857152 -0.08129286 0.2109801 -0.04190349 -0.08399856 0.1771249 -0.04350954 -0.08473592 0.1879981 -0.0419749 -0.08388 0.1771161 -0.04381239 -0.08438467 0.187928 -0.0422315 -0.08332347 0.1770897 -0.04388314 -0.08428752 0.1879113 -0.0423606 -0.08286058 0.1770837 -0.04415589 -0.08383136 0.1878452 -0.04237455 -0.08278852 0.177084 -0.04432123 -0.08344846 0.1878029 -0.0424295 -0.08224332 0.1770953 -0.04434263 -0.08338832 0.1877971 -0.04242801 -0.08205312 0.1771032 -0.04446893 -0.08292657 0.1877611 -0.04449868 -0.08276194 0.1877514 -0.04240411 -0.08175265 0.1771197 -0.04507821 -0.08215326 0.190334 -0.04229778 -0.08129614 0.1771581 -0.04453045 -0.08249729 0.187739 -0.04463881 -0.0838474 0.1904829 -0.04088205 -0.0847842 0.1758432 -0.03956031 -0.08290618 0.1630043 -0.04480999 -0.08348119 0.1904351 -0.04483258 -0.08342355 0.1904284 -0.04135495 -0.08433383 0.1757777 -0.03996324 -0.08223766 0.1630511 -0.04167443 -0.08389759 0.17574 -0.04497098 -0.08298021 0.1903846 -0.04018694 -0.08155411 0.1631217 -0.04174578 -0.08377611 0.1757327 -0.04500615 -0.0828216 0.1903719 -0.04504781 -0.08256584 0.1903545 -0.0450772 -0.08215749 0.1903344 -0.04199928 -0.08320581 0.1757137 -0.04024636 -0.08090865 0.1632066 -0.04212236 -0.08273214 0.1757141 -0.04017597 -0.0802778 0.1633052 -0.04213505 -0.08265852 0.1757154 -0.04217851 -0.08210289 0.1757346 -0.04001414 -0.0797401 0.1634014 -0.04217219 -0.08190971 0.1757452 -0.03977322 -0.07926237 0.1634982 -0.04213958 -0.08160549 0.1757662 -0.03915613 -0.08219206 0.1588492 -0.03955858 -0.08150207 0.1589328 -0.03977215 -0.08079779 0.1590366 -0.03981256 -0.08013612 0.1591492 -0.03971588 -0.07949471 0.159271 -0.03952652 -0.07895344 0.1593838 -0.03925168 -0.07580602 0.1398253 -0.03861761 -0.07885324 0.1449022 -0.0389868 -0.07815933 0.1450903 -0.04751223 -0.05066168 0.06488794 -0.04632478 -0.05397474 0.0783779 -0.04640263 -0.05387276 0.07841753 -0.04755276 -0.05061751 0.06490111 -0.04646784 -0.05377757 0.07845366 -0.04652833 -0.0536794 0.07849019 -0.03923606 -0.07518118 0.1400189 -0.03915214 -0.07745391 0.1452829 -0.04657953 -0.0535869 0.07852393 -0.04762506 -0.05053567 0.06492519 -0.04758948 -0.05057644 0.06491321 -0.04562413 -0.05615299 0.0865454 -0.04623156 -0.05408352 0.07833439 -0.0391463 -0.07679998 0.1454626 -0.03908336 -0.07458448 0.1402 -0.04567784 -0.0560286 0.08659487 -0.03884106 -0.07409334 0.1403459 -0.03899741 -0.07617509 0.1456353 -0.04571855 -0.05591154 0.08664011 -0.03875362 -0.07566046 0.1457784 -0.03853344 -0.07368302 0.1404651 -0.04575037 -0.05579477 0.0866841 -0.03916001 -0.08219432 0.1588431 -0.03812777 -0.0793876 0.1447589 -0.04276055 -0.06330859 0.1036869 -0.03956294 -0.08150303 0.158927 -0.03977179 -0.08079677 0.1590316 -0.0429722 -0.06306111 0.1038178 -0.03981542 -0.08013492 0.1591439 -0.04314357 -0.0627675 0.1039623 -0.03972196 -0.07949197 0.1592657 -0.04324924 -0.06247848 0.1040958 -0.0395295 -0.07895076 0.1593788 -0.04330158 -0.06220549 0.1042155 -0.03926277 -0.0784862 0.1594855 -0.04331201 -0.06192839 0.1043311 -0.0409196 -0.06847232 0.1208325 -0.04082983 -0.06802803 0.121 -0.04807609 -0.04879403 0.05181437 -0.04067593 -0.06764906 0.1211336 -0.0389167 -0.07465511 0.1308075 -0.04809868 -0.04877197 0.05181741 -0.04811936 -0.04875165 0.05182015 -0.04813963 -0.04873162 0.0518229 -0.0393269 -0.07418715 0.1310058 -0.04770559 -0.04975891 0.05874365 -0.03962785 -0.07358765 0.131243 -0.047737 -0.04972904 0.05875045 -0.03975427 -0.07298231 0.1314693 -0.04776895 -0.04969829 0.05875742 -0.03973662 -0.07242143 0.1316689 -0.03959798 -0.07188326 0.1318514 -0.04779732 -0.04967057 0.05876374 -0.04782265 -0.04964548 0.05876934 -0.04784792 -0.04962015 0.058775 -0.04787105 -0.04959672 0.05878025 -7.17428e-5 -0.06177371 0.1640226 0.01102703 -0.0626499 0.1651946 -7.17744e-5 -0.0626499 0.164 -7.14435e-5 -0.06069999 0.1642374 0.01267921 -0.06069999 0.1658302 -7.16289e-5 -0.06123173 0.1641044 -0.01116067 -0.06177371 0.165247 -0.0111615 -0.0626499 0.1652434 -0.02173149 -0.0626499 0.1688305 -0.01114296 -0.06123173 0.1653269 -0.01281762 -0.06069999 0.1658657 -0.02172994 -0.06177371 0.1688339 -0.02486222 -0.06177371 0.1704246 -0.03128725 -0.0626499 0.1745937 -0.02169543 -0.06123173 0.1689079 -0.02475851 -0.06069999 0.1706127 -0.02482271 -0.06123173 0.1704962 -0.03127372 -0.06177371 0.1746115 -0.03122407 -0.06123173 0.1746764 -0.03514367 -0.06069999 0.1781801 -0.03529089 -0.06177371 0.1780237 -0.03993338 -0.0626499 0.1829842 -0.03523486 -0.06123173 0.1780833 -0.03991806 -0.06177371 0.1829966 -0.03985464 -0.06123173 0.1830483 -0.04332065 -0.06069999 0.1880925 -0.04350215 -0.06177371 0.1879776 -0.04639667 -0.0626499 0.1931512 -0.04343307 -0.06123173 0.1880214 -0.04637742 -0.06177371 0.1931605 -0.04630374 -0.06123173 0.193196 -0.04877561 -0.06069999 0.1997269 -0.04897999 -0.06177371 0.1996608 -0.04930889 -0.0626499 0.2006478 -0.04890215 -0.06123173 0.199686 -0.05100029 -0.06177371 0.2085083 -0.0510227 -0.0626499 0.2085052 -0.05138021 -0.06177371 0.2123393 -0.051499 -0.0626499 0.2158155 -0.05091929 -0.06123173 0.2085193 -0.05116581 -0.06069999 0.2123525 -0.05147635 -0.06177371 0.2158154 -0.05129861 -0.06123173 0.2123443 -0.05139458 -0.06123173 0.2158148 -0.05034112 -0.06069999 0.2251758 -0.05091083 -0.06177371 0.2231161 -0.05093318 -0.0626499 0.2231194 -0.05082994 -0.06123173 0.223104 -0.04931509 -0.06177371 0.2302627 -0.04933679 -0.0626499 0.2302692 -0.04674202 -0.0626499 0.2371202 -0.04923671 -0.06123173 0.2302393 -0.04635328 -0.06069999 0.2373911 -0.04672145 -0.06177371 0.2371106 -0.04664725 -0.06123173 0.2370763 -0.04318249 -0.06177371 0.2435213 -0.04320144 -0.0626499 0.2435336 -0.04311382 -0.06123173 0.2434768 -0.03945291 -0.06069999 0.248231 -0.03961819 -0.06177371 0.2483682 -0.0387867 -0.0626499 0.2493798 -0.03955525 -0.06123173 0.2483159 -0.03357237 -0.06177371 0.2545233 -0.03358709 -0.0626499 0.2545404 -0.03019952 -0.06177371 0.2571882 -0.02770787 -0.0626499 0.2589111 -0.03351902 -0.06123173 0.2544612 -0.03007352 -0.06069999 0.2570142 -0.02769571 -0.06177371 0.258892 -0.03015154 -0.06123173 0.257122 -0.02765172 -0.06123173 0.258823 -0.01880455 -0.06069999 0.263189 -0.02125865 -0.06177371 0.2623827 -0.02126801 -0.0626499 0.2624033 -0.01439779 -0.0626499 0.2649465 -0.02122491 -0.06123173 0.2623082 -0.01439142 -0.06177371 0.2649247 -0.01436859 -0.06123173 0.2648462 -0.006353974 -0.06069999 0.2663673 -0.007233023 -0.06177371 0.2664667 -0.007236182 -0.0626499 0.2664891 7.17744e-5 -0.0626499 0.2669999 -0.007221519 -0.06123173 0.2663857 7.17428e-5 -0.06177371 0.2669773 7.16289e-5 -0.06123173 0.2668955 0.006495773 -0.06069999 0.2663493 0.006522953 -0.06177371 0.2665624 0.00737828 -0.0626499 0.2664687 0.006512582 -0.06123173 0.2664813 0.01452916 -0.06177371 0.2648844 0.01453554 -0.0626499 0.2649062 0.0145061 -0.06123173 0.264806 0.0189374 -0.06069999 0.2631364 0.01901674 -0.06177371 0.263336 0.02139866 -0.0626499 0.2623438 0.01898652 -0.06123173 0.26326 0.02781659 -0.06177371 0.2588146 0.02782881 -0.0626499 0.2588337 0.03031563 -0.06177371 0.2571039 0.03369581 -0.0626499 0.2544466 0.02777236 -0.06123173 0.2587458 0.03018915 -0.06069999 0.2569302 0.03368097 -0.06177371 0.2544295 0.03026747 -0.06123173 0.2570378 0.03362751 -0.06123173 0.2543677 0.03954398 -0.06069999 0.2481209 0.03886389 -0.06177371 0.2492567 0.038881 -0.0626499 0.2492715 0.0432794 -0.0626499 0.243413 0.03880214 -0.06123173 0.249203 0.04326039 -0.06177371 0.2434008 0.04319167 -0.06123173 0.2433565 0.04641407 -0.06069999 0.2372618 0.04660862 -0.06177371 0.237353 0.0468021 -0.0626499 0.2369897 0.04653453 -0.06123173 0.2373183 0.04935604 -0.06177371 0.2301252 0.04937773 -0.0626499 0.2301316 0.0492776 -0.06123173 0.230102 0.05036789 -0.06069999 0.2250354 0.05057895 -0.06177371 0.2250754 0.05095422 -0.0626499 0.2229775 0.0504986 -0.06123173 0.2250602 0.05147707 -0.06177371 0.2156719 0.05149966 -0.0626499 0.215672 0.05137121 -0.06177371 0.2121961 0.05100303 -0.0626499 0.208363 0.05139529 -0.06123173 0.2156716 0.05115687 -0.06069999 0.2122099 0.05098062 -0.06177371 0.2083661 0.05128961 -0.06123173 0.2122013 0.05089962 -0.06123173 0.2083774 0.04873144 -0.06069999 0.1995911 0.04924839 -0.06177371 0.2005161 0.04926997 -0.0626499 0.2005096 0.04917013 -0.06123173 0.20054 0.04631507 -0.06177371 0.1930315 0.04633533 -0.0626499 0.1930217 0.04624152 -0.06123173 0.1930673 0.04324406 -0.06069999 0.1879718 0.04342526 -0.06177371 0.1878564 0.03984457 -0.0626499 0.1828713 0.04335629 -0.06123173 0.1879004 0.03982728 -0.06177371 0.1828855 0.03976398 -0.06123173 0.1829373 0.03503948 -0.06069999 0.1780823 0.03518635 -0.06177371 0.1779255 0.03117311 -0.0626499 0.1745067 0.03513044 -0.06123173 0.1779852 0.03115963 -0.06177371 0.1745244 0.0311101 -0.06123173 0.1745895 0.02463328 -0.06069999 0.1705439 0.02473652 -0.06177371 0.1703555 0.02160763 -0.0626499 0.1687527 0.02159833 -0.06177371 0.1687728 0.02469718 -0.06123173 0.1704272 0.021564 -0.06123173 0.168847 0.01273238 -0.06177371 0.1656221 0.01271212 -0.06123173 0.1657013 -0.03967881 -0.07911968 0.1633648 -0.03645604 -0.07439512 0.1678339 -0.03560972 -0.07421302 0.1584163 -0.0342862 -0.07296591 0.1570715 -0.03176254 -0.07089221 0.1547732 -0.03048503 -0.06996375 0.1537244 -0.02999252 -0.06962406 0.1533386 -0.03506594 -0.07334786 0.1662082 -0.03511255 -0.07326686 0.1668762 -0.0273776 -0.06796336 0.1514468 -0.03242093 -0.07161957 0.1634663 -0.03245967 -0.07158303 0.1641051 -0.03108561 -0.07085299 0.1622286 -0.03112089 -0.07083642 0.162855 -0.03057152 -0.07057392 0.1617751 -0.03060555 -0.07056462 0.1623971 -0.02118098 -0.06470483 0.1478669 -0.02784883 -0.06922274 0.159565 -0.02787661 -0.06924909 0.1601666 -0.01983743 -0.06408828 0.1472373 -0.03294777 -0.06922292 0.1724259 -0.03279417 -0.07042402 0.1699391 -0.03142482 -0.06992763 0.1686089 -0.03089845 -0.06974691 0.1681227 -0.03156429 -0.06888604 0.1711016 -0.03103291 -0.06876325 0.1706179 -0.02811628 -0.06887215 0.1657633 -0.01365768 -0.06160718 0.144939 -0.02143543 -0.06664854 0.1554338 -0.02145069 -0.06674522 0.1560013 -0.03169792 -0.0672872 0.1732889 -0.02005183 -0.06617307 0.1547136 -0.03116148 -0.06722778 0.1728265 -0.03174275 -0.06648576 0.1739927 -0.03173309 -0.06665807 0.173861 -0.02822679 -0.06816774 0.1682736 -0.02006471 -0.06628322 0.1552758 -0.03119522 -0.06661623 0.1734088 -0.01114916 -0.060799 0.1442688 -0.0312156 -0.06615 0.1737656 -0.0314067 -0.06509697 0.17444 -0.03122961 -0.06576067 0.1740091 -0.03124248 -0.06533092 0.1742228 -0.03125411 -0.0648595 0.1743955 -0.02833145 -0.06693744 0.1705869 -0.03129631 -0.06394261 0.1745836 -0.03126519 -0.0643112 0.1745243 -0.02835834 -0.06641089 0.1712191 -0.02158463 -0.06720852 0.1613969 -0.02837437 -0.06599533 0.171612 -0.007044494 -0.05978864 0.1434783 -9.0656e-5 -0.06263065 0.150452 -0.02838516 -0.06563943 0.1718826 -0.02839493 -0.06523841 0.1721219 -0.02840358 -0.06479066 0.172317 -0.02017796 -0.06690216 0.1606418 -0.01372492 -0.06428486 0.1521067 -0.02841156 -0.06426328 0.1724645 -0.01372861 -0.06444984 0.1526511 -0.02841913 -0.06359285 0.1725556 -0.02164757 -0.06702619 0.1639499 -0.01117813 -0.06367599 0.1513572 -0.02023148 -0.06681436 0.1632043 -0.01117932 -0.0638591 0.1518972 -0.02170521 -0.06636732 0.1664662 -0.0217188 -0.06600141 0.1671922 -0.02027988 -0.06625884 0.1657572 -0.02172631 -0.06568235 0.1676523 -0.02173101 -0.06539088 0.1679733 -0.01376062 -0.06569015 0.1579248 -0.02029085 -0.06592226 0.1664996 -0.007037997 -0.06291782 0.1504824 -0.02173483 -0.06504589 0.1682603 -0.02173781 -0.06464546 0.1684974 -0.02029669 -0.06562095 0.1669715 -0.007036983 -0.0631237 0.1510177 -8.33788e-5 -0.06449395 0.1556735 -0.02174001 -0.06416082 0.1686801 -0.0203002 -0.06534153 0.1673013 -0.02030289 -0.0650072 0.1675967 -0.02174103 -0.06353497 0.1687989 -0.02030479 -0.06461584 0.167841 -0.01118892 -0.06530106 0.1571497 -0.02030587 -0.06413972 0.16803 -0.01377606 -0.06597197 0.1605272 -0.02030569 -0.06352299 0.1681537 -0.01119357 -0.06570017 0.1597655 -0.01378715 -0.06581825 0.1632155 -0.007026314 -0.0648176 0.1562495 -0.01378786 -0.06559628 0.1640179 -0.01378732 -0.06536519 0.1645325 -0.01378631 -0.06513369 0.1648944 -0.01378476 -0.06484234 0.16522 -0.01119446 -0.06567311 0.1624941 -0.01378268 -0.06448882 0.1654911 -0.01377975 -0.06404864 0.1657029 -0.01119256 -0.0654875 0.1633141 -7.57793e-5 -0.06536698 0.1611264 -0.007021129 -0.06536167 0.1588824 -0.01377534 -0.06347107 0.1658452 -0.01119041 -0.06527888 0.163841 -0.01118838 -0.06506288 0.1642122 -0.01118588 -0.06478565 0.1645467 -0.01118302 -0.06444478 0.1648256 -0.01117932 -0.06401687 0.1650443 -0.0111742 -0.06345295 0.1651922 -0.007013261 -0.06549054 0.161659 -7.45892e-5 -0.06525611 0.1619803 -7.38211e-5 -0.06509399 0.1625314 -0.007009506 -0.06534981 0.1624995 -7.32786e-5 -0.06491041 0.1629207 -0.007006466 -0.06516903 0.1630412 -7.27884e-5 -0.06466293 0.1632725 -0.007003903 -0.06497246 0.1634233 -7.23782e-5 -0.06434905 0.1635668 -0.007001161 -0.06471294 0.1637683 -7.20547e-5 -0.06394767 0.1637989 -0.006998121 -0.06438815 0.1640565 -7.18323e-5 -0.06341338 0.1639584 -0.006994545 -0.06397598 0.1642833 -0.006989896 -0.06342953 0.1644382 0.003660023 -0.0651164 0.162671 0.003660857 -0.06528401 0.1621227 0.003659188 -0.06492894 0.1630582 0.007369816 -0.06518012 0.1630976 0.007368326 -0.06498157 0.1634787 0.003657877 -0.0646165 0.163475 0.007366001 -0.06465691 0.1638886 0.007364153 -0.06439387 0.16411 0.003656804 -0.06436073 0.1637005 0.003655076 -0.06395614 0.1639311 0.007361114 -0.0639801 0.164336 0.003652513 -0.0634182 0.1640893 0.007356703 -0.06343191 0.1644902 0.0395317 -0.07911759 0.1632453 0.03624969 -0.07429766 0.1678309 0.03536623 -0.07412958 0.1582224 0.03268176 -0.07174092 0.1556255 0.03164696 -0.07093203 0.1547242 0.03035885 -0.06999504 0.15367 0.02983647 -0.06963479 0.1532624 0.02981859 -0.06962269 0.1532487 0.03342992 -0.07231092 0.1646956 0.03346055 -0.07227087 0.165152 0.03234499 -0.071644 0.1636213 0.03237342 -0.07161623 0.1640699 0.03099697 -0.07087606 0.1623724 0.0236684 -0.06601572 0.149196 0.03102296 -0.07086259 0.1628123 0.03045111 -0.07058238 0.1618916 0.0304324 -0.07057249 0.1618754 0.03047609 -0.07057434 0.1623283 0.03045737 -0.07056462 0.162312 0.02099078 -0.06470227 0.1478016 0.03272557 -0.07044607 0.1699066 0.03287774 -0.0693174 0.1722651 0.03134399 -0.06994503 0.1685681 0.03078538 -0.0697534 0.1680541 0.0307663 -0.06974691 0.1680368 0.02403861 -0.06769371 0.1571494 0.02405399 -0.06774073 0.1575567 0.03148293 -0.06896793 0.1709307 0.03091925 -0.06883418 0.1704187 0.0309 -0.06882965 0.1704015 0.02127164 -0.06667768 0.1555425 0.01311689 -0.06148642 0.1447963 0.02128338 -0.0667448 0.1559411 0.03163111 -0.06729292 0.173245 0.03106188 -0.06722992 0.1727563 0.03104239 -0.06722778 0.1727398 0.031668 -0.06666207 0.173816 0.03166991 -0.06661617 0.1738534 0.03109729 -0.06661772 0.1733381 0.01095217 -0.06079697 0.1442331 0.0310778 -0.06661623 0.173322 0.03111869 -0.06615114 0.1736946 0.03109914 -0.06615 0.1736788 0.02424645 -0.06786948 0.1630238 0.03113341 -0.06576156 0.1739379 0.03131586 -0.0652402 0.174319 0.03111386 -0.06576067 0.1739223 0.03114956 -0.06523579 0.1741915 0.03113001 -0.06523513 0.174176 0.03115904 -0.06485998 0.1743239 0.03113943 -0.0648595 0.1743085 0.03117048 -0.06431156 0.1744524 0.03117638 -0.06395632 0.1745024 0.03115087 -0.0643112 0.1744373 0.02433115 -0.06751298 0.165421 0.007347941 -0.05988705 0.1435294 0.02143234 -0.06720823 0.1613361 0.0131995 -0.06424605 0.1521186 0.0132029 -0.06436318 0.1525006 0.02149856 -0.06704556 0.16375 0.02441984 -0.06659734 0.1679933 0.00365293 -0.05930703 0.1431006 0.02444076 -0.06616789 0.1686825 0.02445292 -0.06581044 0.1691164 0.01100176 -0.06373137 0.1514873 0.02446097 -0.06549322 0.1694177 0.01100367 -0.06385946 0.1518667 0.02446931 -0.0650416 0.1697372 0.02447384 -0.06470602 0.1699069 0.02156704 -0.0663672 0.1664052 0.02447885 -0.06420373 0.1700758 0.02448278 -0.06355935 0.1701836 0.02158266 -0.06600129 0.1671311 0.02159142 -0.06568229 0.1675912 0.02159702 -0.06539082 0.1679123 0.007363796 -0.06305456 0.1507058 0.02160251 -0.06496614 0.1682539 0.007364273 -0.06319707 0.1510822 0.01324605 -0.06563305 0.1577708 0.02160531 -0.0646454 0.1684363 0.02160799 -0.06416082 0.168619 0.02160936 -0.06353497 0.1687378 0.01102793 -0.06530129 0.1571192 0.01326596 -0.06592386 0.1602304 0.00365889 -0.06262475 0.1502337 0.003659069 -0.06277662 0.1506085 0.01103925 -0.06568634 0.1595891 0.007369518 -0.06486582 0.1563158 0.01328408 -0.06579703 0.1630694 0.01328659 -0.06558042 0.1638745 0.01328724 -0.06535261 0.1643909 0.01328706 -0.06512343 0.1647541 0.01104831 -0.06567317 0.1624636 0.01328605 -0.06476521 0.1651437 0.0073722 -0.06537395 0.1587997 0.0132848 -0.06448245 0.1653534 0.01104873 -0.06548756 0.1632835 0.01328235 -0.06404405 0.1655662 0.003660738 -0.06458973 0.1558326 0.01104807 -0.06527888 0.1638104 0.01327818 -0.06346845 0.1657093 0.01104706 -0.06506294 0.1641816 0.01104509 -0.06471914 0.1645801 0.01104336 -0.06444483 0.1647951 0.01104032 -0.06401693 0.1650137 0.007372736 -0.06550884 0.1617189 0.01103562 -0.06345295 0.1651616 0.003661751 -0.06517559 0.1583257 0.007371366 -0.06536364 0.1625574 0.003661632 -0.06540369 0.1612727 0.04360669 -0.06393069 0.1882621 0.04354494 -0.0651744 0.1882602 0.03975212 -0.06522017 0.1828351 0.04589766 -0.06953775 0.1929464 0.04340541 -0.06968557 0.1878631 0.04348278 -0.06658142 0.1882085 0.04570567 -0.07316976 0.1925261 0.04762697 -0.07289147 0.1980341 0.04559326 -0.07571619 0.1921746 0.04736578 -0.07545912 0.197952 0.0481162 -0.07528799 0.2007912 0.04723966 -0.08123213 0.2010737 0.04609739 -0.06648999 0.193104 0.0461899 -0.06511068 0.1931054 0.04842466 -0.07271993 0.2007527 0.04626291 -0.06389391 0.1930773 0.04795801 -0.06930691 0.1981473 0.04879301 -0.06917011 0.2007294 0.04820609 -0.06635808 0.1981596 0.04830449 -0.06502181 0.1981274 0.04837673 -0.06384396 0.198079 0.04904609 -0.06627875 0.2006787 0.04097217 -0.0756312 0.179681 0.04914194 -0.06496876 0.2006331 0.04388856 -0.08153015 0.1850652 0.05017906 -0.07211142 0.2092273 0.05017995 -0.07211136 0.2092292 0.04048222 -0.07324713 0.1807479 0.04921144 -0.06381493 0.2005779 0.04528021 -0.08199822 0.1914998 0.05057251 -0.06868177 0.2088184 0.04530578 -0.08157515 0.1915304 0.0508064 -0.06597352 0.208572 0.03997516 -0.06972348 0.1820309 0.05088943 -0.06476348 0.2084839 0.0435701 -0.07580757 0.1864302 0.05095112 -0.06370729 0.2084181 0.03977298 -0.06663835 0.1826882 0.04345691 -0.07331377 0.187086 0.04658097 -0.08181709 0.1979604 0.03977608 -0.06395661 0.1828869 0.04664081 -0.08139199 0.1979473 0.04716747 -0.08165651 0.2011063 0.01257151 -0.09108054 0.2394092 0.01894176 -0.09181451 0.2334228 0.02332401 -0.08576178 0.2462474 0.01480811 -0.08509957 0.2516523 -0.004999637 -0.0847547 0.2544887 0.005108296 -0.0847547 0.2544745 0.004424035 -0.09068566 0.2426367 -0.01470726 -0.08509957 0.2516934 -0.004348337 -0.09068566 0.242649 -0.02323818 -0.08576178 0.2463123 -0.02991008 -0.08668828 0.2387759 -0.01250487 -0.09108054 0.2394441 -0.0341894 -0.08780497 0.2296868 -0.01889175 -0.09181451 0.2334755 7.47027e-4 -0.08789527 0.249049 -0.007023215 -0.09278392 0.2363675 0.0342288 -0.08780497 0.2295914 0.02997487 -0.08668828 0.2386924 -0.05019724 -0.0721113 0.2093691 -0.04232114 -0.08112072 0.177461 -0.04510092 -0.08158206 0.1903875 -0.04527676 -0.07587087 0.1911475 -0.04537254 -0.08157145 0.1916568 -0.03974038 -0.06394422 0.1828415 -0.03129154 -0.06394326 0.1745915 -0.03140795 -0.06509685 0.1744393 -0.03971827 -0.06507927 0.1827971 -0.03984379 -0.06507837 0.1829552 -0.03986734 -0.06394374 0.1829981 -0.0456528 -0.07583868 0.192285 -0.04535317 -0.07321017 0.1915757 -0.04109734 -0.07574498 0.1797432 -0.0405789 -0.07324713 0.1808609 -0.04724657 -0.08142763 0.2012202 -0.04536068 -0.08176994 0.1916421 -0.04728031 -0.08122843 0.2012051 -0.04576945 -0.07316976 0.1926534 -0.04551082 -0.06946098 0.1920734 -0.04005718 -0.06961113 0.1821744 -0.0459671 -0.06942504 0.1930838 -0.0456953 -0.06637591 0.1922565 -0.03985977 -0.06650042 0.1828182 -0.04814106 -0.07541245 0.2009283 -0.03645616 -0.07439744 0.1678386 -0.03489184 -0.07225698 0.169884 -0.04616862 -0.06635546 0.1932347 -0.04578405 -0.06498724 0.1922618 -0.04227244 -0.08110183 0.1772258 -0.04584825 -0.0638898 0.1922399 -0.03174483 -0.06648749 0.1739987 -0.04626083 -0.06497341 0.193232 -0.04846554 -0.07271987 0.2008877 -0.04101788 -0.07573384 0.179539 -0.04632586 -0.06388157 0.1932057 -0.04884421 -0.06906223 0.2008644 -0.04909718 -0.06615132 0.200812 -0.04048544 -0.07324033 0.1806706 -0.04919189 -0.06483805 0.2007646 -0.05019634 -0.07211136 0.2093672 -0.04509282 -0.08178007 0.1903685 -0.04925352 -0.06380331 0.2007145 -0.050601 -0.06857949 0.2089489 -0.05083423 -0.06585538 0.2087045 -0.05091631 -0.06464338 0.2086178 -0.03994613 -0.06960976 0.1820015 -0.05097126 -0.06369668 0.2085596 -0.03973758 -0.06650137 0.1826567 0.009235501 -0.06069999 0.2387315 0.003167867 -0.06069999 0.2402985 -0.0211268 -0.06069999 0.2021337 -0.02495282 -0.06069999 0.213965 -0.02378714 -0.06069999 0.2078077 0.01708823 -0.06069999 0.1972519 0.02108949 -0.06069999 0.2020749 0.01201325 -0.06069999 0.1935755 -0.003098726 -0.06069999 0.2403072 0.02376562 -0.06069999 0.2077414 -0.02260577 -0.06069999 0.226176 -0.02455061 -0.06069999 0.2202187 0.006183445 -0.06069999 0.1912767 -0.009170651 -0.06069999 0.2387572 -0.01466637 -0.06069999 0.2357459 0.02494841 -0.06069999 0.2138954 -3.48419e-5 -0.06069999 0.1905 -0.01924055 -0.06069999 0.2314624 0.02456367 -0.06069999 0.2201502 -0.006250977 -0.06069999 0.1912941 0.02263545 -0.06069999 0.2261129 -0.01207435 -0.06069999 0.1936091 0.01928502 -0.06069999 0.2314087 -0.01713901 -0.06069999 0.1972996 0.01472276 -0.06069999 0.2357049 0.02376562 -0.07069998 0.2077414 0.02108949 -0.07069998 0.2020749 0.02494841 -0.07069998 0.2138954 0.02456367 -0.07069998 0.2201502 0.02263545 -0.07069998 0.2261129 0.006183445 -0.07069998 0.1912767 -3.48419e-5 -0.07069998 0.1905 0.01472276 -0.07069998 0.2357049 0.01201325 -0.07069998 0.1935755 0.01708823 -0.07069998 0.1972519 0.01928502 -0.07069998 0.2314087 0.009235501 -0.07069998 0.2387315 -0.01713901 -0.07069998 0.1972996 -0.0211268 -0.07069998 0.2021337 -0.02378714 -0.07069998 0.2078077 0.003167867 -0.07069998 0.2402985 -0.003098726 -0.07069998 0.2403072 -0.009170651 -0.07069998 0.2387572 -0.01207435 -0.07069998 0.1936091 -0.006250977 -0.07069998 0.1912941 -0.02495282 -0.07069998 0.213965 -0.02455061 -0.07069998 0.2202187 -0.02260577 -0.07069998 0.226176 -0.01466637 -0.07069998 0.2357459 -0.01924055 -0.07069998 0.2314624 -0.02188372 -0.01253664 0.03303027 -0.01788693 -0.01772254 0.03302472 -1.27173e-4 0.02499967 0.03299999 -0.006622374 0.02417534 0.03300905 -0.01268082 0.02169287 0.03301745 -0.01788693 0.01772254 0.03302472 -0.02188372 0.01253664 0.03303027 -0.02439695 0.006490945 0.03303378 -0.0252543 0 0.03303498 -1.27173e-4 -0.02499967 0.03299999 -0.006622374 -0.02417534 0.03300905 -0.02439695 -0.006490945 0.03303378 -0.01268082 -0.02169287 0.03301745 -0.003456234 -0.0247941 0.03299999 -0.006728291 -0.02414721 0.03299999 -0.009885132 -0.02307045 0.03299999 -0.01287055 -0.02158313 0.03299999 -0.01563137 -0.01971155 0.03299999 -0.0181185 -0.01748919 0.03299999 -0.02028763 -0.01495546 0.03299999 -0.02210021 -0.01215553 0.03299999 -0.02352392 -0.009139299 0.03299999 -0.02453345 -0.005960285 0.03299999 -0.02511078 -0.002675294 0.03299999 -0.02524572 6.57373e-4 0.03299999 -0.02493578 0.003978312 0.03299999 -0.02418649 0.007228493 0.03299999 -0.02301126 0.01034992 0.03299999 -0.02143096 0.01328724 0.03299999 -0.01947373 0.01598799 0.03299999 -0.01717436 0.01840412 0.03299999 -0.01457381 0.02049273 0.03299999 -0.01171839 0.02221649 0.03299999 -0.008658945 0.0235449 0.03299999 -0.005449891 0.02445411 0.03299999 -0.002803146 0.02486968 0.03299999 -0.02823996 -0.06185871 0.008383572 -0.03460234 -0.05853778 0.01463001 -0.03655475 -0.05733889 0.008383572 -0.02913743 -0.06144106 0 0.004437148 -0.06785506 0.03299999 0.001356422 -0.06798642 0.02465099 0.005884468 -0.06774491 0.02465111 0.001681387 -0.06797921 0.03299999 0.01103347 -0.06709885 0.02465111 0.01103347 -0.06709885 0.01867431 0.01183241 -0.06696259 0.01867431 0.01262962 -0.0668168 0.01867431 0.01342511 -0.06666153 0.01867431 5.86149e-4 0.06799745 0.009428203 0.001809239 0.06797569 0.008704185 -0.004191875 0.06787067 0 0.06794172 0.002813398 0.03299999 0.06799948 0 0.03299999 0.06799948 0 0 0.02256482 -0.06414693 0.008383572 0.02024215 -0.06491726 0.008383572 0.02078473 -0.0647456 0 0.00387752 0.06788939 0.01435339 0.004023432 0.06788086 0.01380836 0.003979325 0.06788343 0.01392763 -0.04195779 -0.05351203 0.03299999 -0.04409366 -0.05176621 0.03299999 -0.04082077 -0.05438435 0.02465111 0.004121303 0.06787496 0.01359474 0.06776714 0.005622029 0.03299999 0.06746453 0.008516669 0 -0.03655475 -0.05733889 0.02465111 -0.03517758 -0.05819392 0.01867431 -0.03448146 -0.05860906 0.01867431 0.06747651 0.008421003 0.03299999 -0.0358687 -0.05777049 0.01867431 -0.03655475 -0.05733889 0.01867431 0.007185578 -0.06761926 0.03299999 0.007606089 -0.06757324 0.02465111 0.009322762 -0.06735789 0.02465111 -0.02599602 -0.06283473 0.008383572 -0.02121275 -0.0646066 0 0.06707036 0.01120561 0.03299999 0.003856003 0.06789058 0.01452088 0.00423479 0.06786799 0.0133984 0.004305183 0.06786358 0.01329457 0.004365444 0.0678597 0.01321399 0.0665493 0.01397097 0.03299999 0.06586664 0.01689928 0 0.02485823 -0.06329345 0.008383572 0.02873021 -0.06163257 0 0.009922206 -0.06727218 0.03299999 0.06591427 0.01671242 0.03299999 -0.0397529 -0.05516976 0.03299999 -0.039424 -0.05540525 0.02465111 -0.03800165 -0.05639034 0.02465111 0.06516635 0.01942527 0.03299999 -0.02371847 -0.06372934 0.008383572 0.01658916 0.06594538 0.03299999 0.01930338 0.06520259 0.03299999 0.01801842 0.06556928 0.02465099 0.01634448 0.06600648 0.02465099 0.01465994 0.06640094 0.02465099 0.02711951 -0.06235808 0.008383572 -0.03748255 -0.0567367 0.03299999 0.06430685 0.02210485 0.03299999 0.0632314 0.02501571 0 0.003831923 0.06789195 0.01513022 0.008425891 0.06747591 0.01225697 0.006722033 0.06766688 0.01225697 0.004609048 0.06784361 0.01294672 0.02774757 -0.06208115 0.008383572 0.004700899 0.06783729 0.01286417 0.004780709 0.06783169 0.01279884 0.004964649 0.06781852 0.01266795 0.0633372 0.02474659 0.03299999 0.005187153 0.06780183 0.01254069 0.01264256 -0.06681436 0.03299999 0.005282878 0.06779444 0.01249486 0.0054937 0.06777769 0.01241087 -0.02141016 -0.06454145 0.008383572 0.005710542 0.06775975 0.01234722 0.005736112 0.0677576 0.0123412 0.006212949 0.06771552 0.01227146 0.006226062 0.06771433 0.01227045 0.02956098 -0.0612384 0.008383572 -0.03515058 -0.05821025 0.03299999 0.06225913 0.02734589 0.03299999 -2.65039e-4 0.06799942 0.01025116 0.06107437 0.0298984 0.03299999 0.05960041 0.0327382 0 0.05978506 0.03239971 0.03299999 0.02024215 -0.06491726 0.02465111 0.01384651 0.06657528 0.03299999 -0.02823996 -0.06185871 0.02465111 0.05839335 0.03484553 0.03299999 0.03134888 -0.06034272 0.008383572 0.01534205 -0.06624662 0.03299999 0.05690163 0.03723168 0.03299999 0.05503076 0.03994512 0 0.05531251 0.03955405 0.03299999 -0.01918882 -0.06523638 0.01113951 -0.01863378 -0.06539702 0.01025176 -0.01781535 -0.06562477 0.009429693 0.03310966 -0.05939483 0.008383572 0.03622317 -0.05754894 0 0.05362862 0.04180866 0.03299999 -0.005884468 0.06774491 0.008383572 -8.42929e-4 0.06799477 0.01113903 0.01801633 -0.06556987 0.03299999 -0.001195251 0.06798958 0.01213437 0.04082077 0.05438435 0.008383572 0.04959446 0.04652291 0 0.04337716 0.0523681 0 -0.001330256 0.06798714 0.01308524 -0.001356422 0.06798642 0.01405298 -0.01952654 -0.06513625 0.01213473 0.01108014 0.06709116 0.03299999 0.039424 0.05540525 0.008383572 0.03647673 0.05738854 0 -0.03276073 -0.05958801 0.03299999 0.05185288 0.04399174 0.03299999 -0.01965576 -0.06509739 0.01308548 0.03800165 0.05639034 0.008383572 -0.007606089 0.06757324 0.008383572 -0.01265937 0.0668112 0 0.02066093 -0.06478518 0.03299999 0.02256482 -0.06414693 0.02465111 0.04998838 0.04609942 0.03299999 0.003831923 0.06789195 0.02465099 -0.0166341 -0.06593388 0.008706152 -0.01295399 -0.06675469 0 0.02711951 -0.06235808 0.02465111 0.03655475 0.05733889 0.008383572 0.02250152 -0.0641691 0.0206806 0.00829482 0.06749218 0.03299999 0.02900183 0.06150519 0 -0.009322762 0.06735789 0.008383572 0.04803824 0.04812818 0.03299999 0.02327156 -0.06389391 0.03299999 0.02485823 -0.06329345 0.02465111 -0.01521062 -0.0662769 0.008247315 0.0370782 -0.05700176 0.01123791 0.03415864 -0.05879777 0.01123791 -0.01103347 0.06709885 0.008383572 -0.02375847 -0.06371444 0.02265858 -0.02607303 -0.06280279 0.02066767 -0.01968073 -0.06508964 0.01405298 0.02584385 -0.06289744 0.03299999 0.03590846 0.05774581 0.01463001 0.03655475 0.05733889 0.01463001 -0.03031694 -0.06086772 0.03299999 0.03990346 -0.05506092 0.01123791 0.04314571 -0.05255895 0 -0.01294296 -0.06675684 0.008082211 0.005495309 0.06777757 0.03299999 0.03525763 0.05814546 0.01463001 0.04082077 0.05438435 0.02465111 0.04600584 0.05007451 0.03299999 0.02837359 -0.06179749 0.03299999 0.002686321 0.06794691 0.03299999 0.002103447 0.06796741 0.02465099 -0.02782326 -0.06204724 0.03299999 0.03460234 0.05853778 0.01463001 0.04356104 -0.05221527 0.008383572 -0.02599602 -0.06283473 0.02465111 0.04262739 -0.05298018 0.01123791 0.04507756 -0.05091178 0.008383572 -0.01050186 -0.06718415 0.008082211 0.03085672 -0.06059587 0.03299999 -0.01178634 0.06697076 0.01463001 -0.01103347 0.06709885 0.01463001 0.04389464 0.05193507 0.03299999 0.03387516 -0.05896157 0.02465111 -0.01253771 0.06683415 0.01463001 0.02823996 0.06185871 0.008383572 -0.005884468 0.06774491 0.02465111 -0.001356422 0.06798642 0.02465099 0.0465551 -0.0495643 0.008383572 0.04938876 -0.04674124 0 3.73634e-4 0.06799894 0.02465099 0.03328901 -0.05929452 0.03299999 -0.01328754 0.06668913 0.01463001 0.04799234 -0.04817396 0.008383572 -0.01461678 -0.06641048 0.01435673 -0.01447278 -0.06644195 0.0138089 -0.01419669 -0.06650149 0.01329463 0.04170829 0.0537067 0.03299999 0.03566652 -0.05789554 0.03299999 0.03698664 -0.05706125 0.02465111 0.03655475 0.05733889 0.02465111 0.03655475 0.05733889 0.01867431 0.0358687 0.05777049 0.01867431 0.03517758 0.05819392 0.01867431 0.03448146 0.05860906 0.01867431 0.03798538 -0.05640131 0.03299999 0.03999179 -0.05499684 0.02465111 -0.02141016 -0.06454145 0.02465111 0.02599602 0.06283473 0.008383572 0.02107018 0.06465327 0 0.05485397 -0.04018747 0 -0.002885043 0.06793874 0.03299999 -0.02024215 0.06491726 0.008383572 -0.01465994 -0.06640094 0.01513022 -0.02092748 0.06469959 0 0.03945052 0.05538636 0.03299999 0.039424 0.05540525 0.02465111 0.04024165 -0.05481427 0.03299999 -0.01380944 -0.06658297 0.01286453 0.03800165 0.05639034 0.02465111 -0.01333189 -0.06668025 0.01254105 -0.01279193 -0.06678593 0.01234161 0.04243177 -0.053137 0.03299999 0.04288202 -0.05277431 0.02465111 -0.01230841 -0.0668767 0.01227062 0.02371847 0.06372934 0.008383572 0.04455202 -0.05137228 0.03299999 -0.01181656 -0.0669654 0.01225697 -0.01103347 0.06709885 0.02465111 -0.01262962 0.0668168 0.01867431 -0.01342511 0.06666153 0.01867431 -0.01183241 0.06696259 0.01867431 -0.02528381 -0.06312465 0.03299999 -0.02371847 -0.06372934 0.02465111 -0.01103347 0.06709885 0.01867431 0.03712517 0.05697119 0.03299999 0.04659897 -0.04952305 0.03299999 -0.02256482 0.06414693 0.008383572 0.0485692 -0.04759228 0.03299999 -0.01968073 -0.06508964 0.02465099 -0.005638182 0.06776583 0.03299999 0.02141016 0.06454145 0.008383572 -0.008046865 -0.06752216 0.008082211 -0.007606089 0.06757324 0.02465111 0.0504595 -0.04558324 0.03299999 -0.004491269 -0.06785148 0 0.03473627 0.05845844 0.03299999 -0.01012444 -0.06724202 0.01225697 0.05226677 -0.04349917 0.03299999 0.02606582 0.06280583 0.02067416 0.03058189 0.06073504 0.01669716 0.0260728 0.06280291 0.01254689 0.05398809 -0.04134351 0.03299999 -0.0055812 -0.06777054 0.008082211 -0.02485823 0.06329345 0.008383572 -0.02886605 0.06156903 0 0.02823996 0.06185871 0.02465111 0.05562049 -0.03911978 0.03299999 -0.02270275 -0.06409823 0.03299999 -0.008382022 0.06748139 0.03299999 0.05716139 -0.03683167 0.03299999 0.05945539 -0.03300082 0 -0.009322762 0.06735789 0.02465111 0.01822149 0.06551313 0.009790182 0.01884233 0.0653373 0.01053547 0.05860817 -0.03448295 0.03299999 -0.02711951 0.06235808 0.008383572 0.01933032 0.0651946 0.01146793 0.05995851 -0.03207755 0.03299999 -0.004150211 -0.06787317 0.008127689 -0.02774757 0.06208115 0.008383572 0.06121021 -0.02961927 0.03299999 0.01747232 0.06571686 0.009177446 0.06312042 -0.02529442 0 -0.01111209 0.06708592 0.03299999 0.01956152 0.06512576 0.01230555 0.02375829 0.0637145 0.01046609 0.06236118 -0.0271123 0.03299999 -0.02956098 0.0612384 0.008383572 0.0166307 0.06593471 0.008704721 0.0634095 -0.02456068 0.03299999 -0.01465994 -0.06640094 0.02465099 -0.01382386 0.06657999 0.03299999 -0.008425891 -0.06747591 0.01225697 0.03228783 0.05984556 0.03299999 0.06435352 -0.02196866 0.03299999 0.06579142 -0.01718968 0 0.01968073 0.06508964 0.01405298 -0.02249401 0.06417173 0.02067422 -0.02013921 0.06494927 0.0146147 -0.02250128 0.06416922 0.01253384 -0.01774829 0.06564295 0.01669716 -0.02008432 -0.06496626 0.03299999 0.06519156 -0.01934051 0.03299999 -0.02024215 0.06491726 0.02465111 -0.01801842 -0.06556928 0.02465099 0.01572757 0.06615614 0.00837177 0.06592237 -0.01668047 0.03299999 0.01280671 0.06678313 0 -0.002739548 -0.06794476 0.008371233 0.06654465 -0.01399302 0.03299999 0.06742632 -0.008814215 0 -0.03134888 0.06034272 0.008383572 0.06705743 -0.01128256 0.03299999 -0.01651293 0.06596451 0.03299999 0.0143522 0.06646806 0.008128285 0.06745988 -0.008553504 0.03299999 0.02978414 0.06113016 0.03299999 0.06775128 -0.005810379 0.03299999 0.01294296 0.06675684 0.008082211 0.0679993 -3e-4 0 -0.03310966 0.05939483 0.008383572 -0.03635001 0.05746889 0 0.06793117 -0.003057718 0.03299999 -0.01917475 0.0652405 0.03299999 0.0679993 -3e-4 0.03299999 -0.03387516 0.05896157 0.02465111 -0.02711951 0.06235808 0.02465111 0.01774829 -0.06564295 0.01669716 0.02013939 -0.06494921 0.01868969 0.005884468 -0.06774491 0.008383572 0.001356422 -0.06798642 0.01405298 -0.03058189 -0.06073504 0.01669716 -0.02180504 0.06440913 0.03299999 -0.02256482 0.06414693 0.02465111 -0.0370782 0.05700176 0.01123791 -0.03415864 0.05879777 0.01123791 -0.02439945 0.06347173 0.03299999 -0.02485823 0.06329345 0.02465111 -0.03990346 0.05506092 0.01123791 -0.04326152 0.05246365 0 -0.001807153 -0.06797575 0.008705258 0.004042148 -0.06787973 0 -0.02695375 0.0624299 0.03299999 0.01050186 0.06718415 0.008082211 -0.04356104 0.05221527 0.008383572 -0.02946364 0.06128531 0.03299999 -0.04262739 0.05298018 0.01123791 -0.04507756 0.05091178 0.008383572 -0.03192502 0.06003987 0.03299999 -0.0465551 0.0495643 0.008383572 -0.04949176 0.04663223 0 -0.04799234 0.04817396 0.008383572 0.01457583 0.06641942 0.01414191 0.01449644 0.06643682 0.01387232 0.01440995 0.0664556 0.01366293 0.01456284 0.06642228 0.01408845 -0.03433394 0.05869561 0.03299999 -0.03698664 0.05706125 0.02465111 0.02722942 0.06231015 0.03299999 0.02599602 0.06283473 0.02465111 -0.0366863 0.05725479 0.03299999 -0.05494248 0.04006642 0 -9.3741e-4 -0.06799346 0.009178698 -0.03897827 0.05571973 0.03299999 -0.03999179 0.05499684 0.02465111 0.0146445 0.06640434 0.0146051 0.01437616 0.06646293 0.01359349 0.01423341 0.06649369 0.01334828 -0.04120612 0.05409294 0.03299999 -0.04288202 0.05277431 0.02465111 -0.04336619 0.05237716 0.03299999 0.01464658 0.06640386 0.0146327 0.01405352 0.06653189 0.01311075 0.01394748 0.06655424 0.01299518 0.01409888 0.0665223 0.01316511 -0.01743286 -0.06572741 0.03299999 -0.04545485 0.05057519 0.03299999 -0.01634448 -0.06600648 0.02465099 -0.04746872 0.04869002 0.03299999 -0.04940444 0.04672467 0.03299999 0.02141016 0.06454145 0.02465111 -0.05125892 0.04468244 0.03299999 0.01465994 0.06640094 0.01513022 0.01348853 0.06664872 0.01262938 0.01329028 0.06668853 0.01252037 0.01362657 0.06662064 0.01272058 -0.053029 0.04256665 0.03299999 0.01367527 0.06661069 0.0127561 -0.05471181 0.04038083 0.03299999 0.01311969 0.06672233 0.01244461 0.01295566 0.0667544 0.01238632 0.01258224 0.06682574 0.0123012 -0.05630457 0.03812855 0.03299999 0.01239287 0.06686109 0.01227784 -0.00391829 -0.067887 0.01414036 -0.004067063 -0.06787824 0.01370662 -0.00398302 -0.06788325 0.01391768 -0.0578047 0.03581357 0.03299999 -0.003919601 -0.06788694 0.014135 -0.05952805 0.03286957 0 0.01181656 0.0669654 0.01225697 -0.0592097 0.03343957 0.03299999 0.01968073 0.06508964 0.02465099 0.008046865 0.06752216 0.008082211 0.004341602 0.06786125 0 -0.06051725 0.03101062 0.03299999 -0.06172519 0.02853059 0.03299999 -0.06317609 0.02515512 0 0.0246281 0.0633834 0.03299999 0.02371847 0.06372934 0.02465111 -0.06283158 0.02600359 0.03299999 -0.00384587 -0.06789112 0.01462918 0.01012444 0.06724202 0.01225697 -0.06383454 0.02343386 0.03299999 0.0055812 0.06777054 0.008082211 -0.06473249 0.0208255 0.03299999 -0.06582915 0.01704454 0 -0.004240989 -0.06786757 0.01338863 -0.004122853 -0.0678749 0.01359182 -0.003845691 -0.06789118 0.01463192 -0.06552386 0.01818293 0.03299999 -0.06620746 0.01551038 0.03299999 0.02198457 0.0643481 0.03299999 -0.004525423 -0.06784921 0.01302975 -0.004452526 -0.06785404 0.01310926 -0.06678205 0.01281231 0.03299999 -0.06744557 0.008665502 0 -0.004374504 -0.06785911 0.01320278 -0.06724673 0.01009321 0.03299999 -1.61994e-4 -0.06799978 0.009791076 -0.06760078 0.007357418 0.03299999 -0.003831923 -0.06789195 0.01513022 -0.006722033 -0.06766688 0.01225697 -0.00611478 -0.06772446 0.01228052 -0.005948185 -0.0677393 0.01230144 -0.06784355 0.004609584 0.03299999 -0.06799983 1.5e-4 0 -0.005522251 -0.06777536 0.01240104 -0.005403697 -0.0677849 0.01244384 -0.005185008 -0.06780201 0.01254177 0.003270745 0.06792128 0.008246779 -0.00498557 -0.06781697 0.01265472 -0.004887819 -0.06782406 0.01271945 -0.004797995 -0.0678305 0.01278519 -0.06797468 0.001854121 0.03299999 -0.06799399 -9.04339e-4 0.03299999 -0.06790131 -0.003661334 0.03299999 -0.06748318 -0.008367836 0 -0.01475268 -0.06638038 0.03299999 -0.06769698 -0.006412327 0.03299999 -0.0673812 -0.00915271 0.03299999 -0.06695449 -0.01187807 0.03299999 -0.06590372 -0.01675391 0 -0.01204824 -0.06692409 0.03299999 -0.06641763 -0.01458394 0.03299999 -0.06577152 -0.01726573 0.03299999 0.001234471 -0.06798893 0.01231378 9.93313e-4 -0.06799274 0.0114746 -0.0650171 -0.01991915 0.03299999 -0.06328642 -0.02487617 0 4.83575e-4 -0.06799823 0.01053714 -0.06415569 -0.02253979 0.03299999 -0.06318873 -0.02512329 0.03299999 0.007606089 -0.06757324 0.008383572 0.01251196 -0.06683897 0 -0.003831923 -0.06789195 0.02465099 -0.06211775 -0.02766549 0.03299999 -0.05967247 -0.03260666 0 -0.009323954 -0.06735771 0.03299999 -0.06094455 -0.03016215 0.03299999 0.009322762 -0.06735789 0.008383572 -0.0596711 -0.03260916 0.03299999 -0.05829942 -0.03500252 0.03299999 -0.05683177 -0.03733825 0.03299999 -0.006584346 -0.06768047 0.03299999 -0.05511873 -0.03982359 0 0.01103347 -0.06709885 0.008383572 -0.05527061 -0.03961259 0.03299999 -0.05361849 -0.04182165 0.03299999 -0.04082077 -0.05438435 0.008383572 -0.04969698 -0.04641342 0 -0.04349255 -0.05227226 0 -0.03660321 -0.05730795 0 -0.003833889 -0.06789183 0.03299999 -0.002103447 -0.06796741 0.02465099 -0.039424 -0.05540525 0.008383572 -0.05187815 -0.04396194 0.03299999 -0.03800165 -0.05639034 0.008383572 -0.0500524 -0.04602992 0.03299999 0.01178634 -0.06697076 0.01463001 0.01103347 -0.06709885 0.01463001 -0.001077115 -0.06799143 0.03299999 -3.73634e-4 -0.06799894 0.02465099 -0.04814428 -0.04802209 0.03299999 0.01253771 -0.06683415 0.01463001 -0.03590846 -0.05774581 0.01463001 -0.03655475 -0.05733889 0.01463001 0.01328754 -0.06668913 0.01463001 -0.03525763 -0.05814546 0.01463001 -0.04615694 -0.04993528 0.03299999 0.02480286 0.003133296 0 0.004684507 -0.02455717 0 -0.001569747 0.02495062 0 -0.02499997 0 0 0.004684507 0.02455717 0 -0.001569747 -0.02495062 0 0.02480286 -0.003133296 0 -0.02421456 -0.006217241 0 -0.007725417 0.02377641 0 0.02324438 -0.009203076 0 -0.007725417 -0.02377641 0 -0.01339566 0.02110815 0 -0.02190762 -0.01204383 0 0.0202254 -0.01469463 0 -0.01822417 0.01711362 0 -0.01339566 -0.02110815 0 -0.01822417 -0.01711362 0 0.01593559 -0.01926279 0 -0.02190762 0.01204383 0 0.01064443 -0.02262067 0 0.01593559 0.01926279 0 0.0202254 0.01469463 0 -0.02421456 0.006217241 0 0.01064443 0.02262067 0 0.02324438 0.009203076 0 -0.03656339 -0.05721467 0.01463001 -0.04083001 -0.05425232 0.008383572 -0.03943318 -0.05527597 0.008383572 -0.03801065 -0.05626362 0.008383572 -0.03656339 -0.05721467 0.008383572 -0.03656339 -0.05721467 0.01867431 -0.03591704 -0.05762267 0.01463001 -0.03587734 -0.0576474 0.01867431 -0.03526616 -0.05802327 0.01463001 -0.03518617 -0.05807185 0.01867431 -0.0346108 -0.0584166 0.01463001 -0.03448992 -0.05848801 0.01867431 -0.04083001 -0.05425232 0.02465111 -0.03058999 -0.06061893 0.01669716 -0.02824795 -0.0617451 0.008383572 -0.02600401 -0.06272321 0.008383572 -0.02372628 -0.06361973 0.008383572 -0.02141767 -0.06443363 0.008383572 -0.03943312 -0.05527597 0.02465111 -0.03801065 -0.05626362 0.02465111 -0.03656339 -0.05721467 0.02465111 -0.02608108 -0.06269115 0.02066743 -0.02824795 -0.0617451 0.02465111 -0.02600401 -0.06272321 0.02465111 -0.02376627 -0.06360477 0.0226584 -0.02372628 -0.06361973 0.02465111 -0.02141767 -0.06443363 0.02465111 -0.005588233 -0.06766963 0.008082211 -0.008054018 -0.0674206 0.008082211 -0.01050907 -0.0670818 0.008082211 -0.01295018 -0.0666536 0.008082211 -0.01521784 -0.06617265 0.008247256 -0.01664131 -0.06582891 0.008706092 -0.01782256 -0.06551921 0.009429574 -0.01864105 -0.06529098 0.01025158 -0.01919615 -0.06512999 0.01113933 -0.01953393 -0.06502962 0.01213455 -0.01966321 -0.06499063 0.01308542 -0.01968824 -0.06498295 0.01405298 -0.01968824 -0.06498295 0.02465099 -0.01802587 -0.06546354 0.02465099 -0.01635187 -0.06590163 0.02465099 -0.01466721 -0.06629693 0.02465099 -0.01466721 -0.06629693 0.01513022 -0.01462405 -0.06630647 0.01435673 -0.01448005 -0.06633806 0.01380884 -0.0142039 -0.06639772 0.01329457 -0.01381665 -0.06647938 0.01286447 -0.0133391 -0.06657683 0.01254099 -0.01279908 -0.06668275 0.01234161 -0.01231557 -0.06677371 0.01227062 -0.01182371 -0.06686258 0.01225697 -0.006729125 -0.06756573 0.01225697 -0.008433043 -0.06737422 0.01225697 -0.01013159 -0.06713986 0.01225697 -0.003838956 -0.06779134 0.01513022 -0.003852725 -0.06779062 0.01463192 -0.006121873 -0.06762337 0.01228052 -0.005955278 -0.06763827 0.01230144 -0.005529344 -0.06767445 0.01240104 -0.00541079 -0.06768405 0.01244384 -0.005192101 -0.06770116 0.01254177 -0.004992663 -0.06771618 0.01265466 -0.004894912 -0.06772333 0.01271945 -0.004805088 -0.06772977 0.01278513 -0.004532516 -0.06774854 0.01302969 -0.004459619 -0.06775337 0.0131092 -0.004381597 -0.06775844 0.01320278 -0.004248023 -0.06776696 0.01338863 -0.004129946 -0.06777423 0.01359176 -0.004074156 -0.06777763 0.01370662 -0.003990054 -0.06778264 0.01391768 -0.003926634 -0.06778633 0.01413494 -0.003925323 -0.06778639 0.01414036 -0.003852903 -0.06779056 0.01462918 -0.003838956 -0.06779134 0.02465099 -0.002110481 -0.06786715 0.02465099 -3.80641e-4 -0.06789892 0.02465099 0.001349449 -0.06788659 0.02465099 0.001349449 -0.06788659 0.01405298 0.001227438 -0.06788903 0.01231378 9.86317e-4 -0.06789278 0.0114746 4.76565e-4 -0.06789827 0.01053708 -1.6902e-4 -0.06789976 0.009791016 -9.44452e-4 -0.06789338 0.009178698 -0.001814246 -0.06787556 0.008705258 -0.002746582 -0.06784439 0.008371233 -0.004157245 -0.06777256 0.008127689 0.01341807 -0.06656098 0.01867431 0.020235 -0.06481474 0.02465111 0.02255767 -0.0640434 0.02465111 0.02485102 -0.06318885 0.02465111 0.02711206 -0.06225222 0.02465111 0.02249443 -0.06406563 0.02068072 0.0201323 -0.06484669 0.01868975 0.01774114 -0.06554126 0.01669716 0.02711206 -0.06225222 0.008383572 0.02485102 -0.06318885 0.008383572 0.02255767 -0.0640434 0.008383572 0.020235 -0.06481474 0.008383572 0.01328051 -0.06658858 0.01463001 0.01253068 -0.06673371 0.01463001 0.0117793 -0.06687045 0.01463001 0.01102644 -0.06699872 0.01463001 0.01102644 -0.06699872 0.008383572 0.009315788 -0.06725788 0.008383572 0.007599115 -0.06747341 0.008383572 0.005877494 -0.06764513 0.008383572 0.005877494 -0.06764513 0.02465111 0.007599115 -0.06747341 0.02465111 0.009315788 -0.06725788 0.02465111 0.01102644 -0.06699872 0.02465111 0.01102644 -0.06699872 0.01867431 0.01182538 -0.06686228 0.01867431 0.01262259 -0.06671637 0.01867431 0.03752434 -0.05670905 0.02060669 0.03751629 -0.05659443 0.02060669 0.03542959 -0.05792361 0.01475805 0.03543746 -0.05803602 0.01475805 0.0374931 -0.05672973 0.01475805 0.03748524 -0.05661499 0.01475805 0.03950065 -0.05535066 0.01475805 0.03949266 -0.05523347 0.01475805 0.04145753 -0.05390053 0.01475805 0.04144912 -0.05378079 0.01475805 0.03946202 -0.05525535 0.02060669 0.03947019 -0.05537235 0.02060669 0.03882676 -0.05582541 0.02060669 0.03881865 -0.05570924 0.02060669 0.03817808 -0.05627101 0.02060669 0.03817003 -0.05615562 0.02060669 0.03415089 -0.05868667 0.01123791 0.03707051 -0.05688744 0.01123791 0.03989559 -0.05494314 0.01123791 0.04261893 -0.05285865 0.01123791 0.04355239 -0.05209213 0.008383572 0.04654622 -0.04943531 0.008383572 0.0479831 -0.04804193 0.008383572 0.04506891 -0.05078583 0.008383572 0.0428735 -0.05265235 0.02465111 0.03998392 -0.05487883 0.02465111 0.03697901 -0.05694693 0.02465111 0.03386741 -0.0588507 0.02465111 0.02774012 -0.06197494 0.008383572 0.02955359 -0.06113094 0.008383572 0.03134137 -0.06023389 0.008383572 0.03310197 -0.05928462 0.008383572 -0.04145753 0.05390053 0.01475805 -0.04144912 0.05378079 0.01475805 -0.03946202 0.05525535 0.02060669 -0.03947019 0.05537235 0.02060669 -0.03949266 0.05523347 0.01475805 -0.03950065 0.05535066 0.01475805 -0.03748524 0.05661499 0.01475805 -0.0374931 0.05672973 0.01475805 -0.03542959 0.05792361 0.01475805 -0.03543746 0.05803602 0.01475805 -0.03752434 0.05670905 0.02060669 -0.03751629 0.05659443 0.02060669 -0.03386741 0.0588507 0.02465111 -0.03697901 0.05694693 0.02465111 -0.03998392 0.05487883 0.02465111 -0.0428735 0.05265235 0.02465111 -0.02774012 0.06197494 0.008383572 -0.03134137 0.06023389 0.008383572 -0.03310197 0.05928462 0.008383572 -0.02955359 0.06113094 0.008383572 -0.03415089 0.05868667 0.01123791 -0.03989559 0.05494314 0.01123791 -0.04261893 0.05285865 0.01123791 -0.03707051 0.05688744 0.01123791 -0.04355239 0.05209213 0.008383572 -0.04506891 0.05078583 0.008383572 -0.04654622 0.04943531 0.008383572 -0.0479831 0.04804193 0.008383572 -0.03817003 0.05615562 0.02060669 -0.03817808 0.05627101 0.02060669 -0.03881865 0.05570924 0.02060669 -0.03882676 0.05582541 0.02060669 -0.01341807 0.06656098 0.01867431 -0.020235 0.06481474 0.02465111 -0.02711206 0.06225222 0.02465111 -0.02485102 0.06318885 0.02465111 -0.02255767 0.0640434 0.02465111 -0.02249443 0.06406563 0.02068072 -0.0201323 0.06484669 0.01868975 -0.01774114 0.06554126 0.01669716 -0.02711206 0.06225222 0.008383572 -0.02255767 0.0640434 0.008383572 -0.020235 0.06481474 0.008383572 -0.02485102 0.06318885 0.008383572 -0.01328051 0.06658858 0.01463001 -0.0117793 0.06687045 0.01463001 -0.01102644 0.06699872 0.01463001 -0.01253068 0.06673371 0.01463001 -0.01102644 0.06699872 0.008383572 -0.007599115 0.06747341 0.008383572 -0.005877494 0.06764513 0.008383572 -0.009315788 0.06725788 0.008383572 -0.005877494 0.06764513 0.02465111 -0.01102644 0.06699872 0.02465111 -0.009315788 0.06725788 0.02465111 -0.007599115 0.06747341 0.02465111 -0.01102644 0.06699872 0.01867431 -0.01262259 0.06671637 0.01867431 -0.01182538 0.06686228 0.01867431 0.01050907 0.0670818 0.008082211 0.01295018 0.0666536 0.008082211 0.008054018 0.0674206 0.008082211 0.005588233 0.06766963 0.008082211 0.01521593 0.06617313 0.008246898 0.01663833 0.06582969 0.008704721 0.01782131 0.06551951 0.00942856 0.01864099 0.06529098 0.0102511 0.01919609 0.06512999 0.01113885 0.01953375 0.06502968 0.01213431 0.01966315 0.06499069 0.01308524 0.01968824 0.06498295 0.01405298 0.01968824 0.06498295 0.02465099 0.01635187 0.06590163 0.02465099 0.01466721 0.06629693 0.02465099 0.01802587 0.06546354 0.02465099 0.01466721 0.06629693 0.01513022 0.01462405 0.06630647 0.01435661 0.01447993 0.06633806 0.01380866 0.01420378 0.06639772 0.01329439 0.01381641 0.06647938 0.01286435 0.01333874 0.06657689 0.01254093 0.01279872 0.06668281 0.01234143 0.01231539 0.06677377 0.01227056 0.01182371 0.06686258 0.01225697 0.01013159 0.06713986 0.01225697 0.008433043 0.06737422 0.01225697 0.006729125 0.06756573 0.01225697 0.00611025 0.06762444 0.01228189 0.005955696 0.06763821 0.01230156 0.005507409 0.06767624 0.01240843 0.005411624 0.06768399 0.01244348 0.005171418 0.06770277 0.01255238 0.004973053 0.06771761 0.01266717 0.004895508 0.06772327 0.01271903 0.00478667 0.06773102 0.01279944 0.004516422 0.06774961 0.01304668 0.004460036 0.06775331 0.01310873 0.004367113 0.06775939 0.0132212 0.004235327 0.06776773 0.01340842 0.004130184 0.06777423 0.01359134 0.004064619 0.06777822 0.01372808 0.003982603 0.06778305 0.01393985 0.003925263 0.06778645 0.01414012 0.003921151 0.06778663 0.01415771 0.003852486 0.06779062 0.01463174 0.003851771 0.06779062 0.0146408 0.003838956 0.06779134 0.01513022 0.003838956 0.06779134 0.02465099 3.80641e-4 0.06789892 0.02465099 -0.001349449 0.06788659 0.02465099 0.002110481 0.06786715 0.02465099 -0.001349449 0.06788659 0.01405298 -0.001224219 0.06788909 0.01230281 -9.82715e-4 0.06789284 0.0114656 -4.74452e-4 0.06789833 0.01053452 1.70885e-4 0.06789976 0.009789347 9.47863e-4 0.06789332 0.009176433 0.001816511 0.0678755 0.008704185 0.002744615 0.06784445 0.008371829 0.004152595 0.0677728 0.008128464 0.03656339 0.05721467 0.01463001 0.04083001 0.05425232 0.008383572 0.03943318 0.05527597 0.008383572 0.03801065 0.05626362 0.008383572 0.03656339 0.05721467 0.008383572 0.03656339 0.05721467 0.01867431 0.03591704 0.05762267 0.01463001 0.03587734 0.0576474 0.01867431 0.03526616 0.05802327 0.01463001 0.03518617 0.05807185 0.01867431 0.0346108 0.0584166 0.01463001 0.03448992 0.05848801 0.01867431 0.04083001 0.05425232 0.02465111 0.03058999 0.06061893 0.01669716 0.02824795 0.0617451 0.008383572 0.02600401 0.06272321 0.008383572 0.02372628 0.06361973 0.008383572 0.02141767 0.06443363 0.008383572 0.03943312 0.05527597 0.02465111 0.03801065 0.05626362 0.02465111 0.03656339 0.05721467 0.02465111 0.0260812 0.06269115 0.02066761 0.02824795 0.0617451 0.02465111 0.02600401 0.06272321 0.02465111 0.02376633 0.06360477 0.02265852 0.02372628 0.06361973 0.02465111 0.02141767 0.06443363 0.02465111 -0.02421456 0.006217241 -0.00999999 -0.02190762 0.01204383 -0.00999999 -0.01822417 0.01711362 -0.00999999 -0.001569747 0.02495062 -0.00999999 -0.01339566 0.02110815 -0.00999999 -0.007725417 0.02377641 -0.00999999 0.01064443 0.02262067 -0.00999999 0.004684507 0.02455717 -0.00999999 -0.02190762 -0.01204383 -0.00999999 -0.02421456 -0.006217241 -0.00999999 -0.02499997 0 -0.00999999 -0.01822417 -0.01711362 -0.00999999 0.0202254 0.01469463 -0.00999999 0.01593559 0.01926279 -0.00999999 -0.007725417 -0.02377641 -0.00999999 -0.01339566 -0.02110815 -0.00999999 0.02480286 0.003133296 -0.00999999 0.02324438 0.009203076 -0.00999999 -0.001569747 -0.02495062 -0.00999999 0.02480286 -0.003133296 -0.00999999 0.02324438 -0.009203076 -0.00999999 0.01064443 -0.02262067 -0.00999999 0.004684507 -0.02455717 -0.00999999 0.01593559 -0.01926279 -0.00999999 0.0202254 -0.01469463 -0.00999999</float_array>
          <technique_common>
            <accessor source="#link_5-mesh-positions-array" count="3014" stride="3">
              <param name="X" type="float"/>
              <param name="Y" type="float"/>
              <param name="Z" type="float"/>
            </accessor>
          </technique_common>
        </source>
        <source id="link_5-mesh-normals">
          <float_array id="link_5-mesh-normals-array" count="18072">0.691672 -0.7222111 -9.38518e-4 0.6914045 -0.7224673 -9.63166e-4 -0.7024371 -0.7117452 9.78795e-4 -0.6916775 -0.7222054 0.001292228 -0.6807428 -0.732522 9.48737e-4 -0.6916675 -0.7222149 0.001291632 0.5087822 0.8608849 -0.004232704 0.5653302 0.8229809 0.05571514 0.576371 0.8164105 0.03564202 0.6408828 0.767579 -0.009582459 -0.7524645 -0.6586319 0.001048147 -0.7845691 -0.6134076 0.09045672 0.7154794 0.6960619 0.05989301 0.700631 0.713011 0.02704614 -0.8319862 -0.5547012 -0.01026892 0.7562705 0.6542561 0.001974821 -0.9073742 -0.4116832 0.08478873 0.8363901 0.5448066 0.06031167 -0.8970287 -0.4412075 0.02599143 0.806698 0.5909527 0.003646492 -0.9795494 -0.1947401 0.05058974 -0.9470776 -0.3203106 -0.02109867 0.8516206 0.523645 0.02320408 -0.9798607 -0.1937376 0.04835999 0.8913702 0.4531607 -0.01022505 0.9274741 0.3698943 0.05449813 0.9244576 0.3793309 0.03854954 -0.9979547 0.0121482 0.062761 -0.997728 -0.0641784 -0.02049362 0.9527984 0.3035519 -0.005609452 -0.9977256 0.06666028 -0.009999573 0.9815644 0.1809031 0.06168842 -0.9801735 0.196319 0.02680861 0.9742084 0.2255029 0.0081532 -0.9778304 0.2048307 0.04349839 0.9891598 0.1459695 0.0159924 -0.9462831 0.3226559 -0.02101099 -0.9176373 0.3926638 0.06129437 0.9985257 -0.01202303 0.05293208 -0.8961755 0.4435222 -0.01254427 0.9978373 0.06550794 -0.005419135 0.9987674 -0.01537954 0.0471943 -0.8303981 0.5566502 0.02407503 -0.8235735 0.5654178 0.0450474 0.9953182 -0.09620213 -0.009323835 0.9841879 -0.1763583 0.01648974 0.9762907 -0.2079985 0.05994284 -0.7507154 0.6603682 -0.01844143 -0.6982297 0.7131513 0.06237381 0.9668208 -0.2553999 0.00532943 -0.6581096 0.7528058 -0.01324009 0.9430066 -0.3327501 -0.003984153 -0.5540413 0.8321681 0.02311784 0.9167616 -0.3953246 0.05715411 -0.5450184 0.8373351 0.04271632 0.9123977 -0.407645 0.03682279 -0.4407 0.897401 -0.0213291 -0.3699181 0.9270028 0.06185764 0.8770142 -0.4804053 -0.007548451 0.839784 -0.5422886 0.02618825 -0.3197873 0.9474279 -0.01078897 0.8352234 -0.5497065 0.01498258 -0.1932376 0.9808236 0.02538174 0.7881029 -0.6155017 -0.007170498 -0.1841709 0.9819714 0.04258364 0.7558733 -0.6540287 0.03003591 0.7357659 -0.6772351 -0.001025378 -0.06357759 0.9977266 -0.02234679 0.01245188 0.9981232 0.05995815 0.02350479 0.9987034 0.0451579 0.06680434 0.9977144 0.01016879 0.1286374 0.9916685 -0.006771087 0.2079191 0.9767603 0.0520482 0.2081358 0.9767338 0.051678 0.2868184 0.9579712 -0.005133092 0.3632847 0.9314771 0.01935487 0.3924088 0.9177442 0.06132662 0.437494 0.8992009 0.00606811 0.6556115 -0.7550978 -9.4475e-4 0.5810776 -0.8089661 0.08901 0.6146287 -0.7880331 0.03514975 0.5611644 -0.8265216 0.0442329 0.4943985 -0.8691851 -0.009345352 0.3754979 -0.9225072 0.08934056 0.4239457 -0.9054942 0.01871681 0.3506361 -0.9355403 0.04264497 0.2069686 -0.9782025 0.01684767 0.2756737 -0.9612059 -0.009346067 0.1986792 -0.9800402 0.006925165 0.08976161 -0.9957077 0.02255815 0.1204319 -0.9927113 -0.004547238 0.04142469 -0.9990984 -0.009289681 -0.0882073 -0.992596 0.08350151 -0.06003218 -0.997811 0.02773576 -0.1829306 -0.9829146 -0.0203762 -0.3086043 -0.9495943 0.05508142 -0.3026711 -0.9521874 0.04158288 -0.4806255 -0.8759358 0.04165905 -0.4183028 -0.9080076 -0.02334344 -0.6137018 -0.7889699 0.02994519 -0.5273085 -0.8494616 -0.01899302 -0.6282995 -0.7779712 8.75339e-4 0.2485647 -0.9499156 -0.1894095 0.05907243 -0.9591087 -0.2768049 0.2627269 -0.9459823 -0.189979 0.2482801 -0.9547322 -0.1638393 0.0604211 -0.9589285 -0.2771382 0.576316 -0.7862179 -0.2229825 0.2482964 -0.9544453 -0.1654782 0.5365897 -0.8104768 -0.2349444 0.2648333 -0.94605 -0.186689 0.2684558 -0.9448053 -0.1878148 0.3122386 -0.9320925 -0.1836045 -0.4665249 -0.8811303 -0.07722514 -0.4605499 -0.8836253 0.08426266 -0.4543817 -0.8792828 0.142825 -0.5021811 -0.8646712 0.01256459 0.3133012 -0.9396217 -0.1376715 -0.4653595 -0.8849184 0.01897341 -0.4257005 -0.9046601 0.01921743 -0.5547179 -0.8181318 -0.1514877 -0.6248941 -0.7516991 -0.2108452 -0.6174519 -0.7567985 -0.2144978 -0.5399338 -0.827986 -0.1513626 0.2865976 -0.9136674 -0.288225 -0.04868161 -0.9963441 -0.0702033 0.2283144 -0.9275732 -0.2957712 0.1190795 -0.9599344 -0.253665 -0.04897522 -0.9963897 -0.06934714 0.05933457 -0.9650275 -0.2553457 -0.1687503 -0.9850354 -0.03505206 -0.1285525 -0.9911236 -0.03388333 -0.5522425 -0.8216568 -0.1410966 -0.5572361 -0.8206842 -0.1263538 0.4155032 -0.9081391 -0.05138647 0.4205683 -0.8822703 -0.211474 0.2831805 -0.9144951 -0.2889769 0.4287572 -0.8751407 -0.2242677 0.488812 -0.871135 -0.04676181 0.5043098 -0.8369054 -0.2127464 0.3380255 -0.8983321 -0.2806032 0.4953405 -0.8416302 -0.215166 -0.6902289 -0.6966053 -0.1957679 -0.5117965 -0.846441 -0.1469764 -0.6875512 -0.6989454 -0.1968471 0.00916177 -0.9941107 -0.1079815 -0.7014557 -0.6866295 -0.1910489 -0.6661549 -0.7170528 -0.2051169 0.05193734 -0.9927859 -0.1080678 -0.1466208 -0.9632158 -0.2252057 -0.1493713 -0.9634144 -0.222533 0.3166152 -0.9317039 -0.1779965 -0.2032269 -0.9790933 0.008665025 0.01090985 -0.96853 -0.2486577 -0.2598586 -0.9186528 -0.2975744 -0.05716514 -0.9670446 -0.2481065 -0.3472148 -0.8936252 -0.2843868 0.5509533 -0.8033125 -0.2261405 -0.06008315 -0.9522764 -0.2992651 0.1965137 -0.9681279 -0.1552764 0.01080602 -0.9538853 -0.2999768 0.009199738 -0.9975453 -0.06941729 -0.3731367 -0.9142143 -0.1580548 -0.5057516 -0.8264523 -0.24737 -0.5746145 -0.7858695 -0.2285326 -0.3670028 -0.9157707 -0.1633183 -0.5816832 -0.7819109 -0.2241873 0.00926727 -0.9975384 -0.06950718 -0.1692723 -0.9855164 0.01020252 -0.5107498 -0.8507998 -0.1235895 -0.1719806 -0.9850378 0.01110607 0.1242507 -0.959796 -0.2517009 -0.5142687 -0.8492444 -0.1196311 0.1237323 -0.9531871 -0.2759071 0.1718398 -0.9530431 -0.2493591 0.1647818 -0.9543446 -0.2491453 0.2150191 -0.9451083 -0.2460427 0.01061278 -0.9685142 -0.2487323 0.2440043 -0.9573616 -0.1546632 0.05900734 -0.9669054 -0.2482177 0.01102983 -0.9539032 -0.2999119 0.2481485 -0.9561204 -0.155744 -0.3183857 -0.9295383 -0.185981 -0.3011651 -0.9386541 -0.1680116 0.2934742 -0.9372096 -0.1884438 0.3101943 -0.9309961 -0.1924209 -0.2168331 -0.9278047 -0.3035817 -0.3015112 -0.9336023 -0.1935917 -0.2640398 -0.9173195 -0.2980067 0.2932555 -0.9409054 -0.1694055 0.2931718 -0.9418386 -0.1642877 0.5332372 -0.8446961 -0.04633069 -0.30101 -0.9401043 -0.1599903 0.5813869 -0.809852 -0.07828807 0.2930088 -0.9434849 -0.1548615 -0.3010636 -0.939615 -0.1627401 -0.2203745 -0.9269927 -0.3035123 -0.3990737 -0.9158571 0.04411256 -0.1568415 -0.9378306 -0.3096361 0.1710814 -0.946723 -0.2728495 -0.6523727 -0.7305794 -0.2016521 0.1750205 -0.9459742 -0.2729481 -0.6174415 -0.7570292 -0.213712 0.04918235 -0.9928717 -0.1085679 0.2282921 -0.9358356 -0.2685039 0.108636 -0.9881145 -0.1087564 0.663954 -0.7216117 -0.1960652 0.6596885 -0.7271888 -0.1897559 0.4227439 -0.8966324 -0.1316733 0.5849799 -0.7816491 -0.2163867 0.4147095 -0.9021899 -0.1186145 -0.4603206 -0.8748931 0.1505555 0.7032607 -0.6949946 -0.1496894 0.7218829 -0.6797825 -0.1295407 0.7116921 -0.6882032 -0.1409637 -0.4352061 -0.8925614 0.1180241 0.4880619 -0.8654374 -0.1131981 0.5325587 -0.8394066 -0.1085255 -0.5008634 -0.8544539 -0.1380013 -0.4743076 -0.8680971 -0.146423 0.0492146 -0.9963548 -0.06967937 0.4972783 -0.8603853 -0.1115862 0.04951244 -0.9963051 -0.07017701 0.06015855 -0.952281 -0.2992355 -0.1219431 -0.9920455 -0.03123408 0.05897396 -0.9524784 -0.2988428 0.3339672 -0.8992915 -0.282384 -0.04890042 -0.9983477 -0.03017646 0.6276158 -0.7504938 -0.2070207 -0.6043957 -0.7670022 -0.215438 0.5407612 -0.815231 -0.207306 0.5507451 -0.8059848 -0.2169523 -0.5668854 -0.8151975 -0.1187181 0.671639 -0.706021 -0.2245785 -0.4995276 -0.8303975 -0.246804 0.6686803 -0.7308504 -0.1368367 0.6321169 -0.7472803 -0.2049399 0.6319841 -0.7488347 -0.1996068 0.2881752 -0.9441765 -0.1596425 -0.5607632 -0.8195883 -0.1175567 -0.5867154 -0.8007733 -0.1205286 0.22426 -0.9440588 -0.2417858 0.2669526 -0.9337996 -0.2382321 -0.6875857 -0.6984581 -0.1984492 -0.703891 -0.6838387 -0.1920996 -0.5567427 -0.822425 -0.1168531 -0.1222371 -0.9924145 0.01309436 -0.1243051 -0.9921163 0.01591938 -0.5549111 -0.823692 -0.1166412 -0.6902654 -0.6960707 -0.1975334 -0.6713073 -0.7126308 -0.2037252 -0.4773929 -0.8719457 -0.1086585 -0.6712707 -0.7131945 -0.2018644 -0.6525428 -0.7281468 -0.209738 0.314866 -0.9202585 -0.2323439 -0.4737887 -0.872798 -0.117252 -0.05700415 -0.9728338 -0.2243767 0.102999 -0.9885535 -0.1102414 0.278213 -0.9310794 -0.2359846 0.01062244 -0.974334 -0.2248567 0.4222187 -0.8932296 -0.1545066 0.4965921 -0.8556118 -0.1460304 0.4272262 -0.8883184 -0.1684283 -0.05594468 -0.9726663 -0.2253675 0.196149 -0.9742363 -0.1113072 0.1235514 -0.9611679 -0.2467615 0.5026528 -0.8523514 -0.1443511 0.1502778 -0.9823801 -0.111113 0.1425186 -0.9836 -0.1105419 0.0574072 -0.9668673 -0.248741 -0.3970528 -0.8731698 0.2827075 -0.4066659 -0.9116291 0.05962616 0.1235828 -0.9474267 -0.295144 -0.3379297 -0.9396598 0.05331957 -0.3777925 -0.910845 0.1662357 0.1260541 -0.9467422 -0.2962933 -0.370615 -0.919646 0.1299843 -0.2418256 -0.9521017 -0.1871439 0.1030432 -0.9921637 -0.07066333 -0.5994607 -0.7990711 -0.04617494 -0.1594527 -0.937155 -0.3103469 -0.05999171 -0.9469386 -0.3157657 -0.228875 -0.9546117 -0.1906116 -0.6530374 -0.7567163 -0.03037518 0.1036327 -0.9919964 -0.07213664 -0.6487643 -0.7603163 -0.03200083 -0.4242652 -0.8657876 -0.2653505 -0.6134095 -0.7884592 -0.0453993 -0.3472851 -0.8950859 -0.2796682 0.1433555 -0.9869504 -0.0733357 -0.2284927 -0.9600262 -0.1616813 -0.6901193 -0.7202352 -0.07068634 -0.228538 -0.9594863 -0.1647917 0.1425227 -0.9871096 -0.0728144 -0.4295148 -0.8639232 -0.2629709 -0.6845254 -0.7256749 -0.06943333 0.009307324 -0.9995293 -0.02923166 -0.295912 -0.9427566 -0.1537725 -0.5622603 -0.7948063 -0.2283555 -0.04639315 -0.9984958 -0.02922308 -0.6154592 -0.7867631 -0.04705011 -0.5744992 -0.7886123 -0.2191836 -0.7437737 -0.6635617 -0.08053958 -0.5732396 -0.8141353 -0.09262847 -0.6761303 -0.7335654 -0.06877136 0.6117281 -0.7896525 -0.04730403 0.1709843 -0.941123 -0.2916367 0.2231421 -0.9314819 -0.2873135 0.04954749 -0.9983338 -0.02957415 0.008752405 -0.9995318 -0.02932178 -0.5590956 -0.8241584 -0.09041547 0.1744035 -0.9404373 -0.2918236 -0.6693563 -0.7397187 -0.06912583 -0.2861336 -0.9552029 0.07559716 -0.5675578 -0.818472 -0.08934032 0.6532928 -0.7564275 -0.03203135 -0.3446339 -0.9355676 0.07707685 -0.3207424 -0.9311926 0.1732187 -0.6627955 -0.745518 -0.07003659 -0.2776436 -0.9569265 0.08488672 0.6114042 -0.7861366 -0.09041178 0.5422139 -0.8345417 -0.09769475 -0.6532321 -0.7536779 -0.07250839 -0.5635445 -0.8213363 -0.08845561 -0.6489254 -0.7573213 -0.07321459 0.3976172 -0.8983778 -0.1865957 0.6614726 -0.7493847 -0.02960526 -0.6585091 -0.7491403 -0.07179582 -0.5555844 -0.8268437 -0.08749514 0.4201718 -0.8852952 -0.199269 -0.1909127 -0.9632017 -0.1891953 -0.6043251 -0.7679179 -0.212352 -0.6365891 -0.7418211 -0.2108456 0.3975398 -0.9000213 -0.1786725 -0.6364185 -0.744069 -0.2033045 -0.5697711 -0.8208792 -0.03896397 0.3973492 -0.9025939 -0.1656438 0.6715061 -0.7404921 -0.027408 -0.6902109 -0.7187373 -0.08381897 0.5348962 -0.8139058 -0.2268112 0.008996605 -0.9997856 0.01865077 -0.2017785 -0.9612421 -0.1878799 0.6799819 -0.7327469 -0.02657991 -0.04652041 -0.9987637 0.01752096 -0.1905891 -0.9681217 -0.162531 -0.6846382 -0.7237275 -0.08653998 -0.04726797 -0.9987091 0.01859784 0.3280944 -0.9171946 -0.2260709 0.4688011 -0.8615212 -0.1949527 -0.6762558 -0.7313665 -0.0882104 -0.5620778 -0.7973183 -0.2198911 -0.1905696 -0.9684434 -0.1606259 -0.6912438 -0.7177686 -0.08360791 0.4946491 -0.8473117 -0.1933519 0.01042431 -0.9743174 -0.2249378 0.468688 -0.8657636 -0.1754567 -0.5891475 -0.7794315 -0.2130534 -0.6694776 -0.7372391 -0.09098494 -0.682893 -0.725157 -0.08834367 0.4686878 -0.8657763 -0.1753942 0.0109843 -0.9484072 -0.3168644 -0.06096613 -0.9467728 -0.3160766 0.2231807 -0.936254 -0.2713282 -0.6761219 -0.7311912 -0.09065669 0.2831418 -0.9218545 -0.2646036 0.5418105 -0.8306425 -0.1283525 -0.6629031 -0.7428795 -0.09321773 0.1859535 -0.9758751 -0.1144071 -0.6695477 -0.7368874 -0.09328955 0.2436393 -0.9628911 -0.1161059 0.2877533 -0.9506043 -0.1164028 0.5479143 -0.8250125 -0.1383632 0.2768022 -0.9233242 -0.2661821 0.2276497 -0.9313277 -0.2842614 -0.65859 -0.7464132 -0.09553253 0.2310043 -0.9661457 -0.1148894 -0.6652393 -0.7406744 -0.09411805 -0.5297706 -0.8472059 -0.03981393 0.1860297 -0.9797478 -0.07407528 -0.3666397 -0.9216172 -0.1272678 -0.4801862 -0.8748682 -0.06345748 -0.4333027 -0.8921536 -0.1277133 -0.4103931 -0.9015577 -0.1370085 0.1870513 -0.9793126 -0.07719266 -0.3431554 -0.8969101 -0.2789207 0.1708369 -0.9541509 -0.245786 0.008834958 -0.999789 0.01854413 -0.6152681 -0.7834875 -0.08713489 0.1201997 -0.9611701 -0.248403 -0.6249855 -0.7768965 -0.07632172 -0.6250043 -0.7739734 -0.1016603 -0.569606 -0.8167231 -0.09226244 -0.4993873 -0.8344256 -0.233123 -0.513269 -0.8528118 -0.09626495 -0.4885418 -0.8382679 -0.2421439 0.1036761 -0.9941315 -0.03088492 0.04689657 -0.9984465 -0.03008949 -0.5322442 -0.8424491 -0.0836392 -0.5792357 -0.8096904 -0.09427314 -0.5290536 -0.8429325 -0.09781056 -0.5789998 -0.8064381 -0.1200698 0.2824578 -0.9180862 -0.2780922 -0.6315668 -0.7672766 -0.1114001 0.2770413 -0.9198035 -0.2778665 0.2322904 -0.9693913 -0.07950896 0.6533728 -0.753383 -0.07428455 0.2309487 -0.9698026 -0.07839387 0.6209375 -0.7752029 -0.1161769 0.3974306 -0.9015896 -0.1708366 -0.4601106 -0.8864008 -0.05091166 -0.2283244 -0.9615764 -0.1524426 0.6211679 -0.7797479 -0.07838129 -0.2245518 -0.9620132 -0.1552647 0.4686037 -0.8671858 -0.1685208 0.05731302 -0.9726478 -0.225103 0.3907044 -0.9070369 -0.1569526 -0.5854552 -0.8014063 -0.122434 0.460868 -0.8710735 -0.1697989 0.0111804 -0.9484154 -0.316833 0.05623042 -0.9728332 -0.224574 0.06001764 -0.9468359 -0.3160692 0.1199577 -0.9672617 -0.22364 -0.538919 -0.8365883 -0.09841889 -0.6255412 -0.7538921 -0.2008602 -0.5293337 -0.8417122 -0.1064255 0.6629405 -0.7452278 -0.07173335 0.0479139 -0.9986965 0.01759761 -0.4131431 -0.9056082 -0.09584635 -0.3081741 -0.9476777 -0.08328056 0.04717296 -0.9987204 0.01823043 -0.4100236 -0.9059864 -0.1052107 -0.3904715 -0.9191917 -0.05117404 -0.2327328 -0.9673485 0.1003614 0.66163 -0.7464923 -0.07067579 0.6717141 -0.7375626 -0.06929206 0.2228453 -0.9441317 -0.2428072 0.6802283 -0.7299866 -0.06640046 -0.5448218 -0.8286404 -0.1285473 -0.2113611 -0.9720518 0.1021849 0.1662138 -0.9547638 -0.2465747 0.6504436 -0.7554572 -0.07878834 0.6711499 -0.7379509 -0.07061356 -0.5383854 -0.8314536 -0.1372079 0.5124261 -0.837118 -0.1914495 0.5898672 -0.7838236 -0.1941062 0.5405608 -0.8170778 -0.2004441 -0.4882566 -0.8421717 -0.2288062 0.5122752 -0.8423267 -0.1675104 0.5124223 -0.8382472 -0.1864541 -0.5475909 -0.8083958 -0.2159638 -0.7138422 -0.6921633 -0.1064857 0.5123331 -0.8412081 -0.1728696 -0.1904302 -0.9698283 -0.1522146 -0.6913272 -0.7133721 -0.1147472 -0.1872701 -0.9702994 -0.1531303 0.5899516 -0.7869034 -0.1809422 -0.2610397 -0.9203084 -0.29136 -0.6828945 -0.7208226 -0.1186158 0.2727038 -0.9544864 -0.120782 -0.4761973 -0.8748956 -0.08828228 -0.2641389 -0.9197545 -0.2903141 -0.7050626 -0.7004414 -0.1107638 -0.4877071 -0.8684213 -0.08936613 -0.2504763 -0.9521587 0.1750871 -0.5889335 -0.7816462 -0.2053935 -0.2526863 -0.9501169 0.1828318 -0.5788421 -0.7876034 -0.2112408 -0.2602419 -0.9450778 0.1977427 -0.4683828 -0.8764359 -0.1117031 0.0982685 -0.994633 -0.03238004 -0.5287399 -0.8462412 -0.06565153 -0.3430645 -0.9024264 -0.2606401 -0.4147785 -0.8744744 -0.251502 -0.4593168 -0.8799613 -0.1212279 -0.4241251 -0.8714907 -0.2462149 -0.1459383 -0.9714502 -0.1870469 0.1433759 -0.9890995 -0.03354859 -0.1380868 -0.9720509 -0.1898658 0.2742716 -0.9578773 -0.08512514 -0.6982218 -0.7067059 -0.1142505 0.2728197 -0.9586804 -0.08063161 0.06101804 -0.9468457 -0.3158482 -0.1378026 -0.9774818 -0.1598112 0.1257913 -0.9413691 -0.3130509 -0.676077 -0.7267451 -0.1214967 0.1871126 -0.9817029 -0.03533226 0.1359865 -0.9901304 -0.03390288 -0.1377166 -0.9786112 -0.1528208 -0.1378196 -0.9772099 -0.1614511 -0.6915469 -0.712767 -0.1171586 -0.2204667 -0.92961 -0.2953296 -0.6694495 -0.7323204 -0.1246768 -0.2179206 -0.9300584 -0.2958073 -0.6651223 -0.7360277 -0.1259987 -0.6872047 -0.7165238 -0.1197636 0.6276584 -0.771679 -0.1027439 -0.1996693 -0.9630534 0.1807219 -0.3475926 -0.9296581 -0.1221278 0.6629766 -0.7424142 -0.09634935 -0.1755248 -0.9783406 0.1097302 -0.2955097 -0.9475645 -0.1216366 -0.195901 -0.9589901 0.2048431 -0.3154746 -0.9445836 -0.09076213 0.3331254 -0.9032663 -0.2704397 0.3268678 -0.906333 -0.2678021 -0.3895674 -0.9116149 -0.1311312 0.4509595 -0.8540995 -0.2591322 -0.3976996 -0.9088883 -0.1255269 0.4564917 -0.8505531 -0.261103 0.0988475 -0.9949638 0.01661908 0.6712108 -0.7353694 -0.09331691 0.1003059 -0.9948477 0.01472526 0.6696256 -0.7367745 -0.09362024 -0.3147696 -0.9394847 -0.1352352 0.4427077 -0.8714962 -0.2109603 0.5038203 -0.8448229 -0.1801096 -0.4675509 -0.870131 -0.1557826 0.326432 -0.9088553 -0.2596616 -0.4735784 -0.8686286 -0.1456297 0.3339272 -0.9055132 -0.2617986 0.5299224 -0.813044 -0.241126 0.4261643 -0.8822547 -0.2000266 -0.1274824 -0.9852463 0.1141846 0.501349 -0.8447138 -0.1873706 -0.1765618 -0.9779796 0.1112737 0.5365379 -0.8092033 -0.2394099 -0.6310807 -0.7619203 -0.1456522 -0.1455863 -0.9830216 0.1116828 0.6778519 -0.729595 -0.0905978 0.5205296 -0.8340161 -0.1829371 -0.652891 -0.7463429 -0.1292504 0.138748 -0.9902457 0.01274645 -0.3493859 -0.9328061 -0.08832937 0.1366736 -0.9905247 0.01346242 -0.1903698 -0.9525834 0.2373695 -0.2399933 -0.9687682 -0.06238108 -0.1642843 -0.9622888 0.2168202 -0.3470192 -0.9332196 -0.09316039 0.2322744 -0.9718007 -0.04064571 -0.4945055 -0.8673588 -0.05615246 -0.5378859 -0.8149693 -0.2156475 -0.2441174 -0.9224277 -0.299222 -0.5472703 -0.8112857 -0.2056958 -0.7142992 -0.6863847 -0.1365745 0.1810862 -0.9834048 0.01108944 0.1772991 -0.9834094 -0.03835427 -0.4865005 -0.8716199 -0.05996692 0.6953678 -0.7130474 -0.08959382 0.6879246 -0.7203525 -0.08861213 0.2743512 -0.9606358 -0.04370588 -0.5847243 -0.7953274 -0.1598493 0.2202149 -0.9745766 -0.04130023 0.1177207 -0.9671368 -0.2253628 -0.4143984 -0.8796119 -0.2335736 -0.6058086 -0.7810078 -0.1517326 -0.475324 -0.8511148 -0.2228695 0.174055 -0.9350392 -0.3088796 -0.3967913 -0.9022766 -0.1686816 0.1780268 -0.9839981 0.007366657 0.2245715 -0.9744461 0.004737138 -0.4020877 -0.9010107 -0.1628046 -0.4531514 -0.8881138 -0.07686197 -0.04847818 -0.9914314 0.1212998 0.1279114 -0.941322 -0.3123323 -0.4121724 -0.9081377 -0.07348251 -0.1053295 -0.9872224 0.1195726 0.2168524 -0.9445999 -0.2463859 -0.6270614 -0.7522867 -0.2021349 -0.2002755 -0.9777585 -0.06227397 0.2764399 -0.9303095 -0.2410503 0.5804882 -0.7949809 -0.176178 0.6177782 -0.7631442 -0.1896338 0.5898865 -0.7844873 -0.1913472 0.1627829 -0.9609947 -0.2235865 -0.7054481 -0.6945518 -0.1412121 0.3905588 -0.9105037 -0.1358193 -0.6272637 -0.7550515 -0.190886 -0.7171993 -0.6788595 -0.1574007 0.4608165 -0.8768662 -0.136945 0.1659046 -0.9603608 -0.2240151 0.2164098 -0.9508768 -0.2213599 -0.7169644 -0.6838079 -0.1355315 0.3704947 -0.9208263 -0.121707 -0.2609487 -0.9276082 -0.267299 -0.1353921 -0.979314 -0.1503763 -0.3353718 -0.9062247 -0.257454 -0.698547 -0.7007947 -0.1446337 -0.6918254 -0.7069139 -0.1471407 0.4366818 -0.8890301 -0.1376025 0.2271687 -0.9253031 -0.3036584 -0.7100238 -0.6902306 -0.1394559 0.1769436 -0.9346441 -0.3084337 -0.7032707 -0.6961914 -0.1439719 0.3260409 -0.9152267 -0.2367645 -0.1577539 -0.9403494 -0.3014248 0.221039 -0.9752584 0.003602325 0.2690031 -0.9320199 -0.2428505 -0.09880739 -0.9913085 0.08686023 -0.6988174 -0.7003144 -0.1456501 -0.02616792 -0.9934648 -0.1110982 -0.1165754 -0.9684378 0.2203145 -0.1595332 -0.9402689 -0.3007383 -0.6874341 -0.7105889 -0.1499921 -0.6529793 -0.7398114 -0.1621637 -0.1189604 -0.9667086 0.2265454 -0.0609917 -0.9500312 -0.3061386 -0.3214346 -0.9362632 -0.1417431 -0.05264711 -0.9806053 -0.1887901 -0.403333 -0.8854783 -0.2307609 -0.3207488 -0.9308065 -0.1752698 0.3702766 -0.9247015 -0.08844411 0.3716877 -0.9227091 -0.1022555 -0.05251646 -0.9856096 -0.1606722 -0.335043 -0.9110009 -0.2404653 -0.05564737 -0.9806362 -0.187766 0.4390036 -0.8921029 -0.106903 -0.5436994 -0.8206067 -0.1760559 0.4364116 -0.8935059 -0.1057924 0.2652572 -0.9641773 8.69388e-4 -0.05250912 -0.9857938 -0.1595405 0.687972 -0.7192996 -0.09645038 -0.5640524 -0.8092133 -0.1643741 0.372246 -0.9265569 -0.05408567 0.6480203 -0.7484034 -0.1412876 0.5471598 -0.8201289 -0.1673461 0.6269977 -0.7645336 -0.14954 -0.1448267 -0.9869916 -0.06980538 0.6695992 -0.7338559 -0.1144227 0.5672121 -0.8050561 -0.1736521 0.2598439 -0.964468 -0.04777711 -0.4598342 -0.8870444 -0.0412895 0.6778861 -0.7273823 -0.1067027 -0.04451954 -0.9717702 0.2316908 -0.4512792 -0.8909466 -0.05060875 -0.08825826 -0.9901589 -0.1086093 -0.04496538 -0.9722644 0.2295215 0.6953546 -0.7132551 -0.08802986 -0.2550998 -0.9295932 -0.2660462 0.009377539 -0.9923326 0.1232401 -0.03988772 -0.9915913 0.1231086 -0.2445668 -0.9587269 -0.1450164 0.2606391 -0.9654268 -0.004285931 -0.2391393 -0.9595822 -0.1483728 -0.4748671 -0.8548983 -0.208926 0.4781185 -0.8673695 -0.1381045 -0.2802142 -0.9529775 -0.1153849 0.577822 -0.7840563 -0.2266659 -0.3248966 -0.9280606 -0.1820596 0.5848999 -0.7786567 -0.2271252 0.504031 -0.8504194 -0.1507964 0.5808198 -0.7997914 -0.1515983 -0.2041018 -0.9674636 -0.1495212 0.4776741 -0.8717663 -0.1088618 0.4795414 -0.8690739 -0.1214516 -0.4666305 -0.8567671 -0.2195591 -0.1995426 -0.9682348 -0.1506786 -0.6182758 -0.7631665 -0.1879152 -0.6054933 -0.7738273 -0.1859279 0.03043782 -0.9626597 0.2689982 0.007654011 -0.9923647 0.1231001 -0.2797333 -0.9562333 -0.08583199 0.04944926 -0.9912224 0.122609 0.008808076 -0.9726859 0.2319579 -0.6640756 -0.728765 -0.1670484 -0.2816666 -0.956183 -0.07986325 0.04612493 -0.9719502 0.230619 0.009842097 -0.9820954 -0.1881269 0.04057437 -0.9917204 0.1218375 -0.6171116 -0.7640882 -0.1879957 -0.6160833 -0.7655841 -0.1852629 -0.6275383 -0.7557847 -0.1870434 0.3515939 -0.9337214 -0.06742489 0.01043134 -0.9820727 -0.1882135 -0.1576839 -0.9486006 -0.2743951 0.4387179 -0.8955159 -0.07468664 0.009864628 -0.9871003 -0.1597991 -0.2437601 -0.9508965 -0.1907274 -0.2472128 -0.9506912 -0.1872749 -0.2178293 -0.9381003 -0.2692919 0.6189177 -0.7671281 -0.1686874 0.5492286 -0.8187189 -0.1674733 -0.2129758 -0.9389066 -0.2703621 0.5536238 -0.8231691 -0.1260685 -0.593778 -0.7775184 -0.2071056 0.6183457 -0.7675889 -0.1686888 0.4800947 -0.8736394 -0.07914066 -0.5939573 -0.7808232 -0.1937264 0.009863257 -0.98703 -0.1602326 0.4161624 -0.9062855 -0.07386118 -0.6252082 -0.7572871 -0.1887611 -0.4906225 -0.85124 -0.1862255 0.2124271 -0.9509143 -0.225026 -0.4720376 -0.8589738 -0.1983544 0.5881277 -0.795548 -0.1456337 0.2685401 -0.9375449 -0.221124 0.5484359 -0.8239459 -0.1425868 -0.5940127 -0.7840178 -0.1801803 0.357551 -0.9334576 -0.02853149 -0.05523324 -0.9951047 -0.08194971 0.3548403 -0.9348542 -0.01166421 -0.5939805 -0.7818939 -0.1892855 -0.3488538 -0.9353241 -0.05890393 0.2819598 -0.9127828 -0.2955101 0.4229072 -0.9054639 -0.03584146 0.1047542 -0.963078 0.2480067 -0.3922147 -0.9177955 -0.06179773 -0.2034226 -0.9597043 -0.1938734 0.2309119 -0.9249038 -0.3020474 0.09674763 -0.9685699 0.2291557 0.08529961 -0.9890266 0.1206248 0.3173857 -0.916873 -0.2420952 -0.2062957 -0.9593298 -0.1926871 0.1032994 -0.9877339 0.1170933 -0.1442754 -0.9773216 -0.1550068 -0.1476258 -0.9772952 -0.1519891 0.5196132 -0.8254721 -0.2204495 -0.1471383 -0.9694626 -0.1961955 0.4418949 -0.8648853 -0.2381223 0.2635703 -0.9385855 -0.2226832 -0.5633655 -0.8000147 -0.2063871 0.4166089 -0.9083615 -0.03628212 0.3168129 -0.9230435 -0.218221 0.4499489 -0.858336 -0.2465871 -0.5735875 -0.7949004 -0.1978148 0.1179187 -0.9861801 0.1163785 -0.0602982 -0.9501372 -0.3059468 0.1427862 -0.9831574 0.1140774 0.1862242 -0.976161 0.1114916 0.01120185 -0.9517368 -0.3067108 0.01048845 -0.997781 -0.06574916 0.1331058 -0.9662654 0.2204855 -0.05340844 -0.9191221 0.3903358 0.4537382 -0.8865739 -0.09004563 0.5529662 -0.8271906 -0.09991985 -0.05245518 -0.9872819 -0.1500766 -0.4004746 -0.8908529 -0.2144787 0.4631493 -0.8853033 -0.04160398 0.009869277 -0.9885891 -0.1503134 -0.05158489 -0.9871847 -0.1510143 0.5291395 -0.8202059 -0.217425 0.2864963 -0.9117051 -0.2944718 -0.2240446 -0.9680749 -0.1124054 -0.4167176 -0.8851153 -0.207165 0.1531838 -0.9822884 0.1079084 -0.3236371 -0.9191986 -0.2243503 0.1740077 -0.9604431 0.2174175 0.3325943 -0.8981779 -0.2875019 -0.7280994 -0.6681676 -0.1530469 0.4536343 -0.8894822 -0.05511122 -0.2123913 -0.9703958 -0.1149875 0.1625372 -0.9719285 0.1701079 0.4408437 -0.8640037 -0.243217 -0.5487855 -0.8155239 -0.1837264 0.4509262 -0.8566613 -0.2505934 -0.5487507 -0.8118385 -0.1994771 -0.7102132 -0.6852841 -0.1611929 0.1920036 -0.9243086 0.3298305 0.5298494 -0.8158667 -0.2315627 -0.7034066 -0.6914656 -0.1646041 0.1701707 -0.9629408 0.2092531 -0.5782721 -0.7930106 -0.1916657 0.2304226 -0.9679811 0.09958976 -0.7203816 -0.6755716 -0.1570137 0.2502107 -0.940389 0.2303543 0.2721231 -0.957489 0.0957275 0.5182994 -0.8222244 -0.2351866 0.1673807 -0.971189 0.1696339 0.2147693 -0.9549614 0.204751 0.1911903 -0.9759266 0.104946 -0.5487596 -0.8164643 -0.1795801 0.6022326 -0.7887713 -0.1231088 0.05298262 -0.980732 -0.1880362 0.5217835 -0.8453602 -0.1144907 0.0893861 -0.993069 -0.07631605 0.5908742 -0.79738 -0.1226898 0.05588674 -0.9962635 -0.06584745 0.5327916 -0.8436842 -0.06580364 -0.3956345 -0.8916745 -0.2199773 0.05292975 -0.9856708 -0.1601609 -0.1491742 -0.9685518 -0.1991341 0.2245971 -0.9700676 0.09233158 0.05604422 -0.9804594 -0.1885695 -0.4028148 -0.8899044 -0.2140337 0.05292987 -0.9856422 -0.160337 0.5208654 -0.8495316 -0.08363723 -0.6989373 -0.6953873 -0.1671022 -0.3256052 -0.9188889 -0.2227653 0.5653659 -0.8196225 -0.09262973 0.5598127 -0.8237441 -0.08975225 -0.7134925 -0.6819868 -0.1606942 -0.186821 -0.9760528 -0.1114401 -0.2547363 -0.9358813 -0.2433838 0.2509215 -0.9595952 0.1273405 0.2508924 -0.9499815 0.1859787 -0.3259572 -0.9155115 -0.2357764 0.3647869 -0.9296568 0.05166149 -0.7089952 -0.6861743 -0.1627596 -0.1350523 -0.9845829 -0.1111646 -0.6640263 -0.7252864 -0.1817381 0.3114575 -0.9466477 0.08277946 -0.1771155 -0.9777699 -0.1122326 0.01031041 -0.9874168 -0.157803 0.4401606 -0.8873233 0.1375351 0.01108878 -0.9517329 -0.3067269 0.3641651 -0.9298953 0.05175477 -0.05507922 -0.9859821 -0.1574976 0.4307364 -0.9015994 0.03981101 0.06107109 -0.9500908 -0.3059374 -0.05638265 -0.9860944 -0.1563287 -0.2122476 -0.9740864 -0.07814544 0.3258816 -0.9360888 0.1324352 -0.2135936 -0.973993 -0.07560032 -0.4156444 -0.8752796 -0.2472352 0.3172261 -0.9418905 0.1104992 0.3990632 -0.9078655 0.1285638 -0.5844766 -0.7921245 -0.1758579 -0.4895337 -0.8406307 -0.2317254 0.3414245 -0.9238532 0.1729868 0.3766683 -0.9180848 0.1234555 0.333494 -0.9322596 0.1402633 -0.4987866 -0.8375795 -0.2228735 -0.3908031 -0.9198656 -0.03346955 -0.2459408 -0.9394989 -0.2384425 0.467828 -0.8837221 0.01312351 0.5407087 -0.84121 -9.98411e-5 -0.398502 -0.9168816 -0.02289533 -0.1541723 -0.9496046 -0.272914 0.4031617 -0.9140621 0.0441724 -0.3368165 -0.9132153 -0.2293301 0.4275407 -0.8992142 0.09285986 0.3966053 -0.9179818 -0.003685235 0.5041351 -0.8601422 0.07747942 0.05290085 -0.9872151 -0.1503592 0.01055353 -0.9874297 -0.1577062 0.434325 -0.9006875 -0.01112067 0.5230387 -0.8461022 0.1026722 0.00968939 -0.988578 -0.150399 0.05548501 -0.9859487 -0.1575645 0.4534669 -0.8912185 -0.009867489 -0.176977 -0.9813607 -0.07490235 -0.1780673 -0.9812242 -0.07410162 0.5744968 -0.8178543 -0.03267621 0.4930078 -0.8697838 -0.02048051 0.5336604 -0.8452157 0.0285837 0.1167513 -0.9910807 -0.06425225 0.5001772 -0.8655876 -0.02410119 -0.5487243 -0.8176957 -0.173998 0.5286627 -0.8480485 0.03646332 -0.5397179 -0.8227059 -0.1784928 0.579862 -0.8138712 -0.03706437 -0.5093984 -0.8369307 -0.2001506 0.161365 -0.9847826 -0.06453227 -0.3362737 -0.941609 -0.01710045 -0.3313757 -0.9420359 -0.05252164 -0.2812321 -0.9583551 -0.0496385 -0.5369961 -0.822301 -0.1882981 -0.05702316 -0.9778523 -0.2013783 -0.05621194 -0.9776548 -0.2025619 0.6616636 -0.7229676 -0.1987943 0.01044791 -0.9791284 -0.2029734 -0.509353 -0.8410521 -0.1821835 -0.6158599 -0.7610143 -0.2038967 0.7059468 -0.6794552 -0.1999495 -0.5092794 -0.8430339 -0.1729978 -0.6736832 -0.7162314 -0.1821085 0.7221077 -0.6619232 -0.2010425 0.3379511 -0.8969796 -0.2849853 0.4494177 -0.8537241 -0.263019 -0.3358379 -0.9039779 -0.2646448 0.3110733 -0.9237325 -0.2234988 -0.4234216 -0.8709205 -0.2494223 0.1279982 -0.9443133 -0.3031318 -0.5361412 -0.8436073 0.02965313 -0.5041134 -0.8633825 -0.02098339 0.05680233 -0.9859781 -0.1569094 0.06039404 -0.950091 -0.3060714 0.1160624 -0.9808691 -0.1562867 0.5667146 -0.7993661 -0.1996212 0.5767149 -0.7908245 -0.2049301 0.05200541 -0.9871817 -0.1508901 -0.2562268 -0.936223 -0.2404876 -0.2126148 -0.946082 -0.2443845 -0.5732252 -0.7894488 -0.2195072 -0.6248987 -0.7541474 -0.2018992 -0.3321316 -0.9431716 -0.01077556 -0.2478221 -0.9382352 -0.2414518 0.01060181 -0.9791476 -0.2028732 0.1109068 -0.9759173 -0.1878431 -0.2138761 -0.9459303 -0.2438708 0.1172877 -0.9748677 -0.1894112 -0.2068682 -0.9474523 -0.244008 -0.153903 -0.9565666 -0.2475764 -0.2051418 -0.9474569 -0.245443 0.1107538 -0.9808901 -0.1599631 -0.2474057 -0.9428912 -0.2230395 0.1107651 -0.9806674 -0.1613153 -0.3194179 -0.9224432 -0.2169578 0.2064103 -0.9761207 -0.06769961 0.2104167 -0.9750853 -0.07023876 -0.4996244 -0.8660104 -0.02003377 0.05731576 -0.9775859 -0.2025853 -0.5735446 -0.8184713 -0.03393304 0.05650967 -0.9777659 -0.2019419 -0.5322192 -0.8460087 0.03181213 -0.4945995 -0.8689726 -0.01605767 0.1187875 -0.980854 -0.1543211 -0.5700739 -0.821038 -0.0302065 -0.5091953 -0.8442187 -0.1673765 -0.5284736 -0.8480753 0.03852444 -0.5008417 -0.8473695 -0.1764154 -0.5247968 -0.845406 0.09938365 -0.5386701 -0.8421776 -0.0239042 -0.5279101 -0.8480379 0.04628998 0.1770485 -0.9374418 -0.2997611 -0.4902781 -0.8714382 -0.01492881 0.1265524 -0.9443657 -0.3035752 0.2610035 -0.9634434 -0.06044858 0.153402 -0.969997 -0.18861 -0.5817083 -0.78323 -0.2194686 0.162196 -0.9684968 -0.1889607 -0.0602436 -0.9590645 -0.2767057 -0.4982767 -0.831928 -0.2441644 0.01112729 -0.9606915 -0.2773949 -0.05890303 -0.9589471 -0.2774002 -0.2552766 -0.9254451 -0.2799734 -0.5892704 -0.7904883 -0.1669991 -0.6187913 -0.7676066 -0.1669657 -0.3422238 -0.9004503 -0.2684627 0.1531828 -0.9750117 -0.1608948 0.1532044 -0.9747729 -0.1623151 -0.6176342 -0.7685394 -0.1669585 0.1605216 -0.9751134 -0.1529271 0.2094044 -0.9659864 -0.1517236 -0.5852221 -0.7936156 -0.1664012 0.1642211 -0.9744058 -0.1535077 -0.5846328 -0.7940516 -0.1663926 -0.1547089 -0.9561636 -0.248629 0.2310178 -0.9272438 -0.2947027 -0.1280396 -0.985785 -0.108783 0.6616676 -0.7228907 -0.1990606 0.6524798 -0.7266938 -0.2149097 0.704689 -0.6935655 -0.1496009 -0.1483126 -0.956381 -0.251672 0.7200181 -0.6818324 -0.1291455 0.1750242 -0.9377269 -0.3000579 0.5778231 -0.7840194 -0.2267908 0.1199256 -0.9722668 -0.2007862 0.5653219 -0.7942743 -0.2225748 0.1182646 -0.972865 -0.1988649 -0.2427402 -0.9446871 -0.2205526 -0.2602497 -0.9235804 -0.2815482 -0.1278881 -0.9890856 -0.07317364 -0.1286947 -0.9891474 -0.07088816 -0.2133773 -0.9761422 -0.04020589 0.3751179 -0.9222013 -0.09397506 -0.4654516 -0.8652467 -0.1862875 0.3077176 -0.9495406 -0.06068307 -0.4412601 -0.8751817 -0.1983599 0.1635529 -0.9667044 -0.196807 -0.2672075 -0.9627048 -0.0424233 0.440728 -0.8657378 -0.2371852 -0.4409333 -0.8818092 -0.167303 0.1658619 -0.9661903 -0.1973981 -0.4410725 -0.8798679 -0.1768824 -0.7206349 -0.6709265 -0.1747651 0.4288212 -0.874501 -0.2266281 -0.6190367 -0.7742711 -0.1315219 -0.7283812 -0.6635557 -0.1707476 0.5180255 -0.8260247 -0.22211 -0.6322486 -0.7425549 -0.2210743 -0.5919122 -0.7929916 -0.1442367 0.5650849 -0.797219 -0.2124167 -0.5878293 -0.7961179 -0.1437114 0.5046682 -0.8332749 -0.2257496 -0.2129701 -0.933915 -0.2871348 -0.5840295 -0.7989158 -0.1436773 -0.1540387 -0.9439113 -0.2920675 -0.2172037 -0.9332742 -0.2860451 0.65985 -0.7316433 -0.1711606 -0.7060455 -0.6822218 -0.1899293 0.01088905 -0.9606789 -0.2774479 -0.7058967 -0.6846182 -0.1816805 -0.7137125 -0.6775333 -0.1776597 0.1088348 -0.9825797 -0.1506392 0.1106964 -0.9821283 -0.1522179 -0.6737486 -0.7126305 -0.1955011 -0.2026084 -0.9534896 -0.223176 -0.206434 -0.9529322 -0.2220479 -0.7013186 -0.6888577 -0.183377 -0.7091977 -0.6817185 -0.1797183 0.2133568 -0.9573628 -0.1947698 0.214239 -0.9655486 -0.1477072 0.1530949 -0.9763761 -0.1524853 0.1505479 -0.9768536 -0.1519612 0.2598901 -0.9545013 -0.1462341 0.70288 -0.6839712 -0.1953026 -0.1497197 -0.9577674 -0.2454906 -0.422962 -0.8664053 -0.2654148 -0.5057764 -0.8270711 -0.2452419 -0.2671099 -0.9636498 -0.00560981 -0.27205 -0.962282 0.001464545 -0.05876076 -0.9667304 -0.2489567 0.7211894 -0.6604327 -0.2090802 0.7111863 -0.6736543 -0.2010073 0.2117003 -0.9585132 -0.1908809 0.3065234 -0.9410497 -0.1430696 0.2002126 -0.9615888 -0.1877818 0.2657278 -0.9531244 -0.1447154 0.1999548 -0.966396 -0.1615448 -0.0567159 -0.9650172 -0.2559788 0.01045703 -0.9664831 -0.2565174 -0.3944811 -0.899612 -0.1873043 -0.3733876 -0.9118896 -0.1704081 0.1998212 -0.9679844 -0.1519131 -0.3736912 -0.9070118 -0.1941248 0.1999903 -0.9658434 -0.1647737 -0.059156 -0.9651595 -0.2548873 -0.4695031 -0.8828538 0.01166802 -0.3418079 -0.8961039 -0.2831344 -0.4294773 -0.8631188 -0.2656596 0.009725391 -0.9941143 -0.1078984 -0.05139619 -0.9928484 -0.1077527 -0.3732899 -0.9128403 -0.1654612 0.2164361 -0.9575021 -0.1906442 -0.04875081 -0.9928855 -0.1086356 0.5286251 -0.8149424 -0.2375382 0.4565619 -0.8518623 -0.2566748 0.05686217 -0.9650098 -0.2559742 0.01092213 -0.9665018 -0.2564274 -0.202512 -0.9785805 -0.03700035 -0.4407989 -0.8831 -0.1607191 -0.2060782 -0.9785212 0.005303025 -0.05891835 -0.9525747 -0.2985464 -0.1779103 -0.9833801 -0.03621447 -0.3910838 -0.9182447 -0.0622912 -0.1570921 -0.9428592 -0.2938343 -0.505896 -0.8593143 0.07515388 -0.433598 -0.8848091 -0.1706039 -0.6660149 -0.719812 -0.1956906 0.1265622 -0.9531804 -0.2746435 0.3494516 0.3820434 0.855527 0.7325159 0.6635066 0.1522485 -0.8316609 0.3534795 0.4282433 -0.39921 0.8335949 0.3817734 -0.3988015 0.8257805 0.398803 0.4863852 0.5730885 0.6595447 0.5848853 0.505334 0.6344658 0.5793326 0.7615286 0.2905991 0.5841268 0.7568096 0.2933173 -0.3976798 0.82906 0.3930777 0.5798189 0.764994 0.2803465 -0.2165832 0.5450204 0.8099657 -0.3980317 0.8366342 0.3763164 -0.3943634 0.8384403 0.3761587 -0.3944376 0.8405985 0.3712318 0.5793356 0.7641489 0.2836313 0.5799604 0.7690985 0.2685765 0.6387348 0.7319952 0.2370675 -0.861543 0.3095744 0.4023773 0.6377769 0.7264306 0.2560062 -0.6692256 0.5605215 0.4878041 0.2050995 0.9538456 0.2193459 -0.02010148 0.9727531 0.2309707 -0.5902817 0.6758981 0.4412814 -0.4410555 0.7683746 0.4637569 -0.3715678 0.6448686 0.6678935 -0.3500677 0.6437705 0.68045 -0.4568151 0.6011099 0.655734 -0.4465696 0.8153278 0.3685324 -0.4425825 0.8136078 0.3770453 -0.4427707 0.8161038 0.3713875 -0.01709753 0.4310088 0.9021857 -0.3844716 0.8516509 0.3561915 0.02522414 0.4309576 0.9020196 -0.3844182 0.8486918 0.3632423 0.6383392 0.7318046 0.2387153 0.6391044 0.7369606 0.2200787 -0.383762 0.8557319 0.3470586 0.4547964 0.5841943 0.6722182 -0.3837657 0.8572375 0.3433185 0.530984 0.5367857 0.6556807 0.0970121 0.3545861 0.929977 -0.441739 0.8190875 0.3660088 -0.4418048 0.8200972 0.3636606 0.06242543 0.3574783 0.9318327 -0.4385166 0.8240264 0.3587251 0.5916565 0.6908647 0.4155101 0.5379868 0.7281115 0.4247633 -0.373342 0.8672549 0.3293701 -0.3733148 0.8689063 0.3250197 0.5766811 0.7770144 0.2523637 -0.4388366 0.8305208 0.3430123 0.575974 0.7709439 0.2718448 0.5438605 0.7765299 0.3181464 -0.4294421 0.8319784 0.3512712 -0.4296668 0.8372927 0.3381233 0.5457075 0.7675723 0.3362084 -0.4291481 0.8435341 0.3229274 -0.429076 0.840226 0.3315328 0.5436467 0.7748006 0.3226953 -0.3683941 0.876985 0.3085175 0.5423017 0.7719228 0.3317289 -0.1861393 0.03894776 -0.9817512 -0.6492611 0.6417168 0.4082394 -0.5217227 0.565744 0.6385446 -0.476763 0.7620137 0.4382148 -0.4392716 0.6159241 0.653971 0.5753772 0.7773805 0.2542057 -0.4823461 0.8031471 0.3497098 -0.4783276 0.7989733 0.3644783 0.5406908 0.7802974 0.3143076 0.5425655 0.7738676 0.3267288 -0.4200579 0.849974 0.3179555 0.641085 0.7424036 0.1945427 0.6403514 0.7366364 0.2175243 0.5759618 0.7838094 0.2321872 -0.4790843 0.8070786 0.3451123 -0.07720804 0.4282256 0.9003676 -0.4774654 0.8019123 0.359115 -0.4745538 0.8058424 0.3541423 -0.01741451 0.4309679 0.9021993 0.7471944 0.650182 0.1377095 0.732949 0.6682346 0.127469 -0.4781458 0.8096943 0.3402526 -0.4160788 0.8574134 0.3028544 -0.9737688 0.2052139 0.09829401 -0.4200643 0.8575047 0.2970379 -0.9239511 0.3744022 0.07834023 -0.3679267 0.8857228 0.2830639 -0.9031257 0.4147037 0.1112877 -0.3873676 0.8871465 0.2508336 -0.723124 0.5620492 0.4014877 -0.4667974 0.8166471 0.339393 0.02293783 0.3588072 0.9331298 0.0604031 0.3571441 0.9320942 -0.4754136 0.8171241 0.3260216 0.5352359 0.7927244 0.291737 -0.4665521 0.8219717 0.3266368 0.5348709 0.7890143 0.3022738 0.5407716 0.7809941 0.312433 -0.467379 0.8259335 0.3152627 -0.7156459 0.5817652 0.3865233 -0.4158475 0.867624 0.2725793 -0.4077499 0.8697331 0.2780365 -0.7498181 0.5631444 0.3473346 -0.4070846 0.8819963 0.2374125 -0.4589733 0.8315458 0.3128499 0.5344648 0.7895292 0.3016473 -0.4669783 0.8312225 0.3016629 0.5351498 0.7971904 0.2794675 0.753891 0.6477025 0.1101352 0.753871 0.6525976 0.0761246 0.7477269 0.6574229 0.0932728 -0.7713161 0.5062414 0.3857347 -0.01397025 1.53009e-4 -0.9999024 -0.1899091 0.01414221 -0.9816999 -0.7883806 0.4869329 0.3759685 -0.7950771 0.4791199 0.3718823 -0.4559217 0.8407171 0.2921132 0.2992566 0.3912255 0.8702805 -0.4592921 0.8419239 0.2832224 0.2816998 0.3968771 0.8735753 -0.54686 0.7399968 0.3915978 0.5749029 0.7843632 0.2329398 0.5754321 0.7924116 0.2023903 0.645476 0.7429354 0.1772224 -0.6932147 0.6232146 0.362018 -0.5511558 0.7623464 0.3391979 0.6452784 0.7410165 0.1857696 -0.548754 0.7661485 0.3344929 -0.7946749 0.5026947 0.3402789 -0.8170124 0.4736236 0.3288941 -0.5496537 0.7723234 0.3184295 -0.5490064 0.7744959 0.314242 -0.5481947 0.7687012 0.3295164 0.2515734 0.4045658 0.8792254 0.2472718 0.4058157 0.8798694 -0.7320785 0.5862736 0.3469068 0.6471145 0.744181 0.1656424 -0.6035985 0.7351555 0.3085694 -0.5968892 0.7069096 0.3794761 -0.4497024 0.8521146 0.2677099 -0.29381 0.522186 0.8006232 -0.4559605 0.8510676 0.2603538 -0.2991599 0.5237742 0.7975989 -0.3707097 0.4939936 0.7864761 0.5294423 0.7976679 0.2888198 -0.5465852 0.775933 0.314917 -0.5467978 0.77758 0.3104536 -0.5059342 0.585884 0.6330645 -0.6017484 0.7383293 0.3045797 -0.6273906 0.4931828 0.6026208 -0.6015856 0.7374609 0.3069956 -0.601362 0.7403398 0.3004342 0.5299782 0.8041857 0.2690883 -0.6012067 0.7394869 0.3028359 0.5280495 0.8073891 0.2632235 -0.5996258 0.742317 0.2990223 0.5775684 0.7956429 0.182667 0.5773975 0.7913423 0.2009713 -0.5410193 0.7842261 0.3037884 0.4374028 0.5671981 0.697829 -0.5412207 0.7859094 0.2990426 0.4101384 0.5809915 0.7030188 -0.5411587 0.7894072 0.2897989 -0.5411872 0.7896847 0.2889888 0.5785377 0.795432 0.1805049 0.4719482 0.7480478 0.4665719 -0.4458588 0.8646737 0.231407 0.5311664 0.7128639 0.4579163 -0.4493933 0.8639625 0.2271884 0.4800607 0.8060402 0.3461804 -0.6003614 0.7466052 0.2866129 -0.5957755 0.7493515 0.2890049 -0.5963529 0.7528041 0.2786561 0.02222961 0.3586282 0.9332157 -0.5961244 0.7534224 0.2774712 -0.4260959 0.8579602 0.2869609 -0.4454945 0.8712788 0.2059318 -0.01555484 0.3586559 0.9333403 -0.596639 0.7568705 0.2667753 -0.5365859 0.7992798 0.2706057 -0.536362 0.7968129 0.2782179 0.4757815 0.7985298 0.3687576 -0.5933772 0.7595229 0.2665119 -0.4259919 0.4684903 0.7739818 -0.5348865 0.8033376 0.261811 -0.3664086 0.4977863 0.7861002 -0.5940743 0.7644745 0.2503088 -0.5351793 0.8078596 0.2468727 0.1862822 -0.1211741 -0.9749953 0.1676002 -0.1462011 -0.974954 -0.5931344 0.7653149 0.249969 0.4760187 0.8009725 0.3631106 0.4756447 0.8105162 0.3417976 0.1131054 -0.07405751 -0.9908192 -0.6643726 0.6869961 0.294356 -0.4489499 -0.0104857 -0.8934955 -0.4472027 -0.08865332 -0.8900283 -0.7856386 0.5428009 0.2968826 0.3598952 -0.1557598 -0.9198991 -0.8080821 0.5107225 0.2935401 -0.8018122 0.5199855 0.2944692 0.1241707 -0.05396038 -0.9907925 -0.653122 0.6789806 0.3352865 0.7549912 -0.6548603 -0.03385752 -0.65714 0.6936975 0.2948743 -0.5328413 0.819199 0.2121157 0.7574002 -0.6520348 -0.03457742 0.4751241 0.8039065 0.3577592 0.4726289 0.8141413 0.3373363 0.01108998 -0.002659618 -0.999935 -0.5938032 0.7710701 0.2298887 0.3744388 -0.1080556 -0.9209342 0.5253152 0.8155577 0.2427131 0.528308 0.8126794 0.2458516 -0.5325362 0.8110193 0.2421839 0.7661179 -0.6421901 -0.02559912 0.5254864 0.8240145 0.2118119 -0.07836449 0.4278235 0.9004588 -0.6566812 0.6997821 0.2812026 -0.692654 0.6679462 0.2721735 -0.6559283 0.6965252 0.2908791 -0.6981168 0.6641913 0.2673624 0.7926537 -0.6094272 -0.01727986 -0.6564489 0.7013024 0.2779386 0.5844579 0.7706542 0.2539705 -0.6557865 0.6983754 0.2867331 0.6601408 0.7414766 0.1201112 0.6472485 0.7499698 0.1364358 -0.5934724 0.7713257 0.2298853 0.6009945 -0.007250547 -0.7992203 0.6439097 0.7437465 0.1795032 0.5784451 0.8010749 0.1538836 0.5981034 -0.1101862 -0.7938082 0.5878359 0.7952273 0.1485345 -0.6554299 0.7036441 0.2744026 0.6599313 0.7363824 0.1491028 -0.9682665 0.2443894 0.0522868 -0.7031134 0.6607412 0.2627786 0.7289844 -0.6819465 -0.0594201 -0.6553872 0.7034479 0.2750064 0.8394681 -0.543364 -0.006990194 -0.5331763 0.8245213 0.1894405 -0.5331073 0.818908 0.2125704 -0.5941957 0.7791473 0.1996517 -0.6532419 0.7093356 0.2647981 0.8409077 -0.5411173 -0.008152782 -0.01501387 0.358783 0.9333003 -0.07053315 0.3566126 0.931586 0.4645831 0.8240834 0.3241128 -0.6531671 0.7089862 0.265916 0.9289041 -0.369839 0.01887184 -0.6538142 0.7131172 0.2529643 0.9167969 -0.3942726 0.06350243 0.4725053 0.8122873 0.3419474 -0.6535115 0.7115809 0.2580217 0.9608408 -0.2764027 0.0196579 -0.8487975 0.4200091 0.3211466 -0.5337299 0.8232273 0.1934664 0.7676987 -0.6395041 -0.04090374 -0.8729965 0.3946373 0.2865981 0.7465959 -0.6636579 -0.04639786 -0.9384988 0.2280488 0.259256 0.7931517 -0.6086312 -0.02187377 0.4642912 0.8336388 0.2991319 0.4641683 0.8287696 0.3125519 -0.5968189 0.7771411 0.199647 0.780045 -0.6251549 -0.02666991 -0.5971379 0.7817804 0.1795711 0.4644632 0.8218165 0.3299874 0.8399398 -0.5426788 0.001013278 0.8051354 -0.5929269 -0.01394557 0.5254344 0.8288901 0.1919894 -0.5982573 0.7807507 0.180324 0.525454 0.8240234 0.2118574 -0.6525043 0.7156914 0.2490464 -0.6532083 0.7193756 0.2362576 0.1879674 -0.002485275 -0.9821722 -0.9923368 0.105921 0.06362813 -0.9958052 0.07460582 0.05297285 0.9828562 -0.180761 0.03632175 -0.6540256 0.7250654 0.2157097 0.986193 -0.1642125 0.02139592 0.2064686 0.4084789 0.8891095 -0.6531207 0.7196618 0.2356274 0.7498241 -0.6580619 -0.06869125 -0.53324 0.8295643 0.1657651 0.1885209 0.4122273 0.8913633 -0.533532 0.8294613 0.1653409 0.8253769 -0.5611894 -0.06180089 0.730967 -0.6784396 -0.07353258 -0.5983501 0.7866685 0.1520853 0.3897695 0.8748154 0.2877115 0.5258958 0.8291494 0.1895913 -0.6092758 0.784429 0.1159918 0.5255447 0.8350455 0.1627933 -0.6094083 0.7789694 0.1477442 -0.4220419 0.4744555 0.7725106 -0.6554988 0.7227897 0.2188526 0.9252788 -0.3791383 -0.01064276 -0.6567074 0.7310954 0.1850271 0.7777173 -0.6273285 -0.0401839 -0.7276246 0.646721 0.2287233 -0.7467938 0.6290065 0.215986 -0.7142971 0.6537027 0.2499051 -0.7206717 0.6503577 0.24014 0.4561477 0.8319151 0.3159851 -0.7239391 0.6602395 0.1999895 -0.7285284 0.6504023 0.214996 -0.7469467 0.6296072 0.2136949 -0.6616234 0.7315911 0.1644045 0.9627115 -0.260087 0.07444083 -0.6992854 0.6910334 0.1829559 -0.17898 0.4122877 0.8933 -0.6608223 0.7251832 0.1934509 -0.1399385 0.4197335 0.8967948 -0.1380015 0.4198038 0.8970621 -0.6634401 0.7359148 0.1351911 0.8476009 -0.5299577 0.02678602 0.9163249 -0.3926477 0.07859146 -0.6688033 0.722366 0.175754 0.8090615 -0.5870244 -0.02866774 -0.6628531 0.7274451 0.1773397 0.7779736 -0.6281362 -0.01421236 0.4128468 0.7637122 0.4962875 -0.6340326 0.7552124 0.1663033 -0.6767489 0.7297343 0.09746241 0.8031839 -0.5957269 -0.002257943 -0.6167203 0.7695143 0.1658427 0.4193042 0.826426 0.3757713 -0.6764822 0.7209649 0.1502707 0.4958817 0.7200807 0.485371 -0.6825281 0.7174618 0.1392983 0.01517063 0.00305289 -0.9998803 -0.6827935 0.7205898 0.1205957 -0.722602 0.6826699 0.1086649 0.1839554 0.02990639 -0.9824795 0.4200723 0.8938887 0.1565322 0.6474061 0.745884 0.1565963 -0.7074324 0.4309343 0.5602098 0.609506 0.771238 0.1835604 0.8251025 -0.5647031 0.01778334 0.5129842 0.8142208 0.2718304 0.8469774 -0.530762 0.03034859 0.5657305 0.8240004 0.0311824 0.6408913 0.7543478 0.1421886 0.4359668 0.1743771 -0.8829075 -0.6172297 0.5210189 0.5895481 0.8018144 -0.181031 0.5694922 0.4580781 0.1212996 -0.8805969 0.7290124 0.04389566 0.6830915 0.8549387 -0.074117 0.5134068 0.9978417 -0.01320683 0.06432366 0.8092593 -0.003940522 0.5874385 0.4149736 0.8201854 0.3938181 0.99939 0.01402837 0.03198421 0.415515 0.8306431 0.3706472 0.835461 -0.06276565 0.5459535 0.5772069 0.2615408 0.7735818 0.5052402 0.2322819 0.8311302 0.4138783 0.8234674 0.38808 0.4143403 0.8335587 0.3653792 0.9393361 -0.09639716 0.3291736 0.8990495 0.2019319 0.3885016 0.9830204 -0.1547582 0.09859347 0.9120833 -0.01596039 0.4096943 0.8075524 0.3466237 0.4771908 0.8339254 0.290591 0.4691751 0.9793701 -0.1698326 0.1095037 0.4563848 0.8397181 0.2942558 0.9022394 -0.3014776 0.3083429 0.4530434 0.8458507 0.2815816 0.9118878 -0.2750803 0.3046169 0.9795898 0.0802924 0.1842741 0.8897826 0.2131214 0.4035669 0.8547142 -0.5108535 0.09215509 0.9292154 -0.2177588 0.298563 0.410412 0.827692 0.3827373 0.8720095 0.2341889 0.4298313 0.4078322 0.2884243 0.866305 0.3544341 0.3657425 0.8605865 0.5009014 0.2916944 0.8148695 0.3426743 0.3508865 0.8714661 0.4776992 0.2694555 0.8361802 0.9494383 -0.2702913 0.159717 0.4649783 0.3398274 0.8175038 0.9184716 -0.3793167 0.1119322 0.3534607 0.5875928 0.7278738 -0.1829776 0.9821124 0.04443377 0.3438324 0.5914072 0.7293947 -0.02539062 0.9836466 0.178311 -0.311258 0.9335095 0.1779848 0.9098705 -0.3864216 0.1510434 -0.1610008 0.9400838 0.3005351 0.6543655 0.2109874 0.7261474 -0.7664089 0.3629962 0.529954 0.6456929 0.3530068 0.6771018 -0.6911447 0.4530405 0.5630927 0.7945662 0.1387116 0.5911207 0.8034355 0.002734959 0.5953856 0.8607016 0.1970167 0.4694434 0.5623431 0.4686492 0.6812768 0.9515891 -0.2528132 0.1748245 0.6698253 0.213154 0.7112661 0.9630788 -0.1673125 0.2109166 0.7103185 0.3017558 0.6359175 0.3826807 0.7730421 0.5059263 0.7589951 0.127656 0.6384594 0.5781585 0.2350437 0.7813368 0.4543368 0.7387232 0.4978615 0.5900828 0.4217478 0.6884264 0.3425267 0.3512042 0.871396 0.1492267 0.418511 0.8958683 0.271241 0.4302405 0.8610002 0.1990062 0.4315438 0.8798673 0.9794569 0.1955036 0.04942131 0.3877797 0.8293687 0.4022121 0.1517954 0.4197323 0.8948648 0.9838016 0.1586563 0.08344179 0.3838791 0.8336108 0.3971523 0.3512445 0.3651891 0.8621277 0.1526619 0.4144331 0.8971842 0.3157359 0.3978902 0.8613909 0.1873754 0.3846504 0.9038443 0.2410698 0.3543917 0.9034887 0.6194537 0.2476578 -0.7449448 0.2918016 0.3516646 0.8894851 0.3826791 0.8368563 0.3914439 -0.3366855 0.3474888 0.875154 0.3827632 0.8394675 0.3857287 -0.3525342 0.3691326 0.859919 -0.4942852 0.2897875 0.8195763 0.3838878 0.8338261 0.3966915 0.1480339 0.4168387 0.8968453 -0.325336 0.3663401 0.8717519 -0.4610752 0.2770102 0.8430155 0.9634133 0.2543752 0.08442836 -0.3941166 0.2940798 0.8707405 -0.4495289 0.3476453 0.8228405 0.9530752 0.2946857 0.06933867 -0.5409057 0.2609393 0.7995823 0.1557595 0.4155894 0.8961163 -0.5398485 0.2702965 0.7971846 -0.6801849 0.1651716 0.7141896 0.9845597 0.005388855 0.1749663 -0.5401757 0.2410619 0.8062874 0.3789492 0.8385758 0.3913925 -0.5980031 0.1639491 0.7845463 -0.5192531 0.2427605 0.8194167 0.9879435 0.0285834 0.152153 0.4010623 0.8513934 0.3380509 -0.883506 -0.1736961 0.4350251 0.4107279 0.835198 0.3657142 -0.821689 -0.08138567 0.5640954 0.9030957 -0.3691852 0.2193636 0.4010174 0.8461912 0.3509209 0.9227917 -0.2685593 0.2762814 0.4002966 0.8574922 0.3232177 -0.8641408 -0.2474564 0.4382077 -0.9173482 -0.3702604 0.1462172 0.4002797 0.8456099 0.3531573 -0.8942753 -0.3981388 0.2043459 0.4460602 0.8659377 0.2262348 -0.9139937 -0.3472262 0.2098798 0.9596343 -0.1498007 0.2380374 0.3763636 0.8705646 0.3169664 -0.9067004 -0.2289996 0.3541943 0.4592596 0.864939 0.2023881 -0.9174007 -0.3927597 0.06415373 0.9519765 0.01057279 0.3059887 0.3759433 0.8834698 0.2795491 -0.917639 -0.3775563 0.1240559 0.4530081 0.8500131 0.2688149 -0.7958186 -0.5596022 0.23134 0.4465018 0.8562743 0.2596738 -0.7413808 -0.6127967 0.2735595 -0.7212343 -0.6299067 0.2881642 -0.9295721 -0.1358084 0.3427125 -0.3985574 -0.07894498 -0.9137394 -0.8845567 -0.2977622 0.3590226 -0.9054012 -0.2481038 0.3445185 0.9208704 -0.2467036 0.3018859 0.6303193 0.1431248 0.7630288 0.9236617 -0.166113 0.3453339 0.6338012 0.1876537 0.750388 0.7187796 0.0863676 0.6898525 0.6057861 0.203389 0.7691919 0.8104969 -0.5845782 -0.03691905 0.5905092 0.2010886 0.7815769 0.7797284 -0.6239827 -0.05166488 0.7024085 0.1291679 0.6999558 0.7133348 0.08370631 0.6958066 0.9252365 -0.3792954 -0.008506894 0.5935677 0.1950641 0.7807865 -0.1809822 0.4115725 0.8932265 -0.7977315 -0.01774823 0.6027516 -0.742955 0.06342524 0.6663296 -0.8221719 -0.04623109 0.567359 -0.9983524 0.00188291 0.0573486 -0.703569 0.1004663 0.7034894 0.1745153 0.114575 -0.9779657 -0.7990463 -0.0552293 0.5987277 -0.7366561 0.03945726 0.6751155 0.545136 0.354904 -0.7595196 -0.7007551 0.1109101 0.7047278 -0.6988088 0.09806513 0.7085545 -0.9798951 -0.1947944 0.04313552 0.9533934 0.2119959 0.214706 -0.9989814 -0.02344149 0.03855913 -0.01765179 -0.007375657 -0.999817 -0.3850503 -0.1260566 -0.9142462 -0.1261668 0.3513822 0.927692 0.9547199 0.1820366 0.235314 -0.06832462 0.3579503 0.9312375 0.9222354 0.3680135 0.1185237 0.9085996 0.4125321 0.06530076 0.3791429 0.8462763 0.3742554 0.3687885 0.8525803 0.3702728 0.368807 0.8583785 0.3566062 0.9200379 -0.3815953 0.08896821 0.8258011 -0.563778 0.0143916 -0.9377446 0.2605928 0.2296221 0.9156169 0.3088238 0.2574367 0.3680472 0.8566686 0.3614696 0.924412 0.2780099 0.2610997 0.3901014 0.8694387 0.3031457 0.3903288 0.8562199 0.3384244 0.3679646 0.8650889 0.3409152 0.3853547 0.8764359 0.2887245 0.9256564 -0.3606251 0.1144975 0.3857242 0.8667265 0.316231 0.9112349 -0.148949 0.3840121 0.1222668 0.4184555 0.8999699 0.1065795 0.4203447 0.9010834 -0.5130857 0.4193648 0.7489166 0.8957608 0.1819887 0.4055771 0.9393497 0.02884131 0.341746 -0.524895 0.4199146 0.7403763 0.3572089 0.8673281 0.3466178 0.01695543 0.0178526 -0.9996969 0.3569021 0.8777926 0.3195326 0.1493794 0.1426703 -0.9784329 0.3309283 0.3827924 -0.8625291 -0.7595739 0.3916075 0.519318 -0.8633617 0.2206899 0.4537648 0.3082464 0.5933324 0.7435999 0.9426693 -0.3048257 0.1358519 0.8449678 -0.5191401 0.1285416 0.2826894 0.6015143 0.7471729 0.9044284 -0.3683786 0.2151896 0.9329381 -0.3590297 0.0269131 -0.9770123 0.09783613 0.1894068 0.9461127 -0.3228778 0.02491462 0.9213513 -0.3884266 0.0153796 -0.9712512 0.1211647 0.2049151 0.8301476 0.5392682 0.1415796 0.807142 0.584145 0.08541941 0.3519774 0.8780462 0.3242634 0.3513385 0.8892632 0.292869 0.7214118 0.6825791 0.1168361 -0.1223182 0.3529181 0.9276244 -0.1634523 0.3463996 0.9237374 0.8674387 0.3846433 0.3155941 -0.6530072 0.3124178 0.6899107 0.8612468 0.4220362 0.2830889 -0.5850725 0.3722463 0.7205018 -0.5939048 0.3669605 0.7159729 0.2597046 0.6066895 0.7513197 0.2498975 0.6094715 0.7523934 0.8454945 0.2682116 0.4617378 0.8778364 0.2010705 0.4347114 0.9634414 -0.236683 0.1255462 0.9343177 -0.347815 0.07794326 0.3465518 0.7708563 0.5344926 0.9476234 -0.2978706 0.1152511 0.3835028 0.7558335 0.5306991 0.9640414 -0.2198964 0.1492303 0.3483402 0.84492 0.4059177 0.8694575 3.90469e-4 0.4940077 0.8788824 0.0234313 0.4764626 0.3519016 0.8327369 0.4274514 0.7819465 0.3659657 0.5046077 0.3480747 0.8372603 0.4217097 0.8299713 0.2897391 0.4766539 0.3471125 0.8481723 0.4001458 0.387431 0.5655586 -0.728039 0.283383 0.4145513 -0.8647781 0.3468946 0.8407007 0.4157962 0.3434165 0.8522188 0.3947001 0.08798539 0.4206736 0.9029354 0.6844114 0.7135096 0.1499504 0.8872568 -0.2601429 0.3809213 0.06614685 0.4224022 0.9039918 0.8873978 -0.2351105 0.3965452 -0.2420956 0.3963502 0.885605 -0.3001843 0.37636 0.8764944 -0.2438765 0.3963038 0.8851371 -0.9836407 -0.1788971 0.02113556 0.9428235 -0.2052982 0.2625577 -0.949895 -0.3120941 0.01722508 0.9433056 -0.1979335 0.2664524 0.755976 0.5372356 0.3740031 0.6420246 0.6606785 0.3889837 -0.2206497 0.3357782 0.9157329 -0.1586611 0.3486943 0.9237093 0.7428463 0.5758563 0.341422 0.332953 0.8635856 0.3786322 0.3433864 0.8505085 0.3983981 0.7890968 0.1564269 0.5940176 0.7909147 0.1738627 0.5867075 -0.9884675 -0.003766655 0.1513862 -0.9764281 -0.1847384 0.1116238 -0.984817 0.01520913 0.1729282 0.3780485 0.8823086 0.2803763 0.8676786 -0.138533 0.4774331 0.3319609 0.8763239 0.3490821 0.3446211 0.8806723 0.3250425 0.3329509 0.8607653 0.3850022 0.3321106 0.8697977 0.3649034 0.00401169 0.01264435 -0.999912 0.2947513 0.6058941 -0.7389277 -0.1294409 -0.05982142 -0.989781 -0.9526612 -0.303612 0.01601749 0.7287893 0.2447553 0.6395006 -0.9058524 -0.4234396 0.01141476 0.7342239 0.2327804 0.6377528 -0.3004881 0.3762074 0.8764559 0.7541922 0.3794905 0.5358929 0.6552631 0.4898716 0.5750271 0.07495653 0.2053101 -0.9758224 0.0546655 0.4222709 0.9048199 0.02420777 0.4235355 0.905556 -0.6517372 0.3254361 0.6850767 -0.8637514 0.2501348 0.4374542 -0.9208269 0.09779369 0.3775104 -0.7601225 0.1934084 0.6203281 0.4333495 0.8872308 0.1582081 0.1949865 0.6136162 0.7651506 0.2100738 0.6104333 0.7637016 0.3164418 0.7678533 0.5570151 0.607372 0.6750258 0.4188548 0.291592 0.7760447 0.5592216 0.8952608 -0.1292797 0.4263742 0.894509 -0.1246563 0.4293186 0.5653217 0.705925 0.42671 -0.1176922 -0.07919698 -0.9898871 -0.006507277 -0.003882944 -0.9999713 0.538555 0.728082 0.4240934 0.001504361 0.01361799 -0.9999061 0.2932577 0.8526623 0.4323967 0.2965664 0.8415751 0.451442 0.05370563 0.2114107 -0.9759207 0.862237 -0.04914176 0.5041155 0.2930287 0.8459343 0.4455664 0.8623226 -0.04942411 0.5039415 0.2921317 0.8560571 0.4264099 0.6585036 0.3232178 0.6796347 -0.917801 0.1224401 0.37769 0.6581073 0.3088707 0.6866539 0.5310406 0.5721448 0.6250171 0.2886838 0.8600538 0.420677 0.2919374 0.8494373 0.439578 0.6255633 0.4979153 0.6006253 0.401427 0.8998803 0.1705049 -0.005142211 -0.002951502 -0.9999824 0.02014899 0.4232716 0.9057787 0.08061552 0.5181409 -0.8514876 -0.01661157 0.4232795 0.9058468 -0.2740804 0.3235549 0.9056445 0.3174589 0.9343069 0.1621434 -0.2150596 0.3411371 0.9150819 0.2306974 0.8747855 0.4260624 0.2787508 0.8713397 0.4038131 0.2886718 0.8594382 0.4219415 0.3431618 0.9224625 0.1769264 0.2292601 0.8689817 0.4385323 0.2787428 0.8693147 0.4081598 0.2779699 0.8780255 0.3896203 0.2307614 0.8816837 0.4115616 0.8042188 0.003170788 0.5943248 0.277837 0.8863326 0.3704335 0.770996 0.06568819 0.6334432 0.4571837 0.777748 0.4313828 0.1528795 0.6181346 0.7710625 0.1591414 0.6171159 0.7706115 0.4782215 0.7510583 0.4552094 0.3665512 0.8081332 0.4610433 -0.9810743 -0.1695357 0.09354668 -0.003215253 -0.001585543 -0.9999936 0.5043604 0.5769546 0.6424517 -0.00247693 -0.001017808 -0.9999964 0.4616186 0.6027767 0.6508215 0.02771157 0.5228589 -0.8519687 -0.001213967 0.01447123 -0.9998945 -0.9076949 -0.4195981 0.005238056 0.535022 0.4157839 0.7354422 0.5368872 0.4050948 0.740034 -0.01345926 0.4235455 0.9057748 0.4322107 0.4711741 0.7688881 -0.0749908 0.421145 0.9038879 0.4409427 0.6123842 0.656167 -0.9522756 -0.2984837 0.06386458 -0.9498339 -0.3069137 0.06016135 0.2482137 0.951936 0.1794657 -0.9061207 -0.4218338 0.03164547 0.153776 0.9724631 0.1751238 -0.7637757 0.2113116 0.6099132 -0.9562092 -0.1844367 0.2272597 0.2285379 0.9588372 0.1685277 -0.9513224 -5.02231e-4 0.3081969 -0.942175 0.01907223 0.3345782 -0.3148894 0.3112316 0.896649 -0.2661613 0.3281204 0.9063637 0.34157 0.8130799 0.4714139 0.241506 0.7807835 0.5762396 0.2790548 0.770466 0.5731583 0.2465236 0.8556314 0.4551056 0.243028 0.8490338 0.4691259 0.2434316 0.8596554 0.4491477 0.2424725 0.863028 0.4431588 0.2421167 0.8526335 0.4630287 0.1250051 0.6197334 0.774793 -0.1272901 0.6730598 -0.7285518 -0.03030306 0.6801658 -0.7324318 0.109808 0.6215776 0.7756181 0.2363393 0.7806062 0.578617 0.2185832 0.8547743 0.4707252 0.2141458 0.7859476 0.5800243 0.239449 0.8658354 0.4393099 0.2391734 0.8566076 0.4571865 0.1408371 0.9735271 0.1800273 -0.8262022 0.09904766 0.5545986 0.6508914 0.1562548 0.7429164 -0.8377901 0.08633017 0.5391243 0.7045023 0.09336924 0.7035331 0.2158254 0.8587433 0.4647358 0.2156457 0.8542151 0.4730895 0.2149998 0.8621652 0.4587444 0.2871131 0.8289821 0.4799528 0.2148401 0.8577816 0.466963 0.2687476 0.8392145 0.4727513 -0.825918 -0.5637589 -0.005946755 -0.8264206 -0.5630307 -0.00504285 0.4237692 0.4704991 0.7739833 0.3746197 0.4943699 0.784384 0.2124665 0.8719578 0.4410755 0.2121604 0.8615984 0.461125 -0.792148 -0.6102668 -0.008731126 -0.7933399 -0.6087197 -0.008494138 0.3691598 0.4961246 0.7858635 -0.780668 -0.6248795 -0.009111344 -0.7467784 -0.6647244 -0.02152901 -0.7447996 -0.6671768 -0.01219058 -0.7793703 -0.6264855 -0.009895563 -0.7131718 -0.7007495 0.01833784 0.3714827 0.6477248 0.6651716 0.2912486 0.6674449 0.6853404 0.3853415 0.630536 0.673748 -0.3063938 0.3187271 0.8969592 -0.3866398 0.2846418 0.8772051 0.05453783 0.9821698 0.1799113 -0.04205805 0.9827396 0.1801503 0.04993379 0.9828397 0.1775746 0.1924042 0.8550414 0.4815443 0.2064259 0.8485834 0.4871288 0.06797325 0.6235566 0.7788175 0.08989989 0.6217987 0.7780002 0.1276117 0.8632965 0.4882975 -0.1345143 0.4163102 0.8992173 -0.04149264 0.2153496 -0.9756551 -0.06173425 0.4242026 0.9034606 0.5807757 0.19388 0.7906391 0.6040516 0.1732053 0.7778956 -0.8827092 -0.005506753 0.4698873 -0.8677784 0.008160591 0.4968844 -0.9094465 -0.4152001 0.02271246 -0.9650763 -0.1606948 0.2068938 -0.9113926 -0.1850886 0.3675674 -0.9398315 -0.3087383 0.1462783 0.2278577 0.6825316 0.6944289 0.2751698 0.668743 0.6906984 0.02472645 0.6246217 0.780536 0.05572175 0.6233377 0.7799649 0.1810834 0.7845335 0.5930565 0.1789907 0.7849212 0.5931788 -0.03844857 0.9831492 0.178716 0.5509399 0.2120306 0.8071607 -0.9449834 -0.2902773 0.1508161 0.5144667 0.2404924 0.8230963 -0.9005344 -0.4250745 0.09137552 0.1831066 0.8608503 0.4747724 0.1853027 0.8535404 0.4869617 0.1181274 0.8628141 0.4915259 -0.07230967 0.2072848 -0.9756046 0.1478458 0.8495706 0.5063314 0.1829718 0.8574143 0.4810011 -0.006484508 0.01275509 -0.9998976 0.1851188 0.8736453 0.4499722 0.1824086 0.8643484 0.4686458 0.1825182 0.8675435 0.4626611 -0.1111993 0.421181 0.900134 -0.1747288 0.4115424 0.8944846 0.2353569 0.5409452 0.8074561 0.3131534 0.5164487 0.7970042 0.3102848 0.5212323 0.7950097 -0.8274024 -0.5615161 -0.01024478 0.2150201 0.6827372 0.6983096 -0.8262859 -0.5631076 -0.01270747 0.1631853 0.6939707 0.7012668 -0.7935839 -0.6080859 -0.02135562 -0.7928568 -0.6090248 -0.02160835 -0.3781239 0.2993176 0.8760316 -0.0341686 0.8691527 0.493362 0.04213988 0.8697208 0.4917417 -0.4462975 0.2615225 0.8558181 0.1376667 0.7885997 0.5992982 0.1412646 0.8607182 0.4890895 0.04543644 0.8688099 0.4930566 0.14072 0.7881629 0.5991637 0.9321625 0.2588108 0.2531601 0.02038395 0.6243015 0.7809174 0.5000678 0.7944927 0.3445482 0.926015 0.274754 0.2588559 -0.01732492 0.6243119 0.780983 -0.7807627 -0.6243446 -0.02456682 -0.2162427 0.4713634 -0.855018 -0.7801958 -0.625036 -0.02498883 -0.2884262 0.441254 -0.8497678 0.1394653 0.8644044 0.4830678 0.1392496 0.8582981 0.4938965 0.2318624 0.5406565 0.8086596 0.1387428 0.8618401 0.4878339 0.1388451 0.8648431 0.4824606 -0.4977873 0.2322997 0.8356103 -0.4303342 0.273651 0.8601904 0.804988 0.5273369 0.2718641 0.7955406 0.5004892 0.341505 0.9126877 0.3011447 0.2762483 -0.2366699 0.4008876 0.8850291 -0.1448961 0.4192716 0.8962234 -0.9158821 -0.3074218 0.2581703 -0.9285542 -0.1559494 0.3368483 -0.7157425 -0.6949869 -0.0685997 -0.7447435 -0.6665719 -0.03223121 -0.07751983 0.6219199 0.7792345 -0.01395505 0.624621 0.7808033 0.1005219 0.7010095 0.7060319 0.1538974 0.6933624 0.7039633 -0.9219177 -0.2817296 0.2658874 0.08661603 0.8524604 0.5155666 0.1082378 0.789901 0.6036067 0.4068592 0.2872395 0.8671557 0.1111865 0.8617998 0.4949128 0.4808663 0.2436755 0.8422529 0.1137652 0.8649707 0.4887567 0.1167436 0.8676363 0.4832992 0.1012045 0.7906535 0.6038416 -0.8249607 -0.5650836 0.01098263 -0.91275 -0.4026284 0.06912308 -0.1484554 0.8584681 0.4909109 -0.03158313 0.8697078 0.4925554 -0.8866553 -0.4239025 0.1847938 0.1819944 0.5526203 0.8133196 -0.4862787 0.2558079 0.8355209 -0.6011137 0.166055 0.7817212 0.1842004 0.5512633 0.8137438 0.06261485 0.7920179 0.6072784 0.09483712 0.7004115 0.7074106 0.07775449 0.7909441 0.6069281 0.03607404 0.7047944 0.7084939 0.07969254 0.8612238 0.5019389 0.07987421 0.8609251 0.5024222 -0.3190662 0.9327948 0.167603 -0.29368 0.9393981 0.176871 -0.8381589 -0.5454249 0.001158118 -0.7931691 -0.608748 -0.01756656 0.8710538 0.346815 0.3478285 0.7624228 0.5080874 0.4006978 -0.1975938 0.4173529 0.8870025 -0.2950522 0.3897612 0.8723706 -0.7806239 -0.6245668 -0.02329385 -0.3597374 0.55081 -0.753125 -0.8056841 -0.592188 -0.01365864 -0.7648928 -0.6415211 -0.05821943 -0.7110901 -0.7027497 -0.02222651 -0.7455196 -0.665307 -0.03958636 0.08181428 0.5660436 0.8203055 -0.794297 -0.6070579 -0.02393448 0.1322734 0.560023 0.8178496 0.1307091 0.5608859 0.8175098 -0.1393125 0.6171795 0.7743911 -0.0633071 0.6254253 0.7777116 0.02926695 0.8431785 0.5368365 0.02266442 0.7927279 0.6091542 0.04805153 0.7918154 0.6088673 0.04955846 0.8631315 0.5025417 0.04934418 0.8628603 0.503028 -0.3786875 0.9091807 0.1731656 -0.4094873 0.8980122 0.160917 -0.3391041 0.3775426 0.861667 -0.2449105 0.4086529 0.8792166 -0.8275263 -0.5583476 0.05872189 -0.0263186 0.7044851 0.7092307 -0.9132055 -0.3838893 0.1366921 0.03408455 0.7043617 0.7090224 0.3855508 0.2868115 0.8769776 0.3211036 0.3150225 0.8931144 -0.5938736 0.2065142 0.7776027 -0.6891805 0.104321 0.7170407 -0.1383063 0.8645497 0.4831409 -0.181169 0.6123289 0.7695655 -0.1140109 0.6226681 0.7741357 -0.01138108 0.01019978 -0.9998832 -0.4362114 0.5039157 -0.7455123 -0.01615059 0.792391 0.6097998 0.01744478 0.7923963 0.6097571 0.01780426 0.8625562 0.505648 -0.8548765 -0.5176997 0.0342518 -0.8257486 -0.5637645 0.01757532 -0.8028802 -0.5961338 0.002819418 0.08079504 0.5658137 0.8205651 -0.1161834 0.6981519 0.7064598 -0.4154756 0.351341 0.8390111 -0.02478373 0.7048415 0.7089318 -0.281691 0.4054313 0.8696411 -0.6679242 0.147675 0.7294309 -0.2659846 0.8381411 0.4762055 -0.7930113 -0.6089958 -0.01603817 -0.8153618 -0.5788783 0.009219944 -0.2467591 0.8399665 0.4832869 0.8232555 0.3693342 0.4310947 -0.2451654 0.6012958 0.7604849 -0.1483236 0.6210824 0.7695822 0.695664 0.5294507 0.4855241 -0.1519968 0.1432386 -0.9779466 -0.1747323 0.1190165 -0.9773964 -0.07172352 0.7902947 0.6085147 -0.01207816 0.7927166 0.6094707 -0.01261425 0.8626058 0.5057194 -0.7873827 -0.6161879 -0.01845937 0.6525985 0.5564888 0.5142328 0.7893906 0.4026018 0.4634375 -0.7646522 -0.6417651 -0.05869126 -0.7681096 0.0554955 0.637909 -0.8331206 -0.07618886 0.5478187 -0.7132323 0.0910291 0.6949917 0.7452905 0.5974846 0.2958956 0.7808429 0.5565623 0.2837656 0.3076965 0.3142959 0.8980762 0.2780349 0.3243577 0.9041509 -0.3453724 0.3999382 0.8489802 -0.4789699 0.3305269 0.8132281 0.02928167 0.5690324 0.8217936 -0.02101856 0.5689836 0.8220802 0.02961343 0.5688927 0.8218784 -0.389266 0.383448 0.83752 -0.5314604 0.3017432 0.791518 -0.2009804 0.6202018 0.758259 -0.5032535 0.8468941 0.1717742 -0.5402758 0.8299447 0.138902 0.7501201 0.6124834 0.2493668 -0.3044564 0.5912956 0.7467769 -0.1286976 0.7868271 0.603606 -0.05477511 0.7939199 0.6055501 0.7474477 0.6165513 0.247359 -0.05655795 0.8636928 0.5008353 -0.03173387 0.7481817 0.6627346 0.2689052 0.3265091 0.9061357 -0.03871244 0.8271169 0.5606951 0.234126 0.3372479 0.9118382 -0.05784791 0.8670556 0.4948416 -0.247611 0.6126255 0.7505856 -0.3475076 0.5799236 0.7368359 -0.166906 0.7831491 0.5990158 -0.09880721 0.7924805 0.6018404 -0.3206152 0.8194102 0.4751556 -0.8547354 0.0218088 0.5186057 -0.8973509 -0.1558766 0.4128727 -0.3445772 0.8154079 0.4651629 -0.1002634 0.8602036 0.499997 0.7438715 0.6215213 0.2456961 -0.1017512 0.8619921 0.4966048 -0.1000435 0.8681551 0.486105 -0.09990149 0.8636934 0.4940176 -0.1004408 0.8655849 0.4905858 0.5491691 0.3128676 0.7749369 -0.6470025 0.7494213 0.1405544 -0.7160139 0.6810172 0.1534267 -0.8873379 -0.06433671 0.4566096 -0.6103498 0.7776415 0.1508197 -0.9076185 -0.2467226 0.3396419 -0.6349844 0.2396432 0.7344153 -0.02075976 0.5690681 0.8220283 -0.4365509 0.3827725 0.814192 0.724514 0.6449089 0.2432525 0.6871189 0.6832938 0.2469355 -0.2820439 0.6111828 0.7395315 -0.4183622 0.5573346 0.7171829 -0.1283802 0.7920398 0.5968178 -0.2243766 0.7745933 0.5913209 -0.1318315 0.8584611 0.4956461 -0.1301236 0.8613387 0.4910839 -0.2085223 0.6833585 0.6996712 -0.1100728 0.7019994 0.7036199 -0.1301552 0.8621466 0.4896559 -0.09392642 0.5648172 0.8198533 -0.1399993 0.8423001 0.52051 -0.1296553 0.8648349 0.4850259 -0.129652 0.8647492 0.4851794 0.7190374 0.4515928 0.5282511 0.6110438 0.556187 0.5632774 0.7117196 0.6229097 0.3247131 0.7265131 0.6078606 0.3204439 0.7187376 0.6452127 0.259069 -0.9256813 -0.3781292 -0.01150518 -0.7587854 -0.6507942 -0.0266782 -0.7882243 -0.6149656 -0.02280235 -0.7212938 0.1846897 0.6675515 0.6396504 0.7266127 0.2507619 -0.5238949 0.3711724 0.7666585 0.7172473 0.644203 0.2656294 0.718005 0.6470861 0.2564148 -0.9274426 -0.3339605 0.1682872 -0.9531051 -0.105338 0.2837158 0.7172631 0.6456227 0.2621164 -0.338279 0.609995 0.7165707 0.7179423 0.6482529 0.253628 -0.4743062 0.5438361 0.6922976 -0.4096361 0.279795 -0.8682817 -0.2762107 0.768355 0.5773546 -0.1728988 0.7931225 0.5840057 0.5241414 0.8101602 0.2625191 -0.7760687 0.130656 0.6169655 0.7168118 0.6474645 0.2587869 -0.5824643 0.345038 0.7359919 -0.2713374 0.6685917 0.6923591 -0.1770128 0.8607512 0.4772565 -0.1743245 0.8545671 0.4892097 -0.197784 0.6886054 0.6976419 -0.1736918 0.8581297 0.4831611 -0.1747622 0.8645433 0.4711933 -0.3765867 0.5977468 0.7077296 -0.5179926 0.5218719 0.6777414 -0.1745315 0.8689143 0.4631704 0.1092326 0.4243828 0.8988701 -0.1740965 0.8678956 0.4652394 -0.9322659 -0.3506339 0.08908599 -0.6848776 0.7191576 0.1172825 -0.9694651 -0.1850535 0.1609119 -0.92881 -0.3619617 0.07934647 -0.4443616 0.2325069 -0.8651493 -0.9658552 -0.2162663 0.1426622 -0.02019387 0.008044302 -0.9997637 -0.3127447 0.7604897 0.5690749 -0.2120673 0.7886853 0.577064 0.2253823 0.3353936 0.9147207 0.1763086 0.3461777 0.9214533 -0.2136093 0.8534166 0.4754483 -0.2166177 0.8557433 0.4698726 0.7176253 0.6506598 0.2483057 0.7165097 0.6529031 0.2456241 0.7170192 0.6549636 0.2385504 -0.2138906 0.8596935 0.4638726 -0.2128239 0.8569958 0.4693231 -0.212962 0.8602246 0.4633149 -0.4639284 0.7708199 0.4365856 -0.9638406 -0.2459746 0.1025069 -0.432284 0.7744999 0.461823 -0.9693313 -0.2180014 0.113456 0.7168551 0.6545603 0.2401447 -0.2103015 0.8637123 0.4580113 0.7175145 0.657377 0.2302789 -0.6400416 0.3403863 0.6888279 0.3586126 0.8929106 0.2722271 0.3408671 0.8995671 0.2731091 -0.8584581 0.02419245 0.5123128 0.4378247 0.3572003 0.8250561 -0.2345835 0.8755435 0.4223672 -0.2106097 0.872858 0.4401847 -0.599795 0.4826768 0.6381764 0.4286746 0.3621712 0.8276897 -0.4131898 0.6021437 0.6831524 -0.2400375 0.7891015 0.5654209 -0.09284812 0.5657531 0.8193306 0.7183271 0.660594 0.2182239 -0.2443257 0.849191 0.4681663 0.7175764 0.6573533 0.2301539 -0.3707641 0.7458106 0.5534443 -0.2413815 0.8554322 0.4582255 -0.2412896 0.8533107 0.4622123 -0.2582407 0.6765413 0.6896402 0.06787216 0.4285869 0.9009477 -0.2403747 0.8567933 0.4562075 -0.2404596 0.8589324 0.452122 -0.2235677 0.8780772 0.4230815 0.1108458 0.4244005 0.8986643 -0.2376302 0.8667293 0.4385342 -0.632279 0.6541462 0.4151097 -0.2375055 0.862814 0.4462546 -0.5338523 0.7258533 0.4337496 -0.5645466 0.7099534 0.4210145 -0.744911 0.3340203 0.5775275 0.7190988 0.6606243 0.215575 -0.9192441 -0.04194498 0.3914471 -0.9356252 -0.1215215 0.3314183 0.7197626 0.6637907 0.2032825 0.7161973 0.6735615 0.1826921 -0.7847067 0.2919 0.5468361 0.170472 0.3458336 0.92268 -0.6655417 0.4566568 0.5903549 0.1388969 0.3512164 0.9259346 -0.4775241 0.601469 0.6404731 0.5463039 0.5612965 0.6216899 -0.4139959 0.7398359 0.5303304 0.6356112 0.4899817 0.5965873 -0.2846721 0.790341 0.5425154 -0.2885469 0.8424771 0.4549428 0.6822546 0.6347157 0.3628561 -0.2853444 0.8533769 0.4362643 -0.2850825 0.8468132 0.4490382 0.6358806 0.6752063 0.3738349 0.6450443 0.7092677 0.2843538 -0.2842549 0.8567993 0.4302257 0.762861 0.6280314 0.1536868 -0.4481198 0.7261916 0.5213774 -0.3166429 0.7825785 0.5360112 -0.2843411 0.8597353 0.4242705 0.6423211 0.705934 0.2984641 0.6435789 0.71184 0.2812295 -0.2805763 0.8513137 0.4433305 -0.3173946 0.8431917 0.4339222 0.6432811 0.7134212 0.277884 -0.3213468 0.8439277 0.4295607 -0.3175179 0.8462832 0.42777 0.6421354 0.7079092 0.294154 -0.3163648 0.849664 0.421882 -0.5796599 0.2344303 -0.7804081 -0.6277265 0.1312606 -0.7672875 -0.3163319 0.8486829 0.4238766 -0.7077779 0.4277968 0.5621746 0.6410169 0.7105784 0.2901304 -0.5215972 0.5873572 0.6188278 -0.3127478 0.8528295 0.4181753 -0.1686391 0.5545284 0.8148982 -0.2192092 0.5431669 0.8105041 -0.2810419 0.8691812 0.4068655 -0.1662698 0.5542051 0.8156048 -0.2886574 0.8735374 0.3919303 0.7233026 0.6618021 0.1971074 0.7240595 0.6657505 0.1803165 -0.3025067 0.8626906 0.4052833 -0.3129265 0.8611824 0.400552 0.06894731 0.428632 0.9008445 -0.3017775 0.8695536 0.3909051 -0.3025625 0.8710089 0.3870393 -0.2565158 0.892206 0.3717097 0.02482318 0.4309125 0.9020522 -0.2979526 0.8780063 0.3746052 0.5806974 0.712543 0.393793 -0.3017446 0.8768459 0.374288 -0.2336547 0.870423 0.4333235 0.5882557 0.7469537 0.3098635 -0.2904215 0.8818442 0.3714918 -0.2901558 0.8918152 0.3470956 0.6493057 0.6588047 0.3799716 -0.7883015 0.599124 0.1401116 -0.7765972 0.3746642 0.5064817 -0.56017 0.5896494 0.5818274 -0.3451772 0.785789 0.5132138 -0.8209985 0.5625055 0.09771955 0.5861784 0.750187 0.3059644 0.5856138 0.746796 0.3152019 0.5856923 0.7522382 0.3018316 -0.5098302 0.7048214 0.4932545 -0.9445838 0.2397231 0.2242638 0.5851734 0.7490148 0.3107231 -0.9630504 -0.1943432 0.1864526 -0.9577577 -0.2282181 0.1749762 0.1003134 0.355093 0.9294332 -0.9493938 -0.2685171 0.1629415 -0.9556713 -0.2395604 0.171182 -0.8607316 0.3083482 0.4050464 0.1343233 0.3507692 0.9267784 -0.3451869 0.8355189 0.4274976 0.6392154 0.7205475 0.2687284 -0.3453297 0.8385636 0.4213771 0.6397073 0.7231811 0.2603532 -0.3495331 0.8426691 0.4095552 0.6419113 0.7148879 0.2772819 -0.3441568 0.8419834 0.4154758 -0.3443461 0.8474498 0.4040477 -0.6104407 0.6852266 0.3972741 0.640022 0.7263213 0.2506579 -0.340668 0.8515222 0.3985665 0.6390869 0.7210717 0.2676258 -0.3301519 0.8554163 0.3990774 -0.3302426 0.8619607 0.3846603 0.5833976 0.7520755 0.3066425 -0.3407938 0.8592671 0.3814705 -0.3294565 0.8694549 0.3681121 -0.8806598 0.4621089 0.1043723 -0.3294579 0.8692496 0.3685955 -0.3180199 0.8832406 0.3446002 -0.8567733 0.5043749 0.1074498 -0.3181159 0.8796625 0.3535478 -0.3128096 0.8893452 0.3334895 -0.312772 0.8902182 0.3311875 0.7634376 0.6321905 0.1322808 -0.556981 0.6926862 0.4582118 0.7303458 0.6630255 0.1642932 -0.3987005 0.7820501 0.4789942 0.7301583 0.6619251 0.169482 -0.4025632 0.8212277 0.4043857 0.3461628 0.3833926 0.8562601 -0.6303276 0.5898723 0.5047157 0.7828449 -0.6103003 -0.1211917 0.6889066 -0.7219259 -0.06504482 0.6876725 -0.7255467 -0.02623951 0.6915277 -0.7218787 -0.02609074 0.6928899 -0.7181554 -0.064471 0.9022944 -0.4267814 -0.06101244 0.6916832 -0.7217298 -0.02608537 0.7108704 -0.7006174 -0.06163108 0.9954465 -0.001781344 0.09530562 0.6963869 -0.7148123 -0.06394237 0.9741067 -0.2258361 0.01068514 0.6952037 -0.7183492 -0.02581322 0.7152579 -0.6962057 -0.0608595 0.9957824 -0.03580021 0.08447289 0.9664276 0.1969028 0.1650663 0.6996517 -0.7116695 -0.06335681 0.6984859 -0.7151667 -0.02557563 0.979432 -0.2017087 0.005162239 0.9908302 -0.008410573 0.1348509 0.7196181 -0.6917651 -0.06009036 0.9000249 0.374725 0.2225679 0.7582325 -0.6497487 -0.05394381 0.8109176 0.5248013 0.2588366 0.7236297 -0.6876226 -0.0594573 0.7572556 0.594269 0.2709393 0.7029092 -0.708505 -0.06276404 0.7017667 -0.7119558 -0.02534848 0.9779723 0.1450303 0.1501208 0.9258947 -0.3774001 -0.01697689 0.6007577 -0.7498317 -0.2772052 0.7875305 -0.5953289 -0.1593086 0.9018696 -0.4281607 -0.05752962 0.9915854 -0.04978877 0.1194968 0.9706766 -0.2371774 0.03916484 0.9734328 0.129568 0.1887873 0.9915794 -0.05092859 0.1190654 0.9821284 0.07818174 0.1712058 0.9569472 0.1967173 0.2134348 0.8718546 0.3992711 0.2836407 0.7589212 -0.6404131 -0.1179392 0.8151166 -0.5723465 -0.08946716 0.8625893 -0.5022799 -0.0604524 0.9923401 -0.04863768 0.113559 0.899353 -0.4359571 -0.03324747 0.9279987 -0.3725805 -0.00141704 0.9836779 0.0829994 0.1596525 0.9592434 0.204277 0.195251 0.8760123 0.4137512 0.2478155 0.5519689 0.7730065 0.3127158 0.9527214 -0.2885714 -0.09512436 0.7073104 -0.6513764 -0.2746281 0.8644329 -0.4997928 -0.05443125 0.856001 -0.4760479 -0.2015954 0.759556 -0.6387549 -0.1227471 0.9536541 -0.2706157 -0.1315712 0.815338 -0.5717661 -0.09114587 0.9963971 -0.05007159 -0.06845211 0.8627596 -0.5018291 -0.06175249 0.8997549 -0.4348794 -0.03634589 0.9880087 0.1525736 -0.02366298 0.9293161 -0.3691086 -0.01141923 0.9744347 0.2246666 -0.001416921 0.8692916 -0.4910773 -0.05634981 0.9450511 0.3265305 0.01600378 0.8949308 -0.4446519 -0.03719449 0.8912566 -0.4517505 -0.03978967 0.9107007 0.410832 0.04291123 0.8740027 0.4829661 0.05350643 0.7680387 0.6331653 0.09601211 0.8220461 0.5636908 0.08057904 0.7127125 -0.6934077 -0.1059557 0.657676 -0.7529059 -0.02439224 0.704243 -0.7016521 -0.1082872 0.7481394 -0.6622116 -0.04199022 0.713384 -0.6927529 -0.1057191 0.722014 -0.684139 -0.1031976 0.8930199 -0.4470715 -0.0514065 0.7296428 -0.6763453 -0.1008883 0.9779527 -0.2065724 -0.03060048 0.8683543 -0.4936041 -0.04812425 0.8909722 -0.4525259 -0.03726917 0.736828 -0.6688454 -0.09864264 0.9355817 -0.352905 -0.01204305 0.8946451 -0.4454305 -0.034666 0.9997296 0.01922357 0.0130859 0.743411 -0.662306 -0.09322464 0.8237836 -0.5651822 -0.04415524 0.7111008 -0.6983985 -0.08108776 0.7024316 -0.7068353 -0.0835092 0.7115909 -0.6978908 -0.08115899 0.7202616 -0.6891785 -0.07909584 0.9761249 0.2069696 0.06590807 0.9716472 0.2248773 0.07302045 0.9483433 0.296175 0.1136896 0.9127007 0.3915213 0.116998 0.7120876 -0.6974176 -0.08087062 0.9045859 0.4080491 0.1233707 0.7704205 0.6138901 0.172021 0.727926 -0.6812973 -0.07718741 0.8242363 0.5433011 0.1595566 0.9198169 -0.3877382 -0.05996519 0.6701687 -0.6659116 -0.327774 0.7351408 -0.6737139 -0.07534962 0.7575073 -0.5998552 -0.2575975 0.9776364 -0.2091237 -0.02223533 0.7164454 -0.6930812 -0.07965171 0.896422 -0.4240057 -0.1290218 0.7419691 -0.6663823 -0.07359695 0.7207689 -0.688728 -0.07839703 0.9987293 0.007902562 0.04977279 0.7588961 -0.6474952 -0.06947457 0.9985584 0.01302754 0.05207097 0.7247418 -0.6846811 -0.07720893 0.9705466 0.2121314 0.1141908 0.6789628 -0.7336897 -0.02662712 0.9034927 0.3940665 0.1685603 0.6804358 -0.7298146 -0.06616514 0.9699854 0.2142047 0.1150847 0.9037229 0.3935763 0.1684714 0.759379 0.6066417 0.2352217 0.813903 0.5416971 0.2100622 0.6848691 -0.7257077 -0.06559503 0.5881764 -0.7896917 -0.1744577 0.6836091 -0.7293704 -0.02641195 0.7083889 -0.6811097 -0.1851346 0.8489773 -0.5000361 -0.1708844 0.7187503 -0.6696512 -0.1869901 0.9442248 -0.2942657 -0.1478077 0.8593014 -0.481435 -0.1726888 0.9901497 -0.07659786 -0.1172024 0.9519924 -0.2676067 -0.1486511 0.9888455 0.1224534 -0.0847913 0.9923163 -0.04165393 -0.1165049 0.9539097 0.2952502 -0.05369734 0.9831231 0.1631062 -0.08285772 0.9396452 0.3384743 -0.0500192 0.8915742 0.4519556 -0.02884054 0.8687761 0.4950957 -0.0104041 0.9441701 -0.276852 -0.1785936 0.3470876 -0.9376809 -0.01688218 0.9631782 -0.1971574 -0.1828022 0.9686763 -0.1703537 -0.1806816 0.7304284 -0.6674295 -0.1449558 0.7190284 -0.67607 -0.1610202 0.7709302 -0.6163641 -0.1605057 0.9924068 0.1157968 0.0414707 0.6134128 -0.7710769 -0.170778 0.8225378 -0.5455626 -0.1606019 0.8839294 -0.4354428 -0.1704652 0.9095333 -0.3748773 -0.1794889 0.9334397 -0.3087667 -0.1826292 0.9084008 -0.3772683 -0.1802124 0.9329286 -0.3098584 -0.1833903 0.953255 -0.2327991 -0.1926382 0.9539858 -0.2272922 -0.1955741 0.9655784 -0.170905 -0.1960862 0.9710953 -0.1398766 -0.1934126 0.9767588 -0.07720088 -0.1999561 0.2549525 0.9649488 0.06223374 0.9801095 0.02294629 -0.1971269 0.583772 -0.7947166 -0.1662405 0.5983922 -0.7967436 -0.08441805 0.7094193 -0.6822892 -0.1766512 0.6719554 -0.7312557 -0.1172227 0.6620467 -0.7296172 -0.1713269 0.5848075 -0.8101179 -0.04134505 0.6216986 -0.7820408 -0.04362493 0.783186 -0.6178893 -0.06951564 0.7839481 -0.6005865 -0.1572294 0.8476425 -0.4984942 -0.1816751 0.8607571 -0.5003077 -0.09375309 0.780047 -0.5998368 -0.1781084 0.8869634 -0.450609 -0.1012304 0.8843977 -0.4552598 -0.1028552 0.9130882 -0.3929279 -0.1089848 0.9412932 -0.2909016 -0.1712992 0.9388253 -0.3220759 -0.1219596 0.836107 -0.5173503 -0.1824113 0.9413373 -0.3139819 -0.123691 0.8381501 -0.5177575 -0.1715562 0.953468 -0.2732002 -0.1275173 0.351397 -0.936209 0.005726933 0.9709494 -0.1941187 -0.1399117 0.8887952 -0.4189819 -0.1857345 0.889178 -0.41906 -0.183715 0.9449163 0.06214284 -0.3213588 0.9084601 -0.3749261 -0.1847451 0.9476662 -0.2668686 -0.1752424 0.9841946 -0.07007962 -0.1626341 0.6362683 -0.7686434 -0.06595492 0.9447075 -0.2662643 -0.1913927 0.9315975 -0.3088511 -0.1916698 0.7310569 -0.6742964 -0.1043083 0.9664547 -0.1867856 -0.1762854 0.9637921 -0.1862267 -0.1908521 0.9533998 -0.2327927 -0.191928 0.7792372 -0.6149947 -0.1207095 0.9808225 0.1308934 -0.14441 0.9813818 -0.09605556 -0.1663221 0.8274079 -0.5446835 -0.1368069 0.9760433 -0.09491145 -0.1957837 0.9701804 -0.1399163 -0.197923 0.9452836 0.3042076 -0.1178839 0.9866815 0.01382517 -0.1620756 0.9812475 0.01503163 -0.1921651 0.877769 -0.4543613 -0.1519126 0.8511487 -0.5041719 -0.146139 0.9770988 -0.07718676 -0.1982932 0.9795592 -0.034572 -0.198163 0.9801004 0.02294594 -0.1971716 0.8834728 0.4599674 -0.08891445 0.9830768 0.08682447 -0.1613117 0.9775313 0.08805245 -0.1915182 0.8879579 -0.4346666 -0.150319 0.2389166 0.9707235 -0.02479404 0.9042205 -0.3965919 -0.1584303 0.9124319 -0.3765325 -0.1602854 0.9354538 -0.3093992 -0.1708756 0.9297452 -0.3256695 -0.171794 0.9579442 -0.2265943 -0.1760618 0.9799486 0.01089292 -0.1989523 0.633271 -0.7738382 0.01192694 0.7903258 -0.6125013 -0.01507657 0.6298711 -0.7765161 0.0168842 0.7903574 -0.612459 -0.01513683 0.887032 -0.4593756 -0.04635035 0.8925418 -0.4490312 -0.04171484 0.9458392 -0.3167036 -0.07132482 0.9489026 -0.3082016 -0.0677905 -0.6988255 -0.6892938 0.1910944 -0.7047111 -0.6831563 0.1915192 -0.6194193 -0.7630882 0.1844344 -0.945166 -0.2098848 0.2502192 -0.9715095 -0.2369456 0.005106866 -0.9534524 -0.3013234 0.01152181 -0.9328768 -0.2851217 0.2201054 -0.951314 -0.3079582 0.01278227 -0.9142344 -0.3522032 0.2003212 -0.9287461 -0.3702214 0.01915514 -0.8935896 -0.448058 0.02723878 -0.8959542 -0.4433134 0.02719205 -0.8844029 -0.4329412 0.174337 -0.8491212 -0.5032667 0.1603617 -0.7928808 -0.6076858 0.04536372 -0.7118977 -0.6884272 0.1388157 -0.7865964 -0.6019128 0.1377213 -0.63095 -0.7731369 0.06450915 -0.4931006 -0.8644785 0.09761524 -0.6259225 -0.7675683 0.1380579 -0.7077986 -0.7041621 0.05636489 -0.7047156 -0.6957759 0.1388231 -0.8567917 -0.5144885 0.03477799 -0.7908173 -0.6103791 0.04522514 0.9340679 -0.3531382 0.05301499 0.7942021 -0.6065642 0.03637027 0.8925583 -0.4487328 0.04447901 0.9514828 -0.3008279 0.06467646 0.6370483 -0.76874 0.0566411 0.7181972 -0.6942451 0.04708105 0.6299796 -0.7743901 0.05870175 0.9739287 -0.2262287 -0.01683771 0.9510028 -0.307937 0.02771991 0.9255294 -0.3745993 0.05541378 0.8918415 -0.4442961 0.08496946 0.8493564 -0.5172234 0.1052308 0.7864182 -0.6039201 0.1297183 0.5786432 -0.802973 0.1428511 0.715511 -0.6861151 0.1314923 0.6273775 -0.7675056 0.1316534 0.7140527 -0.6876287 0.1315129 0.9402049 -0.2145815 0.2645174 0.9301713 -0.2902963 0.2247431 0.9413361 -0.1997512 0.2720032 0.8413595 -0.5083457 0.1835723 0.8812096 -0.4359295 0.1828524 0.9090562 -0.3628416 0.2048485 0.8419431 -0.5073842 0.183557 0.7796446 -0.5990116 0.182591 0.7092287 -0.6816089 0.180011 0.7790294 -0.5996877 0.1829972 0.7091697 -0.681671 0.180008 0.6210257 -0.764194 0.1741682 0.935458 0.3222461 0.1451749 0.9150153 -0.2941615 0.2760725 0.8862497 -0.36856 0.2805799 0.8565188 -0.4315608 0.283074 0.8126592 -0.5118343 0.2785869 0.8223287 -0.4955058 0.2797312 0.758506 -0.5925084 0.2712977 0.7609004 -0.5890766 0.2720652 0.6825188 -0.6832838 0.2594061 0.6071746 -0.7557023 0.2454652 0.6932498 -0.6716678 0.2612798 0.7021663 0.3229734 0.6345477 0.8589496 -0.1935761 0.474061 0.8583182 -0.2796167 0.4302377 0.8420243 -0.3551657 0.4060203 0.821915 -0.4233142 0.381131 0.7783894 -0.5061963 0.3713157 0.7273103 -0.5855205 0.35803 0.781433 -0.5009526 0.3720335 0.6538656 -0.6772593 0.3373124 0.7266567 -0.5861921 0.3582582 0.5803879 -0.7512115 0.3143742 0.6563386 -0.6744913 0.3380548 0.512555 -0.8250796 0.2377626 0.5407699 0.8376446 0.07693856 0.8305134 -0.2826842 0.4799346 0.8073832 -0.3455433 0.4782595 0.7748912 -0.4190596 0.4732152 0.7394104 -0.4910715 0.460566 0.7308782 -0.5066564 0.4572925 0.6882123 -0.5761847 0.4408798 0.686325 -0.5793198 0.4397118 0.5501868 -0.7431796 0.3807605 0.6220137 -0.6652626 0.4129462 0.6166115 -0.6717263 0.4105778 0.7321394 -0.1720938 0.6590567 0.123966 0.7925702 0.5970469 0.7418459 -0.270105 0.6137654 0.7334775 -0.3350425 0.5914028 0.7185703 -0.411795 0.5604299 0.675643 -0.5035134 0.5384986 0.6896466 -0.4758064 0.54589 0.6357648 -0.5731573 0.5170047 0.5709941 -0.666314 0.4795741 0.6355507 -0.573859 0.5164892 0.5748867 -0.6612842 0.4818803 0.4571705 -0.8175594 0.3501313 0.5083244 -0.7393026 0.441631 0.7663655 0.007670462 0.642359 0.7015423 -0.2722364 0.6585786 0.6808842 -0.3346059 0.6514873 0.6519601 -0.4078835 0.639202 0.6282114 -0.4658395 0.6231725 0.6294326 -0.4630737 0.6240011 0.5787765 -0.5649549 0.588085 0.5775156 -0.5676075 0.5867686 0.4634631 -0.7321565 0.4991483 0.5249912 -0.6516513 0.5474807 0.5327637 -0.6401588 0.5534976 0.5645052 -0.1583111 0.8101059 0.5069711 0.02917349 0.8614692 0.586736 -0.2622728 0.7661291 0.5842382 -0.3250957 0.7436254 0.5773723 -0.4021459 0.7105771 0.558564 -0.4543319 0.6939659 0.5435935 -0.4915909 0.6803267 0.5107809 -0.5633835 0.6493859 0.5108557 -0.5627949 0.6498373 0.4720441 -0.6344611 0.6120733 0.4716472 -0.6351538 0.6116605 0.4090642 -0.729214 0.5485557 0.379104 -0.8105837 0.4463566 0.5137358 -0.3293727 0.7922053 0.5356208 -0.2634664 0.8023066 0.5194983 -0.3218877 0.7915237 0.4949012 -0.3986794 0.7720929 0.4796501 -0.4479416 0.7545093 0.4667051 -0.485714 0.7390997 0.4390805 -0.5560523 0.7057012 0.4384278 -0.5580645 0.7045177 0.3997002 -0.6401865 0.6560496 0.4070416 -0.6257464 0.6654011 0.3520756 -0.7233096 0.5940252 0.3652376 -0.1445054 0.9196302 0.4193231 -0.3254318 0.8475036 0.4003685 -0.2565522 0.879708 0.4036555 -0.3165932 0.8583886 0.4054677 -0.3948338 0.8244406 0.3930591 -0.4437768 0.8053364 0.3952031 -0.4357709 0.8086522 0.3587644 -0.5549271 0.7505626 0.3587904 -0.5553766 0.7502175 0.33335 -0.6223049 0.7082474 0.3273105 -0.6368823 0.698032 0.2819179 -0.8055324 0.5211908 0.2876252 -0.721493 0.6298568 0.3430827 -0.2441313 0.9070249 0.3232743 -0.3411912 0.8826564 0.3041723 -0.4289064 0.8505989 0.3112971 -0.3918064 0.8657839 0.2761074 -0.5499134 0.7882638 0.2926145 -0.4828178 0.825387 0.2569176 -0.6162137 0.7444958 0.2756457 -0.5511386 0.7875695 0.2215326 -0.7170602 0.6608692 0.2470293 -0.6470175 0.7213493 0.1474317 -0.1276831 0.980796 0.1911827 -0.2405615 0.9516193 0.2119317 -0.3902032 0.8960058 0.2054297 -0.3399273 0.9177407 0.2114421 -0.3940899 0.894419 0.1991085 -0.4818658 0.8533236 0.1875431 -0.5499874 0.8138436 0.1875996 -0.5502282 0.8136678 0.1702545 -0.6359277 0.7527346 0.1679528 -0.6462024 0.7444557 0.1702663 -0.8034114 0.5705608 0.150496 -0.7165811 0.6810745 0.1788691 0.1084743 0.9778748 0.1269692 -0.2527971 0.9591519 0.1178797 -0.3303809 0.9364576 0.1103453 -0.3893146 0.9144715 0.1104317 -0.3879879 0.9150248 0.09789693 -0.5468922 0.8314597 0.1110091 -0.3789589 0.9187313 0.08888739 -0.6328988 0.7691152 0.09780615 -0.5473234 0.8311866 0.05137372 -0.8021851 0.5948613 0.07861679 -0.7138549 0.6958669 0.08666336 -0.6518484 0.7533811 -0.08138656 -0.1292083 0.988272 -0.1950421 0.1408421 0.9706298 -0.02553606 -0.2530386 0.9671191 -0.007106959 -0.3309857 0.9436091 0.006955385 -0.3888227 0.9212864 0.006980121 -0.3796668 0.925097 0.006665587 -0.4562519 0.8898258 0.006167054 -0.5483211 0.8362452 0.00617665 -0.5483444 0.8362298 0.005493342 -0.6527954 0.7575143 0.005685091 -0.6246291 0.7809008 0.004997372 -0.7148416 0.6992685 0.08598405 0.9509251 0.2972343 -0.09272181 -0.2515708 0.9633871 -0.0947386 -0.3369888 0.93673 -0.09557497 -0.3871479 0.9170507 -0.09086036 -0.4632976 0.8815326 -0.09139913 -0.4552038 0.8856838 -0.08454722 -0.5472658 0.8326776 -0.08463186 -0.5468432 0.8329465 -0.06787419 -0.7139276 0.6969221 -0.06904423 -0.8045832 0.5898126 -0.07771706 -0.6235913 0.7778778 -0.07354354 -0.6642848 0.7438529 0.4678014 -0.8667519 -0.1729255 -0.2414447 -0.2554183 0.9361976 -0.3040167 -0.1225669 0.9447492 -0.2147428 -0.3400823 0.9155488 -0.1975612 -0.3904176 0.8991906 -0.1878178 -0.4662118 0.8645063 -0.1871547 -0.4709229 0.8620932 -0.1747754 -0.5499837 0.8166833 -0.152043 -0.6665115 0.7298255 -0.1749003 -0.5497624 0.8168054 -0.1580122 -0.6387963 0.7529751 -0.1402145 -0.7163068 0.6835529 -0.3068591 -0.1976874 0.9309979 -0.3078109 -0.2531957 0.9171393 -0.304072 -0.3103272 0.9006872 -0.2968963 -0.3895777 0.8718267 -0.2810409 -0.4718071 0.8357117 -0.2626478 -0.550908 0.7921594 -0.2902376 -0.4260727 0.8568688 -0.2628083 -0.5497564 0.7929059 -0.1848189 -0.808464 0.5587735 -0.237452 -0.6396519 0.7310691 -0.2107696 -0.7171831 0.6642474 -0.2372055 -0.6404398 0.7304591 -0.511334 -0.131293 0.8492937 -0.4846184 -0.1869421 0.854516 -0.4243533 -0.3180148 0.8478153 -0.4459238 -0.2604457 0.8563411 -0.392036 -0.3951709 0.8307513 -0.382863 -0.4329648 0.8160622 -0.380812 -0.4409795 0.8127234 -0.3468407 -0.5549468 0.756132 -0.3129838 -0.6450713 0.6970826 -0.3471633 -0.5544868 0.7563214 -0.2781925 -0.7209452 0.6347022 -0.3200304 -0.6278129 0.7095291 -0.5106047 -0.1729965 0.8422322 -0.5062443 -0.2575864 0.8230224 -0.4995539 -0.3033239 0.8114435 -0.4672511 -0.4451717 0.7638708 -0.4822687 -0.3949752 0.7819281 -0.4263341 -0.5576515 0.7122247 -0.4556743 -0.4801251 0.7495604 -0.3927733 -0.6314727 0.6685591 -0.4269199 -0.5557447 0.7133633 -0.3419448 -0.723446 0.5997497 -0.3884206 -0.6401937 0.6627832 -0.6463429 -0.3387529 0.6837304 -0.7566148 -0.1890837 0.6259244 -0.7002563 -0.2714059 0.6602878 -0.6696271 -0.3204599 0.6700038 -0.6093843 -0.4050854 0.6815839 -0.5569804 -0.4867349 0.6729502 -0.5000887 -0.5627907 0.6581626 -0.4545858 -0.6471112 0.6120449 -0.4491245 -0.656159 0.6064178 -0.4007828 -0.7284384 0.5556533 -0.2899628 -0.8144662 0.5025598 -0.6542884 -0.0535562 0.7543464 -0.6542907 -0.2607467 0.7098696 -0.6431871 -0.3344014 0.6888296 -0.6294055 -0.4008184 0.6657276 -0.6053599 -0.4751919 0.6385391 -0.568956 -0.5646572 0.5978723 -0.510254 -0.6597407 0.5517093 -0.5105547 -0.6593561 0.5518908 -0.4549903 -0.7323917 0.5065433 -0.7870298 -0.3519606 0.5066636 -0.8284474 -0.2822682 0.483735 -0.7426072 -0.4157325 0.5250724 -0.6972391 -0.4843918 0.5284149 -0.6273504 -0.5731821 0.5271563 -0.7807833 -0.3487459 0.5184147 -0.563089 -0.6665629 0.4884924 -0.9230561 -0.09406894 0.372986 -0.5021666 -0.7383708 0.4501526 -0.5660729 -0.6626763 0.490328 -0.3791242 -0.8229959 0.4230161 -0.7991986 -0.2454674 0.5486595 -0.7958638 -0.2691394 0.5423697 -0.7800687 -0.339334 0.5256857 -0.7590553 -0.4108438 0.5050172 -0.731398 -0.4778925 0.4864931 -0.6807988 -0.57587 0.4526442 -0.5434361 -0.7434603 0.3898 -0.6121682 -0.668611 0.4221487 -0.4482 -0.8324722 0.3257403 -0.6040823 -0.6782085 0.4184709 -0.8732637 -0.3615612 0.3266252 -0.9134666 -0.2940586 0.2812619 -0.8781446 -0.3622122 0.3125132 -0.8367794 -0.4279 0.3416163 -0.7946603 -0.4926508 0.3546973 -0.7211363 -0.5854501 0.3704198 -0.6409253 -0.6853477 0.3457069 -0.9247651 -0.2718901 0.2662432 -0.6517612 -0.6732571 0.349188 -0.5763446 -0.750126 0.3242496 -0.9044148 -0.2325478 0.3577086 -0.8952006 -0.2791879 0.3473758 -0.8732233 -0.3552724 0.3335606 -0.8483297 -0.4225425 0.3190525 -0.813889 -0.4935221 0.3066281 -0.7561461 -0.5887622 0.2856609 -0.4923914 -0.8433642 0.2151452 -0.6809899 -0.6798453 0.2721452 -0.6023983 -0.7559913 0.2561123 -0.6810496 -0.6797744 0.2721733 -0.8916633 -0.4242328 0.1579972 -0.9634417 -0.2659113 0.0327304 -0.9498448 -0.3061504 0.0637719 -0.9214109 -0.3748112 0.1025598 -0.8864637 -0.4409062 0.1406548 -0.8470593 -0.5058094 0.1632403 -0.7764536 -0.5989823 0.1958056 -0.6293072 -0.7770242 0.01434832 -0.7896212 -0.6132724 -0.01988029 -0.6267104 -0.7791569 0.01218742 -0.7879502 -0.6153603 -0.02159386 -0.8915808 -0.4501786 -0.04922372 -0.8908687 -0.4517243 -0.04794037 -0.9485906 -0.3087249 -0.06974893 -0.9482443 -0.3100003 -0.06879407 -0.6289732 -0.763841 -0.1447056 -0.839099 -0.5177836 -0.1667724 -0.7331383 -0.6625936 -0.1532255 -0.891224 -0.4191243 -0.1733623 -0.7842504 -0.5991247 -0.1612474 -0.9465315 -0.2664138 -0.1819391 -0.8338747 -0.5238311 -0.1739369 -0.9646419 -0.1860874 -0.1866478 -0.8944194 -0.406759 -0.185906 -0.9781702 -0.09465962 -0.1849936 -0.9196388 -0.3447167 -0.1882415 -0.9822707 0.01516032 -0.1868537 -0.9415267 -0.2729706 -0.1975209 -0.9621732 -0.1855798 -0.1994567 -0.9788717 0.08819395 -0.1844782 -0.9784488 -2.43914e-4 -0.2064896 -0.9709658 -0.1261265 -0.2032669 -0.9556171 0.2372133 -0.1747167 -0.7799876 -0.6195116 -0.08845776 -0.688357 -0.7221666 -0.06811869 -0.7433953 -0.6611152 -0.101441 -0.5454821 -0.8219125 -0.1640403 -0.7099841 -0.6826509 -0.1729462 -0.6512629 -0.7584479 -0.02476686 -0.7906133 -0.5983763 -0.1299089 -0.8375316 -0.5234925 -0.1565133 -0.8983386 -0.4063507 -0.166934 -0.9222566 -0.3444364 -0.1755177 -0.8841401 -0.4353643 -0.1695704 -0.8932291 -0.4331859 -0.1203809 -0.9452114 -0.2725823 -0.1796504 -0.9182964 -0.3748444 -0.1273708 -0.6662418 -0.724999 -0.1746374 -0.8480388 -0.4985773 -0.1795857 -0.9096916 -0.3768742 -0.1744334 -0.9644547 -0.1853366 -0.1883547 -0.9327673 -0.3094882 -0.1848304 -0.9420402 -0.3074034 -0.1344001 -0.7867742 -0.5914251 -0.1766434 -0.9419365 -0.2909213 -0.1676917 -0.9734144 -0.1258668 -0.1913687 -0.9551711 -0.2269281 -0.1901367 -0.8434218 -0.5062147 -0.1799622 -0.9657537 -0.1705924 -0.1954945 -0.9596544 -0.2362158 -0.1525306 -0.9564559 -0.2369208 -0.170472 -0.9834442 -0.07887119 -0.1631464 -0.8962672 -0.4044308 -0.1820467 -0.9774459 -0.08003377 -0.1954334 -0.6188619 -0.783172 -0.06042855 -0.9849748 -0.06988978 -0.1579245 -0.9383227 -0.3157871 -0.140816 -0.9631268 -0.2252455 -0.1471436 -0.9739148 -0.1689308 -0.1514999 -0.8811795 -0.4569977 -0.1211439 -0.9538482 -0.2476901 -0.1697743 -0.9829216 0.1300278 -0.1302223 -0.9715634 -0.1650381 -0.1697851 -0.7115131 -0.6873742 -0.1458283 -0.7873819 -0.5915861 -0.1733655 -0.6794949 -0.7274214 -0.09562849 -0.8440493 -0.5063782 -0.1765274 -0.5658428 -0.8227813 0.0534113 -0.8968311 -0.4045771 -0.178917 -0.8371347 -0.5173952 -0.1775041 -0.9830847 -0.07102835 -0.1688179 -0.9458853 0.3046256 -0.111822 -0.9873705 0.04077297 -0.153092 -0.9517797 -0.2471421 -0.1817585 -0.8889294 -0.4186573 -0.1858238 -0.9707356 0.1861828 -0.1516855 -0.8830763 0.4619912 -0.08209925 -0.9817119 0.1155092 -0.1513255 -0.9451497 -0.2661246 -0.1893929 -0.9690829 -0.1643674 -0.1840152 -0.9814146 -0.07056468 -0.1784543 -0.9646701 -0.1860934 -0.1864959 -0.9833104 0.04195666 -0.1770319 -0.9772316 -0.0944609 -0.1899884 -0.978178 0.1165545 -0.171997 -0.9828854 0.0150308 -0.1836038 -0.9580785 0.2366728 -0.1614673 -0.9793844 0.08808684 -0.1817879 -0.7087895 -0.6812305 -0.1831454 -0.719524 -0.6693635 -0.1850345 -0.8599796 -0.481035 -0.1704126 -0.8493705 -0.5001499 -0.1685823 -0.9524886 -0.2671984 -0.1461868 -0.9446533 -0.2941173 -0.1453455 -0.9926252 -0.04126954 -0.1139829 -0.9904857 -0.0760917 -0.1146649 -0.9832695 0.16345 -0.08040601 -0.9889638 0.1232125 -0.08227545 -0.9396681 0.3387406 -0.04773485 -0.9537621 0.2961556 -0.05128234 -0.8689076 0.4947482 -0.01496046 -0.8911245 0.453344 -0.01940202 -0.8891619 -0.4327569 -0.1487026 -0.8063655 -0.5868756 -0.0731557 -0.7471538 -0.6580247 -0.09362053 -0.8341249 -0.5481159 -0.06167978 -0.858556 -0.5102519 -0.0502457 -0.9995659 0.0176801 0.02356714 -0.9753259 -0.2156383 -0.0473237 -0.881369 -0.4709143 -0.03779613 -0.8171626 -0.5726552 -0.06566035 -0.7551514 -0.6496633 -0.0876578 -0.7629036 -0.6408815 -0.08514016 -0.8803616 -0.4726034 -0.04011893 -0.8594508 -0.5067049 -0.06778192 -0.7362962 -0.6670466 -0.1136522 -0.9998356 0.004033446 0.01767951 -0.7748668 -0.6241659 -0.09999132 -0.9712106 0.2234921 0.08246958 -0.8079003 -0.5829846 -0.08617442 -0.8354176 -0.5447704 -0.07281816 -0.9205568 -0.3901676 -0.01855599 -0.8593525 -0.5081831 -0.05712604 -0.9039506 0.4063594 0.1332114 -0.94409 -0.3296692 0.003510296 -0.9744644 0.2108821 0.07712197 -0.998975 0.03412538 -0.02974075 -0.880556 -0.4720942 -0.04181021 -0.7561742 0.6229007 0.2004877 -0.8114879 0.5578659 0.1739915 -0.9622267 -0.2711533 0.0244075 -0.9095743 0.3951327 0.1286267 -0.992784 -0.09299343 0.0757119 -0.5613469 -0.5918254 0.5784743 -0.6618875 -0.4580765 0.5933555 -0.7486447 -0.6375251 -0.1819143 -0.7144539 -0.6743031 -0.1867375 -0.8893894 -0.4355135 -0.1389765 -0.695546 -0.6969122 -0.1747257 -0.6758713 -0.4634959 0.5730354 -0.9748561 -0.2039107 -0.08986598 -0.8617538 -0.4837731 -0.1527877 -0.9547788 -0.271618 -0.120918 -0.9958871 -0.04776066 -0.07699304 -0.7852226 -0.607031 -0.1222245 -0.9989938 0.0199241 -0.04018026 -0.7414053 -0.307605 0.5964037 -0.9575751 -0.2671373 -0.1081093 -0.874786 0.04015111 0.4828431 -0.8838027 -0.1343147 0.4481654 -0.8744599 -0.481576 -0.05834764 -0.97325 0.229596 0.008367538 -0.9965397 -0.05515617 -0.06218212 -0.9890041 0.1469283 -0.01681917 -0.668257 -0.04352819 0.742656 -0.9080628 0.4154881 0.05283588 -0.9387597 -0.3445607 0.002845168 -0.6387231 0.06689691 0.766523 -0.9435728 0.33014 0.02604037 -0.9198892 -0.3919513 -0.01334172 -0.8057907 0.1632583 0.5692523 -0.8718568 0.4850712 0.06761342 -0.7450894 0.2899696 0.6006325 -0.975803 -0.2113977 0.05585199 -0.8741841 0.4589487 0.1586449 -0.8612803 0.5030444 0.07171088 -0.6577143 0.6786742 0.326823 -0.9426264 -0.3335214 0.01479494 -0.9606025 -0.2754536 0.03698956 -0.9896157 -0.1019847 0.1012914 -0.9911257 -0.0813117 0.1051586 -0.6899329 -0.7102407 -0.1398237 -0.7818408 -0.615189 -0.1013284 -0.958469 -0.2846974 0.01686757 -0.8729749 -0.4852951 -0.04902356 -0.9381739 -0.3461008 0.006641626 -0.9752609 -0.2128967 0.0595082 -0.9903652 -0.08350133 0.1104731 -0.9736942 0.1247813 0.1906551 -0.6915791 -0.7218473 -0.02558928 -0.8537129 0.4372566 0.2828089 -0.8925833 -0.4506442 -0.01465493 -0.9254572 0.2899035 0.2438955 -0.6975353 -0.6632987 -0.2710708 -0.6991456 -0.714542 -0.02500247 -0.7023161 -0.7114343 -0.02476453 -0.7045759 -0.7092021 -0.02460265 -0.7052778 -0.7085058 -0.02455002 -0.7776167 -0.592285 -0.2109753 -0.7076095 -0.7040343 -0.06020379 -0.9041007 -0.4171258 -0.0927782 -0.6943345 -0.7169153 -0.06270724 -0.9773767 -0.2107633 0.01771175 -0.6995738 -0.7118853 -0.061773 -0.9943262 -0.006500065 0.106175 -0.9701585 0.1833366 0.1586824 -0.9775767 0.1372257 0.1597277 -0.856067 0.4454851 0.2620924 -0.9291284 0.3023257 0.2128838 -0.9661867 0.189721 0.1746116 -0.9095147 -0.4065978 -0.08637821 -0.7045393 -0.707045 -0.06092292 -0.6862181 -0.7179061 -0.1171132 -0.7699144 -0.6287954 -0.1088491 -0.902388 -0.4251453 -0.07033824 -0.9795091 -0.2011957 -0.009070396 -0.7091561 -0.70248 -0.06016188 -0.9979696 0.008961856 0.06305831 -0.7005283 -0.7109683 -0.06151539 -0.970113 0.2070209 0.1265819 -0.9980742 0.005812585 0.06175768 -0.7036779 -0.7079014 -0.060934 -0.7132949 -0.6983405 -0.05942195 -0.9992358 -0.01234263 0.0370866 -0.9694857 0.2093792 0.1275063 -0.7055944 -0.7060241 -0.06055116 -0.7066236 -0.7050084 -0.0603851 -0.7172762 -0.6943114 -0.05870628 -0.9022074 0.3909688 0.1821134 -0.8492415 -0.5255559 -0.05079251 -0.7087331 -0.7008497 -0.08066684 -0.7555928 0.6162267 0.2221351 -0.7057875 -0.7037734 -0.08103621 -0.8103774 0.5453869 0.2141066 -0.7103824 -0.6992443 -0.08008939 -0.7145068 -0.6951315 -0.07919704 -0.7008352 -0.7085943 -0.08200114 -0.695607 -0.713617 -0.08295583 -0.7453338 -0.6627929 -0.071994 -0.6621896 -0.7231127 -0.1965024 -0.7184489 -0.6912021 -0.07791465 -0.6541541 -0.6750944 -0.3410716 -0.7536337 -0.653577 -0.06981033 -0.8166178 -0.5745423 -0.05510449 -0.7614576 -0.6446357 -0.06802284 -0.734721 -0.6708474 -0.1007413 -0.7445048 -0.6093539 -0.2727643 -0.7732172 -0.6282506 -0.08623492 0.1069779 0.02565544 -0.9939304 0.1202997 0.2408794 -0.9630707 -0.1097114 0.0256555 -0.9936323 -0.1114181 0.004243671 -0.9937646 -0.3213588 0.004242718 -0.946948 -0.1083648 0.518324 -0.8482908 -0.1085336 0.1483619 -0.9829595 -0.1065042 0.2413358 -0.9645797 -0.1085327 0.1483755 -0.9829575 -0.3178053 0.1483736 -0.9364748 -0.3213594 0.004251122 -0.9469478 -0.4528085 0.004273414 -0.8915976 -0.4963724 -0.2761784 -0.8230067 -0.3178053 0.1483339 -0.9364811 -0.2813196 0.6481471 -0.7076473 -0.3209185 -0.05242615 -0.9456547 -0.4477505 0.1491097 -0.8816381 -0.4392927 0.2425544 -0.8649793 -0.4477515 0.1491247 -0.8816351 -0.5465878 0.02537941 -0.8370171 -0.5406764 0.1488054 -0.8279649 -0.4197099 0.7014822 -0.5759915 -0.5406768 0.1487908 -0.8279674 -0.5305038 0.2420544 -0.8123888 -0.6401651 0.1490045 -0.7536486 -0.6525322 -0.3493723 -0.6724141 -0.6471831 0.02541673 -0.7619108 -0.6401648 0.1490221 -0.7536455 -0.6280894 0.2423792 -0.7394296 -0.7239402 0.148895 -0.6736029 -0.7319157 0.02249008 -0.6810238 -0.5431852 0.7100468 -0.4480886 -0.7103063 0.2421804 -0.6609188 -0.7239411 0.148879 -0.6736056 -0.7889068 -0.3551187 -0.5015144 -0.8114987 0.02249902 -0.583921 -0.8026477 0.1489631 -0.5775523 -0.7875259 0.2422598 -0.5666686 -0.8026521 0.1489386 -0.5775527 -0.8741934 0.02432346 -0.4849684 -0.6386194 0.7088793 -0.299425 -0.8646931 0.1489795 -0.4796988 -0.8483968 0.2422887 -0.4706582 -0.8646943 0.1489728 -0.4796987 -0.9305714 -0.05792063 -0.3614999 -0.9280826 0.02430713 -0.3715803 -0.9180114 0.1488769 -0.367547 -0.9007299 0.2421426 -0.360628 -0.9180095 0.1488878 -0.3675472 -0.9640731 0.1486531 -0.2201489 -0.9767042 0.02573192 -0.2130415 -0.9685044 0.1143997 -0.2211607 -0.9904626 -0.1217371 -0.06452947 -0.9947882 0.02579182 -0.09864711 -0.7356571 0.6628816 -0.1392716 -0.9459792 0.2417849 -0.2160176 -0.9839946 0.1491091 -0.09757673 -0.9640741 0.1486449 -0.2201496 -0.9992848 0.02580177 -0.02764284 -0.9839938 0.1491142 -0.09757596 -0.988439 0.149133 -0.02734279 -0.9654127 0.2425149 -0.0957334 -0.98844 0.1491267 -0.0273438 -0.7614012 0.6464289 0.04896885 -0.9697698 0.2425426 -0.02682733 -0.9966824 0.02575033 0.07720887 -0.9966824 0.02575063 0.07720881 -0.9859063 0.1488478 0.07637405 -0.9859076 0.1488387 0.07637482 -0.8490254 0.5242424 0.06577104 -0.9756433 0.02575111 0.2178461 -0.9348625 0.02575421 0.3540747 -0.9756433 0.02575302 0.2178459 -0.9650951 0.1488476 0.2154901 -0.9748379 0.04809242 0.2176656 -0.6786513 0.7002474 0.2215532 -0.9650963 0.1488382 0.2154911 -0.9348626 0.02575236 0.3540744 -0.9247564 0.1488382 0.3502468 -0.8939132 0.2937566 0.3385651 -0.9247564 0.1488378 0.3502467 -0.8751649 0.02575093 0.4831391 -0.8751645 0.0257411 0.4831402 -0.5945232 0.7094441 0.3784592 -0.8657022 0.1488512 0.4779152 -0.8588051 0.1940994 0.4741088 -0.8657036 0.1488373 0.4779171 -0.8053528 0.0257616 0.5922358 -0.7966306 0.1489719 0.5858217 -0.7965161 -0.06143003 0.6014886 -0.7816188 0.2422755 0.5747823 -0.7966308 0.1489709 0.5858217 -0.7072727 0.1308983 0.6947166 -0.7042095 0.02573603 0.7095257 -0.6197509 0.02577751 0.7843751 -0.5924596 -0.1177362 0.7969503 -0.5018974 0.6788554 0.5359612 -0.6922301 0.2418602 0.679942 -0.7054781 0.1487081 0.6929549 -0.7054774 0.1487192 0.6929532 -0.5623928 0.02580493 0.8264675 -0.6014572 0.2424921 0.7612139 -0.6130304 0.1491082 0.7758612 -0.61303 0.1490678 0.7758691 -0.5562891 0.1491303 0.8174978 -0.3762175 0.6221239 0.6866019 -0.5457741 0.2425935 0.8020469 -0.5562879 0.1491354 0.8174977 -0.3470333 0.02576643 0.9374988 -0.4765434 0.02576518 0.8787733 -0.4765421 0.02575075 0.8787745 -0.4713912 0.1488281 0.8692759 -0.3880008 0.5809703 0.7154921 -0.4713981 0.148778 0.8692808 -0.3470352 0.02575099 0.9374985 -0.343287 0.1487734 0.927373 -0.1787485 0.6911786 0.7002294 -0.3470241 0.0267831 0.9374737 -0.3432841 0.1487968 0.9273703 -0.0697084 0.02576005 0.9972348 -0.2105038 0.02575981 0.9772536 -0.2105028 0.02575105 0.977254 -0.1970029 0.353136 0.9145954 -0.2082255 0.1487949 0.9666966 -0.2082272 0.1488361 0.9666898 -0.06971466 0.02570825 0.9972357 9.80558e-4 0.7107251 0.7034692 -0.06897938 0.1467717 0.9867623 -0.06896054 0.1488772 0.9864482 -0.06895786 0.148836 0.9864546 0.07246357 -0.03581637 0.9967278 0.06416505 0.02572256 0.9976077 0.06227117 0.2422054 0.9682246 0.06346619 0.1489588 0.9868046 0.06347066 0.1489121 0.9868113 0.2041951 0.09517502 0.9742926 0.2132245 0.02577096 0.9766633 0.1807027 0.6911653 0.6997408 0.2028438 0.1487625 0.9678451 0.199034 0.2419344 0.9496595 0.2028461 0.1487388 0.9678483 0.3476673 -0.1093308 0.9312219 0.3260693 0.02580815 0.9449935 0.3225336 0.1490681 0.9347464 0.316453 0.2424013 0.9171145 0.3225352 0.1490959 0.9347414 0.4448695 0.2289473 0.8658373 0.4789916 0.02575439 0.8774417 0.5946804 -0.1177361 0.7952946 0.5646951 0.02580833 0.824896 0.3781315 0.6221192 0.685554 0.4519392 0.148528 0.8795968 0.4434689 0.2415884 0.8631166 0.4519338 0.1485735 0.8795918 0.6219339 0.02576172 0.7826458 0.5585647 0.1491503 0.8159409 0.5480146 0.2425644 0.8005264 0.5585671 0.1491407 0.8159412 0.6151852 0.1491107 0.7741532 0.6035784 0.2424646 0.7595421 0.503389 0.6788567 0.534559 0.61519 0.1490861 0.7741541 0.7061862 0.02572172 0.7075588 0.7994343 0.02575051 0.6002014 0.7061832 0.02575135 0.7075607 0.642993 0.4141327 0.6442471 0.6985462 0.1488662 0.6999087 0.6985532 0.1488224 0.6999109 0.7994344 0.02575212 0.6002013 0.7907935 0.1488265 0.5937139 0.5955695 0.7094514 0.3767969 0.7907935 0.1488269 0.5937138 0.7952204 0.1056912 0.5970376 0.8745825 0.02575945 0.484192 0.8651239 0.1488696 0.4789555 0.8767843 -0.005721926 0.4808498 0.8488351 0.2421548 0.4699361 0.8651224 0.1488861 0.4789532 0.9331161 0.05901914 0.3546985 0.9358461 0.02574509 0.3514672 0.6792681 0.7002454 0.2196614 0.9069553 0.2420271 0.3447537 0.9243389 0.1488038 0.3513616 0.9243376 0.1488116 0.3513617 0.9715849 0.02577841 0.235283 0.9720118 -0.09651291 0.2141924 0.9429262 0.2423834 0.2283429 0.9610534 0.1490359 0.2327327 0.9610537 0.149035 0.2327327 0.9763739 0.1949302 0.09325277 0.9968937 0.02575063 0.07443052 0.9992039 0.02580136 -0.03042817 0.9902791 -0.1217353 -0.06728941 0.7615358 0.6464276 0.04684627 0.9659521 0.2417126 0.09225744 0.9844174 0.1486017 0.09402108 0.9844175 0.1486003 0.09402102 0.9945095 0.02579122 -0.1014184 0.969691 0.2425436 -0.02952963 0.9883593 0.1491305 -0.03009814 0.9883592 0.1491317 -0.03009796 0.7352638 0.6628842 -0.1413212 0.9837189 0.1491086 -0.1003181 0.9837184 0.1491124 -0.1003175 0.9651423 0.2425143 -0.09842312 0.9761832 0.02572971 -0.2154164 0.9761833 0.02568703 -0.2154212 0.8999846 0.3880532 -0.1986014 0.9656407 0.1487632 -0.2130899 0.9656409 0.1487621 -0.21309 0.930743 0.02559733 -0.3647771 0.9307444 0.02568948 -0.3647669 0.6377797 0.7088823 -0.3012026 0.9247491 0.1161559 -0.3624182 0.9206919 0.1487596 -0.3608282 0.9206904 0.1487726 -0.3608266 0.7881169 -0.3533964 -0.503967 0.863353 0.1489809 -0.482106 0.87281 0.02563005 -0.4873869 0.847083 0.2422848 -0.4730205 0.8633534 0.1489792 -0.482106 0.8098103 0.02546918 -0.5861388 0.541944 0.7100345 -0.4496083 0.785943 0.2422561 -0.5688634 0.8010349 0.1489632 -0.579787 0.8010352 0.1489602 -0.5797875 0.6507866 -0.3483036 -0.6746565 0.7299623 0.02545934 -0.6830132 0.7084657 0.2421649 -0.6628971 0.7220596 0.1489032 -0.6756166 0.7220606 0.1488844 -0.6756197 0.6450573 0.02542072 -0.7637113 0.6380618 0.1490109 -0.755429 0.4181113 0.7014671 -0.5771714 0.6260271 0.2423613 -0.7411823 0.6380599 0.1490219 -0.7554284 0.5442528 0.02538448 -0.8385371 0.497237 -0.263541 -0.8266205 0.4501677 0.02521204 -0.8925881 0.4452747 0.1491383 -0.8828864 0.5282412 0.2420304 -0.8138689 0.538366 0.1488092 -0.8294684 0.5383659 0.148818 -0.8294669 0.4368719 0.2425295 -0.8662114 0.2793232 0.6482197 -0.7083712 0.4452831 0.1490979 -0.8828889 0.334752 0.02512168 -0.9419714 0.1204499 0.2359862 -0.9642626 0.3311413 0.1485708 -0.9318112 0.3148426 -0.1560336 -0.9362306 0.1203027 0.2408389 -0.9630804 0.3249278 0.2416868 -0.9143356 0.1225841 0.1480836 -0.9813483 0.3311359 0.1486225 -0.931805 0.1225849 0.1480705 -0.9813501 -0.83357 0.5524132 8.53169e-4 -0.8300135 0.5576708 0.008995831 -0.7608177 0.6489279 -0.007007598 -0.7972702 0.60063 -0.06003147 -0.7564759 0.6535069 0.02594149 -0.6351746 0.7674956 0.08662432 -0.5744647 0.8121525 0.1019737 -0.5583404 0.8253011 0.08446359 -0.5597887 0.8271035 0.05036175 -0.4709867 0.8670981 0.1622111 -0.6473107 0.7618674 -0.02338993 -0.7015079 0.7120259 -0.03009879 -0.6319364 0.773891 -0.04182291 -0.6916975 0.7095801 -0.1343526 -0.4148389 0.8865417 0.2048228 -0.5742374 0.8183078 0.02497571 -0.6371425 0.7585647 -0.1364879 -0.5235772 0.8513927 0.03158074 -0.5935991 0.8005915 -0.08181333 -0.5404265 0.8399245 0.0496602 -0.4538991 0.8889696 0.06089919 -0.5516239 0.8301549 -0.08095526 -0.5230078 0.8507407 -0.05199187 -0.4258134 0.901916 0.07232213 -0.5023752 0.8623794 0.06261616 -0.5111812 0.8579277 -0.05151623 -0.4936512 0.868741 -0.03997039 -0.3402523 0.8951501 0.2879836 -0.3541291 0.910055 0.2153892 -0.3595308 0.9250406 0.1226273 -0.4693235 0.8821716 -0.0388413 -0.4206179 0.9070098 0.02033644 -0.2630994 0.9075477 0.3273159 -0.5668569 0.7275671 -0.3864188 -0.6559898 0.7322286 -0.183081 -0.6918205 0.7093837 -0.1347566 -0.4971592 0.8451375 -0.1964058 -0.58843 0.7932826 -0.1563742 -0.4512374 0.8774976 -0.1624278 -0.5593628 0.8161127 -0.1451666 -0.5934408 0.7302962 -0.3383716 -0.5526212 0.7366035 -0.3899039 -0.5058887 0.7854706 -0.3565286 -0.5638793 0.7574946 -0.3290016 -0.4097069 0.8998876 -0.1494745 -0.4848029 0.87101 -0.07942283 -0.2411199 0.8826584 0.4034541 -0.2436074 0.9121318 0.3296529 -0.3168416 0.9211682 0.2259662 -0.3502831 0.9099637 0.2219634 -0.2963303 0.9462536 0.1295864 -0.2811105 0.947264 0.1538431 -0.3488648 0.9368408 0.02495241 -0.6176096 0.6165047 -0.4883447 -0.1908271 0.9469516 0.2585879 -0.2472745 0.9562585 0.156285 -0.2790272 0.9270336 0.2505046 -0.5897189 0.6466007 -0.4838793 -0.5251217 0.6714609 -0.5228646 -0.2969426 0.569478 -0.7664984 -0.4455877 0.5884819 -0.6746411 -0.4810585 0.8383491 -0.2564244 -0.5559738 0.6669465 -0.4960601 -0.4627234 0.8159416 -0.3465925 -0.2236661 0.9574362 0.1824541 -0.5671132 0.5364959 -0.6249439 -0.5816859 0.5438307 -0.6048882 -0.5892087 0.4697347 -0.6574058 -0.1789013 0.8945287 0.4096496 -0.1788078 0.8945976 0.4095398 -0.5858502 0.4762557 -0.6557133 -0.5018922 0.3728305 -0.7804498 -0.5713859 0.4202919 -0.7048921 -0.5010243 0.3732835 -0.7807908 -0.6172245 0.2571729 -0.7435697 -0.5485154 0.5604934 -0.6204659 -0.4286211 0.7895075 -0.4392744 -0.1977775 0.1396225 -0.9702523 -0.5281922 0.1839704 -0.8289559 -0.4882607 0.6602528 -0.5706731 -0.5544671 0.4903824 -0.6723774 -0.2939721 0.9527274 -0.07675254 -0.3205777 0.9443948 0.07313334 -0.5615975 0.4241178 -0.7104451 -0.5120787 0.5795519 -0.6339519 -0.05998969 0.8829935 0.4655359 -0.1268601 0.8773974 0.4626883 -0.07479238 0.8951755 0.4393938 -0.5313344 0.5024619 -0.6820673 -0.5625567 0.3545708 -0.7468665 -0.5775721 0.2682077 -0.7710221 -0.5558122 0.4159919 -0.7197385 -0.5630291 0.32103 -0.7615365 -0.2646145 0.9586226 0.1049845 -0.1709202 0.9820253 0.08007848 -0.1347145 0.9286403 0.3456577 -0.2110252 0.9601453 0.183274 -0.2045569 0.917585 0.3408727 -0.5842437 0.08081763 -0.8075443 -0.5781257 0.1754267 -0.7968664 -0.5791803 0.2113769 -0.7873183 -0.1553733 0.9457013 0.2854962 -0.2354263 0.9660442 0.1064566 -0.5769589 0.01038801 -0.8167071 -0.5814167 0.1030251 -0.8070566 -0.3331607 0.9038887 -0.268308 -0.2931005 0.9531115 -0.0753023 -0.1103307 0.9210878 0.3733958 -0.1423333 0.9475554 0.2861468 -0.1539497 0.9157604 0.3710557 -0.1857942 0.9797557 -0.07455968 -0.232173 0.9719268 -0.03813183 -0.123638 0.9398602 0.3183966 -0.2705 0.9297882 -0.2496473 -0.3515836 0.8198495 -0.4519245 -0.4257665 0.6862832 -0.5896934 -0.3208385 0.9144198 -0.2467773 -0.3141418 0.8454031 -0.4319823 -0.2819072 0.8546363 -0.4360337 -0.178758 0.9606863 -0.2124325 -0.3704245 0.7604258 -0.5334213 -0.4254174 0.6129805 -0.665789 -0.4518792 0.5312012 -0.7166802 -0.390681 0.6787313 -0.6218459 -0.08680915 0.9698812 0.2275843 -0.1562485 0.9616935 0.2252374 -0.2008383 0.9788981 -0.03771626 -0.2445102 0.8817511 -0.4033977 -0.3078107 0.7794654 -0.5456064 -0.1050583 0.9418726 0.3191218 -0.080733 0.9100168 0.4066346 -0.03592753 0.9124232 0.4076679 -0.4304528 0.5745063 -0.6961702 -0.4582704 0.4472297 -0.7680975 -0.4878008 0.2282175 -0.8425955 -0.4575453 0.4503762 -0.76669 -0.4723938 0.3444626 -0.8112888 -0.281727 0.807094 -0.5188729 -0.3329412 0.6957558 -0.6364542 -0.03697764 0.932653 0.3588746 -0.08905225 0.9295511 0.3577769 -0.03944879 0.9410798 0.3358756 -0.4915959 0.1117202 -0.8636273 -0.472815 0.3090804 -0.8251758 -0.3584603 0.5947694 -0.7195523 -0.3140652 0.722747 -0.6156297 -0.3818765 0.4686338 -0.7965882 -0.3436104 0.6202059 -0.7051784 -0.4848562 0.162236 -0.8594149 -0.3997437 0.3218802 -0.8582529 -0.3712391 0.4904878 -0.7884182 -0.4973296 0.2696447 -0.8245939 -0.4901995 0.03632569 -0.870853 -0.06601905 0.9622479 0.2640462 -0.3926476 0.3385003 -0.8551289 -0.4089953 0.1694267 -0.8966702 -0.212253 0.9540264 -0.2116181 -0.08499181 0.9906443 0.1067717 -0.1173883 0.9873884 0.1062272 -0.4045489 0.1799392 -0.8966394 -0.4099687 0.03690993 -0.9113525 -0.05948841 0.9868239 0.1504654 -0.219004 0.8874286 -0.4055956 -0.08988767 0.9943056 -0.05724179 -0.1211701 0.9909835 -0.05718088 -0.1028898 0.9462671 0.3065818 -0.01879537 0.9511984 0.308007 -0.05468398 0.9629036 0.2642468 -0.2410762 0.8166041 -0.5244424 -0.1484447 0.9530913 -0.2637826 -0.2631407 0.7347325 -0.6252401 -0.1859881 0.8963838 -0.4023736 -0.2203168 0.8219297 -0.5252543 -0.2859867 0.6331304 -0.7192756 -0.3072835 0.5029352 -0.807857 -0.2531858 0.7216285 -0.6443209 -0.05864691 0.9982294 -0.009931683 -0.127129 0.9559543 -0.2645554 -0.2851415 0.5842868 -0.7598048 -0.3237333 0.3483945 -0.8796693 -0.3108769 0.4138218 -0.8556326 -0.3323288 0.1855499 -0.9247317 -0.1001987 0.9704639 -0.2194541 -0.1476817 0.9022827 -0.405063 -0.05028825 0.9861643 0.1579594 -0.02885156 0.9788901 0.2023406 -0.04823327 0.987421 0.1505765 -0.06976866 0.9768955 0.202009 -0.3260945 0.2284208 -0.9173256 -0.3052706 0.3124675 -0.8995409 -0.3290656 0.181004 -0.9267974 -0.1689498 0.8304543 -0.53085 -0.127741 0.9223557 -0.3646124 -0.1916293 0.731956 -0.653849 -0.1536132 0.85442 -0.4963562 -0.2136674 0.5952297 -0.7746275 -0.1789676 0.7582041 -0.6269747 -0.2314038 0.423113 -0.8760295 -0.2042207 0.6209879 -0.7567482 -0.2249895 0.4448758 -0.8668709 -0.2414026 0.2338029 -0.9418391 -0.2433837 0.06550717 -0.9677154 -0.2374711 0.2484569 -0.9390829 -0.04559934 0.9989104 -0.009934365 -0.02752971 0.9913107 -0.1286282 -0.07100421 0.9963948 0.04643237 -0.086326 0.9717243 -0.2197718 -0.01422888 0.9988224 0.04638361 -0.03406226 0.95881 -0.2819982 -0.06442725 0.984271 -0.1644981 -0.02566665 0.9859669 -0.1649557 -0.0411185 0.9036911 -0.4262062 -0.09428805 0.9257852 -0.3661032 -0.09237563 0.9446786 -0.3147205 -0.03351014 0.9481035 -0.3161913 -0.0489906 0.8169075 -0.5746843 -0.1100205 0.8841228 -0.4541172 -0.1126942 0.8590744 -0.4992908 -0.0410878 0.8885833 -0.4568716 -0.05705314 0.6829226 -0.7282594 -0.04871857 0.798399 -0.6001546 -0.1308313 0.763842 -0.6320036 -0.1530296 0.6266134 -0.7641581 -0.129383 0.7929446 -0.5953981 -0.06391376 0.4996845 -0.8638464 -0.05653643 0.6629844 -0.7464954 -0.1447884 0.6575134 -0.7394001 -0.06806576 0.285461 -0.9559702 -0.1640293 0.449966 -0.8778526 -0.175545 0.251245 -0.9518718 -0.06314218 0.4815204 -0.8741574 -0.1651456 0.4765377 -0.8635038 -0.06920892 0.0542702 -0.9961249 -0.1023516 0.3951459 -0.9128986 -0.1773151 0.06537353 -0.9819805 -0.06719899 0.2725955 -0.9597792 -0.1722169 0.2699698 -0.9473425 0.01665425 0.9561899 -0.2922729 0.02524864 0.8175802 -0.575261 0.02019983 0.9042385 -0.4265499 0.0654208 0.898183 -0.434727 0.06481254 0.8850954 -0.4608747 0.02167528 0.8998627 -0.4356344 0.03108936 0.6836447 -0.7291525 0.07908672 0.7978074 -0.5977028 0.07752573 0.7817279 -0.6187824 0.09190762 0.641707 -0.7614231 0.02260351 0.800025 -0.5995407 0.02896571 0.6610909 -0.7497466 0.08840334 0.6589163 -0.7470034 0.03182291 0.5003967 -0.8652113 0.03269743 0.4949629 -0.8682986 0.09848356 0.4776033 -0.8730384 0.09987527 0.4929692 -0.8642953 0.03512144 0.05435919 -0.9979036 0.03400862 0.28592 -0.9576498 0.1008465 0.3821838 -0.9185671 0.1046075 0.2700429 -0.9571489 0.03464484 0.2820593 -0.9587712 0.1060404 0.2809504 -0.953846 0.8297031 0.5581592 0.007151365 0.8334146 0.5526468 -0.001362919 0.7649061 0.6415224 -0.05803197 0.7551707 0.6550788 0.02426856 0.7961966 0.6017822 -0.06268256 0.690922 0.7211343 -0.05091458 0.6022388 0.7913376 0.1053246 0.5448437 0.8299972 0.1193732 0.5230337 0.8449334 0.1119074 0.5149734 0.8521339 0.09311437 0.51338 0.8538935 0.0854808 0.513527 0.8537331 0.08619719 0.6166081 0.7872691 -0.001384854 0.5727792 0.8196985 0.004268229 0.6510696 0.7510577 -0.1096395 0.5773662 0.8162398 0.02001893 0.5018942 0.8644157 0.02979528 0.5828248 0.8079262 -0.08700901 0.5907134 0.799372 -0.1098277 0.5430501 0.8384899 0.04506993 0.4539785 0.8892045 0.05673539 0.3558897 0.897904 0.2590579 0.545522 0.8336484 -0.08623301 0.533825 0.84364 -0.05746626 0.4250239 0.9025611 0.06883502 0.5317342 0.8451282 0.05492794 0.4736632 0.8784487 0.06301522 0.4182868 0.9056178 0.06994682 0.5040762 0.8618243 -0.05626797 0.5036392 0.8627544 -0.04474967 0.4898799 0.8706734 -0.0441069 0.4966998 0.8668041 -0.04404604 0.3130588 0.9091992 0.2745014 0.3091499 0.9129605 0.2663256 0.5683051 0.7273309 -0.3847326 0.6373658 0.7472115 -0.1882545 0.6802722 0.7133029 -0.1686083 0.4988824 0.8434671 -0.199197 0.5899263 0.7916274 -0.1591008 0.452427 0.8764144 -0.1649472 0.5600006 0.8153208 -0.147144 0.4362267 0.8871189 -0.1507527 0.5532725 0.8199337 -0.1469643 0.3577213 0.9169391 0.1767994 0.2865142 0.9400472 0.1849893 0.4283668 0.9026843 -0.04077976 0.4896034 0.8590989 -0.1491232 0.3498778 0.9320287 0.09438276 0.5922652 0.7316878 -0.3374239 0.5553692 0.7356141 -0.387862 0.5081921 0.784906 -0.3544905 0.5555895 0.763861 -0.328385 0.5617188 0.7598827 -0.3271855 0.4909422 0.8025116 -0.3390441 0.2122395 0.9486904 0.2343949 0.2919527 0.9513169 0.09879219 0.2063472 0.8884255 0.4100255 0.2538843 0.9550049 0.1533246 0.5986039 0.6302325 -0.4944495 0.6193804 0.6166314 -0.4859361 0.5121653 0.6932491 -0.5070429 0.5845429 0.6518846 -0.4830694 0.5060472 0.6968631 -0.5082305 0.3398532 0.5849677 -0.7364188 0.4264057 0.5931431 -0.6829051 0.580931 0.5428169 -0.6065219 0.5784886 0.5001884 -0.6443311 0.5667125 0.5344103 -0.6270906 0.1796771 0.8919082 0.4149891 0.1771946 0.8934664 0.4126983 0.553432 0.5567304 -0.6194872 0.5748842 0.546489 -0.6089811 0.5884153 0.4736786 -0.6552832 0.580495 0.4773775 -0.6596486 0.5675222 0.4837921 -0.6662309 0.4915946 0.802155 -0.3389427 0.2672412 0.9635381 0.01328855 0.4998962 0.3902329 -0.7731896 0.5616425 0.4228625 -0.7111574 0.5874612 0.413021 -0.6959187 0.578908 0.4160354 -0.7012704 0.5778058 0.3401183 -0.7419299 0.5975407 0.3333923 -0.7292426 0.5890617 0.3367147 -0.7345948 0.5926507 0.2543173 -0.7642564 0.6036291 0.2513466 -0.7566087 0.598434 0.2531366 -0.7601307 -0.0167734 0.1396553 -0.9900581 0.4463728 0.1953732 -0.8732586 0.6085921 0.1007422 -0.7870621 0.6082497 0.1693328 -0.7754732 0.6035688 0.1699877 -0.7789794 0.3028423 0.9410598 -0.1506412 0.5203092 0.6894018 -0.5039876 0.132023 0.8782971 0.459526 0.2991495 0.951374 0.07346373 0.2200682 0.9753656 0.01522773 0.2415199 0.9089455 0.3398326 0.1868941 0.9534784 0.2365362 0.25202 0.96474 0.07591271 0.1621574 0.9438058 0.2879853 0.2176321 0.9635111 0.1558284 0.2689271 0.9604593 -0.07208466 0.2470625 0.9571521 -0.1510632 0.33798 0.8829092 -0.3259462 0.3194066 0.8892083 -0.3275483 0.09464627 0.8741633 0.4763198 0.03339231 0.8776039 0.4782221 0.06773918 0.8957065 0.4394558 0.08497637 0.8828164 0.4619678 0.4905451 0.5857941 -0.645144 0.5171449 0.5050557 -0.6909992 0.4227637 0.7633218 -0.4884778 0.4335287 0.6894873 -0.5802243 0.1174507 0.9297112 0.3490593 0.1943681 0.9098103 0.3666966 0.5154531 0.4402821 -0.7351596 0.5339929 0.354366 -0.7676434 0.4731836 0.6004721 -0.6446166 0.129144 0.9397494 0.3165327 0.1336676 0.9478094 0.2894656 0.4911996 0.4969197 -0.7153977 0.5206581 0.379641 -0.7647143 0.5350342 0.2690906 -0.8008301 0.5448648 0.1808237 -0.8187949 0.2137509 0.9451472 -0.2469964 0.5305071 0.2655378 -0.8050167 0.4961958 0.270826 -0.8248897 0.542322 0.004077434 -0.8401608 0.5436548 0.1352548 -0.828339 0.5433937 0.1136322 -0.8317518 0.3221412 0.7990509 -0.5076836 0.3660697 0.7131546 -0.5978323 0.3094897 0.846455 -0.4332781 0.3242356 0.7744417 -0.5432415 0.3779529 0.6326515 -0.6759465 0.3659778 0.6858724 -0.6289986 0.1504852 0.9045545 0.3989179 0.09168428 0.9233421 0.3728719 0.09633761 0.9106731 0.4017382 0.4023151 0.5236905 -0.7509266 0.4289089 0.4030091 -0.8084682 0.3975886 0.5720398 -0.7174216 0.1030777 0.9425969 0.3176258 0.09747093 0.9307712 0.35237 0.2184294 0.9732255 -0.07155883 0.08504718 0.9688125 0.2327429 0.4155682 0.4469004 -0.7922013 0.4373956 0.2828165 -0.8536393 0.4494649 0.1447238 -0.8814966 0.4382278 0.3150803 -0.8418318 0.4495339 0.0159431 -0.893121 0.4443667 0.1660394 -0.8803234 0.1433076 0.954541 0.2613702 0.07656329 0.9694654 0.2329697 0.08510524 0.9895597 0.1163131 0.2334842 0.9406356 -0.2463527 0.02312862 0.9064822 0.4216101 0.05137473 0.9055365 0.4211464 0.02263158 0.9415992 0.3359744 0.06074649 0.9334822 0.3534415 0.02040529 0.9266486 0.3753744 0.059565 0.9252014 0.3747726 0.07211172 0.990565 0.116537 0.1021446 0.9829698 0.1527634 0.05662888 0.9628452 0.2640497 0.1073126 0.9472718 0.3019275 0.2372898 0.8654236 -0.4412884 0.08663672 0.9952223 -0.04501682 0.2576191 0.7916975 -0.553938 0.1494671 0.9546845 -0.2573658 0.1884772 0.8984709 -0.3965178 0.2698134 0.7106182 -0.6497864 0.3021443 0.5951718 -0.7446337 0.2326476 0.8225343 -0.5189532 0.06740504 0.9967121 -0.04496067 0.10747 0.9941963 -0.004891097 0.2613805 0.7108442 -0.6529784 0.07243484 0.9771497 0.1998291 0.05099052 0.986817 0.1535978 0.3000591 0.5691106 -0.7655571 0.3152445 0.4670599 -0.826121 0.1081385 0.9599019 -0.2586395 0.1131568 0.9690407 -0.2194437 0.3232735 0.4147915 -0.8505541 0.3288751 0.331668 -0.8842158 0.046777 0.9786453 0.2001628 0.01023483 0.9446721 0.3278566 0.06515485 0.9427196 0.3271613 0.03133964 0.9522834 0.3036021 0.1335621 0.9066969 -0.4000774 0.1345266 0.9213897 -0.3646144 0.3068938 0.2701642 -0.9125939 0.3379209 0.2293682 -0.9127977 0.3417087 0.01651805 -0.9396608 0.3376155 0.1747301 -0.9249244 0.1572434 0.8352036 -0.5269815 0.156794 0.8538073 -0.496416 0.1821779 0.7240108 -0.6652966 0.1840655 0.744726 -0.641485 0.2054836 0.5835839 -0.7856248 0.205964 0.604308 -0.7696691 0.2212427 0.4269585 -0.8767886 0.2235016 0.4447625 -0.8673139 0.04562073 0.9989477 -0.004717111 0.07494723 0.9961256 0.04600727 0.2373143 0.04238253 -0.9705079 0.2320751 0.236245 -0.9435727 0.2346118 0.2484717 -0.9397974 0.06768321 0.985175 0.1576366 0.01518017 0.9733684 0.2287432 0.04745566 0.9978094 0.0460897 0.02281326 0.973228 0.2287071 0.07624179 0.9724699 -0.2202032 0.07835501 0.9823325 -0.1699509 0.09493553 0.942658 -0.3199734 0.09584611 0.925545 -0.3663057 0.1144139 0.8587713 -0.499421 0.1125772 0.8813998 -0.4587602 0.1342907 0.7506849 -0.6468681 0.1346518 0.7771063 -0.6147965 0.1527838 0.6371231 -0.7554676 0.1531943 0.6100437 -0.7774177 0.1661472 0.4496248 -0.8776289 0.1675525 0.4735456 -0.8646854 0.0189684 0.9968391 0.07714974 0.006773531 0.9969956 0.07716143 0.09958702 0.3660234 -0.9252617 0.1796127 0.0422737 -0.9828287 0.1751732 0.2511626 -0.951962 0.1771167 0.2677887 -0.947058 0.01791131 0.9591932 -0.2821834 0.01230573 0.9916044 -0.1287218 0.04109078 0.9845196 -0.1703904 0.05789333 0.9453149 -0.3209797 0.01517772 0.9901239 -0.1393705 0.04476845 0.9892491 -0.1392198 0.04997462 0.9551419 -0.2919016 0.8190782 -0.03980731 -0.5722991 0.8972685 0.02667981 -0.4406784 0.8978492 0.003506481 -0.4402892 0.9441421 0.003784298 -0.329517 0.9534178 -0.08775973 -0.2886048 0.9443281 -0.01185494 -0.3287916 0.9795567 -0.1507737 -0.1331761 0.9576816 -0.1528103 -0.2439155 0.9641951 -0.09010845 -0.2494158 0.8818406 -0.03348648 -0.4703571 0.8810155 -0.05856806 -0.4694481 0.8776549 -0.02115833 -0.4788259 0.8771655 -0.04283678 -0.4782736 0.9547543 -0.118767 -0.272651 0.874042 -0.0636084 -0.4816685 0.8735486 -0.07235139 -0.4813296 0.9295204 -0.04198765 -0.3663725 0.9578382 -0.07974869 -0.2760183 0.9282628 -0.07422375 -0.3644434 0.9482249 -0.1003775 -0.3013203 0.9497513 -0.07864141 -0.3029655 0.9209763 -0.07588994 -0.3821561 0.9202834 -0.06128519 -0.3864226 0.9201346 -0.06417059 -0.3863089 0.9209068 -0.07701987 -0.3820977 0.9300523 0.04623794 -0.3645064 0.9190585 -0.0708186 -0.3877065 0.9189657 -0.07230198 -0.3876525 0.9457749 -0.08827394 -0.3125979 0.7118813 0.6707236 -0.2082185 0.9465404 -0.07724362 -0.3132007 0.9384918 0.3124656 -0.146964 0.9464877 -0.07100021 -0.3148332 0.9458885 -0.08014225 -0.3144392 0.9194166 0.1098725 -0.3776257 0.8876143 -0.227223 -0.4006376 0.6650288 0.6945811 -0.274397 0.9666085 -0.1990225 -0.161425 0.9738493 -0.1198654 -0.1930022 0.8904129 0.3254198 -0.3182246 0.9466448 -0.06605833 -0.3154364 0.6088437 -0.7817893 -0.1345916 0.9462706 -0.07207477 -0.3152414 0.9722256 -0.1343784 -0.191624 0.9727994 -0.1023138 -0.20783 0.9754989 0.07933068 -0.2052035 0.8999568 -0.151957 -0.4086404 0.9758173 -0.04353159 -0.214209 0.9727471 -0.1029044 -0.2077828 0.9728841 -0.08891111 -0.2135215 0.7153254 0.001811206 0.6987891 0.7747316 0.3117739 -0.5500799 0.7186352 0.001146137 0.6953863 0.9735202 -0.07869088 -0.2146302 0.9715903 0.1046984 -0.2122508 0.715364 0.00180298 0.6987497 0.9258052 0.1356803 -0.352811 0.9733809 -0.08235573 -0.2138859 0.9748005 -0.05906796 -0.215116 0.5968852 0.587915 -0.5459708 0.9741305 -0.06896746 -0.2152052 0.6803746 0.3858703 -0.6230526 0.7324952 -4.35144e-4 0.6807721 0.9740844 -0.07032531 -0.2149745 0.9745803 -0.06158983 -0.2154063 0.7999297 0.1747328 -0.5740914 0.925908 0.1348141 -0.3528733 0.8490139 0.3511735 -0.3947815 0.6992609 0.1750247 -0.6931093 0.7078791 0.08307892 -0.7014309 0.9736391 -0.1221819 -0.1926097 0.9795741 -0.04507595 -0.1959664 0.6980852 0.004060447 -0.7160034 0.6935584 -0.04494297 -0.7189972 0.6980005 0.01610904 -0.715916 0.9698272 -0.1426476 -0.1977043 0.9432143 -0.009768307 -0.3320413 0.9788573 -0.02571493 -0.2029209 0.8226904 0.2952674 -0.485796 0.9008468 0.1031026 -0.4217167 0.890528 -0.4412423 -0.110748 0.9768149 -0.122049 -0.1758881 0.9743052 -0.1425601 -0.1743732 0.9753842 -0.1760618 -0.1327701 0.9680746 -0.1781692 -0.1763161 0.9134927 0.1417427 -0.381366 0.9431814 0.004204154 -0.3322519 0.9190887 0.09494906 -0.3824406 0.8169644 0.1708847 -0.5507882 0.8613355 0.03493553 -0.506834 0.817203 0.07127213 -0.5719262 0.8299586 -0.01615208 -0.5575913 0.9510027 -0.1159731 -0.2866082 0.976258 -0.1191425 -0.1809012 0.8249644 0.202846 -0.5275294 0.8134779 -0.04956108 -0.5794803 0.8143183 0.008340239 -0.5803586 0.108816 -0.9522538 0.2852574 0.1559003 -0.9466749 0.2819606 0.2257715 -0.9085056 0.3516318 0.1864596 -0.8957637 0.4035348 -0.06691658 -0.8151792 0.5753304 7.75741e-4 -0.8310163 0.5562475 0.03155398 -0.9521015 0.3041497 0.4910892 -0.8599469 0.1390061 0.5047206 -0.860375 0.07079482 0.1217951 -0.9004206 0.4176226 0.09670376 -0.8921003 0.4413676 0.07602804 -0.9483579 0.3079565 -0.1789073 -0.8193266 0.5446982 -0.1255512 -0.8330211 0.5388069 -0.09547239 -0.8921006 0.4416351 4.40277e-4 -0.948726 0.3160995 -0.278426 -0.8276856 0.487253 -0.2437608 -0.8372519 0.4894793 -0.4222783 -0.8504939 0.3135942 -0.3594856 -0.8396416 0.4071513 -0.3465203 -0.8434711 0.4104634 -0.1241346 -0.9517313 0.2807102 -0.1206297 -0.9004209 0.4179603 -0.1853348 -0.8957638 0.4040524 -0.474826 -0.8602294 0.1858645 -0.3575773 -0.9174143 0.1746125 -0.4665541 -0.8592307 0.2098806 -0.3136764 -0.9132705 0.2598928 -0.4546723 -0.8736197 0.1733828 -0.4205577 -0.8551478 0.303073 -0.2686072 -0.9329934 0.2395277 -0.1909045 -0.9517921 0.2400985 -0.2985566 -0.9166142 0.2658615 -0.1551018 -0.9466804 0.2823817 -0.2576673 -0.9046898 0.3393289 -0.2247907 -0.9085055 0.3522598 0.09309011 -0.8923255 0.4416894 6.98066e-4 -0.8657071 0.5005504 -0.06817352 -0.8935081 0.4438418 5.56163e-4 -0.9168251 0.3992887 -0.04611617 -0.9619047 0.2694672 0.001305401 -0.9486469 0.3163345 -0.09270316 -0.9318653 0.3507607 -0.1449535 -0.9521927 0.2689195 -0.5232067 -0.8467161 0.09657472 0.3450819 -0.9205694 0.1829495 0.4591633 -0.8703964 0.177705 0.4652797 -0.8556855 0.226533 0.454395 -0.873447 0.1749728 0.4189221 -0.8456991 0.3306016 0.4170035 -0.8579035 0.3001825 0.3139429 -0.9134806 0.2588299 0.262147 -0.8296574 0.4928972 0.3476984 -0.8387318 0.419088 0.3485912 -0.8427346 0.4102226 0.177379 -0.9520865 0.2491344 0.2505099 -0.9400296 0.2314931 0.258612 -0.9046898 0.3386092 0.2983778 -0.9164127 0.2667555 0.1618736 -0.8204941 0.5482575 0.2476715 -0.8343524 0.4924581 0.04939734 -0.8156111 0.5764881 0.1277504 -0.831483 0.5406625 -0.9789006 -0.1460627 0.1428962 -0.978476 -0.188131 -0.08480292 -0.9863522 -0.1646367 -0.002025604 0.9782359 -0.1881311 -0.0875293 -0.988129 -0.133198 0.07654625 -0.9892168 -0.1457698 0.01418703 -0.9935969 -0.09260082 -0.06473368 0.9876209 -0.1528878 0.03507757 0.9934125 -0.09260129 -0.06750231 0.9867677 -0.1590601 0.03145581 0.987294 -0.1407714 0.07371383 0.9527156 -0.1540056 0.2619449 0.9675467 -0.1356306 0.2132084 0.868649 -0.1431018 0.474311 0.928623 -0.126609 0.3487544 0.8679138 -0.1419999 0.475985 0.7364435 -0.1468536 0.6603673 0.7938393 -0.1208394 0.5960009 0.701152 -0.1218675 0.7025199 0.5667294 -0.1417843 0.8116126 0.5941146 -0.1254486 0.794538 0.3657792 -0.1383311 0.9203641 0.4761698 -0.111368 0.8722726 0.3469896 -0.125703 0.9294068 0.1469279 -0.1420267 0.9788976 0.2119149 -0.1135863 0.9706649 0.07206302 -0.1108733 0.9912185 -0.08127111 -0.13514 0.9874878 -0.06916457 -0.1272565 0.9894554 -0.3027154 -0.1410121 0.9425917 -0.2093096 -0.1094055 0.9717098 -0.3446779 -0.1190938 0.9311357 -0.473264 -0.1198776 0.8727259 -0.5100191 -0.1425992 0.8482606 -0.5927075 -0.1141787 0.7972836 -0.6910303 -0.1397843 0.7091808 -0.6980248 -0.134679 0.7032944 -0.7921566 -0.1210317 0.5981965 -0.833587 -0.1494453 0.5317883 -0.8683774 -0.126896 0.4793934 -0.9263183 -0.1372833 0.3508386 -0.93326 -0.1501852 0.3262979 -0.9677668 -0.1293588 0.2160872 -0.9776322 -0.002111077 -0.2103109 -0.9778564 -0.002257168 -0.2092648 -0.6962044 -0.02474039 -0.7174171 -0.6893335 0.1627396 -0.7059286 -0.6986337 0.003528416 -0.7154708 -0.7090374 0.01379382 -0.705036 -0.783082 0.009095609 -0.621852 -0.7759959 -0.04637748 -0.6290307 -0.776728 0.007720887 -0.6297889 -0.9494872 -0.01205229 -0.3135744 -0.9489988 0.02333426 -0.314415 -0.9386575 0.02834081 -0.3436843 -0.8556459 0.3487064 -0.3824577 -0.6382717 -0.7660432 -0.07607305 -0.979066 -0.07252776 -0.1901829 -0.9667355 -0.1776719 -0.1839974 -0.9799593 -0.04433315 -0.1942019 -0.9759101 -0.1751637 -0.130066 -0.9326705 0.00900489 -0.3606171 -0.9132956 0.01563292 -0.4069973 -0.836849 0.2882201 -0.465417 -0.9328921 -0.007846355 -0.3600706 -0.9110314 0.01639372 -0.4120109 -0.8757773 -0.02376234 -0.4821302 -0.8385109 0.160965 -0.5205668 -0.9610561 -0.016752 -0.2758451 -0.9701799 -0.1525487 -0.1883605 -0.979857 -0.1512233 -0.1304296 -0.8816744 0.4322167 0.1893118 -0.7997202 0.009473323 0.6002981 -0.8717216 0.4485023 0.19735 -0.9111838 -0.03966361 -0.4100865 -0.9000316 -0.02801388 -0.4349235 -0.849697 -0.05231237 -0.5246697 -0.9717291 0.1799931 -0.1527907 -0.7967578 0.6008421 -0.06454426 -0.8992093 -0.05582273 -0.433943 -0.8410779 0.06116151 -0.5374452 -0.9612554 0.1998683 -0.1898442 -0.8437253 0.02103656 -0.536363 -0.8416798 -0.05990725 -0.5366435 -0.9643051 0.1900435 -0.1843888 -0.8386685 -0.04864388 -0.5424657 -0.8634525 0.4758921 -0.1672617 -0.8395203 0.003148972 -0.5433192 -0.92376 0.3001382 -0.2378748 -0.8961958 -0.06061965 -0.4394978 0.5390369 0.1328862 -0.8317334 -0.9556644 -0.1192296 -0.2692396 -0.8533565 0.0167877 0.5210574 -0.8540666 0.001902937 0.5201602 0.5371014 0.05686408 -0.8415989 -0.9503323 0.001416444 -0.3112341 -0.8886138 0.3402239 -0.3075926 -0.8943595 -0.07094681 -0.4416871 -0.8949082 -0.06114071 -0.4420419 -0.896027 -0.06397271 -0.4393669 -0.9298866 -0.06943267 -0.3612339 -0.9404971 0.2935529 -0.1711493 -0.9380313 -0.009687185 -0.3464151 -0.8829488 0.3389244 -0.3248563 -0.9471948 -0.1000047 -0.3046656 -0.932267 -0.04355239 -0.3591399 -0.6394756 0.7213861 -0.2658441 -0.8913796 0.330919 -0.3097338 -0.9356537 -0.08746725 -0.3419089 -0.8837605 0.3363618 -0.3253122 -0.9304763 -0.06275534 -0.3609372 -0.9304926 -0.07998031 -0.3574727 -0.8439481 0.3550649 -0.4020953 -0.887026 -0.2275521 -0.4017525 -0.9672393 -0.1988866 -0.1577728 -0.9773388 -0.0188964 -0.2108361 -0.974339 -0.1202902 -0.1902468 -0.9299142 -0.06557762 -0.361883 -0.9299966 -0.06413137 -0.3619303 -0.9298996 -0.07282483 -0.3605319 -0.8994638 -0.1515921 -0.4098593 -0.973337 -0.1020789 -0.205414 -0.9773182 -0.019598 -0.2108675 -0.9728204 -0.1338388 -0.1889646 -0.7133084 0.001822054 0.700848 -0.9734949 -0.08839631 -0.2109355 -0.9784411 -0.01942199 -0.205611 -0.9733659 -0.101752 -0.2054398 -0.7166914 0.001148581 0.6973896 -0.7132989 0.00182414 0.7008575 -0.5838089 0.7075942 -0.3980926 -0.9741661 -0.07787537 -0.2119808 -0.8618799 0.282418 -0.4211924 -0.9740446 -0.081097 -0.2113301 -0.9753242 -0.05902731 -0.2127405 -0.9753158 -0.059125 -0.2127516 -0.9747669 -0.06834167 -0.2125062 -0.7284614 -1.75024e-4 0.6850869 -0.9747192 -0.06963026 -0.2123066 -0.9776975 -0.0197848 -0.2090845 -0.9777427 -0.04338157 -0.2052735 -0.8667868 0.2747287 -0.4161789 -0.8019473 0.3069822 -0.5124866 -0.5987259 0.5805637 -0.5517908 -0.7982488 0.1750443 -0.5763317 -0.830143 0.1677786 -0.5317075 -0.7851232 0.1729234 -0.5947093 -0.7326694 0.07669007 -0.6762502 -0.6591069 0.3675168 -0.6561322 -0.7954562 0.07020467 -0.6019309 -0.7811112 0.06849837 -0.6206232 -0.8850092 0.3375908 -0.3206105 0 1 0 0 1 0 0 1 0 0 1 0 0 1 0 0 1 0 0 1 0 0 1 0 0 1 0 0 1 0 0 1 0 0 1 0 0 1 0 0 1 0 0 1 0 0 1 0 0 1 0 0 1 0 0 1 0 0 1 0 0 1 0 0 1 0 0 1 0 0 1 0 0 1 0 0 1 0 0 1 0 0 1 0 0 1 0 0 1 0 0 1 0 0 1 0 0 1 0 0 1 0 0 1 0 0 1 0 0 1 0 0 1 0 0 1 0 0 1 0 0 1 0 0 1 0 0 1 0 0 1 0 0 1 0 0 1 0 0 1 0 0 1 0 0 1 0 0 1 0 0 1 0 0 1 0 0 1 0 0 1 0 0 1 0 0 1 0 0 1 0 0 1 0 0 1 0 0 1 0 0 1 0 0 1 0 0 1 0 0 1 0 0 1 0 0 1 0 0 1 0 0 1 0 0 1 0 0 1 0 0 1 0 0 1 0 0 1 0 0.9825476 0 0.1860117 0.9825476 0 0.1860117 0.9054195 0 0.424518 0.9054195 0 0.424518 0.7714004 0 0.6363502 -0.1239477 0 0.9922887 -0.1239477 0 0.9922887 0.7714004 0 0.6363502 0.588912 0 0.8081972 -0.366828 0 0.9302887 0.588912 0 0.8081972 -0.366828 0 0.9302887 0.3694199 0 0.9292626 0.3694199 0 0.9292626 -0.5866575 0 0.8098352 0.1267154 0 0.9919391 -0.7696239 0 0.6384974 -0.5866575 0 0.8098352 0.1267154 0 0.9919391 -0.9042328 0 0.4270399 -0.7696239 0 0.6384974 -0.9042328 0 0.4270399 -0.9820252 0 0.18875 -0.9820252 0 0.18875 -0.9981133 0 -0.06139928 -0.9514864 0 -0.3076909 -0.9981133 0 -0.06139928 -0.9514864 0 -0.3076909 -0.8450736 0 -0.53465 -0.8450736 0 -0.53465 -0.6855634 0 -0.7280129 -0.4829741 0 -0.8756347 -0.6855634 0 -0.7280129 -0.2500401 0 -0.9682355 -0.4829741 0 -0.8756347 -0.2500401 0 -0.9682355 -0.001393377 0 -0.9999991 -0.001393377 0 -0.9999991 0.247339 0 -0.9689291 0.247339 0 -0.9689291 0.4805337 0 -0.8769763 0.4805337 0 -0.8769763 0.6835296 0 -0.7299228 0.6835296 0 -0.7299228 0.8435806 0 -0.5370026 0.8435806 0 -0.5370026 0.950625 0 -0.310342 0.950625 0 -0.310342 0.9979382 0 -0.06418138 0.9979382 0 -0.06418138 -0.001393437 -2.33093e-7 -0.999999 -0.001393973 3.19182e-7 -0.9999991 -0.001393795 0 -0.9999991 0.002169966 0.003656148 -0.9999909 -0.001679182 -3.03042e-4 -0.9999986 -0.001393795 0 -0.999999 -0.001393556 0 -0.999999 -0.001391291 -2.43013e-6 -0.9999991 -0.001393556 0 -0.999999 -0.001393556 0 -0.999999 -0.001393675 0 -0.999999 -0.001393616 0 -0.999999 -0.001393556 0 -0.999999 -0.001393377 0 -0.999999 -0.001393854 -1.93177e-7 -0.999999 -0.001393795 -1.41835e-7 -0.9999991 -0.001393914 -3.51072e-7 -0.999999 -0.001393735 0 -0.999999 -0.001393437 1.56286e-7 -0.999999 -0.001393556 0 -0.9999991 -0.001393616 -1.77759e-7 -0.999999 -0.001393735 -2.43672e-7 -0.999999 -0.001393556 4.17068e-7 -0.9999991 -0.001393556 3.09189e-7 -0.999999 -0.001393675 0 -0.999999 -0.001393854 0 -0.9999991 -0.001393675 0 -0.9999991 -0.001393556 -4.14758e-7 -0.9999991 -0.001393675 1.24356e-7 -0.999999 -0.001393198 0 -0.9999991 -0.001393556 -2.66937e-7 -0.999999 -0.001393377 -1.66125e-7 -0.9999991 -0.001393973 1.43703e-7 -0.9999991 -0.001393675 1.74685e-7 -0.999999 -0.001393556 0 -0.9999991 -0.001393556 0 -0.999999 -0.001393556 0 -0.999999 -0.001393735 0 -0.9999991 -0.001393795 0 -0.999999 -0.001320362 -0.0213831 0.9997705 -0.1528822 -0.7732937 -0.6153404 -0.02257353 -0.05848467 0.9980331 -0.2478507 -0.7266775 0.6407104 -0.3515762 -0.7056772 -0.6151536 -0.3257332 -0.4286618 0.8427022 -0.03639912 -0.0536949 0.9978938 -0.4127547 -0.3190266 0.8531445 -0.5208469 -0.5828906 -0.6236642 -0.0636537 -0.05449503 0.996483 -0.4570026 -0.1904811 0.86883 -0.6438623 -0.4168136 -0.6416446 -0.0892806 -0.04214125 0.9951147 -0.707726 -0.2247471 -0.6697856 -0.1623045 -0.0216189 0.9865039 -0.6126272 -0.1076703 0.7830039 -0.7049058 -0.0285356 -0.7087268 -0.1634128 0.02176529 0.9863176 -0.5523121 0.05154448 0.8320423 -0.6349881 0.1463831 -0.7585263 -0.1428078 0.05993795 0.9879339 -0.443025 0.1667993 0.8808557 -0.5067794 0.2726588 -0.8178215 -0.1055374 0.08240252 0.9909953 -0.3076347 0.2229449 0.9250171 -0.3413019 0.324801 -0.882053 -0.06133747 0.08224761 0.9947226 -0.1746914 0.217512 0.9602976 -0.1734482 0.2873089 -0.9420028 -0.07065963 0.1627431 0.984135 -0.02244108 0.05816149 0.998055 -0.04729849 0.1669308 -0.9848335 -0.01493608 0.09512853 0.995353 -8.63634e-4 0.01778495 0.9998414 -0.4775004 -0.8784185 -0.01935231 -0.4775769 -0.8785591 0.007358551 0.053272 -0.9985722 -0.003942072 0.04499679 -0.9989868 -8.82081e-4 0.1681379 -0.9857634 0 0.1798676 -0.9836896 0.001615226 0.1915865 -0.9814638 0.00484997 0.007543444 0.9998224 -0.01726967 0.9997895 0.02051663 0 0.3148058 -0.9491556 9.3763e-4 0.05987566 0.9982057 4.36984e-4 -0.6328541 -0.7742531 -0.005290627 0.06233823 0.9980545 0.001098752 0.9980264 0.06268805 -0.003653883 0.9980675 0.06203913 -0.003543019 -0.5122047 -0.8588497 0.004848182 0.9946524 0.1032792 -6.24385e-5 -0.5224063 -0.8526952 0.001617133 -0.5325382 -0.846406 0 0.09920418 -0.995067 -4.86991e-4 0.1244865 -0.9922209 8.02036e-4 -0.398856 -0.9170088 -0.00298351 0.08548039 -0.9963385 0.001670897 -0.3709096 -0.9285418 -0.01537227 0.9895276 0.1443441 5.84466e-5 0.06412857 0.9979404 0.001542985 0.06592142 0.9978225 0.002150356 0.06735938 0.9977252 0.002679169 0.9823054 0.1872498 -0.003705084 0.3647528 -0.9309673 -0.01597803 0.3487479 -0.9371895 -0.007123649 0.9827024 0.1851617 -0.003349006 0.1496912 -0.9887326 -5.99942e-4 0.9742053 0.2256635 -1.28919e-4 0.1258182 -0.9920526 0.001148164 -0.5693518 -0.8220937 7.60553e-4 -0.5900844 -0.8073414 -4.72485e-4 -0.6009371 -0.7992945 0.001672565 0.06032651 0.9981786 4.4984e-4 0.9640356 0.2657733 1.12818e-4 -0.3655844 -0.9307024 -0.01187735 0.2639696 0.9645295 0.001739084 0.227993 0.9736627 4.39765e-4 0.3822444 -0.9240382 -0.006526887 0.2526859 0.9675483 -3.28615e-4 -0.5482532 -0.8363122 -6.0819e-4 0.9511178 0.3088055 -0.003757476 0.1113269 0.9931951 0.03419965 0.06848859 0.9976493 0.002292096 0.4034395 -0.9150048 -0.001673042 -0.5680251 -0.8230105 0.00117284 0.07141029 0.9974414 0.003336489 0.9522083 0.3054329 -0.003173887 0.07297569 0.9973259 0.003939568 0.07497143 0.9971743 0.004755735 0.93876 0.3445718 -1.99915e-4 0.07831197 0.996909 0.00630033 0.1659533 -0.9861323 0.001618444 0.08050805 0.9967261 0.007456004 0.08265376 0.9965409 0.008644163 -0.3318802 -0.9433215 -4.83403e-4 0.08533471 0.9962992 0.01029264 0.08683753 0.9961583 0.01131379 0.08983284 0.9958671 0.01337289 0.09257423 0.9955824 0.01567375 0.421432 -0.9068596 8.71654e-4 0.09564757 0.9952476 0.01826745 0.06107407 0.9981332 2.19606e-4 -0.5341749 -0.8453725 0.001609921 0.9237011 0.3831139 1.62701e-4 -0.007163822 0.9999262 -0.0098176 0.907054 0.4210035 -0.003003239 0.904952 0.4254966 -0.003805398 0.8888633 0.4581722 -2.74931e-4 0.2304763 -0.9728504 0.02104222 0.2238419 0.9746244 0.001451432 -0.4774841 -0.8783884 0.02104467 0.8691449 0.4945575 2.08617e-4 0.4479131 -0.8940741 -0.002353668 0.2058066 -0.9785723 -0.006320118 0.8479361 0.5300909 -0.002836227 0.8445344 0.5354874 -0.003849208 0.2304828 -0.9728782 -0.01963609 0.8252813 0.5647218 -3.53931e-4 -0.2896471 -0.9571012 -0.007872581 -0.2887055 -0.9574177 6.42651e-4 0.4739747 -0.8804485 -0.01259064 0.4784832 -0.877958 -0.01561051 -0.2839254 -0.9586938 -0.0171054 0.80121 0.5983833 2.50473e-4 -0.04706871 0.9988766 0.005481719 -0.03864777 0.9990551 -0.01988124 0.2453196 -0.9693868 -0.01037216 -0.04385036 0.9989844 -0.01035577 0.6845779 0.7281639 0.03362113 -0.04868543 0.9988049 -0.004299283 -0.05236101 0.9986279 -7.29908e-4 -0.2943609 -0.9556871 -0.003716647 0.1833221 0.9830493 -0.002672135 0.5882496 0.8085303 -0.01552981 0.5900226 0.8072612 -0.014234 -0.4774976 -0.8784134 -0.01964777 -0.4994428 -0.8663231 -0.006418108 0.7708167 0.6370451 -0.003888964 0.7757626 0.6310192 -0.002673745 -0.2983157 -0.9544661 -0.001537144 0.5693442 0.8220797 -0.005678355 -0.1241369 0.9921463 -0.0153585 -0.09920293 0.9950541 -0.005101084 0.3148058 -0.9491558 -7.77269e-4 0.7489942 0.6625764 -4.37185e-4 0.2844496 -0.9586905 8.9615e-4 0.1363912 0.9905039 0.01730906 -0.2516933 -0.9676884 -0.01515847 0.4034401 -0.9150061 0 -0.2593587 -0.9657204 -0.01082718 0.5482539 0.8363119 -1.47572e-4 0.3651047 -0.9309664 0 0.09018456 0.9959251 0 0.1424628 0.989583 -0.02073138 0.4824102 0.8759452 6.99889e-4 0.1363674 0.9903307 -0.02547615 -0.1244722 0.9921073 -0.01515287 0.6646648 0.747125 -0.004998505 0.7209384 0.6929991 2.8813e-4 0.3487565 -0.9372127 -0.001120865 -0.2368677 -0.9715045 -0.008531987 0.3231018 -0.9463632 0.001327991 0.5239132 -0.8516498 -0.01440757 -0.1496894 0.988721 -0.004895865 0.5150426 -0.8571608 0.002545893 -0.3530974 -0.9354166 -0.01783001 0.3612169 -0.9324805 0.00158751 0.3822522 -0.9240572 -0.001295208 0.5328245 0.8462259 0 -0.463877 -0.8858402 -0.01025253 0.5662192 -0.8242495 -0.002949953 0.5847063 -0.8111578 -0.01190263 -0.207044 -0.9783316 2.38104e-5 0.1014183 0.9948222 -0.00657916 0.5232917 0.8521525 -0.001372396 0.6905394 0.7210746 -0.05662733 0.3987377 -0.9170635 0.001675486 0.6549928 0.7556352 0 0.0436452 0.9990469 -5.89203e-4 -0.4275898 -0.9039725 9.26844e-4 0.06017285 0.9981865 0.001684188 0.5136777 0.8579733 -0.004120469 0.6149706 -0.7885479 0.001862585 -0.3988576 -0.9170125 -8.01762e-4 0.6069744 -0.7945907 -0.01440846 0.651824 -0.7583693 -0.001200258 -0.1724187 -0.9850237 -2.53851e-5 0.4356034 -0.9001248 -0.004999518 -0.1677914 0.9858226 0 0.6609953 0.7500272 -0.02333289 0.44915 -0.8933691 -0.01248937 -0.1788636 0.9838729 -0.001374483 0.4775801 0.8785652 0.006353318 -0.0532723 0.99858 0 0.4775004 0.8784185 -0.01935231 0.6738091 -0.7388364 -0.010104 0.6816579 -0.7314978 -0.01591724 -0.007221758 0.9999738 -5.42064e-4 0.01821166 0.9998337 9.83562e-4 0.01881939 0.9998223 0.001145958 0.4717545 -0.8817276 -0.00203824 -0.1898872 0.9817973 -0.00411719 0.6952607 -0.7187235 -0.00701797 -0.2079784 -0.9781322 0.00159502 0.6295643 0.7769388 -0.003865659 0.5212281 -0.8534126 -0.002867162 0.5071309 -0.8618682 0.001237213 0.5325382 0.846406 0 0.5224063 0.8526952 0.001617133 0.5122047 0.8588497 0.004848182 0.5662204 -0.8242498 -0.002582192 -0.3285745 -0.9444661 -0.004763841 0.5416691 -0.8405902 0.00164622 0.368862 0.9293611 -0.01513403 0.7678733 -0.6403354 0.01847213 0.3988566 0.9170102 -0.002421379 -0.053272 0.9985718 -0.004047691 -0.02215266 0.9997533 0.001656651 -0.2304841 0.9728837 -0.01935166 -0.2111744 -0.9774483 2.72366e-4 -0.247448 0.9688887 -0.004928886 0.5900844 0.8073415 -4.8577e-5 0.5753171 -0.8179302 6.67069e-4 -0.203419 -0.979089 0.002319335 0.569352 0.8220939 5.07716e-5 -0.1962 -0.9805504 0.005146622 -0.2305126 0.9730035 0.01131832 -0.188871 -0.9819602 0.0090577 0.5968831 0.8023265 0.001669108 0.6095848 -0.7927194 -0.001562178 -0.1826089 -0.9830942 0.01340913 0.6080188 -0.7939223 -8.36573e-4 0.3655798 0.9306905 -0.01291716 0.6397182 -0.7686088 0.001110196 -0.1769363 -0.9840534 0.01823329 -0.1915865 0.9814638 0.00484997 -0.1798676 0.9836896 0.001615226 -0.36561 -0.9307675 -0.001137077 -0.1681379 0.9857634 0 -0.3905743 -0.9205704 0.001346647 0.5482532 0.8363122 -6.28405e-4 0.6703362 -0.741997 -0.009483098 -0.3148058 0.9491555 0.00108987 0.6721121 -0.7404473 0.001745283 0.5631768 0.8263349 0.001632392 -0.3021662 -0.9532552 0 -0.06268227 0.9980333 -6.54478e-4 0.6995182 -0.7138317 -0.03344339 0.3318801 0.9433212 -8.80011e-4 -0.1364015 -0.9905898 -0.01124858 -0.09920424 0.995067 4.30367e-4 0.7283016 -0.6852562 -8.75445e-4 -0.1285108 -0.9915769 -0.01613318 0.5285069 0.848928 0.001276373 -0.161249 -0.9863209 0.03420299 0.7554804 -0.6551364 -0.006769299 0.4168297 0.9089846 3.4308e-5 0.756922 -0.6534984 -0.003030359 0.7813303 -0.6238809 -0.01719355 -0.1002234 -0.9949586 -0.003551006 -0.3487498 0.9371945 -0.006327748 -0.3668057 0.9301605 -0.01597315 0.4774841 0.8783884 0.02104467 0.8061116 -0.5917633 4.22941e-4 -0.3318799 -0.9433207 -0.001300513 -0.3529144 -0.9356543 0.001597106 -0.1031118 0.9946689 0.001360595 0.8421632 -0.5392076 -0.004051685 -0.1244865 0.9922211 -6.52872e-4 0.8294497 -0.5585802 -0.001192748 0.2864105 0.9580251 -0.01252692 0.8514205 -0.5244809 -0.001698613 -0.3822422 0.9240331 -0.007333278 0.2913568 0.9565951 -0.006095588 0.8719937 -0.4895171 3.99918e-4 -0.07154732 -0.9974372 3.40873e-4 -0.4034392 0.9150041 -0.002067506 0.8911303 -0.4537465 -8.92664e-4 0.2813011 0.9592941 -0.0249865 0.903065 -0.429485 -0.004013359 0.286235 0.9581587 0.001168668 -0.1433685 0.9896682 0.001512527 0.2954725 0.9553463 -0.00305581 -0.1496912 0.9887328 1.26995e-4 0.3231799 0.9462693 0.01135617 0.9087985 -0.41723 -0.002075433 -0.421432 0.9068596 8.30539e-4 0.2565972 0.966451 -0.0114113 0.9249756 -0.3800265 3.46191e-4 -0.1823444 -0.9832347 0 -0.1833906 0.9830402 -1.99295e-4 -0.1363886 -0.9905042 0.01731038 0.4774971 0.8784125 -0.01969981 0.939627 -0.3421999 -6.23195e-4 0.4929085 0.8700314 -0.009307146 0.9497456 -0.312998 -0.003944218 0.3179038 0.9481207 -0.00210154 -0.3135743 0.9495638 -1.70358e-5 0.3429284 0.9388861 0.02988642 -0.2875505 0.9577007 0.01114028 -0.314675 -0.949198 0.001675188 0.9527314 -0.3038038 -0.002482652 -0.3021662 -0.9532551 -5.17635e-4 -0.2304763 0.9728504 0.02104222 -0.2772235 -0.9608051 7.99596e-4 0.3368339 0.9415641 -4.62972e-5 0.2443607 0.9695155 -0.01810318 0.9642711 -0.264917 2.61596e-4 0.2495609 0.9682496 -0.0145573 -0.05057668 -0.99872 -5.42591e-4 0.9742231 -0.2255865 -3.84751e-4 0.9814691 -0.1915819 -0.003844082 -0.4479135 0.8940749 -0.001868724 0.9825661 -0.1858907 -0.00292164 -0.2304853 0.9728885 -0.01908642 0.2218919 0.9750613 -0.004393637 -0.2230881 0.974698 -0.01398569 0.9893023 -0.1458806 1.46321e-4 0.4564985 0.8896982 -0.006797492 0.9944045 -0.1056399 -1.76797e-4 0.2007657 0.9796392 -1.99411e-4 0.9977362 -0.06714755 -0.003713369 -0.4804178 0.8768981 -0.01576209 0.9978651 -0.06522071 -0.003390669 -0.4739805 0.8804593 -0.01158016 -0.2624625 0.9649347 -0.00380516 0.9996952 -0.02469152 0 -0.449184 0.8934367 0.00213325 0.449184 -0.8934367 0.00213325 0.3040689 -0.9520635 -0.03342783 0.3262065 -0.945151 -0.01669663 0.0532723 -0.99858 0 -0.3633982 -0.9312853 0.02548688 -0.3714209 -0.928462 -0.002193868 -0.3806727 -0.9234307 -0.04862207 -0.0532723 0.99858 0 -0.4034401 0.9150061 0 -0.3650234 0.9309983 3.45865e-5 -0.3651021 0.9309675 0 -0.3148057 0.9491555 -0.001163363 -0.301384 0.9535015 0.001613557 -0.5239132 0.8516498 -0.01440757 -0.5152046 0.8570643 0.002239704 -0.3487566 0.937213 -8.47329e-4 -0.3398096 0.9404934 0.001384019 -0.5662199 0.8242506 -0.002429485 -0.5864935 0.8098661 -0.01192212 -0.003308713 -0.9999067 -0.01325428 -0.03163272 -0.9994894 -0.00451529 -0.3822525 0.9240579 -3.60798e-4 -0.3776751 0.9259377 9.82536e-4 0.1724187 0.9850237 2.95845e-4 -0.6147505 0.7887204 0.001408576 -0.4149188 0.9098583 4.09951e-4 -0.4491563 0.8933815 -0.01132011 -0.6069744 0.7945907 -0.01440846 -0.6518242 0.7583696 -8.15001e-4 -0.4514594 0.8922379 -0.009784877 -0.6832691 0.7299921 -0.01596796 -0.673815 0.7388429 -0.009192943 -0.6952565 0.7187192 -0.007826447 0.2095264 0.9778021 0.001301467 0.2117688 0.9773196 6.10188e-4 -0.5212297 0.8534153 -0.001455068 -0.4872989 0.8732346 0.001040697 0.4193077 0.9078426 0.001664221 0.3988574 0.917012 -0.001306891 -0.5223146 0.8527524 -9.8062e-4 -0.7692593 0.6386193 0.02013885 -0.01049679 -0.9997814 -0.01808285 -0.5662203 0.8242498 -0.002632677 -0.5564726 0.8308656 7.55669e-4 0.2078762 0.978154 0.001518905 0.2095118 0.9778055 0.001064836 -0.6095831 0.7927171 -0.002843201 -0.5897115 0.8076123 0.001659631 0.2118858 0.9772943 4.46164e-4 -0.6219827 0.7830301 0.001175761 0.2021785 0.9793421 0.003594756 0.2034425 0.9790821 0.003080308 0.2052004 0.9787171 0.002394795 0.2121475 0.9772377 5.67217e-5 -0.27592 -0.9611799 0.001149177 -0.6532298 0.7571573 -0.001866996 -0.2526859 -0.9675483 -6.01071e-4 -0.6832881 0.7299193 -0.01830452 -0.6769226 0.7360405 0.004502654 -0.7116263 0.7009121 -0.04806345 0.343675 0.9390587 -0.007507562 -0.7403206 0.6722477 -0.002889811 0.1933566 0.981106 0.006653726 0.1958457 0.9806197 0.005439639 -0.7669369 0.6416323 -0.01076418 0.1974704 0.9802976 0.004713594 0.2000792 0.9797732 0.003585219 0.2097834 0.9777478 2.01775e-4 -0.7587566 0.6513737 -9.02574e-4 -0.7921622 0.609871 -0.02316015 0.1885865 0.9820119 0.009366273 0.1907524 0.9816049 0.008075356 0.1851331 0.982645 0.01159268 -0.8164663 0.5773932 2.05845e-4 0.1819006 0.9832165 0.01405256 -0.06213963 -0.9980668 0.001187741 -0.8392079 0.5438041 -0.002705216 -0.05893599 -0.9982616 2.53742e-4 -0.843351 0.5373489 -0.003896415 0.1774364 0.9839727 0.0177226 -0.8605783 0.5093179 -4.96142e-4 0.3021662 0.9532552 0 0.1263227 0.9918552 -0.01630282 -0.8805258 0.473998 3.06371e-4 0.136403 0.9906004 -0.01025158 -0.9040105 0.4274916 -0.00398153 0.3813857 0.9244143 0.001739263 0.36561 0.9307673 -0.001263082 -0.8990248 0.4378918 -0.002282083 -0.9160475 0.401069 -7.49658e-4 -0.05981409 -0.9982095 3.872e-4 0.161249 0.9863209 0.03420299 -0.9315606 0.3635857 3.76048e-4 0.1002232 0.9949561 -0.004207432 -0.9504332 0.3109024 -0.00403589 -0.06399166 -0.9979494 0.00143963 -0.06226736 -0.998059 9.77559e-4 -0.9455383 0.3255054 -0.001889109 -0.06668329 -0.9977716 0.002299487 -0.9579649 0.2868834 -0.001033604 -0.9688115 0.2477985 4.1502e-4 0.33188 0.9433211 -9.82615e-4 -0.06978189 -0.9975562 0.003499031 -0.9818885 0.1894165 -0.004059076 -0.06838619 -0.9976546 0.002940416 0.3428134 0.9394021 0.00157845 -0.06654137 -0.9977811 0.002254903 -0.9780648 0.2082953 -0.001527488 -0.9857077 0.1684598 -0.001348793 0.00115925 -0.9999302 -0.01176106 -0.99173 0.1283409 4.23144e-4 -0.06194162 -0.9980797 1.58989e-4 -0.1113269 -0.9931951 0.03419965 -0.09497916 -0.9953238 0.01758921 -0.09042483 -0.9958061 0.01391243 -0.9978805 0.06494641 -0.004051864 -0.08708941 -0.9961354 0.01139944 -0.08363854 -0.9964533 0.009248495 -0.08134174 -0.996655 0.007896661 -0.996119 0.08800852 -0.001196146 0.06518065 0.9978727 0.001199841 -0.07833045 -0.9969075 0.0063138 -0.07606846 -0.9970887 0.005254149 -0.07458955 -0.9972037 0.004603147 -0.0715453 -0.9974318 0.003343045 -0.998868 0.04753828 -0.001694679 0.1363886 0.9905042 0.01731038 0.1823444 0.9832347 0 -0.9999756 0.006987154 4.00242e-4 -0.9981575 -0.06054341 -0.004013895 -0.236706 -0.97158 0.001616775 -0.9994357 -0.03358012 -8.95968e-4 -0.227993 -0.9736627 -1.37642e-4 -0.9972496 -0.07408797 -0.002070605 -0.9934267 -0.1144692 3.47044e-4 -0.9827148 -0.1850833 -0.003945052 -0.9879657 -0.1546719 -6.26036e-4 -0.1971057 -0.9803823 2.22072e-4 -0.9808767 -0.1946148 -0.002478241 -0.9721794 -0.2342374 2.6271e-4 0.05062383 -0.9987155 -0.00212109 0.04524618 -0.9989398 -0.008497536 -0.9517965 -0.3067058 -0.003845453 0.04043936 -0.9990521 -0.01611274 0.03544592 -0.9989616 -0.0286253 0.3021661 0.9532549 7.65213e-4 0.04362082 -0.9990271 0.006482422 -0.9618794 -0.2734736 -3.87089e-4 0.303655 0.9527813 0.001178443 0.2772236 0.9608054 -4.64324e-4 -0.9499915 -0.3122621 -0.002916157 -0.9365496 -0.3505352 1.47633e-4 0.09920257 -0.9950504 -0.005795657 0.1219479 -0.9924145 -0.01556122 -0.09018456 -0.9959251 0 -0.9215613 -0.388233 -1.79054e-4 -0.1363912 -0.9905039 0.01730906 -0.9058887 -0.4234995 -0.003714919 -0.1363644 -0.9903087 -0.02633547 -0.1571684 -0.9874899 -0.01271629 -0.9050517 -0.4252882 -0.003385126 0.1244742 -0.9921233 -0.01405733 -0.8870621 -0.46165 1.87579e-6 0.03643959 0.9993327 -0.002542674 -0.8676093 -0.4972466 -1.65109e-6 0.00110346 0.999917 -0.01283073 -0.8467223 -0.5320242 -0.003395617 -0.1169866 -0.9930428 -0.01341366 -0.8457139 -0.5336238 -0.00371176 0.1496899 -0.9887239 -0.004254758 -0.8244525 -0.5659312 -1.74925e-4 -0.8008199 -0.5989053 1.44717e-4 -0.6861349 -0.7266021 0.03561276 -0.5900337 -0.8072331 -0.01532709 -0.0436452 -0.9990471 3.98223e-6 -0.5900132 -0.8072484 -0.01531141 -0.0766189 -0.9970605 -3.81569e-6 -0.7758672 -0.6308895 -0.00292623 -0.7722202 -0.6353433 -0.00384289 -0.5693463 -0.8220826 -0.004991233 -0.7496443 -0.6618409 -3.82336e-4 -0.5482539 -0.8363119 8.45162e-5 0.1677914 -0.9858226 0 -0.01821166 -0.999834 -6.36984e-4 -0.4843419 -0.8748788 -4.27497e-4 -0.03612166 -0.9993462 0.001566052 -0.6654821 -0.7463966 -0.005073547 -0.7221829 -0.6917021 2.60467e-4 0.1788636 -0.9838729 -0.001374483 0.0532723 -0.99858 0 -0.5328245 -0.8462259 0 0.1898872 -0.9817973 -0.00411719 -0.5232917 -0.8521525 -0.001372396 0.007221758 -0.9999738 5.88988e-4 0.004445612 -0.9999893 0.00127232 -0.6923165 -0.7191567 -0.05925661 -0.6558259 -0.7549121 0 -0.5136777 -0.8579733 -0.004120469 -0.6635262 -0.7477137 -0.02563714 0.2305147 -0.9730123 0.01048642 0.2304841 -0.9728837 -0.01935166 0.24531 -0.9694365 -0.003975391 0 0 1 0 0 1 0 0 1 0 0 1 0 0 1 0 0 1 0 0 1 0 0 1 0 0 1 0 0 1 0 0 1 0 0 1 0 0 1 0 0 1 0 0 1 0 0 1 0 0 1 0 0 1 0 0 1 0 0 1 0 0 1 0 0 1 0 0 1 0 0 1 0 0 1 0 0 1 0 0 1 0 0 1 0 0 1 0 0 1 0 0 1 0 0 1 0 0 1 0 0 1 0 0 1 0 0 1 0 0 1 0 0 1 0 0 1 0 0 1 0 0 1 0 0 1 0 0 1 0 0 1 0 0 1 0 0 1 0 0 1 0 0 1 0 0 1 0 0 1 0 0 1 0 0 1 0 0 1 0 0 1 0 0 1 0 0 1 0 0 1 0 0 1 0 0 1 0 0 1 0 0 1 0 0 1 0 0 1 0 0 1 0 0 1 0 0 1 0 0 1 0 0 1 0 0 1 0 0 1 0 0 1 0 0 1 0 0 1 0 0 1 0 0 1 0 0 1 0 0 1 0 0 1 0 0 1 0 0 1 0 0 1 0 0 1 0 0 1 0 0 1 0 0 1 0 0 1 0 0 1 0 0 1 0 0 1 0 0 1 0 0 1 0 0 1 0 0 1 0 0 1 0 0 1 0 0 1 0 0 1 0 0 1 0 0 1 0 0 1 0 0 1 0 0 1 0 0 1 0 0 1 0 0 1 0 0 1 0 0 1 0 0 1 0 0 1 0 0 1 0 0 1 0 0 1 0 0 1 0 0 1 0 0 1 0 0 1 0 0 1 0 0 1 0 0 1 0 0 1 0 0 1 0 0 1 0 0 1 0 0 1 0 0 1 0 0 1 0 0 1 0 0 1 0 0 1 0 0 1 0 0 1 0 0 1 0 0 1 0 0 1 0 0 1 0 0 1 0 0 1 0 0 1 0 0 1 0 0 1 0 0 1 0 0 1 0 0 1 0 0 1 0 0 1 0 0 1 0 0 1 0 0 1 0 0 1 0 0 1 0 0 1 0 0 1 0 0 1 0 0 1 0 0 1 0 0 1 0 0 1 0 0 1 0 0 1 0 0 1 0 0 1 0 0 1 0 0 1 0 0 1 0 0 1 0 0 1 0 0 1 0 0 1 0 0 1 0 0 1 0 0 1 0 0 1 0 0 1 0 0 1 0 0 1 0 0 1 0 0 1 0 0 1 0 0 1 0 0 1 0 0 1 0 0 1 0 0 1 0 0 1 0 0 1 0 0 1 0 0 1 0 0 1 0 0 1 0 0 1 0 0 1 0 0 1 0 0 1 0 0 1 0 0 1 0 0 1 0 0 1 0 0 1 0 0 1 0 0 1 0 0 1 0 0 1 0 0 1 0 0 1 0 0 1 0 0 1 0 0 1 0 0 1 0 0 1 0 0 1 0 0 1 0 0 1 0 0 1 0 0 1 0 0 1 0 0 1 0 0 1 0 0 1 0 0 1 0 0 1 0 0 -1 0 0 -1 0 0 -1 0 0 -1 0 0 -1 0 0 -1 0 0 -1 0 0 -1 0 0 -1 0 0 -1 0 0 -1 0 0 -1 0 0 -1 0 0 -1 0 0 -1 0 0 -1 0 0 -1 0 0 -1 0 0 -1 0 0 -1 0 0 -1 0 0 -1 0 0 -1 0 0 -1 0 0 -1 0 0 -1 0 0 -1 0 0 -1 0 0 -1 0 0 -1 0 0 -1 0 0 -1 0 0 -1 0 0 -1 0 0 -1 0 0 -1 0 0 -1 0 0 -1 0 0 -1 0 0 -1 0 0 -1 0 0 -1 0 0 -1 0 0 -1 0 0 -1 0 0 -1 0 0 -1 0 0 -1 0 0 -1 0 0 -1 0 0 -1 0 0 -1 0 0 -1 0 0 -1 0 0 -1 0 0 -1 0 0 -1 0 0 -1 0 0 -1 0 0 -1 0 0 -1 0 0 -1 0 0 -1 0 0 -1 0 0 -1 0 0 -1 0 0 -1 0 0 -1 0 0 -1 0 0 -1 0 0 -1 0 0 -1 0 0 -1 0 0 -1 0 0 -1 0 0 -1 -0.5909555 -0.8064255 0.02120196 -0.5703104 -0.8213989 0.007069766 -0.5491923 -0.835696 0 -0.5337423 -0.8456472 0 -0.5241829 -0.8516058 -5.99688e-5 -0.5334454 -0.8458344 6.63235e-5 -0.5145653 -0.8574512 -1.14073e-4 -0.5233061 -0.8521447 1.22605e-4 -0.5130895 -0.8583351 1.71202e-4 -0.5703254 -0.8214188 0 -0.5703255 -0.8214188 0 -0.4746081 -0.8800781 -0.01448833 -0.3995368 -0.9166436 0.0116139 -0.3660556 -0.9299911 0.03346163 -0.3317666 -0.9410661 0.06576853 -0.4799414 -0.8772998 -0.001154541 -0.5909429 -0.8064091 -0.02215749 -0.5703101 -0.8213962 -0.007389187 -0.5491918 -0.8356964 0 -0.4569168 -0.8877733 0.05554884 -0.4417468 -0.8967235 -0.02732634 -0.3668451 -0.930282 -3.78589e-4 -0.3995637 -0.9167053 3.6375e-4 -0.3662607 -0.9305121 3.79492e-4 -0.3324865 -0.943108 -3.93562e-4 0 0 -1 0 0 -1 0 0 -1 0 0 -1 0 0 -1 0 0 -1 0.7040358 0.04922103 -0.7084568 0.7040369 0.04922777 -0.7084552 0 0 -1 0 0 -1 0 0 -1 0 0 -1 0 0 -1 0 0 -1 -0.9975659 -0.06973052 0 -0.9975659 -0.06973052 0 0 0 -1 0 0 -1 0 0 -1 0 0 -1 0 0 -1 0 0 -1 0.9975649 0.06974482 -6.53409e-7 0.9975649 0.06974482 -6.5339e-7 0 0 1 0 0 1 0 0 1 0 0 1 0 0 1 0 0 1 -0.9975659 -0.06973052 0 -0.9975659 -0.06973052 0 0 0 1 0 0 1 0 0 1 0 0 1 0 0 1 0 0 1 0.7128337 0.04986041 0.6995585 0.7128286 0.04983669 0.6995653 0 0 1 0 0 1 0 0 1 0 0 1 0 0 1 0 0 1 -0.6816171 -0.04766798 -0.7301547 -0.6816167 -0.04766494 -0.7301554 -0.6722082 -0.04700708 0.7388685 -0.6722155 -0.04704135 0.7388596 -0.6618241 -0.04627412 0.7482297 -0.6618247 -0.04627883 0.7482289 -0.6556384 -0.04585015 0.7536817 -0.6556345 -0.04582661 0.7536864 0 0 1 0 0 1 0 0 1 0 0 1 0 0 1 0 0 1 0.0736888 0.005152463 0.997268 0.07370316 0.005239069 0.9972665 0.3114681 0.02170288 0.9500088 0.3115042 0.0219506 0.9499912 0.528962 0.03682577 0.8478461 0.5290064 0.03724557 0.8478001 0.7146428 0.04976254 0.6977173 0.7146597 0.05020713 0.697668 0.8512209 0.059282 0.5214486 0.85121 0.05974715 0.5214133 0.9468992 0.06599462 0.3146851 0.9468763 0.06634753 0.3146798 0.9888978 0.06901144 0.1316003 0.9888851 0.06917244 0.1316102 0.9972512 0.06967514 0.02520531 0.9972471 0.06973278 0.02521115 0.9975642 0.06975495 0 0.9975642 0.06975495 0 0 0 -1 0 0 -1 0 0 -1 0 0 -1 0 0 -1 0 0 -1 -0.9975634 -0.06976544 0 -0.9975634 -0.06976544 0 -0.9960694 -0.06966096 -0.0547083 -0.9960733 -0.06961107 -0.0547024 -0.9658988 -0.06747287 -0.2499738 -0.9658889 -0.0675739 -0.2499848 -0.8823386 -0.06161385 -0.4665645 -0.8823241 -0.06177353 -0.4665707 -0.7470387 -0.0521537 -0.6627316 -0.7470271 -0.05233329 -0.6627306 -0.565913 -0.03949779 -0.8235183 -0.5659077 -0.03966718 -0.8235138 -0.3505593 -0.02446436 -0.936221 -0.3505587 -0.02458989 -0.9362179 -0.1471396 -0.01027768 -0.9890624 -0.1471382 -0.01032745 -0.9890621 -0.02804183 -0.001960873 -0.9996049 -0.02804148 -0.00197333 -0.9996048 0 0 -1 0 0 -1 0 0 -1 0 0 -1 0 0 -1 0 0 -1 0.9971886 0.06972867 -0.02743768 0.9971878 0.06973868 -0.02743965 0.03897702 0.002725481 -0.9992364 0.03897833 0.002707898 -0.9992364 0.1252261 0.008750081 -0.9920897 0.1252205 0.00876075 -0.9920902 0.2290277 0.01596659 -0.9732889 0.2290188 0.01602578 -0.9732901 0.3409669 0.0238316 -0.9397732 0.340954 0.02384942 -0.9397774 0.4103794 0.02867215 -0.9114641 0.4103689 0.02870267 -0.9114678 0.4944734 0.03455662 -0.8685055 0.494459 0.03459751 -0.8685122 0.5537812 0.03872358 -0.8317613 0.5537714 0.03873717 -0.8317673 0.5919203 0.04138529 -0.8049333 0.5919073 0.04140275 -0.804942 0.6688969 0.04673814 -0.7418844 0.6688817 0.04681426 -0.7418934 0.7376607 0.05157399 -0.6731989 0.7376515 0.05158787 -0.6732081 0.7682148 0.05370867 -0.6379352 0.7682064 0.05372363 -0.6379441 0.8120167 0.05676478 -0.5808673 0.8120066 0.0567997 -0.5808778 0.863891 0.06040006 -0.5000442 0.8638848 0.06042456 -0.500052 0.8984678 0.06281697 -0.4345223 0.8984608 0.0628345 -0.4345342 0.9275367 0.06483781 -0.3680649 0.9275286 0.06487488 -0.3680788 0.9581167 0.06700843 -0.2784284 0.9581218 0.06698083 -0.2784174 0.9707587 0.06788063 -0.2302601 0.9707462 0.06788265 -0.2303122 0.9869255 0.06902718 -0.1456482 0.9869282 0.06899929 -0.145643 0.9948396 0.06956523 -0.07385855 0.9948236 0.06956988 -0.07406628 0.9975641 0.06975489 0 0.9975641 0.06975489 0 0 0 -1 0 0 -1 0 0 -1 0 0 -1 0 0 -1 0 0 -1 -0.9975641 -0.06975519 0 -0.9975641 -0.06975519 0 -0.9951251 -0.06958466 0.06988549 -0.9951228 -0.06961554 0.06988716 -0.9588568 -0.0670396 0.2758612 -0.9588537 -0.06707131 0.2758643 -0.876728 -0.06126809 0.4770684 -0.8767197 -0.06134939 0.4770731 -0.7551042 -0.05276691 0.6534779 -0.7550963 -0.05284047 0.6534812 -0.6193791 -0.0432673 0.7838989 -0.6193703 -0.04335409 0.7839011 -0.4783363 -0.03340846 0.877541 -0.4783291 -0.03348928 0.8775419 -0.3378731 -0.02358984 0.940896 -0.3378677 -0.02366155 0.9408961 -0.17072 -0.0118944 0.9852478 -0.1707186 -0.01195865 0.9852473 -0.03192454 -0.002213656 0.9994878 -0.0319246 -0.002232253 0.9994878 -0.06257581 -0.9977974 -0.02201449 -0.05447816 -0.9981285 -0.02777767 -0.05299293 -0.9982724 -0.02537208 -0.02524942 -0.9994491 0.02154105 -0.2531703 -0.9674217 0 -0.2494955 -0.9681625 0.02033424 -0.2492167 -0.9682457 0.01978176 -0.2317197 -0.9727329 0.009833335 -0.2423838 -0.9699833 0.01955229 -0.2146074 -0.9764374 -0.02266615 -0.04374796 -0.9986526 -0.02791035 -0.2511252 -0.9678755 0.01237452 -0.249781 -0.9682855 0.005714356 -0.02270221 -0.9995089 0.02160036 -0.2350105 -0.9716136 -0.02715128 -0.2074118 -0.9782534 6.5767e-4 -0.1949883 -0.9807806 -0.006996512 -0.2517507 -0.9677913 0.001223206 -0.2487622 -0.9683327 -0.02119725 -0.1849204 -0.9827535 -1.70915e-4 -0.2777143 -0.9605633 -0.0138905 -0.1727765 -0.9849574 -0.002693831 -0.1778526 -0.9840562 -0.001279056 -0.2522532 -0.9676039 -0.01053762 -0.2527375 -0.9675326 -0.002152204 -0.03440099 -0.9989758 -0.02939158 -0.03350549 -0.9990899 -0.02639842 -0.1367195 -0.9906088 -0.001413524 -0.161689 -0.9868414 8.96514e-4 -0.02123671 -0.9996234 0.01738661 -0.1367129 -0.9906098 -0.001410186 -0.2531697 -0.9674108 -0.004632353 -0.02739149 -0.9992861 -0.02602273 -0.02633315 -0.9994407 -0.02061378 -0.02548754 -0.9995296 -0.01706075 -0.02464759 -0.9996001 -0.0138579 -0.1116586 -0.9937462 8.99262e-4 -0.1004726 -0.9949362 -0.002692103 -0.02158492 -0.99971 0.01067662 -0.09452229 -0.9955222 -0.001051425 -0.2284328 -0.9735597 0 -0.01916992 -0.9997512 -0.01140791 -0.01915717 -0.9997606 -0.01057571 -0.01907706 -0.9998018 -0.005692481 -0.07178038 -0.9974198 0.001165747 -0.01888293 -0.999814 -0.003937602 -0.01855921 -0.9998273 -0.001027107 -0.01953107 -0.9998053 0.002800226 -0.08896261 -0.9960349 -3.39141e-4 -0.05192422 -0.9986315 0.006249725 -0.08372759 -0.9964806 -0.004011154 -0.04381692 -0.9990396 0 -0.03847378 -0.9991592 0.01416593 -0.01834475 -0.999821 -0.004630625 -0.01834607 -0.9998317 0 -0.07664942 -0.9969986 -0.01089304 0.007134854 -0.9998781 -0.01388657 -0.07055443 -0.9973666 -0.01678818 -0.0305503 -0.9993616 0.01852416 0.6519379 0.04558998 -0.7569007 0.6519348 0.04560786 -0.7569022 0 0 -1 0 0 -1 0 0 -1 0 0 -1 0 0 -1 0 0 -1 -0.6411303 -0.04482787 0.7661217 -0.6411378 -0.04479753 0.7661171 -0.6352087 -0.04440867 0.7710628 -0.6352115 -0.04439526 0.7710613 -0.6319511 -0.04419142 0.7737473 -0.6319523 -0.04418563 0.7737467 -0.6539196 -0.04572784 -0.7551808 -0.653921 -0.04572427 -0.7551799 0 0 1 0 0 1 0 0 1 0 0 1 0 0 1 0 0 1 0.660949 0.04623615 0.7490051 0.6609523 0.04621595 0.7490034 0 0 1 0 0 1 0 0 1 0 0 1 0 0 1 0 0 1 -0.9975631 -0.06977081 0 -0.9975637 -0.06976157 1.48734e-7 0 0 1 0 0 1 0 0 1 0 0 1 0 0 1 0 0 1 0.9975641 0.06975537 0 0.9975641 0.06975537 0 0 0 -1 0 0 -1 0 0 -1 0 0 -1 0 0 -1 0 0 -1 -0.9975637 -0.06976157 0 -0.9975637 -0.06976157 0 0 0 -1 0 0 -1 0 0 -1 0 0 -1 0 0 -1 0 0 -1 0.1498069 -0.9887152 0 0.1245646 -0.9921864 0.007056832 0.09922456 -0.99484 0.02116233 0.1679441 -0.9857965 0 0.179017 -0.983846 -6.14006e-5 0.1682817 -0.9857389 6.46666e-5 0.1900704 -0.9817705 -1.15133e-4 0.1800302 -0.9836611 1.21176e-4 0.1917688 -0.9814401 1.71586e-4 0.1245674 -0.9922112 0 0.1245674 -0.9922112 0 0.2348946 -0.9719131 -0.01447355 0.3489671 -0.9365382 0.0334385 0.3151478 -0.9489716 0.01160496 0.2290724 -0.9734087 -0.001152157 0.09922254 -0.9948195 -0.0221166 0.1245643 -0.9921841 -0.00737518 0.1498068 -0.9887152 0 0.247084 -0.9681283 0.04095351 0.3141913 -0.9493597 -3.21635e-4 0.2473778 -0.9689188 9.3435e-4 0.315169 -0.9490355 2.95954e-4 0.3491623 -0.9370622 -3.12347e-4 0.3826045 -0.9236227 -0.02312928 0.3818792 -0.9218716 0.06573528 -0.935036 -0.06539052 0.3484708 -0.9350355 -0.0653938 0.3484713 0 0 -1 0 0 -1 0 0 -1 0 0 -1 0 0 -1 0 0 -1 0.9396315 0.06570726 0.3358202 0.939633 0.06569761 0.3358181 0 0 1 0 0 1 0 0 1 0 0 1 0 0 1 0 0 1 0 0 1 0 0 1 0 0 1 0 0 1 0 0 1 0 0 1 0.9430225 0.06595087 0.3261272 0.9430261 0.06592428 0.3261224 0 0 1 0 0 1 0 0 1 0 0 1 0 0 1 0 0 1 -0.946438 -0.06617212 -0.3160319 -0.9464384 -0.06616979 -0.3160316 0 0 -1 0 0 -1 0 0 -1 0 0 -1 0 0 -1 0 0 -1 0.9296548 0.06502085 -0.3626488 0.9296579 0.064996 -0.3626453 0 0 1 0 0 1 0 0 1 0 0 1 0 0 1 0 0 1 -0.9321334 -0.06519007 0.3561987 -0.9321326 -0.06519687 0.3561998 0.419982 -0.9024056 0.09632956 0.448049 -0.8929722 0.04304486 0.4745739 -0.880159 0.009990751 0.5246158 -0.8513176 -0.006044328 0.4446623 -0.8951088 0.03249144 0.5370136 -0.8435713 0.002015054 0.6526261 -0.7576141 0.009999871 0.6740802 -0.7374 0.04309457 0.5669402 -0.8237532 -0.003047406 0.5669369 -0.8237557 -0.003044009 0.6929226 -0.7145322 0.09644675 0.6078002 -0.794067 -0.006045758 0.5961314 -0.8028845 0.002015471 0.6772856 -0.7350012 0.03251737 0.5291514 -0.8485178 0.004045307 0.4714182 -0.8818717 -0.00819683 0.5669267 -0.8237479 0.005772292 0.5573465 -0.8302783 0.00167346 0.5218791 -0.8530048 -0.005018949 0.5764464 -0.8171332 0.001678705 0.5669335 -0.8237433 0.005776822 0.6035612 -0.7973065 0.004047393 0.6553609 -0.7552714 -0.008204877 0.6103553 -0.7921119 -0.005026698 0.5363399 -0.8440021 1.16378e-4 0.566222 -0.8242511 -0.001670479 0.5566432 -0.8307517 -3.88076e-5 0.5662264 -0.8242481 -0.00166893 0.5953757 -0.8034474 1.15963e-4 0.5757197 -0.8176472 -3.92249e-5 -0.9396315 -0.06570726 0.3358202 -0.939633 -0.06569761 0.3358181 0 0 -1 0 0 -1 0 0 -1 0 0 -1 0 0 -1 0 0 -1 0.935036 0.06539052 0.3484708 0.9350355 0.0653938 0.3484713 0 0 -1 0 0 -1 0 0 -1 0 0 -1 0 0 -1 0 0 -1 -0.9296548 -0.06502085 -0.3626488 -0.9296579 -0.064996 -0.3626453 0 0 1 0 0 1 0 0 1 0 0 1 0 0 1 0 0 1 0.9321334 0.06519007 0.3561987 0.9321326 0.06519687 0.3561998 0 0 1 0 0 1 0 0 1 0 0 1 0 0 1 0 0 1 -0.9430225 -0.06595087 0.3261272 -0.9430261 -0.06592428 0.3261224 0 0 1 0 0 1 0 0 1 0 0 1 0 0 1 0 0 1 0.946438 0.06617212 -0.3160319 0.9464384 0.06616979 -0.3160316 0 0 1 0 0 1 0 0 1 0 0 1 0 0 1 0 0 1 -0.419982 0.9024056 0.09632956 -0.448049 0.8929722 0.04304486 -0.4745739 0.880159 0.009990751 -0.5246158 0.8513176 -0.006044328 -0.4446623 0.8951088 0.03249144 -0.5370136 0.8435713 0.002015054 -0.6526261 0.7576141 0.009999871 -0.6740802 0.7374 0.04309457 -0.5669402 0.8237532 -0.003047406 -0.5669369 0.8237557 -0.003044009 -0.6929226 0.7145322 0.09644675 -0.6078002 0.794067 -0.006045758 -0.5961314 0.8028845 0.002015471 -0.6772856 0.7350012 0.03251737 -0.5291514 0.8485178 0.004045307 -0.4714182 0.8818717 -0.00819683 -0.5669267 0.8237479 0.005772292 -0.5573465 0.8302783 0.00167346 -0.5218791 0.8530048 -0.005018949 -0.5764464 0.8171332 0.001678705 -0.5669335 0.8237433 0.005776822 -0.6035612 0.7973065 0.004047393 -0.6103553 0.7921119 -0.005026698 -0.6553609 0.7552714 -0.008204877 -0.5363399 0.8440021 1.16378e-4 -0.566222 0.8242511 -0.001670479 -0.5566432 0.8307517 -3.88076e-5 -0.5662264 0.8242481 -0.00166893 -0.5953757 0.8034474 1.15963e-4 -0.5757197 0.8176472 -3.92249e-5 -0.6519379 -0.04558998 -0.7569007 -0.6519348 -0.04560786 -0.7569022 0 0 -1 0 0 -1 0 0 -1 0 0 -1 0 0 -1 0 0 -1 0.6411303 0.04482787 0.7661217 0.6412574 0.04430896 0.7660455 0.6351561 0.04463815 0.7710928 0.6319521 0.0441913 0.7737466 0.6533034 -0.06937813 0.7539107 0.6485981 0.04535573 -0.7597785 0.6576746 0.04598289 -0.7518975 0.6298294 0.13773 -0.7644249 0.6185939 0.171952 -0.7666643 0 0 1 0 0 1 0 0 1 0 0 1 0 0 1 0 0 1 -0.660949 -0.04623615 0.7490051 -0.6609523 -0.04621595 0.7490034 0 0 1 0 0 1 0 0 1 0 0 1 0 0 1 0 0 1 0.9975637 0.06976157 1.48734e-7 0.9975631 0.06977081 0 0 0 1 0 0 1 0 0 1 0 0 1 0 0 1 0 0 1 -0.9975641 -0.06975537 0 -0.9975641 -0.06975537 0 0 0 -1 0 0 -1 0 0 -1 0 0 -1 0 0 -1 0 0 -1 0.9975637 0.06976157 0 0.9975637 0.06976157 0 0 0 -1 0 0 -1 0 0 -1 0 0 -1 0 0 -1 0 0 -1 -0.1498069 0.9887152 0 -0.1245646 0.9921864 0.007056832 -0.09922456 0.99484 0.02116233 -0.1679441 0.9857965 0 -0.179017 0.983846 -6.14006e-5 -0.1682817 0.9857389 6.46666e-5 -0.1900704 0.9817705 -1.15133e-4 -0.1800302 0.9836611 1.21176e-4 -0.1917688 0.9814401 1.71586e-4 -0.1245674 0.9922112 0 -0.1245674 0.9922112 0 -0.2348946 0.9719131 -0.01447355 -0.3489671 0.9365382 0.0334385 -0.3151478 0.9489716 0.01160496 -0.2290724 0.9734087 -0.001152157 -0.09922254 0.9948195 -0.0221166 -0.1245643 0.9921841 -0.00737518 -0.1498068 0.9887152 0 -0.247084 0.9681282 0.04095357 -0.3141911 0.9493597 -3.21731e-4 -0.2473779 0.9689187 9.34263e-4 -0.315169 0.9490355 2.95954e-4 -0.3491623 0.9370622 -3.12347e-4 -0.3826045 0.9236227 -0.02312928 -0.3818792 0.9218716 0.06573528 0 0 1 0 0 1 0 0 1 0 0 1 0 0 1 0 0 1 -0.03316265 -0.002318799 0.9994473 0.02971076 0.4466548 0.8942129 -0.2346758 -0.3178137 0.9186522 -0.3513469 -0.02568864 0.9358928 -0.2120011 0.3421673 0.9154109 -0.4965357 -0.03623515 0.8672596 -0.4393245 0.3003054 0.8466467 -0.6528571 -0.2407366 0.7182086 -0.6428226 0.2719247 0.7161257 -0.7727867 -0.2423514 0.5865719 -0.8151027 0.1958793 0.5451962 -0.8662087 -0.2863482 0.4094964 -0.9187324 0.2122011 0.3330186 -0.9536054 -0.1686097 0.2494144 -0.9897112 0.04312872 0.1364247 -0.92488 -0.376213 0.05532431 -0.9972451 -0.06973266 0.02529263 -0.9975642 -0.06975495 0 -0.9975642 -0.06975495 0 0 0 -1 0 0 -1 0 0 -1 0 0 -1 0 0 -1 0 0 -1 0.9975634 0.06976544 0 0.9975634 0.06976544 0 0.9972177 0.0697413 -0.02632677 0.9970027 -0.01643347 -0.07560229 0.9959135 -0.07051074 -0.05643123 0.9785265 0.1511827 -0.1401063 0.9704312 -0.0387606 -0.2382456 0.9561018 0.02823317 -0.2916717 0.9620014 -0.08914226 -0.2580831 0.9235348 0.08651864 -0.3736283 0.8984977 -0.009301364 -0.4388798 0.8649426 0.0147404 -0.5016542 0.8713694 -0.1024022 -0.4798218 0.8092899 0.07721436 -0.5823125 0.7656654 -0.0223397 -0.6428511 0.7268229 -0.08010506 -0.6821376 0.7279193 -0.1108593 -0.6766415 0.6687433 0.1136687 -0.734753 0.5840051 -0.04009866 -0.810759 0.4893231 0.05196124 -0.8705532 0.5369363 -0.08580291 -0.839248 0.5389288 -0.1235619 -0.8332396 0.4069249 0.008318006 -0.9134238 0.3157303 -0.1009253 -0.9434661 0.3186529 -0.1405119 -0.9373989 0.2370793 0.0867207 -0.9676119 0.1184335 -0.02218014 -0.9927143 0.129554 -0.08193445 -0.9881814 0.04410225 0.04423952 -0.998047 0.02789652 0.001950681 -0.9996089 0 0 -1 0 0 -1 0 0 -1 0 0 -1 0 0 -1 0 0 -1 -0.02735644 -0.001912891 -0.9996239 -0.07669538 -0.02785098 -0.9966654 -0.0464527 -0.06681525 -0.9966834 -0.1238801 0.02586275 -0.9919601 -0.1379131 0.07424199 -0.9876579 -0.2826659 -0.01516056 -0.9590986 -0.2383652 -0.1257812 -0.962996 -0.2399308 -0.1215112 -0.9631553 -0.3453113 -0.02414143 -0.9381777 -0.3699647 6.22289e-4 -0.9290455 -0.4337837 -0.03753679 -0.9002348 -0.416099 -0.06334459 -0.9071103 -0.4982217 -0.03494364 -0.8663453 -0.5020529 -0.02250003 -0.8645442 -0.5575388 -0.04016983 -0.8291784 -0.5805371 -0.01538854 -0.8140884 -0.6345648 -0.04195755 -0.77173 -0.595481 -0.03982108 -0.8023819 -0.6690153 -0.0904811 -0.7377207 -0.6749505 -0.1105664 -0.729532 -0.7398494 0.01389276 -0.6726291 -0.738766 0.009840607 -0.6738903 -0.8008015 -0.05635333 -0.596273 -0.7711916 -0.05857431 -0.6339027 -0.8274586 -0.06016761 -0.558294 -0.8165814 -0.08340668 -0.5711726 -0.8652306 -0.05915462 -0.4978721 -0.8665456 -0.05414652 -0.4961522 -0.9088005 -0.03981065 -0.4153274 -0.9006039 -0.0645731 -0.4298173 -0.9291943 -0.09313124 -0.3576653 -0.9359849 -0.072564 -0.3444806 -0.9595922 -0.06473439 -0.2738474 -0.9719675 0.03167706 -0.2329718 -0.9731186 0.02319049 -0.229134 -0.9789413 -0.1480399 -0.1405635 -0.9865859 -0.1041696 -0.1256868 -0.9963974 -0.0445038 -0.07219213 -0.9992052 -0.005178332 -0.03952229 -0.9972248 -0.06973117 -0.02608245 -0.9975641 -0.06975489 0 -0.9975641 -0.06975489 0 0 0 -1 0 0 -1 0 0 -1 0 0 -1 0 0 -1 0 0 -1 0.9975641 0.06975519 0 0.9975641 0.06975519 0 0.997201 0.0697298 0.02698075 0.8907299 0.4499506 0.06437885 0.9888532 -0.04989504 0.1402851 0.9438839 0.18568 0.2731412 0.9195203 -0.2219793 0.3243573 0.8308389 0.319829 0.4554296 0.8206992 -0.2056192 0.5330794 0.7294357 0.2611945 0.6322191 0.6665617 -0.2818731 0.6901037 0.6006175 0.252129 0.7587421 0.4792098 -0.3153839 0.8190793 0.4779143 0.03429037 0.8777369 0.337764 0.02412438 0.9409216 0.2653782 -0.3668506 0.8916249 0.1772468 0.3073512 0.9349433 0.02678531 -0.5210551 0.8531027 0.03234606 0.002261698 0.9994741 0.06227135 0.997826 -0.02157986 0.0543757 0.9981401 -0.02756118 0.05286431 0.9982858 -0.02511507 0.02511781 0.9994565 0.0213443 0.2531703 0.9674217 0 0.2494958 0.9681624 0.02033573 0.2492172 0.9682455 0.01978367 0.231699 0.9727379 0.009823381 0.2423705 0.969987 0.01953792 0.04353594 0.9986768 -0.02737665 0.214593 0.9764406 -0.0226615 0.2511236 0.967876 0.01236915 0.249781 0.9682855 0.005717515 0.02254247 0.9995157 0.02145135 0.2350064 0.9716144 -0.02715772 0.2073946 0.9782571 6.598e-4 0.1949687 0.9807846 -0.006990551 0.2517526 0.9677909 0.001222968 0.248761 0.9683324 -0.02121919 0.1849182 0.9827539 -1.70299e-4 0.2777143 0.9605633 -0.0138905 0.1727765 0.9849574 -0.002693831 0.1778572 0.9840554 -0.001277804 0.2522551 0.9676036 -0.01052772 0.03433573 0.9989923 -0.02890068 0.2527391 0.9675321 -0.002144575 0.03349924 0.9990973 -0.02612107 0.1367195 0.9906088 -0.001413524 0.161689 0.9868414 8.96514e-4 0.02105867 0.9996279 0.01733565 0.1367129 0.9906098 -0.001410186 0.2531697 0.9674108 -0.004632353 0.02735024 0.9993039 -0.02537065 0.02633088 0.9994468 -0.02032154 0.0254895 0.9995337 -0.01681745 0.1116586 0.9937462 8.99262e-4 0.1004726 0.9949362 -0.002692103 0.02143841 0.9997131 0.01067775 0.0944314 0.9955309 -0.001026332 0.2284328 0.9735597 0 0.01907223 0.9996967 -0.01557672 0.01916593 0.9997534 -0.01121228 0.01912355 0.9997801 -0.008616983 0.01906365 0.9998027 -0.005582928 0.07171893 0.9974242 0.001174688 0.01865696 0.9998241 -0.001923918 0.0185514 0.9998275 -9.8933e-4 0.02018266 0.9997921 0.002895236 0.08885848 0.9960442 -3.28116e-4 0.05188173 0.9986346 0.006103217 0.08357125 0.9964939 -0.003976345 0.04381692 0.9990396 0 0.0384832 0.9991587 0.01417481 0.01834475 0.999821 -0.004630625 0.01834607 0.9998317 0 0.07641398 0.9970182 -0.01075464 -0.007134854 0.9998781 -0.01388657 0.07040065 0.9973806 -0.01660287 0.03045755 0.9993684 0.01830929 0.5909555 0.8064255 0.02120196 0.5703104 0.8213989 0.007069766 0.5491923 0.835696 0 0.5337423 0.8456472 0 0.5241829 0.8516058 -5.99688e-5 0.5334454 0.8458344 6.63235e-5 0.5145653 0.8574512 -1.14073e-4 0.5233061 0.8521447 1.22605e-4 0.5130895 0.8583351 1.71202e-4 0.5703254 0.8214188 0 0.5703255 0.8214188 0 0.4746081 0.8800781 -0.01448833 0.3995368 0.9166436 0.0116139 0.3660556 0.9299911 0.03346163 0.3317666 0.9410661 0.06576853 0.4799414 0.8772998 -0.001154541 0.5909429 0.8064091 -0.02215749 0.5703101 0.8213962 -0.007389187 0.5491918 0.8356964 0 0.4569179 0.8877729 0.05554616 0.4417474 0.8967233 -0.02732568 0.366847 0.9302813 -3.78683e-4 0.3995638 0.9167053 3.64508e-4 0.3662608 0.9305122 3.81788e-4 0.3324865 0.943108 -3.92236e-4 -0.7128337 -0.04986041 0.6995585 -0.7128286 -0.04983669 0.6995653 0 0 1 0 0 1 0 0 1 0 0 1 0 0 1 0 0 1 0.6719912 0.0469948 -0.7390666 0.6882976 0.04813265 -0.7238299 0.6399666 -0.1164838 -0.7595224 0.6215462 -0.1683233 -0.7650802 0.6722277 0.04700845 0.7388506 0.6724151 0.047903 0.7386224 0.6617357 0.04591548 0.7483298 0.6556186 0.04584997 0.7536988 0.6806582 0.238919 0.6925476 0 0 -1 0 0 -1 0 0 -1 0 0 -1 0 0 -1 0 0 -1 -0.7040358 -0.04922103 -0.7084568 -0.7040369 -0.04922777 -0.7084552 0 0 -1 0 0 -1 0 0 -1 0 0 -1 0 0 -1 0 0 -1 0.9975659 0.06973052 0 0.9975659 0.06973052 0 0 0 -1 0 0 -1 0 0 -1 0 0 -1 0 0 -1 0 0 -1 -0.9975649 -0.06974482 -6.53409e-7 -0.9975649 -0.06974482 -6.5339e-7 0 0 1 0 0 1 0 0 1 0 0 1 0 0 1 0 0 1 0.9975659 0.06973052 0 0.9975659 0.06973052 0 0 0 1 0 0 1 0 0 1 0 0 1 0 0 1 0 0 1 0.9999998 -5.71211e-4 0 0.9999998 -5.71211e-4 0 0 0 -1 0 0 -1 0 0 -1 0 0 -1 0 0 -1 0 0 -1 0 0 -1 0 0 -1 0 0 -1 0 0 -1 0 0 -1 0 0 -1 0 0 -1 0 0 -1 0 0 -1 0 0 -1 0 0 -1 0 0 -1 0 0 -1 0 0 -1 0 0 -1 0 0 -1 0 0 -1 -0.1873812 -0.9822872 0 -0.4257794 -0.9048271 0 -0.4257794 -0.9048271 0 -0.6374239 -0.7705133 0 -0.9921147 0.1253333 0 -0.9921147 0.1253333 0 -0.6374239 -0.7705133 0 -0.8090171 -0.5877851 0 -0.9297765 0.3681245 0 -0.8090171 -0.5877851 0 -0.9297765 0.3681245 0 -0.9297765 -0.3681245 0 -0.9921147 -0.1253333 0 -0.8090171 0.5877851 0 -0.9297765 -0.3681245 0 -0.8090171 0.5877851 0 -0.9921147 -0.1253333 0 -0.6374239 0.7705133 0 -0.6374239 0.7705133 0 -0.4257794 0.9048271 0 -0.1873812 0.9822872 0 -0.4257794 0.9048271 0 0.06279057 0.9980268 0 -0.1873812 0.9822872 0 0.3090169 0.9510566 0 0.06279057 0.9980268 0 0.3090169 0.9510566 0 0.5358268 0.844328 0 0.5358268 0.844328 0 0.7289685 0.6845473 0 0.7289685 0.6845473 0 0.8763068 0.4817532 0 0.8763068 0.4817532 0 0.9685832 0.24869 0 0.9685832 0.24869 0 1 0 0 1 0 0 0.9685832 -0.24869 0 0.9685832 -0.24869 0 0.8763068 -0.4817532 0 0.8763068 -0.4817532 0 0.7289685 -0.6845473 0 0.7289685 -0.6845473 0 0.5358268 -0.844328 0 0.5358268 -0.844328 0 0.3090169 -0.9510566 0 0.3090169 -0.9510566 0 0.06279057 -0.9980268 0 0.06279057 -0.9980268 0 -0.1873812 -0.9822872 0</float_array>
          <technique_common>
            <accessor source="#link_5-mesh-normals-array" count="6024" stride="3">
              <param name="X" type="float"/>
              <param name="Y" type="float"/>
              <param name="Z" type="float"/>
            </accessor>
          </technique_common>
        </source>
        <vertices id="link_5-mesh-vertices">
          <input semantic="POSITION" source="#link_5-mesh-positions"/>
        </vertices>
        <triangles material="Material_001-material" count="4508">
          <input semantic="VERTEX" source="#link_5-mesh-vertices" offset="0"/>
          <input semantic="NORMAL" source="#link_5-mesh-normals" offset="1"/>
          <p>0 0 1 0 2 0 3 1 0 1 2 1 4 2 5 2 6 2 7 3 6 3 8 3 7 4 8 4 9 4 7 5 4 5 6 5 10 6 11 6 12 6 10 7 12 7 13 7 14 8 10 8 13 8 15 9 14 9 13 9 16 10 5 10 4 10 16 11 4 11 17 11 18 12 13 12 19 12 18 13 15 13 13 13 20 14 16 14 17 14 21 15 18 15 19 15 22 16 17 16 23 16 24 17 19 17 25 17 22 18 20 18 17 18 24 19 21 19 19 19 26 20 23 20 27 20 26 21 22 21 23 21 28 22 24 22 25 22 29 23 26 23 27 23 30 24 28 24 25 24 31 25 25 25 32 25 31 26 30 26 25 26 33 27 27 27 34 27 33 28 29 28 27 28 35 29 31 29 32 29 36 30 33 30 34 30 37 31 32 31 38 31 39 32 36 32 34 32 37 33 35 33 32 33 39 34 34 34 40 34 41 35 37 35 38 35 42 36 39 36 40 36 42 37 40 37 43 37 44 38 38 38 45 38 46 39 42 39 43 39 44 40 41 40 38 40 47 41 44 41 45 41 48 42 46 42 43 42 48 43 43 43 49 43 50 44 47 44 45 44 51 45 50 45 45 45 51 46 45 46 52 46 53 47 48 47 49 47 53 48 49 48 54 48 55 49 51 49 52 49 56 50 53 50 54 50 57 51 55 51 52 51 58 52 56 52 54 52 57 53 52 53 59 53 58 54 54 54 60 54 61 55 57 55 59 55 62 56 58 56 60 56 62 57 60 57 63 57 64 58 61 58 59 58 64 59 59 59 65 59 66 60 62 60 63 60 67 61 64 61 65 61 68 62 66 62 63 62 69 63 67 63 65 63 68 64 63 64 70 64 69 65 65 65 3 65 2 66 69 66 3 66 71 67 68 67 70 67 71 68 70 68 72 68 73 69 71 69 72 69 74 70 73 70 72 70 75 71 74 71 72 71 75 72 72 72 76 72 77 73 75 73 76 73 78 74 77 74 76 74 79 75 78 75 76 75 79 76 76 76 12 76 11 77 79 77 12 77 80 78 1 78 0 78 81 79 0 79 82 79 81 80 80 80 0 80 83 81 81 81 82 81 84 82 83 82 82 82 85 83 82 83 86 83 85 84 84 84 82 84 87 85 85 85 86 85 88 86 86 86 89 86 88 87 87 87 86 87 90 88 88 88 89 88 91 89 89 89 92 89 91 90 90 90 89 90 93 91 91 91 92 91 94 92 92 92 95 92 94 93 93 93 92 93 96 94 94 94 95 94 97 95 95 95 98 95 97 96 96 96 95 96 99 97 98 97 100 97 99 98 97 98 98 98 101 99 100 99 7 99 101 100 99 100 100 100 9 101 101 101 7 101 102 102 103 102 104 102 105 103 106 103 107 103 103 104 108 104 104 104 109 105 102 105 104 105 106 106 110 106 107 106 111 107 112 107 113 107 109 108 104 108 114 108 115 109 111 109 113 109 116 110 117 110 118 110 119 111 116 111 118 111 118 112 117 112 120 112 121 113 122 113 123 113 122 114 124 114 123 114 125 115 121 115 123 115 126 116 127 116 123 116 117 117 128 117 120 117 127 118 129 118 123 118 124 119 126 119 123 119 130 120 131 120 132 120 133 121 134 121 135 121 136 122 133 122 135 122 131 123 137 123 132 123 138 124 139 124 140 124 141 125 142 125 143 125 144 126 138 126 140 126 145 127 146 127 147 127 142 128 148 128 143 128 149 129 145 129 147 129 150 130 151 130 152 130 151 131 141 131 152 131 153 132 130 132 154 132 130 133 132 133 154 133 128 134 82 134 155 134 156 135 157 135 158 135 140 136 139 136 159 136 157 137 160 137 158 137 155 138 82 138 161 138 160 139 162 139 158 139 139 140 163 140 159 140 158 141 162 141 164 141 165 142 166 142 167 142 132 143 137 143 168 143 167 144 166 144 169 144 148 145 170 145 171 145 166 146 172 146 169 146 172 147 136 147 169 147 170 148 173 148 171 148 174 149 175 149 176 149 175 150 177 150 176 150 118 151 120 151 178 151 179 152 150 152 180 152 181 153 105 153 182 153 183 154 184 154 185 154 177 155 181 155 182 155 186 156 183 156 185 156 162 157 187 157 188 157 189 158 190 158 191 158 192 159 109 159 193 159 190 160 149 160 191 160 143 161 148 161 194 161 195 162 196 162 197 162 198 163 199 163 200 163 135 164 134 164 200 164 201 165 195 165 197 165 134 166 198 166 200 166 148 167 171 167 194 167 180 168 150 168 202 168 154 169 132 169 203 169 150 170 152 170 202 170 147 171 146 171 204 171 132 172 168 172 203 172 107 173 205 173 206 173 204 174 146 174 207 174 146 175 208 175 207 175 208 176 119 176 207 176 182 177 105 177 209 177 193 178 109 178 210 178 105 179 107 179 209 179 191 180 149 180 211 180 109 181 114 181 210 181 212 182 213 182 214 182 196 183 215 183 214 183 104 184 108 184 216 184 108 185 156 185 216 185 184 186 217 186 218 186 215 187 212 187 214 187 185 188 184 188 218 188 104 189 216 189 219 189 114 190 104 190 219 190 161 191 82 191 220 191 197 192 196 192 221 192 82 193 0 193 220 193 210 194 114 194 219 194 196 195 214 195 221 195 218 196 217 196 222 196 123 197 129 197 223 197 217 198 189 198 222 198 206 199 205 199 224 199 169 200 136 200 225 200 205 201 144 201 224 201 136 202 135 202 225 202 171 203 173 203 226 203 144 204 140 204 224 204 173 205 227 205 226 205 228 206 229 206 230 206 112 207 231 207 230 207 120 208 128 208 232 208 113 209 112 209 230 209 128 210 155 210 232 210 125 211 123 211 233 211 231 212 234 212 230 212 235 213 228 213 230 213 234 214 235 214 230 214 123 215 223 215 233 215 155 216 161 216 232 216 161 217 220 217 236 217 137 218 237 218 238 218 168 219 137 219 238 219 194 220 171 220 239 220 232 221 161 221 236 221 171 222 226 222 239 222 211 223 149 223 240 223 152 224 141 224 241 224 149 225 147 225 240 225 159 226 163 226 242 226 141 227 143 227 241 227 243 228 244 228 245 228 225 229 135 229 246 229 164 230 162 230 245 230 162 231 188 231 245 231 247 232 248 232 249 232 187 233 243 233 250 233 200 234 199 234 251 234 243 235 245 235 250 235 188 236 187 236 250 236 245 237 188 237 250 237 210 238 219 238 252 238 249 239 248 239 253 239 248 240 153 240 253 240 207 241 119 241 254 241 119 242 118 242 254 242 167 243 169 243 255 243 256 244 165 244 255 244 253 245 153 245 257 245 202 246 152 246 258 246 152 247 241 247 258 247 153 248 154 248 257 248 165 249 167 249 255 249 255 250 169 250 259 250 168 251 238 251 260 251 256 252 255 252 259 252 169 253 225 253 259 253 118 254 178 254 261 254 203 255 168 255 260 255 177 256 182 256 262 256 226 257 227 257 263 257 254 258 118 258 261 258 182 259 209 259 262 259 120 260 232 260 264 260 232 261 236 261 264 261 178 262 120 262 264 262 176 263 177 263 262 263 192 264 193 264 265 264 107 265 206 265 266 265 264 266 236 266 267 266 227 267 192 267 265 267 263 268 227 268 265 268 209 269 107 269 266 269 268 270 125 270 269 270 129 271 270 271 269 271 147 272 204 272 271 272 223 273 129 273 269 273 125 274 233 274 269 274 240 275 147 275 271 275 233 276 223 276 269 276 213 277 272 277 273 277 239 278 226 278 274 278 275 279 7 279 276 279 222 280 189 280 277 280 189 281 191 281 277 281 214 282 213 282 273 282 276 283 7 283 278 283 226 284 263 284 274 284 278 285 7 285 279 285 251 286 199 286 280 286 7 287 100 287 279 287 186 288 185 288 280 288 263 289 265 289 281 289 214 290 273 290 282 290 275 291 276 291 283 291 221 292 214 292 282 292 274 293 263 293 281 293 199 294 186 294 280 294 283 295 276 295 284 295 143 296 194 296 285 296 197 297 221 297 286 297 246 298 135 298 287 298 241 299 143 299 285 299 279 300 100 300 288 300 135 301 200 301 287 301 289 302 247 302 290 302 247 303 249 303 290 303 284 304 276 304 291 304 220 305 0 305 292 305 204 306 207 306 293 306 207 307 254 307 293 307 194 308 239 308 294 308 285 309 194 309 294 309 290 310 249 310 295 310 271 311 204 311 293 311 291 312 276 312 296 312 269 313 270 313 297 313 249 314 253 314 295 314 292 315 0 315 298 315 270 316 299 316 297 316 268 317 269 317 297 317 296 318 276 318 300 318 299 319 179 319 297 319 220 320 292 320 301 320 236 321 220 321 301 321 276 322 278 322 300 322 253 323 257 323 302 323 278 324 279 324 303 324 216 325 156 325 304 325 298 326 0 326 305 326 300 327 278 327 303 327 295 328 253 328 302 328 156 329 158 329 304 329 273 330 272 330 306 330 225 331 246 331 307 331 256 332 259 332 307 332 216 333 304 333 308 333 259 334 225 334 307 334 288 335 100 335 309 335 219 336 216 336 308 336 305 337 0 337 310 337 275 338 283 338 311 338 312 339 275 339 311 339 285 340 294 340 313 340 272 341 174 341 306 341 0 342 314 342 310 342 258 343 241 343 313 343 282 344 273 344 315 344 283 345 284 345 316 345 241 346 285 346 313 346 261 347 178 347 317 347 304 348 158 348 318 348 284 349 291 349 316 349 246 350 287 350 319 350 273 351 306 351 315 351 311 352 283 352 316 352 158 353 164 353 318 353 262 354 209 354 320 354 308 355 304 355 318 355 307 356 246 356 319 356 291 357 296 357 321 357 316 358 291 358 321 358 308 359 318 359 322 359 191 360 211 360 323 360 277 361 191 361 323 361 224 362 140 362 324 362 321 363 296 363 325 363 140 364 159 364 324 364 236 365 301 365 326 365 296 366 300 366 325 366 265 367 193 367 327 367 325 368 300 368 328 368 193 369 210 369 329 369 210 370 252 370 329 370 267 371 236 371 326 371 324 372 159 372 330 372 293 373 254 373 331 373 300 374 303 374 332 374 327 375 193 375 329 375 328 376 300 376 332 376 309 377 100 377 333 377 281 378 265 378 334 378 201 379 197 379 335 379 100 380 98 380 333 380 237 381 201 381 335 381 238 382 237 382 335 382 265 383 327 383 334 383 280 384 185 384 336 384 206 385 224 385 337 385 313 386 294 386 338 386 279 387 288 387 339 387 266 388 206 388 337 388 303 389 279 389 339 389 332 390 303 390 339 390 288 391 309 391 339 391 200 392 251 392 340 392 154 393 203 393 341 393 287 394 200 394 340 394 239 395 274 395 342 395 294 396 239 396 342 396 302 397 257 397 341 397 339 398 309 398 343 398 257 399 154 399 341 399 339 400 343 400 344 400 331 401 254 401 345 401 332 402 339 402 344 402 254 403 261 403 345 403 327 404 329 404 346 404 292 405 298 405 347 405 334 406 327 406 346 406 326 407 301 407 347 407 219 408 308 408 348 408 333 409 98 409 349 409 221 410 282 410 350 410 301 411 292 411 347 411 286 412 221 412 350 412 308 413 322 413 348 413 209 414 266 414 351 414 252 415 219 415 348 415 344 416 343 416 352 416 348 417 322 417 353 417 323 418 211 418 354 418 320 419 209 419 351 419 211 420 240 420 354 420 266 421 337 421 351 421 343 422 309 422 355 422 256 423 307 423 356 423 309 424 333 424 355 424 347 425 298 425 357 425 294 426 342 426 358 426 238 427 335 427 359 427 98 428 95 428 360 428 338 429 294 429 358 429 260 430 238 430 359 430 349 431 98 431 360 431 297 432 179 432 361 432 298 433 305 433 362 433 305 434 310 434 362 434 224 435 324 435 363 435 310 436 314 436 362 436 352 437 343 437 364 437 179 438 180 438 361 438 337 439 224 439 363 439 314 440 365 440 362 440 357 441 298 441 362 441 343 442 355 442 364 442 318 443 164 443 366 443 245 444 244 444 366 444 164 445 245 445 366 445 287 446 340 446 367 446 353 447 322 447 368 447 318 448 366 448 368 448 319 449 287 449 367 449 312 450 311 450 369 450 322 451 318 451 368 451 282 452 315 452 370 452 311 453 316 453 369 453 350 454 282 454 370 454 366 455 244 455 368 455 336 456 185 456 371 456 316 457 321 457 372 457 329 458 252 458 373 458 203 459 260 459 374 459 185 460 218 460 371 460 369 461 316 461 372 461 341 462 203 462 374 462 375 463 268 463 376 463 307 464 319 464 377 464 268 465 297 465 376 465 356 466 307 466 377 466 297 467 361 467 376 467 355 468 333 468 378 468 342 469 274 469 379 469 302 470 341 470 126 470 280 471 336 471 380 471 340 472 251 472 380 472 333 473 349 473 378 473 251 474 280 474 380 474 174 475 176 475 381 475 274 476 281 476 379 476 306 477 174 477 381 477 329 478 373 478 382 478 372 479 321 479 383 479 346 480 329 480 382 480 354 481 240 481 384 481 306 482 381 482 385 482 240 483 271 483 384 483 321 484 325 484 383 484 281 485 334 485 386 485 379 486 281 486 386 486 370 487 315 487 385 487 315 488 306 488 385 488 383 489 325 489 387 489 218 490 222 490 388 490 325 491 328 491 387 491 371 492 218 492 388 492 328 493 332 493 389 493 387 494 328 494 389 494 326 495 347 495 390 495 375 496 376 496 391 496 335 497 197 497 392 497 347 498 357 498 390 498 361 499 180 499 391 499 197 500 286 500 392 500 376 501 361 501 391 501 360 502 95 502 393 502 345 503 261 503 394 503 261 504 317 504 394 504 349 505 360 505 395 505 242 506 163 506 396 506 378 507 349 507 395 507 163 508 115 508 396 508 358 509 342 509 397 509 357 510 362 510 398 510 342 511 379 511 397 511 390 512 357 512 398 512 360 513 393 513 395 513 317 514 178 514 399 514 353 515 368 515 400 515 355 516 378 516 401 516 330 517 159 517 402 517 364 518 355 518 401 518 159 519 242 519 402 519 396 520 115 520 403 520 178 521 264 521 399 521 202 522 258 522 404 522 264 523 267 523 399 523 180 524 202 524 404 524 115 525 113 525 403 525 332 526 344 526 405 526 391 527 180 527 404 527 398 528 362 528 406 528 399 529 267 529 407 529 389 530 332 530 405 530 379 531 386 531 408 531 335 532 392 532 409 532 397 533 379 533 408 533 375 534 391 534 410 534 393 535 95 535 411 535 391 536 404 536 410 536 359 537 335 537 409 537 334 538 346 538 412 538 341 539 374 539 127 539 377 540 319 540 413 540 414 541 312 541 415 541 319 542 367 542 413 542 312 543 369 543 415 543 408 544 386 544 412 544 386 545 334 545 412 545 126 546 341 546 127 546 362 547 365 547 416 547 406 548 362 548 416 548 346 549 382 549 417 549 344 550 352 550 418 550 412 551 346 551 417 551 351 552 337 552 419 552 340 553 380 553 420 553 405 554 344 554 418 554 367 555 340 555 420 555 271 556 293 556 421 556 378 557 395 557 422 557 408 558 412 558 423 558 412 559 417 559 423 559 401 560 378 560 422 560 374 561 260 561 424 561 258 562 313 562 425 562 384 563 271 563 421 563 260 564 359 564 424 564 404 565 258 565 425 565 363 566 324 566 426 566 427 567 256 567 428 567 411 568 95 568 429 568 324 569 330 569 426 569 400 570 368 570 430 570 244 571 431 571 430 571 368 572 244 572 430 572 419 573 337 573 432 573 369 574 372 574 433 574 252 575 348 575 434 575 427 576 428 576 435 576 414 577 415 577 433 577 348 578 353 578 434 578 337 579 363 579 432 579 363 580 426 580 432 580 415 581 369 581 433 581 373 582 252 582 434 582 336 583 371 583 436 583 370 584 385 584 437 584 380 585 336 585 436 585 372 586 383 586 438 586 383 587 387 587 438 587 434 588 353 588 439 588 293 589 331 589 440 589 433 590 372 590 438 590 421 591 293 591 440 591 438 592 387 592 441 592 330 593 402 593 442 593 388 594 222 594 443 594 423 595 417 595 444 595 426 596 330 596 442 596 445 597 410 597 446 597 441 598 387 598 447 598 448 599 445 599 446 599 410 600 404 600 446 600 222 601 277 601 443 601 387 602 389 602 447 602 389 603 405 603 447 603 404 604 425 604 446 604 277 605 323 605 443 605 395 606 393 606 449 606 381 607 176 607 450 607 420 608 380 608 451 608 422 609 395 609 449 609 382 610 373 610 452 610 373 611 434 611 452 611 385 612 381 612 450 612 380 613 436 613 451 613 176 614 262 614 450 614 434 615 439 615 453 615 352 616 364 616 454 616 452 617 434 617 453 617 444 618 417 618 455 618 385 619 450 619 456 619 406 620 416 620 457 620 418 621 352 621 454 621 382 622 452 622 455 622 365 623 228 623 457 623 267 624 326 624 457 624 326 625 390 625 457 625 429 626 95 626 458 626 390 627 398 627 457 627 407 628 267 628 457 628 417 629 382 629 455 629 374 630 424 630 129 630 398 631 406 631 457 631 448 632 446 632 459 632 127 633 374 633 129 633 95 634 92 634 458 634 446 635 425 635 459 635 416 636 365 636 457 636 436 637 371 637 460 637 313 638 338 638 459 638 425 639 313 639 459 639 449 640 393 640 461 640 444 641 455 641 462 641 393 642 411 642 461 642 367 643 420 643 463 643 439 644 353 644 464 644 392 645 286 645 465 645 403 646 113 646 466 646 422 647 449 647 467 647 113 648 230 648 466 648 353 649 400 649 464 649 400 650 430 650 464 650 461 651 411 651 468 651 453 652 439 652 469 652 439 653 464 653 469 653 413 654 367 654 463 654 411 655 429 655 468 655 470 656 427 656 471 656 405 657 418 657 472 657 473 658 448 658 474 658 459 659 338 659 474 659 409 660 392 660 475 660 338 661 358 661 474 661 448 662 459 662 474 662 447 663 405 663 472 663 392 664 465 664 475 664 473 665 474 665 476 665 450 666 262 666 477 666 474 667 358 667 476 667 471 668 427 668 478 668 472 669 418 669 479 669 427 670 435 670 478 670 455 671 452 671 480 671 262 672 320 672 477 672 388 673 443 673 481 673 452 674 453 674 480 674 456 675 450 675 477 675 449 676 461 676 482 676 467 677 449 677 482 677 371 678 388 678 481 678 431 679 483 679 484 679 464 680 430 680 484 680 460 681 371 681 481 681 469 682 464 682 484 682 428 683 256 683 485 683 430 684 431 684 484 684 453 685 469 685 486 685 435 686 428 686 485 686 456 687 477 687 487 687 480 688 453 688 486 688 256 689 356 689 485 689 454 690 364 690 488 690 432 691 426 691 103 691 364 692 401 692 488 692 484 693 483 693 489 693 426 694 442 694 103 694 469 695 484 695 489 695 435 696 485 696 490 696 455 697 480 697 491 697 458 698 92 698 492 698 462 699 455 699 491 699 478 700 435 700 490 700 359 701 409 701 493 701 331 702 345 702 138 702 480 703 486 703 491 703 494 704 473 704 495 704 424 705 359 705 493 705 461 706 468 706 496 706 440 707 331 707 138 707 473 708 476 708 495 708 476 709 358 709 495 709 442 710 402 710 157 710 482 711 461 711 496 711 358 712 397 712 495 712 429 713 458 713 497 713 468 714 429 714 497 714 399 715 407 715 498 715 496 716 468 716 497 716 317 717 399 717 498 717 103 718 442 718 108 718 418 719 454 719 499 719 491 720 486 720 500 720 442 721 157 721 108 721 394 722 317 722 498 722 479 723 418 723 499 723 495 724 397 724 501 724 443 725 323 725 502 725 397 726 408 726 501 726 408 727 423 727 501 727 323 728 354 728 502 728 492 729 92 729 503 729 495 730 501 730 504 730 494 731 495 731 504 731 486 732 469 732 505 732 469 733 489 733 505 733 385 734 456 734 506 734 401 735 422 735 507 735 500 736 486 736 505 736 456 737 487 737 506 737 437 738 385 738 506 738 498 739 407 739 111 739 138 740 345 740 139 740 286 741 350 741 508 741 488 742 401 742 507 742 501 743 423 743 509 743 422 744 467 744 507 744 504 745 501 745 509 745 345 746 394 746 139 746 414 747 433 747 510 747 500 748 505 748 511 748 465 749 286 749 508 749 512 750 494 750 513 750 402 751 242 751 514 751 490 752 485 752 515 752 242 753 396 753 514 753 485 754 356 754 515 754 433 755 438 755 510 755 494 756 504 756 513 756 396 757 403 757 514 757 438 758 441 758 516 758 504 759 509 759 513 759 356 760 377 760 515 760 423 761 444 761 517 761 510 762 438 762 516 762 518 763 512 763 517 763 444 764 462 764 517 764 514 765 403 765 519 765 512 766 513 766 517 766 513 767 509 767 517 767 509 768 423 768 517 768 490 769 515 769 520 769 483 770 521 770 522 770 477 771 320 771 523 771 505 772 489 772 522 772 92 773 89 773 524 773 489 774 483 774 522 774 503 775 92 775 524 775 511 776 505 776 522 776 463 777 420 777 212 777 487 778 477 778 523 778 496 779 497 779 525 779 517 780 462 780 526 780 320 781 351 781 523 781 420 782 451 782 212 782 487 783 523 783 527 783 511 784 522 784 528 784 441 785 447 785 529 785 212 786 451 786 530 786 522 787 521 787 531 787 528 788 522 788 531 788 516 789 441 789 529 789 350 790 370 790 532 790 436 791 460 791 530 791 518 792 517 792 533 792 517 793 526 793 533 793 451 794 436 794 530 794 462 795 491 795 534 795 529 796 447 796 535 796 370 797 437 797 532 797 447 798 472 798 535 798 526 799 462 799 534 799 508 800 350 800 532 800 492 801 503 801 536 801 537 802 538 802 539 802 502 803 354 803 106 803 534 804 491 804 539 804 458 805 492 805 536 805 491 806 500 806 539 806 354 807 384 807 106 807 497 808 458 808 536 808 475 809 465 809 540 809 538 810 518 810 541 810 465 811 508 811 540 811 488 812 507 812 542 812 518 813 533 813 541 813 534 814 539 814 541 814 478 815 490 815 131 815 454 816 488 816 542 816 533 817 526 817 541 817 539 818 538 818 541 818 526 819 534 819 541 819 499 820 454 820 542 820 129 821 424 821 270 821 467 822 482 822 543 822 500 823 511 823 544 823 511 824 528 824 544 824 424 825 493 825 270 825 481 826 443 826 545 826 539 827 500 827 544 827 507 828 467 828 543 828 539 829 544 829 546 829 537 830 539 830 546 830 546 831 544 831 547 831 487 832 527 832 170 832 536 833 503 833 548 833 537 834 546 834 547 834 549 835 537 835 547 835 506 836 487 836 170 836 503 837 524 837 548 837 544 838 528 838 547 838 540 839 508 839 151 839 508 840 532 840 151 840 528 841 531 841 547 841 547 842 531 842 550 842 551 843 549 843 550 843 524 844 89 844 552 844 521 845 551 845 550 845 490 846 520 846 137 846 549 847 547 847 550 847 131 848 490 848 137 848 531 849 521 849 550 849 515 850 377 850 553 850 552 851 89 851 554 851 270 852 493 852 555 852 493 853 409 853 555 853 409 854 475 854 555 854 377 855 413 855 553 855 525 856 497 856 556 856 497 857 536 857 556 857 466 858 230 858 557 858 536 859 548 859 556 859 520 860 515 860 558 860 472 861 479 861 133 861 557 862 230 862 559 862 515 863 553 863 558 863 535 864 472 864 133 864 230 865 229 865 559 865 139 866 394 866 163 866 394 867 498 867 163 867 507 868 543 868 560 868 108 869 157 869 156 869 542 870 507 870 560 870 384 871 421 871 110 871 561 872 289 872 562 872 289 873 290 873 562 873 548 874 524 874 563 874 106 875 384 875 110 875 524 876 552 876 563 876 407 877 457 877 112 877 111 878 407 878 112 878 170 879 527 879 173 879 543 880 482 880 564 880 460 881 481 881 565 881 479 882 499 882 134 882 133 883 479 883 134 883 270 884 555 884 299 884 530 885 460 885 565 885 556 886 548 886 566 886 523 887 351 887 567 887 564 888 482 888 568 888 351 889 419 889 567 889 565 890 481 890 175 890 481 891 545 891 175 891 482 892 496 892 568 892 527 893 523 893 569 893 530 894 565 894 213 894 523 895 567 895 569 895 212 896 530 896 213 896 89 897 86 897 570 897 554 898 89 898 570 898 562 899 290 899 571 899 566 900 548 900 145 900 290 901 295 901 571 901 548 902 563 902 145 902 561 903 562 903 571 903 571 904 295 904 572 904 563 905 552 905 573 905 295 906 302 906 572 906 520 907 558 907 237 907 561 908 571 908 572 908 137 909 520 909 237 909 121 910 561 910 574 910 302 911 126 911 574 911 561 912 572 912 574 912 421 913 440 913 205 913 572 914 302 914 574 914 110 915 421 915 205 915 570 916 86 916 575 916 567 917 419 917 576 917 134 918 499 918 198 918 419 919 432 919 576 919 443 920 502 920 181 920 499 921 542 921 198 921 502 922 106 922 181 922 545 923 443 923 181 923 543 924 564 924 183 924 577 925 470 925 578 925 470 926 471 926 578 926 560 927 543 927 183 927 569 928 567 928 579 928 567 929 576 929 579 929 471 930 478 930 578 930 552 931 554 931 580 931 554 932 570 932 580 932 578 933 478 933 130 933 573 934 552 934 580 934 478 935 131 935 130 935 568 936 496 936 581 936 440 937 138 937 144 937 532 938 437 938 142 938 466 939 557 939 187 939 229 940 243 940 187 940 557 941 559 941 187 941 496 942 525 942 581 942 559 943 229 943 187 943 205 944 440 944 144 944 403 945 466 945 187 945 145 946 563 946 146 946 519 947 403 947 187 947 563 948 573 948 146 948 213 949 565 949 272 949 183 950 564 950 184 950 151 951 532 951 141 951 532 952 142 952 141 952 475 953 540 953 582 953 86 954 82 954 128 954 413 955 463 955 583 955 575 956 86 956 128 956 553 957 413 957 583 957 573 958 580 958 208 958 555 959 475 959 582 959 402 960 514 960 160 960 553 961 583 961 195 961 146 962 573 962 208 962 558 963 553 963 195 963 510 964 516 964 584 964 157 965 402 965 160 965 247 966 577 966 248 966 414 967 510 967 584 967 514 968 519 968 160 968 165 969 414 969 584 969 577 970 578 970 248 970 519 971 187 971 162 971 578 972 130 972 153 972 160 973 519 973 162 973 564 974 568 974 217 974 248 975 578 975 153 975 568 976 581 976 217 976 184 977 564 977 217 977 112 978 457 978 231 978 165 979 584 979 166 979 181 980 106 980 105 980 584 981 516 981 166 981 516 982 529 982 166 982 173 983 527 983 227 983 527 984 569 984 227 984 535 985 133 985 172 985 272 986 565 986 174 986 565 987 175 987 174 987 166 988 529 988 172 988 529 989 535 989 172 989 208 990 580 990 116 990 580 991 570 991 116 991 569 992 579 992 192 992 227 993 569 993 192 993 570 994 575 994 116 994 231 995 457 995 234 995 175 996 545 996 177 996 542 997 560 997 199 997 198 998 542 998 199 998 299 999 555 999 179 999 555 1000 582 1000 179 1000 545 1001 181 1001 177 1001 457 1002 228 1002 235 1002 234 1003 457 1003 235 1003 432 1004 103 1004 102 1004 575 1005 128 1005 117 1005 576 1006 432 1006 102 1006 116 1007 575 1007 117 1007 579 1008 576 1008 102 1008 525 1009 556 1009 190 1009 556 1010 566 1010 190 1010 463 1011 212 1011 215 1011 195 1012 583 1012 215 1012 192 1013 579 1013 109 1013 583 1014 463 1014 215 1014 579 1015 102 1015 109 1015 581 1016 525 1016 190 1016 574 1017 126 1017 124 1017 560 1018 183 1018 186 1018 199 1019 560 1019 186 1019 506 1020 170 1020 148 1020 437 1021 506 1021 148 1021 195 1022 215 1022 196 1022 208 1023 116 1023 119 1023 142 1024 437 1024 148 1024 498 1025 111 1025 115 1025 163 1026 498 1026 115 1026 566 1027 145 1027 149 1027 190 1028 566 1028 149 1028 582 1029 540 1029 150 1029 558 1030 195 1030 201 1030 179 1031 582 1031 150 1031 581 1032 190 1032 189 1032 540 1033 151 1033 150 1033 121 1034 574 1034 122 1034 217 1035 581 1035 189 1035 574 1036 124 1036 122 1036 237 1037 558 1037 201 1037 172 1038 133 1038 136 1038 110 1039 205 1039 107 1039 585 1040 586 1040 587 1040 588 1041 589 1041 590 1041 591 1042 592 1042 593 1042 594 1043 595 1043 596 1043 597 1044 594 1044 596 1044 598 1045 599 1045 600 1045 599 1046 601 1046 600 1046 602 1047 603 1047 604 1047 603 1048 605 1048 604 1048 606 1049 597 1049 607 1049 608 1050 602 1050 604 1050 609 1051 610 1051 611 1051 597 1052 596 1052 607 1052 612 1053 606 1053 613 1053 606 1054 607 1054 613 1054 608 1055 604 1055 614 1055 608 1056 614 1056 615 1056 616 1057 617 1057 615 1057 592 1058 618 1058 619 1058 617 1059 608 1059 615 1059 593 1060 592 1060 619 1060 620 1061 621 1061 622 1061 623 1062 620 1062 622 1062 624 1063 625 1063 626 1063 595 1064 624 1064 626 1064 627 1065 628 1065 629 1065 610 1066 627 1066 629 1066 628 1067 630 1067 629 1067 595 1068 626 1068 631 1068 596 1069 595 1069 631 1069 607 1070 596 1070 631 1070 632 1071 633 1071 634 1071 612 1072 613 1072 635 1072 636 1073 632 1073 634 1073 637 1074 612 1074 635 1074 616 1075 615 1075 638 1075 639 1076 616 1076 638 1076 640 1077 637 1077 641 1077 600 1078 601 1078 642 1078 637 1079 635 1079 641 1079 601 1080 585 1080 642 1080 643 1081 644 1081 645 1081 613 1082 607 1082 646 1082 607 1083 631 1083 646 1083 644 1084 636 1084 645 1084 613 1085 646 1085 647 1085 648 1086 598 1086 649 1086 650 1087 648 1087 649 1087 640 1088 641 1088 651 1088 652 1089 640 1089 651 1089 638 1090 615 1090 653 1090 613 1091 647 1091 654 1091 615 1092 614 1092 653 1092 655 1093 656 1093 657 1093 635 1094 613 1094 654 1094 641 1095 635 1095 654 1095 650 1096 649 1096 657 1096 651 1097 641 1097 658 1097 641 1098 654 1098 658 1098 656 1099 650 1099 657 1099 652 1100 651 1100 659 1100 655 1101 657 1101 660 1101 661 1102 34 1102 662 1102 625 1103 593 1103 663 1103 630 1104 664 1104 665 1104 626 1105 625 1105 663 1105 629 1106 630 1106 665 1106 638 1107 653 1107 666 1107 626 1108 663 1108 667 1108 631 1109 626 1109 667 1109 605 1110 655 1110 668 1110 655 1111 660 1111 668 1111 651 1112 658 1112 669 1112 589 1113 639 1113 670 1113 639 1114 638 1114 670 1114 638 1115 666 1115 670 1115 631 1116 667 1116 671 1116 633 1117 672 1117 673 1117 646 1118 631 1118 671 1118 647 1119 646 1119 674 1119 634 1120 633 1120 673 1120 621 1121 588 1121 675 1121 588 1122 590 1122 675 1122 646 1123 671 1123 674 1123 659 1124 651 1124 676 1124 661 1125 662 1125 677 1125 651 1126 669 1126 676 1126 678 1127 661 1127 677 1127 652 1128 659 1128 679 1128 680 1129 678 1129 677 1129 681 1130 652 1130 679 1130 619 1131 618 1131 682 1131 654 1132 647 1132 683 1132 636 1133 634 1133 684 1133 645 1134 636 1134 684 1134 647 1135 674 1135 683 1135 614 1136 604 1136 685 1136 658 1137 654 1137 686 1137 604 1138 605 1138 685 1138 605 1139 668 1139 685 1139 654 1140 683 1140 686 1140 664 1141 687 1141 688 1141 659 1142 676 1142 689 1142 679 1143 659 1143 689 1143 687 1144 690 1144 688 1144 681 1145 679 1145 689 1145 669 1146 658 1146 691 1146 614 1147 685 1147 692 1147 658 1148 686 1148 691 1148 653 1149 614 1149 692 1149 622 1150 621 1150 693 1150 623 1151 622 1151 693 1151 621 1152 675 1152 693 1152 682 1153 618 1153 694 1153 34 1154 27 1154 695 1154 662 1155 34 1155 695 1155 694 1156 618 1156 696 1156 618 1157 697 1157 696 1157 676 1158 669 1158 698 1158 699 1159 700 1159 701 1159 669 1160 691 1160 698 1160 587 1161 699 1161 701 1161 663 1162 593 1162 702 1162 670 1163 666 1163 703 1163 670 1164 703 1164 704 1164 590 1165 589 1165 704 1165 593 1166 619 1166 702 1166 667 1167 663 1167 702 1167 589 1168 670 1168 704 1168 671 1169 667 1169 705 1169 688 1170 690 1170 706 1170 690 1171 680 1171 706 1171 667 1172 702 1172 705 1172 671 1173 705 1173 707 1173 674 1174 671 1174 707 1174 700 1175 708 1175 709 1175 701 1176 700 1176 709 1176 619 1177 682 1177 710 1177 590 1178 704 1178 711 1178 705 1179 702 1179 710 1179 702 1180 619 1180 710 1180 689 1181 676 1181 712 1181 611 1182 610 1182 713 1182 676 1183 698 1183 712 1183 610 1184 629 1184 713 1184 629 1185 665 1185 713 1185 653 1186 692 1186 714 1186 683 1187 674 1187 715 1187 674 1188 707 1188 715 1188 665 1189 664 1189 716 1189 707 1190 705 1190 717 1190 664 1191 688 1191 716 1191 705 1192 710 1192 717 1192 715 1193 707 1193 718 1193 653 1194 714 1194 719 1194 707 1195 717 1195 718 1195 666 1196 653 1196 719 1196 715 1197 718 1197 720 1197 711 1198 704 1198 721 1198 704 1199 703 1199 721 1199 686 1200 683 1200 722 1200 585 1201 587 1201 723 1201 683 1202 715 1202 722 1202 642 1203 585 1203 723 1203 691 1204 686 1204 724 1204 686 1205 722 1205 724 1205 711 1206 721 1206 725 1206 649 1207 598 1207 726 1207 681 1208 689 1208 727 1208 598 1209 600 1209 726 1209 689 1210 712 1210 727 1210 657 1211 649 1211 726 1211 715 1212 720 1212 728 1212 722 1213 715 1213 728 1213 724 1214 722 1214 728 1214 684 1215 634 1215 729 1215 724 1216 728 1216 730 1216 731 1217 681 1217 732 1217 681 1218 727 1218 732 1218 634 1219 673 1219 729 1219 724 1220 730 1220 733 1220 698 1221 691 1221 733 1221 691 1222 724 1222 733 1222 657 1223 726 1223 734 1223 733 1224 730 1224 735 1224 665 1225 716 1225 736 1225 698 1226 733 1226 737 1226 713 1227 665 1227 736 1227 733 1228 735 1228 737 1228 712 1229 698 1229 737 1229 65 1230 59 1230 738 1230 3 1231 65 1231 738 1231 737 1232 735 1232 739 1232 657 1233 734 1233 740 1233 660 1234 657 1234 740 1234 738 1235 59 1235 741 1235 697 1236 742 1236 743 1236 695 1237 27 1237 744 1237 27 1238 23 1238 744 1238 682 1239 694 1239 743 1239 59 1240 52 1240 745 1240 696 1241 697 1241 743 1241 694 1242 696 1242 743 1242 741 1243 59 1243 745 1243 710 1244 682 1244 743 1244 3 1245 738 1245 746 1245 717 1246 710 1246 743 1246 727 1247 712 1247 747 1247 748 1248 3 1248 746 1248 660 1249 740 1249 749 1249 668 1250 660 1250 749 1250 52 1251 45 1251 750 1251 737 1252 739 1252 747 1252 745 1253 52 1253 750 1253 703 1254 666 1254 751 1254 666 1255 719 1255 751 1255 712 1256 737 1256 747 1256 746 1257 738 1257 752 1257 721 1258 703 1258 751 1258 673 1259 672 1259 753 1259 717 1260 743 1260 754 1260 743 1261 742 1261 754 1261 718 1262 717 1262 754 1262 754 1263 742 1263 755 1263 752 1264 738 1264 756 1264 718 1265 754 1265 755 1265 757 1266 623 1266 758 1266 720 1267 718 1267 755 1267 693 1268 675 1268 758 1268 590 1269 711 1269 758 1269 747 1270 739 1270 759 1270 45 1271 38 1271 760 1271 623 1272 693 1272 758 1272 711 1273 725 1273 758 1273 750 1274 45 1274 760 1274 725 1275 757 1275 758 1275 728 1276 720 1276 761 1276 675 1277 590 1277 758 1277 677 1278 662 1278 762 1278 755 1279 742 1279 761 1279 748 1280 746 1280 763 1280 720 1281 755 1281 761 1281 738 1282 741 1282 764 1282 732 1283 727 1283 765 1283 727 1284 747 1284 765 1284 747 1285 759 1285 765 1285 730 1286 728 1286 766 1286 756 1287 738 1287 764 1287 729 1288 673 1288 767 1288 673 1289 753 1289 767 1289 685 1290 668 1290 768 1290 728 1291 761 1291 766 1291 764 1292 741 1292 769 1292 735 1293 730 1293 770 1293 741 1294 745 1294 769 1294 668 1295 749 1295 768 1295 730 1296 766 1296 770 1296 745 1297 750 1297 769 1297 706 1298 680 1298 771 1298 732 1299 765 1299 772 1299 746 1300 752 1300 773 1300 680 1301 677 1301 771 1301 763 1302 746 1302 773 1302 677 1303 762 1303 771 1303 752 1304 756 1304 774 1304 714 1305 692 1305 775 1305 692 1306 685 1306 775 1306 765 1307 759 1307 776 1307 773 1308 752 1308 774 1308 772 1309 765 1309 776 1309 685 1310 768 1310 775 1310 756 1311 764 1311 777 1311 774 1312 756 1312 777 1312 725 1313 721 1313 778 1313 772 1314 776 1314 779 1314 721 1315 751 1315 778 1315 735 1316 770 1316 780 1316 739 1317 735 1317 780 1317 760 1318 38 1318 781 1318 762 1319 662 1319 782 1319 662 1320 695 1320 782 1320 750 1321 760 1321 783 1321 759 1322 739 1322 784 1322 769 1323 750 1323 783 1323 709 1324 708 1324 785 1324 739 1325 780 1325 784 1325 763 1326 773 1326 786 1326 731 1327 732 1327 787 1327 708 1328 788 1328 785 1328 732 1329 772 1329 787 1329 789 1330 748 1330 786 1330 748 1331 763 1331 786 1331 772 1332 779 1332 790 1332 791 1333 757 1333 792 1333 725 1334 778 1334 792 1334 731 1335 787 1335 790 1335 757 1336 725 1336 792 1336 787 1337 772 1337 790 1337 736 1338 716 1338 793 1338 759 1339 784 1339 794 1339 764 1340 769 1340 795 1340 776 1341 759 1341 794 1341 786 1342 773 1342 796 1342 780 1343 770 1343 797 1343 761 1344 742 1344 797 1344 766 1345 761 1345 797 1345 770 1346 766 1346 797 1346 714 1347 775 1347 798 1347 794 1348 784 1348 797 1348 784 1349 780 1349 797 1349 742 1350 794 1350 797 1350 779 1351 776 1351 799 1351 795 1352 769 1352 800 1352 794 1353 742 1353 799 1353 609 1354 611 1354 801 1354 776 1355 794 1355 799 1355 753 1356 672 1356 801 1356 672 1357 609 1357 801 1357 790 1358 779 1358 802 1358 777 1359 764 1359 803 1359 764 1360 795 1360 803 1360 799 1361 742 1361 802 1361 796 1362 773 1362 804 1362 779 1363 799 1363 802 1363 773 1364 774 1364 804 1364 726 1365 600 1365 805 1365 742 1366 806 1366 807 1366 731 1367 790 1367 807 1367 774 1368 777 1368 804 1368 802 1369 742 1369 807 1369 734 1370 726 1370 805 1370 790 1371 802 1371 807 1371 600 1372 642 1372 805 1372 806 1373 731 1373 808 1373 38 1374 32 1374 809 1374 731 1375 807 1375 808 1375 807 1376 806 1376 808 1376 781 1377 38 1377 809 1377 810 1378 811 1378 812 1378 813 1379 814 1379 812 1379 688 1380 706 1380 815 1380 816 1381 817 1381 812 1381 804 1382 777 1382 818 1382 811 1383 816 1383 812 1383 777 1384 803 1384 818 1384 814 1385 810 1385 812 1385 817 1386 813 1386 812 1386 32 1387 25 1387 819 1387 716 1388 688 1388 815 1388 820 1389 821 1389 822 1389 809 1390 32 1390 819 1390 823 1391 824 1391 822 1391 825 1392 820 1392 822 1392 760 1393 781 1393 826 1393 821 1394 827 1394 822 1394 734 1395 805 1395 828 1395 783 1396 760 1396 826 1396 740 1397 734 1397 828 1397 824 1398 825 1398 822 1398 829 1399 830 1399 831 1399 832 1400 833 1400 831 1400 740 1401 828 1401 834 1401 749 1402 740 1402 834 1402 835 1403 836 1403 837 1403 838 1404 839 1404 837 1404 800 1405 769 1405 840 1405 836 1406 841 1406 837 1406 842 1407 843 1407 837 1407 843 1408 844 1408 837 1408 769 1409 783 1409 840 1409 714 1410 798 1410 845 1410 846 1411 847 1411 837 1411 719 1412 714 1412 845 1412 847 1413 848 1413 837 1413 839 1414 846 1414 837 1414 849 1415 838 1415 837 1415 818 1416 803 1416 850 1416 848 1417 835 1417 837 1417 749 1418 834 1418 851 1418 844 1419 849 1419 837 1419 852 1420 832 1420 853 1420 854 1421 855 1421 853 1421 831 1422 830 1422 853 1422 856 1423 852 1423 853 1423 832 1424 831 1424 853 1424 795 1425 800 1425 857 1425 830 1426 854 1426 853 1426 803 1427 795 1427 857 1427 587 1428 701 1428 858 1428 859 1429 860 1429 861 1429 723 1430 587 1430 858 1430 862 1431 859 1431 861 1431 860 1432 863 1432 861 1432 850 1433 803 1433 857 1433 863 1434 862 1434 861 1434 864 1435 865 1435 866 1435 706 1436 771 1436 867 1436 868 1437 869 1437 866 1437 815 1438 706 1438 867 1438 837 1439 841 1439 866 1439 841 1440 870 1440 866 1440 842 1441 837 1441 866 1441 601 1442 599 1442 866 1442 857 1443 800 1443 871 1443 872 1444 601 1444 866 1444 800 1445 840 1445 871 1445 869 1446 842 1446 866 1446 805 1447 642 1447 873 1447 870 1448 864 1448 866 1448 865 1449 872 1449 866 1449 642 1450 723 1450 873 1450 599 1451 868 1451 866 1451 856 1452 853 1452 874 1452 875 1453 876 1453 874 1453 877 1454 878 1454 874 1454 878 1455 879 1455 874 1455 826 1456 781 1456 880 1456 805 1457 873 1457 881 1457 879 1458 875 1458 874 1458 781 1459 809 1459 880 1459 828 1460 805 1460 881 1460 853 1461 855 1461 874 1461 876 1462 882 1462 874 1462 855 1463 877 1463 874 1463 882 1464 883 1464 874 1464 883 1465 884 1465 874 1465 819 1466 25 1466 885 1466 884 1467 856 1467 874 1467 834 1468 828 1468 886 1468 887 1469 888 1469 889 1469 851 1470 834 1470 886 1470 736 1471 793 1471 889 1471 890 1472 891 1472 889 1472 828 1473 881 1473 886 1473 788 1474 643 1474 892 1474 888 1475 736 1475 889 1475 893 1476 894 1476 889 1476 809 1477 819 1477 895 1477 894 1478 887 1478 889 1478 793 1479 890 1479 889 1479 880 1480 809 1480 895 1480 893 1481 889 1481 896 1481 785 1482 788 1482 892 1482 897 1483 893 1483 896 1483 898 1484 899 1484 896 1484 783 1485 826 1485 900 1485 891 1486 898 1486 896 1486 851 1487 886 1487 901 1487 902 1488 897 1488 896 1488 889 1489 891 1489 896 1489 840 1490 783 1490 900 1490 775 1491 768 1491 903 1491 904 1492 905 1492 906 1492 749 1493 851 1493 903 1493 907 1494 908 1494 906 1494 850 1495 857 1495 909 1495 768 1496 749 1496 903 1496 857 1497 871 1497 909 1497 798 1498 775 1498 910 1498 906 1499 905 1499 911 1499 912 1500 913 1500 911 1500 775 1501 903 1501 910 1501 914 1502 915 1502 911 1502 778 1503 751 1503 916 1503 913 1504 917 1504 911 1504 871 1505 840 1505 918 1505 791 1506 792 1506 916 1506 907 1507 906 1507 911 1507 792 1508 778 1508 916 1508 919 1509 920 1509 911 1509 840 1510 900 1510 918 1510 845 1511 791 1511 916 1511 920 1512 912 1512 911 1512 719 1513 845 1513 916 1513 915 1514 921 1514 911 1514 751 1515 719 1515 916 1515 921 1516 922 1516 911 1516 922 1517 919 1517 911 1517 923 1518 907 1518 911 1518 744 1519 23 1519 924 1519 905 1520 914 1520 911 1520 917 1521 923 1521 911 1521 909 1522 871 1522 820 1522 925 1523 823 1523 926 1523 871 1524 918 1524 820 1524 927 1525 829 1525 926 1525 823 1526 822 1526 926 1526 829 1527 831 1527 926 1527 796 1528 804 1528 928 1528 833 1529 925 1529 926 1529 786 1530 796 1530 928 1530 827 1531 927 1531 926 1531 822 1532 827 1532 926 1532 789 1533 786 1533 928 1533 831 1534 833 1534 926 1534 801 1535 611 1535 929 1535 930 1536 904 1536 931 1536 899 1537 930 1537 931 1537 906 1538 908 1538 931 1538 782 1539 695 1539 932 1539 902 1540 896 1540 931 1540 25 1541 19 1541 933 1541 904 1542 906 1542 931 1542 908 1543 934 1543 931 1543 885 1544 25 1544 933 1544 934 1545 902 1545 931 1545 896 1546 899 1546 931 1546 744 1547 924 1547 932 1547 900 1548 826 1548 935 1548 695 1549 744 1549 932 1549 23 1550 17 1550 936 1550 924 1551 23 1551 936 1551 753 1552 801 1552 937 1552 826 1553 880 1553 935 1553 767 1554 753 1554 937 1554 819 1555 885 1555 938 1555 895 1556 819 1556 938 1556 851 1557 901 1557 939 1557 903 1558 851 1558 939 1558 910 1559 903 1559 939 1559 928 1560 804 1560 940 1560 804 1561 818 1561 940 1561 771 1562 762 1562 941 1562 935 1563 880 1563 942 1563 910 1564 939 1564 943 1564 880 1565 895 1565 942 1565 845 1566 798 1566 944 1566 798 1567 910 1567 944 1567 910 1568 943 1568 944 1568 791 1569 845 1569 945 1569 940 1570 818 1570 946 1570 845 1571 944 1571 945 1571 820 1572 918 1572 821 1572 892 1573 643 1573 947 1573 643 1574 645 1574 947 1574 793 1575 716 1575 890 1575 900 1576 935 1576 948 1576 918 1577 900 1577 948 1577 716 1578 815 1578 890 1578 944 1579 943 1579 949 1579 19 1580 13 1580 813 1580 945 1581 944 1581 949 1581 933 1582 19 1582 813 1582 813 1583 13 1583 814 1583 867 1584 771 1584 950 1584 771 1585 941 1585 950 1585 701 1586 709 1586 951 1586 946 1587 818 1587 952 1587 818 1588 850 1588 952 1588 858 1589 701 1589 951 1589 850 1590 909 1590 952 1590 928 1591 940 1591 846 1591 762 1592 782 1592 953 1592 839 1593 789 1593 846 1593 789 1594 928 1594 846 1594 941 1595 762 1595 953 1595 885 1596 933 1596 954 1596 938 1597 885 1597 954 1597 945 1598 949 1598 955 1598 791 1599 945 1599 955 1599 933 1600 813 1600 954 1600 937 1601 801 1601 956 1601 801 1602 929 1602 956 1602 895 1603 938 1603 957 1603 867 1604 950 1604 891 1604 942 1605 895 1605 957 1605 890 1606 815 1606 891 1606 815 1607 867 1607 891 1607 709 1608 785 1608 958 1608 951 1609 709 1609 958 1609 935 1610 942 1610 959 1610 948 1611 935 1611 959 1611 846 1612 940 1612 847 1612 940 1613 946 1613 847 1613 873 1614 723 1614 960 1614 946 1615 952 1615 848 1615 723 1616 858 1616 960 1616 847 1617 946 1617 848 1617 881 1618 873 1618 961 1618 918 1619 948 1619 827 1619 821 1620 918 1620 827 1620 873 1621 960 1621 961 1621 942 1622 957 1622 962 1622 881 1623 961 1623 963 1623 959 1624 942 1624 962 1624 886 1625 881 1625 963 1625 13 1626 12 1626 810 1626 814 1627 13 1627 810 1627 886 1628 963 1628 964 1628 901 1629 886 1629 964 1629 947 1630 645 1630 965 1630 954 1631 813 1631 817 1631 909 1632 820 1632 966 1632 645 1633 684 1633 965 1633 952 1634 909 1634 966 1634 611 1635 713 1635 967 1635 713 1636 736 1636 967 1636 929 1637 611 1637 967 1637 932 1638 924 1638 968 1638 848 1639 952 1639 835 1639 924 1640 936 1640 968 1640 952 1641 966 1641 835 1641 938 1642 954 1642 969 1642 954 1643 817 1643 969 1643 929 1644 967 1644 970 1644 956 1645 929 1645 970 1645 957 1646 938 1646 969 1646 939 1647 901 1647 971 1647 901 1648 964 1648 971 1648 948 1649 959 1649 927 1649 827 1650 948 1650 927 1650 782 1651 932 1651 972 1651 932 1652 968 1652 972 1652 953 1653 782 1653 972 1653 791 1654 955 1654 973 1654 966 1655 820 1655 825 1655 949 1656 943 1656 973 1656 955 1657 949 1657 973 1657 939 1658 971 1658 973 1658 943 1659 939 1659 973 1659 12 1660 76 1660 974 1660 810 1661 12 1661 974 1661 936 1662 17 1662 975 1662 968 1663 936 1663 976 1663 927 1664 959 1664 829 1664 936 1665 975 1665 976 1665 959 1666 962 1666 829 1666 967 1667 736 1667 888 1667 962 1668 957 1668 977 1668 957 1669 969 1669 977 1669 974 1670 76 1670 978 1670 965 1671 684 1671 979 1671 684 1672 729 1672 979 1672 891 1673 950 1673 898 1673 950 1674 941 1674 980 1674 941 1675 953 1675 980 1675 898 1676 950 1676 980 1676 810 1677 974 1677 811 1677 785 1678 892 1678 981 1678 958 1679 785 1679 981 1679 858 1680 951 1680 982 1680 969 1681 817 1681 983 1681 960 1682 858 1682 982 1682 835 1683 966 1683 836 1683 966 1684 825 1684 836 1684 817 1685 816 1685 984 1685 975 1686 17 1686 985 1686 985 1687 17 1687 986 1687 983 1688 817 1688 984 1688 76 1689 72 1689 987 1689 961 1690 960 1690 988 1690 960 1691 982 1691 988 1691 978 1692 76 1692 987 1692 836 1693 825 1693 841 1693 961 1694 988 1694 989 1694 825 1695 824 1695 841 1695 963 1696 961 1696 989 1696 829 1697 962 1697 830 1697 980 1698 953 1698 990 1698 962 1699 977 1699 830 1699 969 1700 983 1700 991 1700 964 1701 963 1701 992 1701 963 1702 989 1702 992 1702 977 1703 969 1703 991 1703 811 1704 974 1704 993 1704 986 1705 17 1705 994 1705 979 1706 729 1706 995 1706 987 1707 72 1707 996 1707 729 1708 767 1708 995 1708 967 1709 888 1709 997 1709 993 1710 974 1710 998 1710 970 1711 967 1711 997 1711 992 1712 999 1712 1000 1712 971 1713 964 1713 1000 1713 964 1714 992 1714 1000 1714 974 1715 978 1715 998 1715 999 1716 791 1716 1001 1716 971 1717 1000 1717 1001 1717 973 1718 971 1718 1001 1718 1000 1719 999 1719 1001 1719 841 1720 824 1720 870 1720 791 1721 973 1721 1001 1721 824 1722 823 1722 870 1722 984 1723 816 1723 1002 1723 892 1724 947 1724 1003 1724 981 1725 892 1725 1003 1725 816 1726 811 1726 1002 1726 811 1727 993 1727 1002 1727 972 1728 968 1728 1004 1728 994 1729 17 1729 1005 1729 991 1730 983 1730 1006 1730 17 1731 4 1731 1005 1731 983 1732 984 1732 1006 1732 996 1733 72 1733 1007 1733 72 1734 70 1734 1007 1734 976 1735 975 1735 1008 1735 830 1736 977 1736 854 1736 977 1737 991 1737 854 1737 995 1738 767 1738 1009 1738 991 1739 1006 1739 854 1739 767 1740 937 1740 1009 1740 1006 1741 984 1741 1010 1741 1004 1742 968 1742 1011 1742 968 1743 976 1743 1011 1743 978 1744 987 1744 1012 1744 976 1745 1008 1745 1011 1745 987 1746 996 1746 1012 1746 898 1747 980 1747 899 1747 972 1748 1004 1748 1013 1748 998 1749 978 1749 1012 1749 953 1750 972 1750 1013 1750 990 1751 953 1751 1013 1751 888 1752 887 1752 1014 1752 997 1753 888 1753 1014 1753 1002 1754 993 1754 1015 1754 982 1755 951 1755 1016 1755 951 1756 958 1756 1016 1756 988 1757 982 1757 1016 1757 988 1758 1016 1758 1017 1758 989 1759 988 1759 1017 1759 992 1760 989 1760 1018 1760 989 1761 1017 1761 1018 1761 1003 1762 947 1762 1019 1762 70 1763 63 1763 859 1763 1007 1764 70 1764 859 1764 947 1765 965 1765 1019 1765 958 1766 981 1766 1020 1766 1017 1767 1016 1767 1020 1767 1016 1768 958 1768 1020 1768 999 1769 992 1769 1021 1769 992 1770 1018 1770 1021 1770 1012 1771 996 1771 1022 1771 899 1772 980 1772 930 1772 823 1773 925 1773 864 1773 980 1774 990 1774 930 1774 870 1775 823 1775 864 1775 1018 1776 1017 1776 1023 1776 1017 1777 1020 1777 1023 1777 1021 1778 1018 1778 1024 1778 993 1779 998 1779 1025 1779 1018 1780 1023 1780 1024 1780 1015 1781 993 1781 1025 1781 1008 1782 975 1782 1026 1782 975 1783 985 1783 1026 1783 854 1784 1006 1784 855 1784 1006 1785 1010 1785 855 1785 999 1786 1021 1786 1027 1786 1021 1787 1024 1787 1027 1787 1026 1788 985 1788 1028 1788 985 1789 986 1789 1028 1789 855 1790 1010 1790 877 1790 986 1791 994 1791 1029 1791 4 1792 1030 1792 1029 1792 994 1793 1005 1793 1029 1793 1028 1794 986 1794 1029 1794 1005 1795 4 1795 1029 1795 1010 1796 984 1796 1031 1796 1002 1797 1015 1797 1031 1797 984 1798 1002 1798 1031 1798 1014 1799 887 1799 1032 1799 887 1800 894 1800 1032 1800 996 1801 1007 1801 1033 1801 1007 1802 859 1802 1033 1802 1022 1803 996 1803 1033 1803 1025 1804 998 1804 1034 1804 998 1805 1012 1805 1034 1805 965 1806 979 1806 1035 1806 1019 1807 965 1807 1035 1807 1012 1808 1022 1808 1034 1808 937 1809 956 1809 1036 1809 859 1810 63 1810 860 1810 1009 1811 937 1811 1036 1811 925 1812 833 1812 865 1812 864 1813 925 1813 865 1813 990 1814 1013 1814 904 1814 930 1815 990 1815 904 1815 1011 1816 1008 1816 1037 1816 1013 1817 1004 1817 1038 1817 904 1818 1013 1818 1038 1818 1004 1819 1011 1819 1038 1819 1015 1820 1025 1820 1039 1820 1031 1821 1015 1821 1039 1821 979 1822 995 1822 1040 1822 1035 1823 979 1823 1040 1823 1020 1824 981 1824 1041 1824 981 1825 1003 1825 1041 1825 1033 1826 859 1826 862 1826 865 1827 833 1827 872 1827 1038 1828 1011 1828 1042 1828 833 1829 832 1829 872 1829 1011 1830 1037 1830 1042 1830 1023 1831 1020 1831 1043 1831 1020 1832 1041 1832 1043 1832 1034 1833 1022 1833 1044 1833 860 1834 63 1834 1045 1834 1046 1835 999 1835 1047 1835 1023 1836 1043 1836 1047 1836 63 1837 60 1837 1045 1837 999 1838 1027 1838 1047 1838 1024 1839 1023 1839 1047 1839 1027 1840 1024 1840 1047 1840 1036 1841 956 1841 1048 1841 956 1842 970 1842 1048 1842 1031 1843 1039 1843 878 1843 1010 1844 1031 1844 878 1844 877 1845 1010 1845 878 1845 1037 1846 1008 1846 1049 1846 1039 1847 1025 1847 1050 1847 1008 1848 1026 1848 1049 1848 1025 1849 1034 1849 1050 1849 1049 1850 1026 1850 1051 1850 1026 1851 1028 1851 1051 1851 1032 1852 894 1852 1052 1852 1033 1853 862 1853 1053 1853 1044 1854 1022 1854 1053 1854 894 1855 893 1855 1052 1855 1041 1856 1003 1856 1054 1856 1043 1857 1041 1857 1054 1857 1022 1858 1033 1858 1053 1858 1003 1859 1019 1859 1054 1859 839 1860 838 1860 1055 1860 1040 1861 995 1861 1056 1861 1057 1862 839 1862 1055 1862 838 1863 849 1863 1055 1863 995 1864 1009 1864 1056 1864 1051 1865 1028 1865 1058 1865 1045 1866 60 1866 1059 1866 1028 1867 1029 1867 1058 1867 60 1868 54 1868 1059 1868 1047 1869 1043 1869 1060 1869 1043 1870 1054 1870 1060 1870 878 1871 1039 1871 879 1871 1047 1872 1060 1872 1061 1872 1046 1873 1047 1873 1061 1873 893 1874 897 1874 1062 1874 1052 1875 893 1875 1062 1875 1057 1876 1055 1876 1063 1876 1055 1877 849 1877 1063 1877 849 1878 844 1878 1063 1878 970 1879 997 1879 1064 1879 1048 1880 970 1880 1064 1880 1038 1881 1042 1881 905 1881 904 1882 1038 1882 905 1882 1029 1883 1030 1883 1065 1883 1058 1884 1029 1884 1065 1884 1009 1885 1036 1885 1066 1885 1056 1886 1009 1886 1066 1886 1034 1887 1044 1887 1067 1887 1050 1888 1034 1888 1067 1888 905 1889 1042 1889 914 1889 1068 1890 1046 1890 1069 1890 1054 1891 1019 1891 1069 1891 832 1892 852 1892 1070 1892 1060 1893 1054 1893 1069 1893 872 1894 832 1894 1070 1894 1061 1895 1060 1895 1069 1895 1046 1896 1061 1896 1069 1896 1019 1897 1035 1897 1069 1897 1037 1898 1049 1898 1071 1898 1042 1899 1037 1899 1071 1899 862 1900 863 1900 1072 1900 1053 1901 862 1901 1072 1901 914 1902 1042 1902 1071 1902 879 1903 1039 1903 875 1903 1062 1904 897 1904 1073 1904 897 1905 902 1905 1073 1905 1039 1906 1050 1906 875 1906 1035 1907 1040 1907 1074 1907 1067 1908 1044 1908 1075 1908 1069 1909 1035 1909 1074 1909 1044 1910 1053 1910 1075 1910 1068 1911 1069 1911 1076 1911 1069 1912 1074 1912 1076 1912 860 1913 1045 1913 1077 1913 863 1914 860 1914 1077 1914 1071 1915 1049 1915 1078 1915 1049 1916 1051 1916 1078 1916 844 1917 843 1917 1079 1917 1063 1918 844 1918 1079 1918 1064 1919 997 1919 1080 1919 997 1920 1014 1920 1080 1920 1051 1921 1058 1921 1081 1921 1059 1922 54 1922 1082 1922 1078 1923 1051 1923 1081 1923 1030 1924 1083 1924 1084 1924 1065 1925 1030 1925 1084 1925 1058 1926 1065 1926 1084 1926 1067 1927 1075 1927 1085 1927 1081 1928 1058 1928 1084 1928 1050 1929 1067 1929 1085 1929 875 1930 1050 1930 1085 1930 1036 1931 1048 1931 1086 1931 1066 1932 1036 1932 1086 1932 1087 1933 1068 1933 1088 1933 1040 1934 1056 1934 1088 1934 1074 1935 1040 1935 1088 1935 1068 1936 1076 1936 1088 1936 1076 1937 1074 1937 1088 1937 1077 1938 1045 1938 1089 1938 1045 1939 1059 1939 1089 1939 1014 1940 1032 1940 1090 1940 1080 1941 1014 1941 1090 1941 1071 1942 1078 1942 915 1942 1053 1943 1072 1943 1091 1943 914 1944 1071 1944 915 1944 1075 1945 1053 1945 1091 1945 1070 1946 852 1946 586 1946 852 1947 856 1947 586 1947 1073 1948 902 1948 1092 1948 902 1949 934 1949 1092 1949 1072 1950 863 1950 1093 1950 1048 1951 1064 1951 1094 1951 1086 1952 1048 1952 1094 1952 54 1953 49 1953 1095 1953 1082 1954 54 1954 1095 1954 1056 1955 1066 1955 1096 1955 1088 1956 1056 1956 1096 1956 1087 1957 1088 1957 1096 1957 915 1958 1078 1958 921 1958 921 1959 1078 1959 922 1959 1078 1960 1081 1960 922 1960 1085 1961 1075 1961 1097 1961 1072 1962 1093 1962 1098 1962 1032 1963 1052 1963 1099 1963 1091 1964 1072 1964 1098 1964 1090 1965 1032 1965 1099 1965 1092 1966 934 1966 1100 1966 863 1967 1077 1967 1101 1967 1081 1968 1084 1968 919 1968 922 1969 1081 1969 919 1969 1093 1970 863 1970 1101 1970 843 1971 842 1971 1102 1971 1064 1972 1080 1972 1103 1972 1094 1973 1064 1973 1103 1973 1079 1974 843 1974 1102 1974 1095 1975 49 1975 1104 1975 49 1976 43 1976 1104 1976 1066 1977 1086 1977 1105 1977 1096 1978 1066 1978 1105 1978 1087 1979 1096 1979 1105 1979 919 1980 1084 1980 1106 1980 1102 1981 842 1981 1107 1981 842 1982 869 1982 1107 1982 1084 1983 1083 1983 1106 1983 934 1984 908 1984 1108 1984 908 1985 907 1985 1108 1985 1100 1986 934 1986 1108 1986 1057 1987 1063 1987 1109 1987 1063 1988 1079 1988 1109 1988 586 1989 856 1989 699 1989 856 1990 884 1990 699 1990 1099 1991 1052 1991 1110 1991 1052 1992 1062 1992 1110 1992 1097 1993 1075 1993 632 1993 1091 1994 1098 1994 632 1994 1075 1995 1091 1995 632 1995 1110 1996 1062 1996 1111 1996 1062 1997 1073 1997 1111 1997 1103 1998 1080 1998 1112 1998 1089 1999 1059 1999 1113 1999 1059 2000 1082 2000 1113 2000 1057 2001 1109 2001 1114 2001 1080 2002 1090 2002 1112 2002 1086 2003 1094 2003 1115 2003 1105 2004 1086 2004 1115 2004 1057 2005 1114 2005 1116 2005 1105 2006 1115 2006 1117 2006 1118 2007 1087 2007 1119 2007 699 2008 884 2008 700 2008 1087 2009 1105 2009 1119 2009 884 2010 883 2010 700 2010 1105 2011 1117 2011 1119 2011 1112 2012 1090 2012 1120 2012 1090 2013 1099 2013 1120 2013 1094 2014 1103 2014 1121 2014 1115 2015 1094 2015 1121 2015 1101 2016 1077 2016 627 2016 1108 2017 907 2017 1122 2017 907 2018 923 2018 1122 2018 1077 2019 1089 2019 627 2019 1117 2020 1115 2020 1123 2020 1057 2021 1116 2021 1124 2021 1115 2022 1121 2022 1123 2022 1118 2023 1119 2023 1125 2023 1119 2024 1117 2024 1125 2024 1117 2025 1123 2025 1125 2025 872 2026 1070 2026 601 2026 1082 2027 1095 2027 1126 2027 1095 2028 1104 2028 1126 2028 1122 2029 923 2029 1127 2029 1113 2030 1082 2030 1126 2030 923 2031 917 2031 1127 2031 1073 2032 1092 2032 1128 2032 632 2033 1098 2033 633 2033 1111 2034 1073 2034 1128 2034 1057 2035 1124 2035 1129 2035 1057 2036 1129 2036 1130 2036 1120 2037 1099 2037 1131 2037 1099 2038 1110 2038 1131 2038 1121 2039 1103 2039 1132 2039 1103 2040 1112 2040 1132 2040 1123 2041 1121 2041 1132 2041 1123 2042 1132 2042 1133 2042 1093 2043 1101 2043 1134 2043 1098 2044 1093 2044 1134 2044 1125 2045 1123 2045 1133 2045 633 2046 1098 2046 1134 2046 1135 2047 1118 2047 1136 2047 1125 2048 1133 2048 1136 2048 1118 2049 1125 2049 1136 2049 869 2050 868 2050 648 2050 1107 2051 869 2051 648 2051 1109 2052 1079 2052 1137 2052 1079 2053 1102 2053 1137 2053 1114 2054 1109 2054 1137 2054 1083 2055 1138 2055 920 2055 1106 2056 1083 2056 920 2056 919 2057 1106 2057 920 2057 1092 2058 1100 2058 1139 2058 1057 2059 1130 2059 1140 2059 1128 2060 1092 2060 1139 2060 1114 2061 1137 2061 1141 2061 1116 2062 1114 2062 1141 2062 917 2063 913 2063 1142 2063 1127 2064 917 2064 1142 2064 1116 2065 1141 2065 1143 2065 1131 2066 1110 2066 1144 2066 1124 2067 1116 2067 1143 2067 1110 2068 1111 2068 1144 2068 1104 2069 43 2069 1145 2069 1112 2070 1120 2070 1146 2070 1132 2071 1112 2071 1146 2071 1057 2072 1140 2072 1147 2072 1100 2073 1108 2073 1148 2073 1124 2074 1143 2074 1149 2074 1139 2075 1100 2075 1148 2075 1101 2076 627 2076 1150 2076 1132 2077 1146 2077 1151 2077 1133 2078 1132 2078 1151 2078 1134 2079 1101 2079 1150 2079 1136 2080 1133 2080 1152 2080 1133 2081 1151 2081 1152 2081 1144 2082 1111 2082 1153 2082 1111 2083 1128 2083 1153 2083 1135 2084 1136 2084 1154 2084 875 2085 1085 2085 876 2085 1136 2086 1152 2086 1154 2086 913 2087 912 2087 1155 2087 1126 2088 1104 2088 687 2088 1142 2089 913 2089 1155 2089 912 2090 920 2090 1156 2090 1145 2091 43 2091 678 2091 1155 2092 912 2092 1156 2092 43 2093 40 2093 678 2093 1120 2094 1131 2094 1157 2094 1146 2095 1120 2095 1157 2095 700 2096 883 2096 708 2096 883 2097 882 2097 708 2097 1151 2098 1146 2098 1158 2098 1146 2099 1157 2099 1158 2099 1124 2100 1149 2100 1159 2100 1129 2101 1124 2101 1159 2101 1130 2102 1129 2102 1159 2102 1151 2103 1158 2103 1160 2103 1152 2104 1151 2104 1160 2104 1154 2105 1152 2105 1160 2105 1089 2106 1113 2106 628 2106 920 2107 1138 2107 1161 2107 627 2108 1089 2108 628 2108 1156 2109 920 2109 1161 2109 1130 2110 1159 2110 1162 2110 1154 2111 1160 2111 1163 2111 1140 2112 1130 2112 1162 2112 1148 2113 1108 2113 1164 2113 1057 2114 1147 2114 1165 2114 620 2115 1057 2115 1165 2115 1108 2116 1122 2116 1164 2116 1070 2117 586 2117 585 2117 1135 2118 1154 2118 1166 2118 1154 2119 1163 2119 1166 2119 1128 2120 1139 2120 1167 2120 601 2121 1070 2121 585 2121 1153 2122 1128 2122 1167 2122 1157 2123 1131 2123 1168 2123 633 2124 1134 2124 672 2124 1147 2125 1140 2125 617 2125 1158 2126 1157 2126 1168 2126 1140 2127 1162 2127 617 2127 1131 2128 1144 2128 1168 2128 1158 2129 1168 2129 1169 2129 1160 2130 1158 2130 1169 2130 1150 2131 627 2131 610 2131 1085 2132 1097 2132 644 2132 1163 2133 1160 2133 1170 2133 1160 2134 1169 2134 1170 2134 1135 2135 1166 2135 1171 2135 876 2136 1085 2136 644 2136 1166 2137 1163 2137 1171 2137 1126 2138 687 2138 630 2138 1163 2139 1170 2139 1171 2139 628 2140 1113 2140 630 2140 1113 2141 1126 2141 630 2141 1164 2142 1122 2142 591 2142 1147 2143 617 2143 616 2143 1122 2144 1127 2144 591 2144 1127 2145 1142 2145 592 2145 1165 2146 1147 2146 616 2146 620 2147 1165 2147 1172 2147 591 2148 1127 2148 592 2148 708 2149 882 2149 788 2149 1139 2150 1148 2150 1173 2150 882 2151 876 2151 788 2151 1167 2152 1139 2152 1173 2152 648 2153 868 2153 598 2153 1144 2154 1153 2154 1174 2154 868 2155 599 2155 598 2155 1168 2156 1144 2156 1174 2156 1169 2157 1168 2157 1174 2157 1102 2158 1107 2158 1175 2158 1169 2159 1174 2159 1176 2159 1170 2160 1169 2160 1176 2160 1137 2161 1102 2161 1175 2161 1141 2162 1137 2162 1175 2162 1170 2163 1176 2163 1177 2163 620 2164 1172 2164 588 2164 1153 2165 1167 2165 1178 2165 1174 2166 1153 2166 1178 2166 1170 2167 1177 2167 1179 2167 1141 2168 1175 2168 1180 2168 1143 2169 1141 2169 1180 2169 1171 2170 1170 2170 1179 2170 1176 2171 1174 2171 1181 2171 1149 2172 1143 2172 1182 2172 1174 2173 1178 2173 1181 2173 1177 2174 1176 2174 1181 2174 1143 2175 1180 2175 1182 2175 1179 2176 1177 2176 1183 2176 678 2177 40 2177 661 2177 40 2178 34 2178 661 2178 1177 2179 1181 2179 1183 2179 1148 2180 1164 2180 624 2180 1149 2181 1182 2181 603 2181 1173 2182 1148 2182 624 2182 1179 2183 1183 2183 1184 2183 1134 2184 1150 2184 609 2184 1150 2185 610 2185 609 2185 1171 2186 1179 2186 1185 2186 672 2187 1134 2187 609 2187 1171 2188 1185 2188 1186 2188 1165 2189 616 2189 639 2189 1172 2190 1165 2190 639 2190 1185 2191 1179 2191 1187 2191 1179 2192 1184 2192 1187 2192 644 2193 1097 2193 636 2193 1186 2194 1185 2194 1188 2194 1185 2195 1187 2195 1188 2195 1189 2196 1135 2196 1190 2196 1097 2197 632 2197 636 2197 1171 2198 1186 2198 1190 2198 1175 2199 1107 2199 650 2199 1186 2200 1188 2200 1190 2200 1135 2201 1171 2201 1190 2201 1180 2202 1175 2202 650 2202 1190 2203 1188 2203 1191 2203 1189 2204 1190 2204 1191 2204 1107 2205 648 2205 650 2205 687 2206 1104 2206 690 2206 1164 2207 591 2207 625 2207 624 2208 1164 2208 625 2208 1178 2209 1167 2209 1192 2209 1104 2210 1145 2210 690 2210 1182 2211 1180 2211 656 2211 1180 2212 650 2212 656 2212 603 2213 1182 2213 655 2213 1167 2214 1173 2214 1192 2214 1138 2215 697 2215 618 2215 1182 2216 656 2216 655 2216 1142 2217 1155 2217 618 2217 1155 2218 1156 2218 618 2218 876 2219 644 2219 643 2219 1161 2220 1138 2220 618 2220 1156 2221 1161 2221 618 2221 592 2222 1142 2222 618 2222 788 2223 876 2223 643 2223 1181 2224 1178 2224 594 2224 1159 2225 1149 2225 602 2225 1183 2226 1181 2226 594 2226 1162 2227 1159 2227 602 2227 1178 2228 1192 2228 594 2228 1149 2229 603 2229 602 2229 1184 2230 1183 2230 597 2230 1183 2231 594 2231 597 2231 630 2232 687 2232 664 2232 617 2233 1162 2233 608 2233 1184 2234 597 2234 606 2234 1162 2235 602 2235 608 2235 1187 2236 1184 2236 612 2236 1188 2237 1187 2237 612 2237 603 2238 655 2238 605 2238 1184 2239 606 2239 612 2239 1191 2240 1188 2240 637 2240 1145 2241 678 2241 680 2241 1188 2242 612 2242 637 2242 1189 2243 1191 2243 640 2243 690 2244 1145 2244 680 2244 1191 2245 637 2245 640 2245 681 2246 1189 2246 652 2246 1189 2247 640 2247 652 2247 620 2248 588 2248 621 2248 1173 2249 624 2249 595 2249 588 2250 1172 2250 589 2250 1192 2251 1173 2251 595 2251 1172 2252 639 2252 589 2252 594 2253 1192 2253 595 2253 586 2254 699 2254 587 2254 625 2255 591 2255 593 2255 1193 2256 1194 2256 1195 2256 1196 2257 1197 2257 1198 2257 1197 2258 0 2258 1198 2258 0 2259 3 2259 1199 2259 1196 2260 1198 2260 1199 2260 1193 2261 1195 2261 1200 2261 1198 2262 0 2262 1199 2262 1201 2263 1196 2263 1202 2263 1203 2264 1193 2264 1204 2264 1196 2265 1199 2265 1202 2265 1193 2266 1200 2266 1204 2266 1199 2267 3 2267 1202 2267 1205 2268 1201 2268 1206 2268 1203 2269 1204 2269 1207 2269 1208 2270 1203 2270 1207 2270 1201 2271 1202 2271 1206 2271 1202 2272 3 2272 1206 2272 1209 2273 748 2273 3 2273 839 2274 1057 2274 1210 2274 1211 2275 1205 2275 1209 2275 1212 2276 1208 2276 1210 2276 748 2277 1213 2277 1209 2277 1214 2278 1212 2278 1210 2278 1213 2279 1211 2279 1209 2279 1057 2280 1214 2280 1210 2280 1205 2281 1206 2281 1209 2281 1206 2282 3 2282 1209 2282 1208 2283 1207 2283 1210 2283 229 2284 228 2284 1215 2284 1194 2285 229 2285 1215 2285 1195 2286 1194 2286 1215 2286 1200 2287 1195 2287 1215 2287 1207 2288 1204 2288 1215 2288 1204 2289 1200 2289 1215 2289 1210 2290 1207 2290 1216 2290 1207 2291 1215 2291 1216 2291 1210 2292 1216 2292 1217 2292 1210 2293 1217 2293 1218 2293 839 2294 1210 2294 1218 2294 1215 2295 228 2295 1219 2295 1215 2296 1219 2296 1220 2296 1215 2297 1220 2297 1221 2297 1216 2298 1215 2298 1222 2298 1215 2299 1221 2299 1222 2299 1216 2300 1222 2300 1223 2300 1217 2301 1216 2301 1223 2301 1218 2302 1217 2302 1223 2302 839 2303 1218 2303 1223 2303 789 2304 839 2304 1223 2304 244 2305 243 2305 1224 2305 1225 2306 244 2306 1224 2306 228 2307 365 2307 1226 2307 1227 2308 1225 2308 1224 2308 1219 2309 228 2309 1226 2309 1228 2310 1227 2310 1224 2310 1220 2311 1219 2311 1226 2311 1229 2312 1228 2312 1224 2312 1221 2313 1220 2313 1226 2313 1222 2314 1221 2314 1226 2314 1230 2315 1229 2315 1231 2315 1223 2316 1222 2316 1232 2316 1229 2317 1224 2317 1231 2317 1222 2318 1226 2318 1232 2318 1233 2319 1230 2319 1234 2319 789 2320 1223 2320 1235 2320 1223 2321 1232 2321 1235 2321 1230 2322 1231 2322 1234 2322 623 2323 1233 2323 1236 2323 620 2324 623 2324 1236 2324 1233 2325 1234 2325 1236 2325 1226 2326 365 2326 1237 2326 1224 2327 243 2327 1238 2327 1226 2328 1237 2328 1239 2328 1224 2329 1238 2329 1240 2329 1226 2330 1239 2330 1241 2330 1226 2331 1241 2331 1242 2331 1224 2332 1240 2332 1243 2332 1226 2333 1242 2333 1244 2333 1224 2334 1243 2334 1245 2334 1232 2335 1226 2335 1246 2335 1235 2336 1232 2336 1246 2336 1226 2337 1244 2337 1246 2337 1247 2338 789 2338 748 2338 789 2339 1235 2339 1247 2339 1224 2340 1245 2340 1248 2340 1235 2341 1246 2341 1247 2341 365 2342 314 2342 1196 2342 1237 2343 365 2343 1196 2343 1239 2344 1237 2344 1196 2344 1241 2345 1239 2345 1196 2345 1242 2346 1241 2346 1196 2346 1231 2347 1224 2347 1249 2347 1224 2348 1248 2348 1249 2348 1057 2349 620 2349 1250 2349 1234 2350 1231 2350 1250 2350 1242 2351 1196 2351 1201 2351 1231 2352 1249 2352 1250 2352 620 2353 1236 2353 1250 2353 1244 2354 1242 2354 1201 2354 1236 2355 1234 2355 1250 2355 243 2356 229 2356 1193 2356 1238 2357 243 2357 1193 2357 1246 2358 1244 2358 1205 2358 1240 2359 1238 2359 1193 2359 1245 2360 1243 2360 1193 2360 1244 2361 1201 2361 1205 2361 1243 2362 1240 2362 1193 2362 1247 2363 1246 2363 1211 2363 1246 2364 1205 2364 1211 2364 1248 2365 1245 2365 1203 2365 748 2366 1247 2366 1213 2366 1245 2367 1193 2367 1203 2367 1247 2368 1211 2368 1213 2368 1249 2369 1248 2369 1208 2369 314 2370 0 2370 1251 2370 1250 2371 1249 2371 1208 2371 1196 2372 314 2372 1251 2372 1248 2373 1203 2373 1208 2373 1250 2374 1208 2374 1212 2374 1057 2375 1250 2375 1214 2375 1250 2376 1212 2376 1214 2376 1196 2377 1251 2377 1197 2377 1193 2378 229 2378 1194 2378 1251 2379 0 2379 1197 2379 1252 2380 431 2380 244 2380 1253 2381 1252 2381 1225 2381 1252 2382 244 2382 1225 2382 1254 2383 1253 2383 1227 2383 1253 2384 1225 2384 1227 2384 1255 2385 1254 2385 1228 2385 1254 2386 1227 2386 1228 2386 1256 2387 1255 2387 1229 2387 1255 2388 1228 2388 1229 2388 1257 2389 1256 2389 1230 2389 1256 2390 1229 2390 1230 2390 1257 2391 1230 2391 1233 2391 1258 2392 1257 2392 623 2392 1257 2393 1233 2393 623 2393 1259 2394 1260 2394 1261 2394 1262 2395 1263 2395 1261 2395 1263 2396 1259 2396 1261 2396 1260 2397 1264 2397 1261 2397 521 2398 483 2398 1265 2398 1266 2399 1267 2399 1265 2399 1268 2400 1266 2400 1265 2400 1269 2401 521 2401 1265 2401 1267 2402 1269 2402 1265 2402 1270 2403 1268 2403 1265 2403 1271 2404 1270 2404 1265 2404 1271 2405 1265 2405 1272 2405 1271 2406 1272 2406 1273 2406 1274 2407 1271 2407 1273 2407 1275 2408 1274 2408 1273 2408 1275 2409 1273 2409 1276 2409 1264 2410 1275 2410 1277 2410 1261 2411 1264 2411 1277 2411 1275 2412 1276 2412 1277 2412 1261 2413 1277 2413 1278 2413 1279 2414 1261 2414 1280 2414 1261 2415 1278 2415 1280 2415 483 2416 431 2416 1281 2416 1265 2417 483 2417 1281 2417 431 2418 1252 2418 1282 2418 1265 2419 1281 2419 1282 2419 1281 2420 431 2420 1282 2420 551 2421 521 2421 1283 2421 1284 2422 551 2422 1283 2422 1285 2423 1284 2423 1283 2423 1265 2424 1282 2424 1286 2424 1252 2425 1253 2425 1286 2425 1285 2426 1283 2426 1287 2426 1282 2427 1252 2427 1286 2427 1285 2428 1287 2428 1288 2428 1289 2429 1285 2429 1290 2429 1285 2430 1288 2430 1290 2430 1253 2431 1254 2431 1291 2431 1289 2432 1290 2432 1260 2432 1286 2433 1253 2433 1291 2433 1292 2434 1289 2434 1259 2434 1265 2435 1286 2435 1291 2435 1289 2436 1260 2436 1259 2436 1262 2437 1292 2437 1263 2437 1292 2438 1259 2438 1263 2438 1291 2439 1254 2439 1293 2439 1265 2440 1291 2440 1293 2440 1283 2441 521 2441 1269 2441 1272 2442 1265 2442 1293 2442 1293 2443 1254 2443 1294 2443 1254 2444 1255 2444 1294 2444 1283 2445 1269 2445 1267 2445 1272 2446 1293 2446 1294 2446 1273 2447 1272 2447 1294 2447 1283 2448 1267 2448 1266 2448 1294 2449 1255 2449 1295 2449 1273 2450 1294 2450 1295 2450 1276 2451 1273 2451 1295 2451 1283 2452 1266 2452 1268 2452 1255 2453 1256 2453 1296 2453 1295 2454 1255 2454 1296 2454 1283 2455 1268 2455 1270 2455 1276 2456 1295 2456 1296 2456 1277 2457 1276 2457 1296 2457 1256 2458 1257 2458 1297 2458 1296 2459 1256 2459 1297 2459 1277 2460 1296 2460 1297 2460 1288 2461 1287 2461 1271 2461 1287 2462 1283 2462 1271 2462 1278 2463 1277 2463 1297 2463 1258 2464 1279 2464 1298 2464 1280 2465 1278 2465 1298 2465 1257 2466 1258 2466 1298 2466 1297 2467 1257 2467 1298 2467 1278 2468 1297 2468 1298 2468 1283 2469 1270 2469 1271 2469 1279 2470 1280 2470 1298 2470 1290 2471 1288 2471 1274 2471 1288 2472 1271 2472 1274 2472 1290 2473 1274 2473 1275 2473 1260 2474 1290 2474 1264 2474 1290 2475 1275 2475 1264 2475 1279 2476 1262 2476 1261 2476 551 2477 1299 2477 549 2477 1284 2478 1300 2478 1299 2478 1284 2479 1299 2479 551 2479 1285 2480 1300 2480 1284 2480 1289 2481 1301 2481 1300 2481 1289 2482 1300 2482 1285 2482 1292 2483 1302 2483 1301 2483 1292 2484 1301 2484 1289 2484 1303 2485 1304 2485 1305 2485 1303 2486 1305 2486 1306 2486 1307 2487 1304 2487 1303 2487 1308 2488 1306 2488 1309 2488 1308 2489 1309 2489 1310 2489 1308 2490 1310 2490 1311 2490 1312 2491 1306 2491 1308 2491 1312 2492 1308 2492 1311 2492 1313 2493 1306 2493 1312 2493 1313 2494 1312 2494 1311 2494 1314 2495 1313 2495 1311 2495 1314 2496 1311 2496 1315 2496 1314 2497 1306 2497 1313 2497 1316 2498 1306 2498 1314 2498 1317 2499 1315 2499 1318 2499 1317 2500 1303 2500 1306 2500 1317 2501 1306 2501 1316 2501 1319 2502 1318 2502 561 2502 1319 2503 561 2503 1307 2503 1319 2504 1307 2504 1303 2504 1319 2505 1317 2505 1318 2505 1319 2506 1303 2506 1317 2506 1315 2507 1316 2507 1314 2507 1315 2508 1317 2508 1316 2508 1320 2509 1302 2509 1321 2509 1320 2510 1299 2510 1300 2510 1320 2511 1300 2511 1301 2511 1320 2512 1301 2512 1302 2512 1322 2513 549 2513 1299 2513 1322 2514 1299 2514 1320 2514 1323 2515 549 2515 1322 2515 1324 2516 1320 2516 1321 2516 1325 2517 1320 2517 1324 2517 1326 2518 1320 2518 1325 2518 1327 2519 1320 2519 1326 2519 1328 2520 1320 2520 1327 2520 1329 2521 1320 2521 1328 2521 1330 2522 1331 2522 1323 2522 1330 2523 1320 2523 1329 2523 1330 2524 1323 2524 1322 2524 1330 2525 1322 2525 1320 2525 1332 2526 1321 2526 1333 2526 1332 2527 1325 2527 1324 2527 1332 2528 1324 2528 1321 2528 1332 2529 1328 2529 1327 2529 1332 2530 1327 2530 1326 2530 1332 2531 1326 2531 1325 2531 1334 2532 1328 2532 1332 2532 1334 2533 1329 2533 1328 2533 1335 2534 1330 2534 1329 2534 1335 2535 1329 2535 1334 2535 1336 2536 1330 2536 1335 2536 1336 2537 1331 2537 1330 2537 1337 2538 1332 2538 1333 2538 1338 2539 1332 2539 1337 2539 1339 2540 1332 2540 1338 2540 1340 2541 1332 2541 1339 2541 1341 2542 1332 2542 1340 2542 1341 2543 1334 2543 1332 2543 1342 2544 1334 2544 1341 2544 1342 2545 1335 2545 1334 2545 1343 2546 1335 2546 1342 2546 1343 2547 1331 2547 1336 2547 1343 2548 1336 2548 1335 2548 1344 2549 1337 2549 1333 2549 1344 2550 1333 2550 1345 2550 1344 2551 1338 2551 1337 2551 1344 2552 1339 2552 1338 2552 1344 2553 1340 2553 1339 2553 1344 2554 1341 2554 1340 2554 1346 2555 1342 2555 1341 2555 1346 2556 1341 2556 1344 2556 1347 2557 1343 2557 1342 2557 1347 2558 1342 2558 1346 2558 1348 2559 1349 2559 1343 2559 1348 2560 1343 2560 1347 2560 1349 2561 1331 2561 1343 2561 1350 2562 1344 2562 1345 2562 1351 2563 1344 2563 1350 2563 1352 2564 1344 2564 1351 2564 1353 2565 1344 2565 1352 2565 1354 2566 1346 2566 1344 2566 1354 2567 1344 2567 1353 2567 1355 2568 1347 2568 1346 2568 1355 2569 1346 2569 1354 2569 1356 2570 1349 2570 1348 2570 1356 2571 1348 2571 1347 2571 1356 2572 1347 2572 1355 2572 1357 2573 1345 2573 1358 2573 1357 2574 1350 2574 1345 2574 1357 2575 1351 2575 1350 2575 1357 2576 1352 2576 1351 2576 1357 2577 1353 2577 1352 2577 1357 2578 1354 2578 1353 2578 1359 2579 1354 2579 1357 2579 1360 2580 1355 2580 1354 2580 1360 2581 1356 2581 1355 2581 1360 2582 1354 2582 1359 2582 1361 2583 1356 2583 1360 2583 1362 2584 1349 2584 1356 2584 1362 2585 1356 2585 1361 2585 1363 2586 1357 2586 1358 2586 1364 2587 1357 2587 1363 2587 1365 2588 1357 2588 1364 2588 1366 2589 1357 2589 1365 2589 1367 2590 1359 2590 1357 2590 1367 2591 1357 2591 1366 2591 1368 2592 1360 2592 1359 2592 1368 2593 1359 2593 1367 2593 1369 2594 1362 2594 1361 2594 1369 2595 1361 2595 1360 2595 1369 2596 1360 2596 1368 2596 1370 2597 1358 2597 1371 2597 1370 2598 1363 2598 1358 2598 1370 2599 1364 2599 1363 2599 1370 2600 1365 2600 1364 2600 1370 2601 1366 2601 1365 2601 1372 2602 1367 2602 1366 2602 1372 2603 1366 2603 1370 2603 1373 2604 1367 2604 1372 2604 1373 2605 1368 2605 1367 2605 1374 2606 1368 2606 1373 2606 1374 2607 1369 2607 1368 2607 1375 2608 1369 2608 1374 2608 1375 2609 1362 2609 1369 2609 1376 2610 1370 2610 1371 2610 1377 2611 1370 2611 1376 2611 1378 2612 1370 2612 1377 2612 1379 2613 1370 2613 1378 2613 1380 2614 1370 2614 1379 2614 1380 2615 1372 2615 1370 2615 1381 2616 1373 2616 1372 2616 1381 2617 1372 2617 1380 2617 1382 2618 1373 2618 1381 2618 1382 2619 1374 2619 1373 2619 1382 2620 1375 2620 1374 2620 1383 2621 1371 2621 1384 2621 1383 2622 1376 2622 1371 2622 1383 2623 1377 2623 1376 2623 1383 2624 1378 2624 1377 2624 1383 2625 1379 2625 1378 2625 1385 2626 1380 2626 1379 2626 1385 2627 1379 2627 1383 2627 1386 2628 1381 2628 1380 2628 1386 2629 1380 2629 1385 2629 1387 2630 1381 2630 1386 2630 1387 2631 1382 2631 1381 2631 1388 2632 1375 2632 1382 2632 1388 2633 1382 2633 1387 2633 1389 2634 1383 2634 1384 2634 1390 2635 1383 2635 1389 2635 1391 2636 1385 2636 1383 2636 1391 2637 1383 2637 1390 2637 1392 2638 1386 2638 1385 2638 1392 2639 1385 2639 1391 2639 1393 2640 1387 2640 1386 2640 1393 2641 1386 2641 1392 2641 1394 2642 1388 2642 1387 2642 1394 2643 1387 2643 1393 2643 1395 2644 1384 2644 1396 2644 1395 2645 1389 2645 1384 2645 1395 2646 1391 2646 1390 2646 1395 2647 1390 2647 1389 2647 1397 2648 1391 2648 1395 2648 1397 2649 1392 2649 1391 2649 1398 2650 1393 2650 1392 2650 1398 2651 1392 2651 1397 2651 1399 2652 1393 2652 1398 2652 1399 2653 1394 2653 1393 2653 1400 2654 1388 2654 1394 2654 1400 2655 1394 2655 1399 2655 1401 2656 1395 2656 1396 2656 1402 2657 1395 2657 1401 2657 1403 2658 1395 2658 1402 2658 1404 2659 1397 2659 1395 2659 1404 2660 1395 2660 1403 2660 1405 2661 1398 2661 1397 2661 1405 2662 1397 2662 1404 2662 1406 2663 1399 2663 1398 2663 1406 2664 1398 2664 1405 2664 1407 2665 1408 2665 1400 2665 1407 2666 1400 2666 1399 2666 1407 2667 1399 2667 1406 2667 1409 2668 1396 2668 1410 2668 1409 2669 1401 2669 1396 2669 1409 2670 1402 2670 1401 2670 1409 2671 1403 2671 1402 2671 1409 2672 1404 2672 1403 2672 1411 2673 1405 2673 1404 2673 1411 2674 1404 2674 1409 2674 1412 2675 1406 2675 1405 2675 1412 2676 1405 2676 1411 2676 1413 2677 1407 2677 1406 2677 1413 2678 1406 2678 1412 2678 1408 2679 1407 2679 1413 2679 1414 2680 1409 2680 1410 2680 1415 2681 1409 2681 1414 2681 1416 2682 1409 2682 1415 2682 1417 2683 1409 2683 1416 2683 1418 2684 1409 2684 1417 2684 1418 2685 1411 2685 1409 2685 1419 2686 1412 2686 1411 2686 1419 2687 1411 2687 1418 2687 1420 2688 1408 2688 1413 2688 1420 2689 1421 2689 1408 2689 1420 2690 1413 2690 1412 2690 1420 2691 1412 2691 1419 2691 1410 2692 1414 2692 1422 2692 1422 2693 1415 2693 1414 2693 1422 2694 1410 2694 1423 2694 1422 2695 1416 2695 1415 2695 1422 2696 1417 2696 1416 2696 1424 2697 1418 2697 1417 2697 1424 2698 1417 2698 1422 2698 1425 2699 1419 2699 1418 2699 1425 2700 1420 2700 1419 2700 1425 2701 1418 2701 1424 2701 1426 2702 1420 2702 1425 2702 1426 2703 1421 2703 1420 2703 1427 2704 1422 2704 1423 2704 1428 2705 1422 2705 1427 2705 1429 2706 1422 2706 1428 2706 1430 2707 1422 2707 1429 2707 1431 2708 1424 2708 1422 2708 1431 2709 1425 2709 1424 2709 1431 2710 1422 2710 1430 2710 1432 2711 1425 2711 1431 2711 1433 2712 1434 2712 1421 2712 1433 2713 1426 2713 1425 2713 1433 2714 1421 2714 1426 2714 1433 2715 1425 2715 1432 2715 1435 2716 1423 2716 1436 2716 1435 2717 1427 2717 1423 2717 1435 2718 1429 2718 1428 2718 1435 2719 1428 2719 1427 2719 1435 2720 1430 2720 1429 2720 1437 2721 1431 2721 1430 2721 1437 2722 1430 2722 1435 2722 1438 2723 1432 2723 1431 2723 1438 2724 1433 2724 1432 2724 1438 2725 1431 2725 1437 2725 1439 2726 1434 2726 1433 2726 1439 2727 1433 2727 1438 2727 1440 2728 1435 2728 1436 2728 1441 2729 1435 2729 1440 2729 1442 2730 1435 2730 1441 2730 1443 2731 1437 2731 1435 2731 1443 2732 1435 2732 1442 2732 1444 2733 1438 2733 1437 2733 1444 2734 1437 2734 1443 2734 1445 2735 1439 2735 1438 2735 1445 2736 1438 2736 1444 2736 1446 2737 1434 2737 1439 2737 1446 2738 1439 2738 1445 2738 1447 2739 1436 2739 1448 2739 1447 2740 1440 2740 1436 2740 1447 2741 1441 2741 1440 2741 1447 2742 1442 2742 1441 2742 1447 2743 1443 2743 1442 2743 1447 2744 1444 2744 1443 2744 1447 2745 1445 2745 1444 2745 1449 2746 1446 2746 1445 2746 1449 2747 1445 2747 1447 2747 1450 2748 1446 2748 1449 2748 1450 2749 1434 2749 1446 2749 1451 2750 1447 2750 1448 2750 1452 2751 1447 2751 1451 2751 1453 2752 1447 2752 1452 2752 1454 2753 1447 2753 1453 2753 1455 2754 1447 2754 1454 2754 1456 2755 1447 2755 1455 2755 1456 2756 1449 2756 1447 2756 1457 2757 1449 2757 1456 2757 1457 2758 1450 2758 1449 2758 1458 2759 1453 2759 1452 2759 1458 2760 1452 2760 1451 2760 1458 2761 1454 2761 1453 2761 1458 2762 1455 2762 1454 2762 1458 2763 1456 2763 1455 2763 1458 2764 1448 2764 1459 2764 1458 2765 1457 2765 1456 2765 1458 2766 1451 2766 1448 2766 1460 2767 1461 2767 1457 2767 1460 2768 1457 2768 1458 2768 1461 2769 1450 2769 1457 2769 1462 2770 1458 2770 1459 2770 1463 2771 1458 2771 1462 2771 1464 2772 1458 2772 1463 2772 1465 2773 1458 2773 1464 2773 1466 2774 1458 2774 1465 2774 1467 2775 1458 2775 1466 2775 1468 2776 1461 2776 1460 2776 1468 2777 1460 2777 1458 2777 1468 2778 1469 2778 1461 2778 1468 2779 1458 2779 1467 2779 1470 2780 1459 2780 1471 2780 1470 2781 1463 2781 1462 2781 1470 2782 1464 2782 1463 2782 1470 2783 1465 2783 1464 2783 1470 2784 1466 2784 1465 2784 1470 2785 1467 2785 1466 2785 1470 2786 1468 2786 1467 2786 1470 2787 1462 2787 1459 2787 1472 2788 1468 2788 1470 2788 1469 2789 1468 2789 1472 2789 1473 2790 1470 2790 1471 2790 1474 2791 1470 2791 1473 2791 1475 2792 1470 2792 1474 2792 1476 2793 1470 2793 1475 2793 1477 2794 1470 2794 1476 2794 1305 2795 1470 2795 1477 2795 1304 2796 1307 2796 1469 2796 1304 2797 1472 2797 1470 2797 1304 2798 1469 2798 1472 2798 1304 2799 1470 2799 1305 2799 1306 2800 1471 2800 1309 2800 1306 2801 1473 2801 1471 2801 1306 2802 1474 2802 1473 2802 1306 2803 1475 2803 1474 2803 1306 2804 1476 2804 1475 2804 1306 2805 1477 2805 1476 2805 1306 2806 1305 2806 1477 2806 561 2807 1478 2807 289 2807 1318 2808 1479 2808 1478 2808 1318 2809 1478 2809 561 2809 1315 2810 1479 2810 1318 2810 1311 2811 1480 2811 1479 2811 1311 2812 1479 2812 1315 2812 1310 2813 1481 2813 1480 2813 1310 2814 1480 2814 1311 2814 1482 2815 247 2815 1483 2815 1484 2816 1482 2816 1485 2816 1482 2817 1483 2817 1485 2817 1486 2818 1484 2818 1487 2818 1484 2819 1485 2819 1487 2819 1488 2820 1486 2820 1489 2820 1486 2821 1487 2821 1489 2821 1490 2822 1488 2822 1491 2822 1488 2823 1489 2823 1491 2823 1492 2824 1490 2824 1493 2824 1490 2825 1491 2825 1493 2825 1494 2826 1492 2826 1495 2826 1492 2827 1493 2827 1495 2827 1494 2828 1495 2828 1496 2828 1497 2829 1494 2829 1496 2829 1498 2830 1499 2830 1500 2830 1497 2831 1496 2831 1500 2831 1499 2832 1497 2832 1500 2832 1478 2833 1479 2833 1501 2833 247 2834 289 2834 1501 2834 1485 2835 1483 2835 1501 2835 470 2836 577 2836 1502 2836 1503 2837 470 2837 1502 2837 1483 2838 247 2838 1501 2838 1487 2839 1485 2839 1501 2839 1489 2840 1487 2840 1501 2840 1491 2841 1489 2841 1501 2841 1493 2842 1491 2842 1504 2842 1491 2843 1501 2843 1504 2843 1501 2844 1479 2844 1504 2844 1495 2845 1493 2845 1505 2845 1504 2846 1479 2846 1505 2846 1503 2847 1502 2847 1506 2847 1507 2848 1503 2848 1508 2848 1493 2849 1504 2849 1505 2849 1496 2850 1495 2850 1509 2850 1495 2851 1505 2851 1509 2851 1505 2852 1479 2852 1509 2852 1503 2853 1506 2853 1508 2853 1510 2854 1507 2854 1511 2854 1500 2855 1496 2855 1512 2855 1496 2856 1509 2856 1512 2856 1507 2857 1508 2857 1511 2857 1500 2858 1512 2858 1513 2858 1481 2859 1498 2859 1514 2859 1498 2860 1500 2860 1514 2860 1513 2861 1481 2861 1514 2861 1510 2862 1511 2862 1515 2862 1500 2863 1513 2863 1514 2863 1501 2864 289 2864 1478 2864 1516 2865 1510 2865 1517 2865 1481 2866 1513 2866 1480 2866 1512 2867 1509 2867 1480 2867 1513 2868 1512 2868 1480 2868 1509 2869 1479 2869 1480 2869 1510 2870 1515 2870 1517 2870 1518 2871 1516 2871 1519 2871 1516 2872 1517 2872 1519 2872 577 2873 247 2873 1482 2873 1508 2874 1506 2874 1482 2874 1506 2875 1502 2875 1482 2875 1511 2876 1508 2876 1482 2876 1502 2877 577 2877 1482 2877 1515 2878 1511 2878 1484 2878 1511 2879 1482 2879 1484 2879 1518 2880 1519 2880 1520 2880 1521 2881 1518 2881 1522 2881 1518 2882 1520 2882 1522 2882 1517 2883 1515 2883 1486 2883 1515 2884 1484 2884 1486 2884 1499 2885 1523 2885 1524 2885 1523 2886 1521 2886 1524 2886 1521 2887 1522 2887 1524 2887 1517 2888 1486 2888 1488 2888 1519 2889 1517 2889 1488 2889 1520 2890 1519 2890 1490 2890 1519 2891 1488 2891 1490 2891 1522 2892 1520 2892 1492 2892 1520 2893 1490 2893 1492 2893 1524 2894 1522 2894 1494 2894 1522 2895 1492 2895 1494 2895 1499 2896 1524 2896 1497 2896 1524 2897 1494 2897 1497 2897 427 2898 470 2898 1503 2898 1525 2899 427 2899 1503 2899 1526 2900 1525 2900 1507 2900 1525 2901 1503 2901 1507 2901 1527 2902 1526 2902 1510 2902 1526 2903 1507 2903 1510 2903 1528 2904 1527 2904 1516 2904 1527 2905 1510 2905 1516 2905 1529 2906 1528 2906 1518 2906 1528 2907 1516 2907 1518 2907 1530 2908 1529 2908 1521 2908 1529 2909 1518 2909 1521 2909 806 2910 1530 2910 1523 2910 1530 2911 1521 2911 1523 2911 1531 2912 1532 2912 1533 2912 1534 2913 1535 2913 1536 2913 1537 2914 1534 2914 1538 2914 1534 2915 1536 2915 1538 2915 1537 2916 1538 2916 1539 2916 1540 2917 1531 2917 1541 2917 1531 2918 1533 2918 1541 2918 1542 2919 1083 2919 1138 2919 1083 2920 1543 2920 1542 2920 1544 2921 1537 2921 1542 2921 1543 2922 1544 2922 1542 2922 1537 2923 1539 2923 1542 2923 312 2924 414 2924 1545 2924 1546 2925 312 2925 1545 2925 1540 2926 1541 2926 1547 2926 1535 2927 1546 2927 1545 2927 1548 2928 1540 2928 1547 2928 1536 2929 1535 2929 1545 2929 1538 2930 1536 2930 1545 2930 1538 2931 1545 2931 1549 2931 1539 2932 1538 2932 1549 2932 1550 2933 1548 2933 1551 2933 1539 2934 1549 2934 1552 2934 1548 2935 1547 2935 1551 2935 806 2936 742 2936 1553 2936 1542 2937 1539 2937 1552 2937 742 2938 1554 2938 1553 2938 1554 2939 1550 2939 1553 2939 1542 2940 1552 2940 1555 2940 1550 2941 1551 2941 1553 2941 1138 2942 1542 2942 1555 2942 427 2943 1525 2943 1556 2943 1525 2944 1526 2944 1556 2944 1532 2945 1557 2945 1556 2945 1557 2946 427 2946 1556 2946 1533 2947 1532 2947 1556 2947 1545 2948 414 2948 1558 2948 1556 2949 1526 2949 1559 2949 1541 2950 1533 2950 1559 2950 1533 2951 1556 2951 1559 2951 1526 2952 1527 2952 1560 2952 1527 2953 1528 2953 1560 2953 1545 2954 1558 2954 1561 2954 1547 2955 1541 2955 1560 2955 1559 2956 1526 2956 1560 2956 1541 2957 1559 2957 1560 2957 1528 2958 1529 2958 1562 2958 1560 2959 1528 2959 1562 2959 1545 2960 1561 2960 1563 2960 1551 2961 1547 2961 1562 2961 1547 2962 1560 2962 1562 2962 1551 2963 1562 2963 1564 2963 1562 2964 1529 2964 1564 2964 1553 2965 1551 2965 1564 2965 1545 2966 1563 2966 1565 2966 1564 2967 1529 2967 1566 2967 1553 2968 1564 2968 1566 2968 1549 2969 1545 2969 1567 2969 1529 2970 1530 2970 1566 2970 1553 2971 1566 2971 1568 2971 1566 2972 1530 2972 1568 2972 1545 2973 1565 2973 1567 2973 1530 2974 806 2974 1568 2974 806 2975 1553 2975 1568 2975 697 2976 1138 2976 1569 2976 1552 2977 1549 2977 1569 2977 1555 2978 1552 2978 1569 2978 1138 2979 1555 2979 1569 2979 1549 2980 1567 2980 1569 2980 1558 2981 414 2981 1570 2981 1561 2982 1558 2982 1570 2982 414 2983 165 2983 1570 2983 1563 2984 1561 2984 1570 2984 1565 2985 1563 2985 1570 2985 1567 2986 1565 2986 1570 2986 1569 2987 1567 2987 1570 2987 1569 2988 1570 2988 1571 2988 4 2989 7 2989 1572 2989 697 2990 1569 2990 1573 2990 7 2991 275 2991 1572 2991 1569 2992 1571 2992 1573 2992 1570 2993 165 2993 1574 2993 4 2994 1572 2994 1575 2994 4 2995 1575 2995 1576 2995 1030 2996 4 2996 1577 2996 4 2997 1576 2997 1577 2997 1570 2998 1574 2998 1578 2998 1572 2999 275 2999 1579 2999 1570 3000 1578 3000 1580 3000 1572 3001 1579 3001 1581 3001 1570 3002 1580 3002 1582 3002 1572 3003 1581 3003 1583 3003 1570 3004 1582 3004 1584 3004 742 3005 697 3005 1585 3005 1571 3006 1570 3006 1585 3006 697 3007 1573 3007 1585 3007 1573 3008 1571 3008 1585 3008 1570 3009 1584 3009 1585 3009 165 3010 256 3010 1531 3010 1572 3011 1583 3011 1586 3011 1574 3012 165 3012 1531 3012 1578 3013 1574 3013 1531 3013 1580 3014 1578 3014 1531 3014 1582 3015 1580 3015 1531 3015 1572 3016 1586 3016 1587 3016 1584 3017 1582 3017 1531 3017 1575 3018 1572 3018 1587 3018 1585 3019 1584 3019 1540 3019 1584 3020 1531 3020 1540 3020 1576 3021 1575 3021 1588 3021 1575 3022 1587 3022 1588 3022 1589 3023 1030 3023 1083 3023 1585 3024 1540 3024 1548 3024 1030 3025 1577 3025 1589 3025 1577 3026 1576 3026 1589 3026 1576 3027 1588 3027 1589 3027 1585 3028 1548 3028 1550 3028 275 3029 312 3029 1534 3029 1579 3030 275 3030 1534 3030 742 3031 1585 3031 1554 3031 1586 3032 1583 3032 1534 3032 1585 3033 1550 3033 1554 3033 1587 3034 1586 3034 1534 3034 1588 3035 1587 3035 1534 3035 1583 3036 1581 3036 1534 3036 1581 3037 1579 3037 1534 3037 1588 3038 1534 3038 1537 3038 256 3039 427 3039 1557 3039 1589 3040 1588 3040 1537 3040 1531 3041 256 3041 1557 3041 1589 3042 1537 3042 1544 3042 1083 3043 1589 3043 1543 3043 1589 3044 1544 3044 1543 3044 1534 3045 312 3045 1546 3045 1531 3046 1557 3046 1532 3046 1534 3047 1546 3047 1535 3047 1590 3048 1591 3048 1592 3048 1593 3049 1594 3049 1595 3049 1596 3050 1590 3050 1592 3050 1596 3051 1592 3051 1597 3051 1596 3052 1597 3052 1598 3052 1599 3053 1600 3053 1593 3053 1599 3054 1595 3054 1590 3054 1599 3055 1593 3055 1595 3055 1599 3056 1590 3056 1596 3056 1601 3057 1599 3057 1596 3057 1601 3058 1596 3058 1598 3058 1602 3059 1601 3059 1598 3059 1602 3060 1598 3060 1603 3060 1604 3061 1599 3061 1601 3061 1604 3062 1605 3062 1600 3062 1604 3063 1600 3063 1599 3063 1604 3064 1601 3064 1602 3064 1606 3065 1605 3065 1604 3065 1606 3066 1604 3066 1602 3066 1607 3067 1602 3067 1603 3067 1607 3068 1606 3068 1602 3068 1608 3069 1609 3069 1605 3069 1608 3070 1606 3070 1607 3070 1608 3071 1605 3071 1606 3071 1610 3072 1608 3072 1607 3072 1610 3073 1603 3073 1611 3073 1610 3074 1607 3074 1603 3074 1612 3075 1608 3075 1610 3075 1612 3076 1609 3076 1608 3076 1613 3077 1612 3077 1610 3077 1613 3078 1610 3078 1611 3078 1614 3079 1615 3079 1609 3079 1614 3080 1609 3080 1612 3080 1614 3081 1612 3081 1613 3081 1616 3082 1611 3082 1617 3082 1616 3083 1613 3083 1611 3083 1618 3084 1613 3084 1616 3084 1618 3085 1615 3085 1614 3085 1618 3086 1614 3086 1613 3086 1619 3087 1616 3087 1617 3087 1620 3088 1621 3088 1615 3088 1620 3089 1618 3089 1616 3089 1620 3090 1615 3090 1618 3090 1620 3091 1616 3091 1619 3091 1622 3092 1617 3092 1623 3092 1622 3093 1619 3093 1617 3093 1624 3094 1620 3094 1619 3094 1624 3095 1621 3095 1620 3095 1624 3096 1619 3096 1622 3096 1625 3097 1624 3097 1622 3097 1625 3098 1623 3098 1626 3098 1625 3099 1622 3099 1623 3099 1627 3100 1626 3100 1628 3100 1627 3101 1625 3101 1626 3101 1629 3102 1630 3102 1621 3102 1629 3103 1621 3103 1624 3103 1629 3104 1625 3104 1627 3104 1629 3105 1624 3105 1625 3105 1631 3106 1627 3106 1628 3106 1632 3107 1629 3107 1627 3107 1632 3108 1627 3108 1631 3108 1632 3109 1630 3109 1629 3109 1633 3110 1632 3110 1631 3110 1633 3111 1634 3111 1630 3111 1633 3112 1630 3112 1632 3112 1635 3113 1628 3113 1636 3113 1635 3114 1631 3114 1628 3114 1637 3115 1631 3115 1635 3115 1637 3116 1633 3116 1631 3116 1637 3117 1634 3117 1633 3117 1638 3118 1635 3118 1636 3118 1638 3119 1639 3119 1640 3119 1638 3120 1636 3120 1639 3120 1641 3121 1637 3121 1635 3121 1641 3122 1634 3122 1637 3122 1641 3123 1642 3123 1634 3123 1641 3124 1635 3124 1638 3124 1643 3125 1638 3125 1640 3125 1643 3126 1641 3126 1638 3126 1644 3127 1642 3127 1641 3127 1644 3128 1641 3128 1643 3128 1645 3129 1643 3129 1640 3129 1645 3130 1640 3130 1646 3130 1647 3131 1648 3131 1642 3131 1647 3132 1643 3132 1645 3132 1647 3133 1642 3133 1644 3133 1647 3134 1644 3134 1643 3134 1649 3135 1645 3135 1646 3135 1649 3136 1647 3136 1645 3136 1649 3137 1646 3137 1650 3137 1651 3138 1648 3138 1647 3138 1651 3139 1647 3139 1649 3139 1652 3140 1649 3140 1650 3140 1652 3141 1650 3141 1653 3141 1654 3142 1652 3142 1653 3142 1654 3143 1653 3143 1655 3143 1656 3144 1657 3144 1648 3144 1656 3145 1648 3145 1651 3145 1656 3146 1651 3146 1649 3146 1656 3147 1649 3147 1652 3147 1658 3148 1654 3148 1655 3148 1659 3149 1657 3149 1656 3149 1659 3150 1656 3150 1652 3150 1659 3151 1652 3151 1654 3151 1659 3152 1654 3152 1658 3152 1660 3153 1661 3153 1657 3153 1660 3154 1657 3154 1659 3154 1660 3155 1659 3155 1658 3155 1662 3156 1663 3156 1664 3156 1662 3157 1655 3157 1663 3157 1662 3158 1658 3158 1655 3158 1662 3159 1660 3159 1658 3159 1665 3160 1661 3160 1660 3160 1665 3161 1660 3161 1662 3161 1666 3162 1662 3162 1664 3162 1666 3163 1665 3163 1662 3163 1667 3164 1668 3164 1661 3164 1667 3165 1661 3165 1665 3165 1667 3166 1665 3166 1666 3166 1669 3167 1670 3167 1671 3167 1669 3168 1664 3168 1670 3168 1669 3169 1666 3169 1664 3169 1672 3170 1668 3170 1667 3170 1672 3171 1667 3171 1666 3171 1672 3172 1666 3172 1669 3172 1673 3173 1669 3173 1671 3173 1674 3174 1675 3174 1668 3174 1674 3175 1668 3175 1672 3175 1674 3176 1669 3176 1673 3176 1674 3177 1672 3177 1669 3177 1676 3178 1671 3178 1677 3178 1676 3179 1673 3179 1671 3179 1678 3180 1675 3180 1674 3180 1678 3181 1674 3181 1673 3181 1678 3182 1673 3182 1676 3182 1679 3183 1676 3183 1677 3183 1679 3184 1677 3184 1680 3184 1681 3185 1682 3185 1675 3185 1681 3186 1676 3186 1679 3186 1681 3187 1675 3187 1678 3187 1681 3188 1678 3188 1676 3188 1683 3189 1680 3189 1684 3189 1683 3190 1679 3190 1680 3190 1683 3191 1681 3191 1679 3191 1685 3192 1682 3192 1681 3192 1685 3193 1681 3193 1683 3193 1686 3194 1683 3194 1684 3194 1686 3195 1684 3195 1687 3195 1688 3196 1687 3196 1689 3196 1688 3197 1686 3197 1687 3197 1690 3198 1691 3198 1682 3198 1690 3199 1683 3199 1686 3199 1690 3200 1682 3200 1685 3200 1690 3201 1685 3201 1683 3201 1692 3202 1688 3202 1689 3202 1693 3203 1686 3203 1688 3203 1693 3204 1691 3204 1690 3204 1693 3205 1690 3205 1686 3205 1694 3206 1688 3206 1692 3206 1694 3207 1691 3207 1693 3207 1694 3208 1695 3208 1691 3208 1694 3209 1693 3209 1688 3209 1696 3210 1692 3210 1689 3210 1696 3211 1697 3211 1698 3211 1696 3212 1689 3212 1697 3212 1699 3213 1695 3213 1694 3213 1699 3214 1694 3214 1692 3214 1699 3215 1692 3215 1696 3215 1700 3216 1696 3216 1698 3216 1700 3217 1699 3217 1696 3217 1701 3218 1702 3218 1695 3218 1701 3219 1699 3219 1700 3219 1701 3220 1695 3220 1699 3220 1703 3221 1700 3221 1698 3221 1703 3222 1701 3222 1700 3222 1703 3223 1698 3223 1704 3223 1705 3224 1702 3224 1701 3224 1705 3225 1701 3225 1703 3225 1706 3226 1703 3226 1704 3226 1706 3227 1704 3227 1707 3227 1708 3228 1709 3228 1702 3228 1708 3229 1702 3229 1705 3229 1708 3230 1705 3230 1703 3230 1708 3231 1703 3231 1706 3231 1710 3232 1706 3232 1707 3232 1710 3233 1707 3233 1711 3233 1712 3234 1709 3234 1708 3234 1712 3235 1708 3235 1706 3235 1712 3236 1706 3236 1710 3236 1713 3237 1710 3237 1711 3237 1713 3238 1711 3238 1714 3238 1715 3239 1713 3239 1714 3239 1715 3240 1714 3240 1716 3240 1717 3241 1718 3241 1709 3241 1717 3242 1709 3242 1712 3242 1717 3243 1712 3243 1710 3243 1717 3244 1710 3244 1713 3244 1719 3245 1715 3245 1716 3245 1720 3246 1718 3246 1717 3246 1720 3247 1717 3247 1713 3247 1720 3248 1713 3248 1715 3248 1721 3249 1722 3249 1718 3249 1721 3250 1715 3250 1719 3250 1721 3251 1720 3251 1715 3251 1721 3252 1718 3252 1720 3252 1723 3253 1719 3253 1716 3253 1723 3254 1716 3254 1724 3254 1725 3255 1722 3255 1721 3255 1725 3256 1721 3256 1719 3256 1725 3257 1719 3257 1723 3257 1726 3258 1724 3258 1727 3258 1726 3259 1723 3259 1724 3259 1728 3260 1729 3260 1722 3260 1728 3261 1722 3261 1725 3261 1728 3262 1725 3262 1723 3262 1728 3263 1723 3263 1726 3263 1730 3264 1727 3264 1731 3264 1730 3265 1728 3265 1726 3265 1730 3266 1726 3266 1727 3266 1732 3267 1729 3267 1728 3267 1732 3268 1728 3268 1730 3268 1733 3269 1730 3269 1731 3269 1734 3270 1735 3270 1729 3270 1734 3271 1729 3271 1732 3271 1734 3272 1732 3272 1730 3272 1734 3273 1730 3273 1733 3273 1736 3274 1731 3274 1737 3274 1736 3275 1733 3275 1731 3275 1738 3276 1735 3276 1734 3276 1738 3277 1734 3277 1733 3277 1738 3278 1733 3278 1736 3278 1739 3279 1736 3279 1737 3279 1739 3280 1738 3280 1736 3280 1740 3281 1741 3281 1735 3281 1740 3282 1735 3282 1738 3282 1740 3283 1738 3283 1739 3283 1742 3284 1739 3284 1737 3284 1742 3285 1737 3285 1743 3285 1744 3286 1742 3286 1743 3286 1745 3287 1742 3287 1744 3287 1745 3288 1741 3288 1740 3288 1745 3289 1740 3289 1739 3289 1745 3290 1739 3290 1742 3290 1746 3291 1741 3291 1745 3291 1746 3292 1594 3292 1741 3292 1746 3293 1745 3293 1744 3293 1747 3294 1744 3294 1743 3294 1747 3295 1591 3295 1590 3295 1747 3296 1746 3296 1744 3296 1747 3297 1743 3297 1591 3297 1748 3298 1595 3298 1594 3298 1748 3299 1594 3299 1746 3299 1748 3300 1747 3300 1590 3300 1748 3301 1746 3301 1747 3301 1748 3302 1590 3302 1595 3302 806 3303 1523 3303 1749 3303 1523 3304 1750 3304 1749 3304 731 3305 806 3305 1751 3305 1749 3306 1750 3306 1751 3306 806 3307 1749 3307 1751 3307 731 3308 1751 3308 1752 3308 731 3309 1752 3309 1753 3309 681 3310 731 3310 1754 3310 731 3311 1753 3311 1754 3311 681 3312 1754 3312 1755 3312 1753 3313 1752 3313 1756 3313 1752 3314 1751 3314 1756 3314 1751 3315 1750 3315 1756 3315 1756 3316 1750 3316 1757 3316 681 3317 1755 3317 1758 3317 1754 3318 1753 3318 1759 3318 1756 3319 1757 3319 1759 3319 1753 3320 1756 3320 1759 3320 1759 3321 1757 3321 1760 3321 1755 3322 1754 3322 1761 3322 1754 3323 1759 3323 1761 3323 1759 3324 1760 3324 1761 3324 1761 3325 1760 3325 1762 3325 1755 3326 1761 3326 1763 3326 1758 3327 1755 3327 1763 3327 1761 3328 1762 3328 1763 3328 1763 3329 1762 3329 1764 3329 1189 3330 681 3330 1765 3330 681 3331 1758 3331 1765 3331 1758 3332 1763 3332 1766 3332 1763 3333 1764 3333 1766 3333 1766 3334 1764 3334 1767 3334 1189 3335 1765 3335 1768 3335 1750 3336 1769 3336 1770 3336 1760 3337 1757 3337 1770 3337 1757 3338 1750 3338 1770 3338 1760 3339 1770 3339 1771 3339 1762 3340 1760 3340 1771 3340 1762 3341 1771 3341 1772 3341 1764 3342 1762 3342 1772 3342 1771 3343 1770 3343 1773 3343 1770 3344 1769 3344 1773 3344 1771 3345 1773 3345 1774 3345 1772 3346 1771 3346 1774 3346 1764 3347 1772 3347 1775 3347 1767 3348 1764 3348 1775 3348 1135 3349 1189 3349 1776 3349 1189 3350 1768 3350 1776 3350 1768 3351 1765 3351 1777 3351 1765 3352 1758 3352 1777 3352 1758 3353 1766 3353 1777 3353 1777 3354 1766 3354 1778 3354 1766 3355 1767 3355 1778 3355 1773 3356 1769 3356 1779 3356 1768 3357 1777 3357 1780 3357 1777 3358 1778 3358 1780 3358 1776 3359 1768 3359 1780 3359 1774 3360 1773 3360 1781 3360 1773 3361 1779 3361 1781 3361 1769 3362 1782 3362 1783 3362 1779 3363 1769 3363 1783 3363 1775 3364 1772 3364 1784 3364 1774 3365 1781 3365 1784 3365 1772 3366 1774 3366 1784 3366 1780 3367 1778 3367 1785 3367 1779 3368 1783 3368 1786 3368 1781 3369 1779 3369 1786 3369 1783 3370 1782 3370 1786 3370 1118 3371 1135 3371 1787 3371 1135 3372 1776 3372 1787 3372 1786 3373 1782 3373 1788 3373 1782 3374 1789 3374 1790 3374 1788 3375 1782 3375 1790 3375 1790 3376 1789 3376 1791 3376 1791 3377 1789 3377 1792 3377 1781 3378 1786 3378 1793 3378 1784 3379 1781 3379 1793 3379 1789 3380 1794 3380 1795 3380 1792 3381 1789 3381 1795 3381 1793 3382 1786 3382 1796 3382 1786 3383 1788 3383 1796 3383 1767 3384 1775 3384 1797 3384 1778 3385 1767 3385 1797 3385 1788 3386 1790 3386 1798 3386 1796 3387 1788 3387 1798 3387 1087 3388 1118 3388 1799 3388 1118 3389 1787 3389 1799 3389 1800 3390 1087 3390 1799 3390 1798 3391 1790 3391 1801 3391 1790 3392 1791 3392 1802 3392 1791 3393 1792 3393 1802 3393 1801 3394 1790 3394 1802 3394 1802 3395 1792 3395 1803 3395 1785 3396 1778 3396 1804 3396 1778 3397 1797 3397 1804 3397 1776 3398 1780 3398 1805 3398 1780 3399 1785 3399 1805 3399 1787 3400 1776 3400 1805 3400 1795 3401 1794 3401 1806 3401 1792 3402 1795 3402 1806 3402 1803 3403 1792 3403 1806 3403 1805 3404 1785 3404 1807 3404 1785 3405 1804 3405 1807 3405 1794 3406 1603 3406 1808 3406 1806 3407 1794 3407 1808 3407 1775 3408 1784 3408 1809 3408 1797 3409 1775 3409 1809 3409 1787 3410 1805 3410 1810 3410 1805 3411 1807 3411 1810 3411 1799 3412 1787 3412 1810 3412 1797 3413 1809 3413 1811 3413 1804 3414 1797 3414 1811 3414 1810 3415 1807 3415 1812 3415 1811 3416 1809 3416 1813 3416 1784 3417 1793 3417 1813 3417 1793 3418 1796 3418 1813 3418 1809 3419 1784 3419 1813 3419 1813 3420 1796 3420 1814 3420 1813 3421 1814 3421 1815 3421 1811 3422 1813 3422 1815 3422 1814 3423 1796 3423 1816 3423 1796 3424 1798 3424 1816 3424 1798 3425 1801 3425 1816 3425 1816 3426 1801 3426 1817 3426 1807 3427 1804 3427 1818 3427 1812 3428 1807 3428 1818 3428 1804 3429 1811 3429 1818 3429 1815 3430 1814 3430 1819 3430 1814 3431 1816 3431 1819 3431 1810 3432 1812 3432 1820 3432 1799 3433 1810 3433 1820 3433 1800 3434 1799 3434 1820 3434 1817 3435 1801 3435 1821 3435 1801 3436 1802 3436 1821 3436 1803 3437 1806 3437 1822 3437 1821 3438 1802 3438 1822 3438 1802 3439 1803 3439 1822 3439 1819 3440 1816 3440 1823 3440 1816 3441 1817 3441 1823 3441 1800 3442 1820 3442 1824 3442 1820 3443 1812 3443 1824 3443 1825 3444 1800 3444 1824 3444 1806 3445 1808 3445 1826 3445 1822 3446 1806 3446 1826 3446 1817 3447 1821 3447 1827 3447 1823 3448 1817 3448 1827 3448 1821 3449 1822 3449 1828 3449 1827 3450 1821 3450 1828 3450 1826 3451 1808 3451 1829 3451 1822 3452 1826 3452 1830 3452 1828 3453 1822 3453 1830 3453 1808 3454 1603 3454 1598 3454 1829 3455 1808 3455 1598 3455 1812 3456 1818 3456 1831 3456 1830 3457 1826 3457 1832 3457 1826 3458 1829 3458 1832 3458 1811 3459 1815 3459 1833 3459 1818 3460 1811 3460 1833 3460 1831 3461 1818 3461 1833 3461 1832 3462 1829 3462 1834 3462 1829 3463 1598 3463 1834 3463 1831 3464 1833 3464 1835 3464 1815 3465 1819 3465 1836 3465 1833 3466 1815 3466 1836 3466 1835 3467 1833 3467 1836 3467 1824 3468 1812 3468 1837 3468 1825 3469 1824 3469 1837 3469 1812 3470 1831 3470 1837 3470 1819 3471 1823 3471 1838 3471 1836 3472 1819 3472 1838 3472 1823 3473 1827 3473 1839 3473 1838 3474 1823 3474 1839 3474 1839 3475 1827 3475 1840 3475 1827 3476 1828 3476 1840 3476 1828 3477 1830 3477 1841 3477 1840 3478 1828 3478 1841 3478 1835 3479 1836 3479 1842 3479 1836 3480 1838 3480 1842 3480 1841 3481 1830 3481 1843 3481 1830 3482 1832 3482 1843 3482 1843 3483 1832 3483 1844 3483 1832 3484 1834 3484 1844 3484 1842 3485 1838 3485 1845 3485 1838 3486 1839 3486 1845 3486 1846 3487 1825 3487 1847 3487 1825 3488 1837 3488 1847 3488 1831 3489 1835 3489 1847 3489 1837 3490 1831 3490 1847 3490 1844 3491 1834 3491 1848 3491 1598 3492 1597 3492 1848 3492 1834 3493 1598 3493 1848 3493 1839 3494 1840 3494 1849 3494 1845 3495 1839 3495 1849 3495 1840 3496 1841 3496 1850 3496 1849 3497 1840 3497 1850 3497 1841 3498 1843 3498 1851 3498 1850 3499 1841 3499 1851 3499 1843 3500 1844 3500 1852 3500 1851 3501 1843 3501 1852 3501 1852 3502 1844 3502 1853 3502 1844 3503 1848 3503 1853 3503 1848 3504 1597 3504 1854 3504 1853 3505 1848 3505 1854 3505 1835 3506 1842 3506 1855 3506 1856 3507 1846 3507 1855 3507 1847 3508 1835 3508 1855 3508 1842 3509 1845 3509 1855 3509 1846 3510 1847 3510 1855 3510 1857 3511 1856 3511 1858 3511 1855 3512 1845 3512 1858 3512 1856 3513 1855 3513 1858 3513 1859 3514 1857 3514 1860 3514 1845 3515 1849 3515 1860 3515 1858 3516 1845 3516 1860 3516 1857 3517 1858 3517 1860 3517 1861 3518 1859 3518 1862 3518 1860 3519 1849 3519 1862 3519 1849 3520 1850 3520 1862 3520 1859 3521 1860 3521 1862 3521 1863 3522 1861 3522 1864 3522 1861 3523 1862 3523 1864 3523 1850 3524 1851 3524 1864 3524 1851 3525 1852 3525 1864 3525 1862 3526 1850 3526 1864 3526 1865 3527 1863 3527 1866 3527 1863 3528 1864 3528 1866 3528 1864 3529 1852 3529 1866 3529 1867 3530 1865 3530 1868 3530 1852 3531 1853 3531 1868 3531 1853 3532 1854 3532 1868 3532 1865 3533 1866 3533 1868 3533 1866 3534 1852 3534 1868 3534 1592 3535 1867 3535 1869 3535 1597 3536 1592 3536 1869 3536 1854 3537 1597 3537 1869 3537 1867 3538 1868 3538 1869 3538 1868 3539 1854 3539 1869 3539 1870 3540 1871 3540 1857 3540 1872 3541 1859 3541 1861 3541 1872 3542 1857 3542 1859 3542 1872 3543 1873 3543 1870 3543 1872 3544 1874 3544 1873 3544 1872 3545 1870 3545 1857 3545 1875 3546 1861 3546 1863 3546 1875 3547 1874 3547 1872 3547 1875 3548 1876 3548 1874 3548 1875 3549 1877 3549 1876 3549 1875 3550 1872 3550 1861 3550 1878 3551 1875 3551 1863 3551 1878 3552 1877 3552 1875 3552 1879 3553 1863 3553 1865 3553 1879 3554 1878 3554 1863 3554 1879 3555 1880 3555 1877 3555 1879 3556 1877 3556 1878 3556 1881 3557 1867 3557 1592 3557 1881 3558 1865 3558 1867 3558 1881 3559 1592 3559 1882 3559 1881 3560 1882 3560 1880 3560 1881 3561 1879 3561 1865 3561 1881 3562 1880 3562 1879 3562 1883 3563 1884 3563 1258 3563 1883 3564 1258 3564 623 3564 1885 3565 623 3565 757 3565 1885 3566 1883 3566 623 3566 1885 3567 1884 3567 1883 3567 1886 3568 1884 3568 1885 3568 1886 3569 1885 3569 757 3569 1887 3570 1886 3570 757 3570 1888 3571 1887 3571 757 3571 1889 3572 1888 3572 757 3572 1890 3573 757 3573 791 3573 1890 3574 1889 3574 757 3574 1891 3575 1886 3575 1887 3575 1891 3576 1884 3576 1886 3576 1892 3577 1884 3577 1891 3577 1893 3578 1887 3578 1888 3578 1893 3579 1891 3579 1887 3579 1894 3580 1891 3580 1893 3580 1894 3581 1892 3581 1891 3581 1895 3582 1888 3582 1889 3582 1895 3583 1893 3583 1888 3583 1896 3584 1890 3584 791 3584 1897 3585 1894 3585 1893 3585 1897 3586 1893 3586 1895 3586 1898 3587 1895 3587 1889 3587 1898 3588 1889 3588 1890 3588 1899 3589 1890 3589 1896 3589 1899 3590 1898 3590 1890 3590 1900 3591 1897 3591 1895 3591 1900 3592 1895 3592 1898 3592 1901 3593 1900 3593 1898 3593 1901 3594 1898 3594 1899 3594 1902 3595 791 3595 999 3595 1902 3596 1896 3596 791 3596 1903 3597 1904 3597 1884 3597 1903 3598 1892 3598 1894 3598 1903 3599 1884 3599 1892 3599 1905 3600 1903 3600 1894 3600 1905 3601 1894 3601 1897 3601 1906 3602 1905 3602 1897 3602 1906 3603 1897 3603 1900 3603 1907 3604 1906 3604 1900 3604 1907 3605 1900 3605 1901 3605 1908 3606 1896 3606 1902 3606 1908 3607 1899 3607 1896 3607 1909 3608 1901 3608 1899 3608 1909 3609 1907 3609 1901 3609 1909 3610 1899 3610 1908 3610 1910 3611 1903 3611 1905 3611 1910 3612 1904 3612 1903 3612 1911 3613 1910 3613 1905 3613 1911 3614 1906 3614 1907 3614 1911 3615 1905 3615 1906 3615 1912 3616 1911 3616 1907 3616 1913 3617 1908 3617 1902 3617 1913 3618 1909 3618 1908 3618 1914 3619 1902 3619 999 3619 1915 3620 1909 3620 1913 3620 1916 3621 1910 3621 1911 3621 1916 3622 1904 3622 1910 3622 1917 3623 1916 3623 1911 3623 1917 3624 1911 3624 1912 3624 1918 3625 1917 3625 1912 3625 1919 3626 1920 3626 1904 3626 1919 3627 1904 3627 1916 3627 1921 3628 1916 3628 1917 3628 1921 3629 1920 3629 1919 3629 1921 3630 1919 3630 1916 3630 1922 3631 999 3631 1046 3631 1922 3632 1914 3632 999 3632 1923 3633 1921 3633 1917 3633 1923 3634 1917 3634 1918 3634 1924 3635 1920 3635 1921 3635 1924 3636 1921 3636 1923 3636 1925 3637 1924 3637 1923 3637 1926 3638 1912 3638 1907 3638 1926 3639 1907 3639 1909 3639 1927 3640 1928 3640 1920 3640 1927 3641 1920 3641 1924 3641 1929 3642 1924 3642 1925 3642 1929 3643 1927 3643 1924 3643 1930 3644 1928 3644 1927 3644 1930 3645 1927 3645 1929 3645 1931 3646 1930 3646 1929 3646 1932 3647 1928 3647 1930 3647 1932 3648 1930 3648 1931 3648 1933 3649 1932 3649 1931 3649 1934 3650 1935 3650 1928 3650 1934 3651 1928 3651 1932 3651 1936 3652 1935 3652 1934 3652 1936 3653 1932 3653 1933 3653 1936 3654 1934 3654 1932 3654 1937 3655 1912 3655 1926 3655 1937 3656 1918 3656 1912 3656 1938 3657 1922 3657 1046 3657 1939 3658 1909 3658 1915 3658 1939 3659 1926 3659 1909 3659 1940 3660 1902 3660 1914 3660 1940 3661 1913 3661 1902 3661 1941 3662 1939 3662 1915 3662 1941 3663 1913 3663 1940 3663 1941 3664 1915 3664 1913 3664 1942 3665 1926 3665 1939 3665 1942 3666 1937 3666 1926 3666 1943 3667 1937 3667 1942 3667 1943 3668 1918 3668 1937 3668 1944 3669 1046 3669 1068 3669 1944 3670 1068 3670 1087 3670 1944 3671 1087 3671 1800 3671 1944 3672 1938 3672 1046 3672 1945 3673 1923 3673 1918 3673 1945 3674 1925 3674 1923 3674 1945 3675 1918 3675 1943 3675 1946 3676 1925 3676 1945 3676 1947 3677 1940 3677 1914 3677 1947 3678 1914 3678 1922 3678 1948 3679 1929 3679 1925 3679 1948 3680 1931 3680 1929 3680 1948 3681 1925 3681 1946 3681 1949 3682 1940 3682 1947 3682 1949 3683 1941 3683 1940 3683 1950 3684 1931 3684 1948 3684 1951 3685 1931 3685 1950 3685 1951 3686 1933 3686 1931 3686 1951 3687 1936 3687 1933 3687 1952 3688 1943 3688 1942 3688 1953 3689 1936 3689 1951 3689 1954 3690 1743 3690 1737 3690 1954 3691 1737 3691 1935 3691 1954 3692 1936 3692 1953 3692 1954 3693 1935 3693 1936 3693 1955 3694 1945 3694 1943 3694 1955 3695 1946 3695 1945 3695 1955 3696 1943 3696 1952 3696 1956 3697 1946 3697 1955 3697 1957 3698 1948 3698 1946 3698 1957 3699 1946 3699 1956 3699 1958 3700 1922 3700 1938 3700 1958 3701 1947 3701 1922 3701 1958 3702 1938 3702 1944 3702 1959 3703 1950 3703 1948 3703 1959 3704 1951 3704 1950 3704 1959 3705 1948 3705 1957 3705 1960 3706 1949 3706 1947 3706 1960 3707 1947 3707 1958 3707 1961 3708 1942 3708 1939 3708 1961 3709 1939 3709 1941 3709 1962 3710 1951 3710 1959 3710 1963 3711 1953 3711 1951 3711 1963 3712 1954 3712 1953 3712 1963 3713 1951 3713 1962 3713 1964 3714 1743 3714 1954 3714 1964 3715 1954 3715 1963 3715 1965 3716 1941 3716 1949 3716 1965 3717 1961 3717 1941 3717 1966 3718 1942 3718 1961 3718 1966 3719 1952 3719 1942 3719 1967 3720 1944 3720 1800 3720 1967 3721 1958 3721 1944 3721 1968 3722 1800 3722 1825 3722 1968 3723 1960 3723 1958 3723 1968 3724 1967 3724 1800 3724 1968 3725 1958 3725 1967 3725 1969 3726 1966 3726 1961 3726 1969 3727 1961 3727 1965 3727 1970 3728 1965 3728 1949 3728 1970 3729 1949 3729 1960 3729 1971 3730 1955 3730 1952 3730 1971 3731 1952 3731 1966 3731 1972 3732 1956 3732 1955 3732 1972 3733 1955 3733 1971 3733 1973 3734 1956 3734 1972 3734 1974 3735 1957 3735 1956 3735 1974 3736 1959 3736 1957 3736 1974 3737 1956 3737 1973 3737 1975 3738 1971 3738 1966 3738 1975 3739 1966 3739 1969 3739 1976 3740 1959 3740 1974 3740 1977 3741 1965 3741 1970 3741 1977 3742 1969 3742 1965 3742 1978 3743 1959 3743 1976 3743 1978 3744 1962 3744 1959 3744 1979 3745 1972 3745 1971 3745 1979 3746 1971 3746 1975 3746 1980 3747 1962 3747 1978 3747 1980 3748 1963 3748 1962 3748 1981 3749 1977 3749 1970 3749 1981 3750 1968 3750 1825 3750 1981 3751 1960 3751 1968 3751 1981 3752 1970 3752 1960 3752 1982 3753 1973 3753 1972 3753 1982 3754 1972 3754 1979 3754 1983 3755 1591 3755 1743 3755 1983 3756 1963 3756 1980 3756 1983 3757 1743 3757 1964 3757 1983 3758 1964 3758 1963 3758 1984 3759 1974 3759 1973 3759 1984 3760 1973 3760 1982 3760 1985 3761 1976 3761 1974 3761 1985 3762 1974 3762 1984 3762 1986 3763 1978 3763 1976 3763 1986 3764 1976 3764 1985 3764 1987 3765 1980 3765 1978 3765 1987 3766 1978 3766 1986 3766 1988 3767 1975 3767 1969 3767 1988 3768 1969 3768 1977 3768 1989 3769 1591 3769 1983 3769 1989 3770 1983 3770 1980 3770 1989 3771 1980 3771 1987 3771 1990 3772 1825 3772 1846 3772 1990 3773 1981 3773 1825 3773 1990 3774 1988 3774 1977 3774 1990 3775 1977 3775 1981 3775 1991 3776 1979 3776 1975 3776 1991 3777 1975 3777 1988 3777 1873 3778 1979 3778 1991 3778 1873 3779 1982 3779 1979 3779 1874 3780 1984 3780 1982 3780 1874 3781 1982 3781 1873 3781 1876 3782 1985 3782 1984 3782 1876 3783 1984 3783 1874 3783 1877 3784 1985 3784 1876 3784 1877 3785 1986 3785 1985 3785 1880 3786 1987 3786 1986 3786 1880 3787 1986 3787 1877 3787 1992 3788 1988 3788 1990 3788 1992 3789 1990 3789 1846 3789 1882 3790 1592 3790 1591 3790 1882 3791 1591 3791 1989 3791 1882 3792 1989 3792 1987 3792 1882 3793 1987 3793 1880 3793 1871 3794 1856 3794 1857 3794 1871 3795 1846 3795 1856 3795 1871 3796 1991 3796 1988 3796 1871 3797 1873 3797 1991 3797 1871 3798 1992 3798 1846 3798 1871 3799 1988 3799 1992 3799 1870 3800 1873 3800 1871 3800 1993 3801 1994 3801 1995 3801 1996 3802 1997 3802 1998 3802 1996 3803 1999 3803 1997 3803 2000 3804 2001 3804 1999 3804 2000 3805 2002 3805 2001 3805 2000 3806 1999 3806 1996 3806 2003 3807 1292 3807 2004 3807 2003 3808 2004 3808 2002 3808 2003 3809 2002 3809 2000 3809 2005 3810 1996 3810 1998 3810 2006 3811 2005 3811 1998 3811 2006 3812 1998 3812 1994 3812 2006 3813 1994 3813 1993 3813 2007 3814 2003 3814 2000 3814 2008 3815 2006 3815 1993 3815 2008 3816 1993 3816 1727 3816 2009 3817 1996 3817 2005 3817 2009 3818 2007 3818 2000 3818 2009 3819 2000 3819 1996 3819 2010 3820 2007 3820 2009 3820 2011 3821 2010 3821 2009 3821 2011 3822 2009 3822 2005 3822 2012 3823 2005 3823 2006 3823 2012 3824 2006 3824 2008 3824 2012 3825 2011 3825 2005 3825 2013 3826 1727 3826 1724 3826 2013 3827 2008 3827 1727 3827 2013 3828 2012 3828 2008 3828 2014 3829 2010 3829 2011 3829 2015 3830 1258 3830 1884 3830 2014 3831 2011 3831 2012 3831 2015 3832 1279 3832 1258 3832 2016 3833 2012 3833 2013 3833 2016 3834 2014 3834 2012 3834 2017 3835 1279 3835 2015 3835 2018 3836 2019 3836 1292 3836 2020 3837 1884 3837 1904 3837 2018 3838 1292 3838 2003 3838 2018 3839 2003 3839 2007 3839 2020 3840 2015 3840 1884 3840 2021 3841 2013 3841 1724 3841 2022 3842 1262 3842 1279 3842 2021 3843 2016 3843 2013 3843 2023 3844 2018 3844 2007 3844 2023 3845 2007 3845 2010 3845 2022 3846 1279 3846 2017 3846 2023 3847 2019 3847 2018 3847 2024 3848 2022 3848 2017 3848 2025 3849 2023 3849 2010 3849 2025 3850 2010 3850 2014 3850 2025 3851 2019 3851 2023 3851 2026 3852 2020 3852 1904 3852 2027 3853 1716 3853 2019 3853 2027 3854 2014 3854 2016 3854 2028 3855 2024 3855 2017 3855 2027 3856 2019 3856 2025 3856 2028 3857 2017 3857 2015 3857 2027 3858 2025 3858 2014 3858 2029 3859 1724 3859 1716 3859 2030 3860 1904 3860 1920 3860 2029 3861 2016 3861 2021 3861 2030 3862 1920 3862 1928 3862 2029 3863 1716 3863 2027 3863 2029 3864 2027 3864 2016 3864 2029 3865 2021 3865 1724 3865 2030 3866 2026 3866 1904 3866 2031 3867 2028 3867 2015 3867 2031 3868 2015 3868 2020 3868 1995 3869 1928 3869 1935 3869 1995 3870 2030 3870 1928 3870 2032 3871 1262 3871 2022 3871 2032 3872 2022 3872 2024 3872 2033 3873 1935 3873 1737 3873 2033 3874 1737 3874 1731 3874 2033 3875 1995 3875 1935 3875 2034 3876 2032 3876 2024 3876 2001 3877 2024 3877 2028 3877 2001 3878 2034 3878 2024 3878 1997 3879 2020 3879 2026 3879 1997 3880 2031 3880 2020 3880 2035 3881 1292 3881 1262 3881 2035 3882 1262 3882 2032 3882 2035 3883 2032 3883 2034 3883 2004 3884 1292 3884 2035 3884 2004 3885 2035 3885 2034 3885 1999 3886 2028 3886 2031 3886 1999 3887 2001 3887 2028 3887 1999 3888 2031 3888 1997 3888 1998 3889 2026 3889 2030 3889 1998 3890 1997 3890 2026 3890 1994 3891 2030 3891 1995 3891 1994 3892 1998 3892 2030 3892 2002 3893 2034 3893 2001 3893 2002 3894 2004 3894 2034 3894 1993 3895 1731 3895 1727 3895 1993 3896 2033 3896 1731 3896 1993 3897 1995 3897 2033 3897 2036 3898 473 3898 494 3898 2036 3899 494 3899 2037 3899 2036 3900 2037 3900 2038 3900 2036 3901 2038 3901 2039 3901 2040 3902 1408 3902 1421 3902 2040 3903 2041 3903 1408 3903 2042 3904 448 3904 473 3904 537 3905 1323 3905 1331 3905 537 3906 549 3906 1323 3906 2042 3907 2036 3907 2039 3907 2042 3908 2039 3908 2041 3908 2042 3909 473 3909 2036 3909 2043 3910 1421 3910 1434 3910 2043 3911 2040 3911 1421 3911 2044 3912 2040 3912 2043 3912 2044 3913 448 3913 2042 3913 2045 3914 1434 3914 1450 3914 2045 3915 2043 3915 1434 3915 2046 3916 1461 3916 1469 3916 2046 3917 1450 3917 1461 3917 2046 3918 2045 3918 1450 3918 2047 3919 410 3919 445 3919 2047 3920 2044 3920 2043 3920 2047 3921 2043 3921 2045 3921 2048 3922 121 3922 125 3922 2048 3923 125 3923 268 3923 2048 3924 1469 3924 1307 3924 2048 3925 268 3925 2046 3925 2048 3926 1307 3926 121 3926 2048 3927 2046 3927 1469 3927 2049 3928 268 3928 375 3928 2049 3929 375 3929 410 3929 2049 3930 2046 3930 268 3930 2049 3931 410 3931 2047 3931 2049 3932 2045 3932 2046 3932 2049 3933 2047 3933 2045 3933 2050 3934 2042 3934 2041 3934 2050 3935 2041 3935 2040 3935 2050 3936 2040 3936 2044 3936 2050 3937 2044 3937 2042 3937 2051 3938 445 3938 448 3938 2051 3939 448 3939 2044 3939 2051 3940 2044 3940 2047 3940 2051 3941 2047 3941 445 3941 121 3942 1307 3942 561 3942 2052 3943 518 3943 538 3943 2052 3944 538 3944 537 3944 2052 3945 1331 3945 1349 3945 2052 3946 537 3946 1331 3946 2053 3947 1349 3947 1362 3947 2053 3948 2052 3948 1349 3948 2053 3949 518 3949 2052 3949 2038 3950 1375 3950 1388 3950 2038 3951 1362 3951 1375 3951 2038 3952 2053 3952 1362 3952 2037 3953 494 3953 512 3953 2037 3954 512 3954 518 3954 2037 3955 2053 3955 2038 3955 2037 3956 518 3956 2053 3956 2039 3957 1388 3957 1400 3957 2039 3958 2038 3958 1388 3958 2041 3959 1400 3959 1408 3959 2041 3960 2039 3960 1400 3960 1636 3961 1309 3961 1471 3961 2054 3962 1481 3962 1310 3962 2054 3963 1310 3963 1309 3963 2019 3964 1302 3964 1292 3964 1628 3965 1309 3965 1636 3965 1628 3966 2054 3966 1309 3966 1626 3967 2054 3967 1628 3967 1321 3968 1302 3968 2019 3968 1714 3969 2019 3969 1716 3969 1714 3970 1321 3970 2019 3970 1711 3971 1321 3971 1714 3971 1707 3972 1333 3972 1321 3972 1707 3973 1321 3973 1711 3973 1704 3974 1345 3974 1333 3974 1704 3975 1333 3975 1707 3975 1698 3976 1345 3976 1704 3976 1697 3977 1358 3977 1345 3977 1697 3978 1345 3978 1698 3978 1689 3979 1358 3979 1697 3979 1687 3980 1371 3980 1358 3980 1687 3981 1358 3981 1689 3981 1684 3982 1384 3982 1371 3982 1684 3983 1371 3983 1687 3983 1680 3984 1384 3984 1684 3984 1677 3985 1396 3985 1384 3985 1677 3986 1384 3986 1680 3986 1671 3987 1396 3987 1677 3987 1670 3988 1410 3988 1396 3988 1670 3989 1396 3989 1671 3989 1664 3990 1423 3990 1410 3990 1664 3991 1410 3991 1670 3991 1663 3992 1423 3992 1664 3992 1655 3993 1423 3993 1663 3993 1655 3994 1436 3994 1423 3994 1653 3995 1436 3995 1655 3995 1653 3996 1448 3996 1436 3996 1650 3997 1448 3997 1653 3997 1646 3998 1448 3998 1650 3998 1646 3999 1459 3999 1448 3999 1640 4000 1459 4000 1646 4000 1639 4001 1459 4001 1640 4001 1639 4002 1471 4002 1459 4002 1636 4003 1471 4003 1639 4003 2055 4004 2056 4004 2057 4004 2056 4005 2058 4005 2057 4005 1611 4006 1603 4006 2059 4006 2060 4007 2061 4007 2059 4007 1603 4008 2060 4008 2059 4008 2061 4009 2062 4009 2059 4009 2062 4010 2063 4010 2059 4010 1611 4011 2059 4011 2064 4011 2059 4012 2063 4012 2064 4012 2057 4013 2058 4013 2065 4013 2057 4014 2065 4014 2066 4014 2067 4015 2057 4015 2066 4015 2068 4016 2067 4016 2066 4016 1498 4017 1481 4017 2069 4017 2070 4018 1498 4018 2069 4018 2070 4019 2069 4019 2071 4019 2058 4020 2070 4020 2071 4020 2069 4021 1481 4021 2071 4021 2066 4022 2065 4022 2072 4022 2068 4023 2066 4023 2073 4023 2074 4024 2068 4024 2073 4024 2066 4025 2072 4025 2075 4025 2073 4026 2066 4026 2075 4026 2074 4027 2073 4027 2076 4027 2077 4028 2074 4028 2076 4028 2065 4029 2058 4029 2078 4029 2058 4030 2071 4030 2078 4030 2071 4031 1481 4031 2078 4031 1750 4032 1523 4032 2079 4032 1769 4033 1750 4033 2080 4033 1750 4034 2079 4034 2080 4034 2073 4035 2075 4035 2081 4035 2076 4036 2073 4036 2081 4036 2077 4037 2076 4037 2082 4037 1523 4038 1499 4038 2083 4038 2079 4039 1523 4039 2083 4039 2076 4040 2081 4040 2082 4040 2063 4041 2077 4041 2082 4041 1499 4042 1498 4042 2055 4042 1617 4043 1611 4043 2084 4043 2063 4044 2082 4044 2084 4044 2083 4045 1499 4045 2055 4045 1611 4046 2064 4046 2084 4046 1782 4047 1769 4047 2085 4047 2064 4048 2063 4048 2084 4048 1789 4049 1782 4049 2085 4049 2082 4050 2081 4050 2086 4050 1789 4051 2085 4051 2061 4051 2065 4052 2078 4052 2087 4052 1794 4053 1789 4053 2060 4053 1603 4054 1794 4054 2060 4054 1789 4055 2061 4055 2060 4055 2072 4056 2065 4056 2087 4056 2079 4057 2083 4057 2088 4057 1617 4058 2084 4058 2089 4058 2084 4059 2082 4059 2089 4059 2082 4060 2086 4060 2089 4060 2089 4061 1623 4061 1617 4061 2083 4062 2055 4062 2088 4062 2075 4063 2072 4063 2090 4063 2088 4064 2055 4064 2067 4064 2072 4065 2087 4065 2090 4065 2081 4066 2075 4066 2091 4066 2080 4067 2079 4067 2092 4067 2079 4068 2088 4068 2092 4068 2075 4069 2090 4069 2091 4069 2088 4070 2067 4070 2092 4070 2086 4071 2081 4071 2093 4071 2081 4072 2091 4072 2093 4072 2092 4073 2067 4073 2068 4073 1481 4074 2054 4074 2094 4074 2078 4075 1481 4075 2094 4075 2055 4076 1498 4076 2095 4076 2087 4077 2078 4077 2094 4077 1623 4078 2089 4078 2096 4078 2089 4079 2086 4079 2096 4079 2086 4080 2093 4080 2096 4080 2094 4081 2054 4081 2097 4081 2090 4082 2087 4082 2097 4082 2055 4083 2095 4083 2056 4083 2087 4084 2094 4084 2097 4084 2097 4085 2054 4085 2098 4085 2091 4086 2090 4086 2098 4086 2095 4087 1498 4087 2070 4087 2090 4088 2097 4088 2098 4088 2054 4089 1626 4089 2099 4089 2098 4090 2054 4090 2099 4090 1769 4091 2080 4091 2100 4091 2093 4092 2091 4092 2099 4092 2080 4093 2092 4093 2100 4093 2091 4094 2098 4094 2099 4094 1626 4095 1623 4095 2101 4095 1623 4096 2096 4096 2101 4096 2096 4097 2093 4097 2101 4097 2099 4098 1626 4098 2101 4098 2093 4099 2099 4099 2101 4099 2056 4100 2095 4100 2058 4100 2095 4101 2070 4101 2058 4101 2092 4102 2068 4102 2074 4102 2100 4103 2092 4103 2074 4103 2085 4104 1769 4104 2102 4104 1769 4105 2100 4105 2102 4105 2100 4106 2074 4106 2102 4106 2102 4107 2074 4107 2077 4107 2085 4108 2102 4108 2062 4108 2061 4109 2085 4109 2062 4109 2102 4110 2077 4110 2062 4110 2062 4111 2077 4111 2063 4111 2067 4112 2055 4112 2057 4112 2103 4113 2104 4113 1682 4113 1691 4114 2103 4114 1682 4114 2105 4115 1615 4115 1621 4115 2106 4116 2107 4116 1621 4116 2107 4117 2105 4117 1621 4117 1729 4118 1735 4118 2108 4118 1682 4119 2104 4119 1675 4119 1722 4120 1729 4120 2109 4120 1729 4121 2108 4121 2109 4121 2106 4122 1621 4122 1630 4122 1741 4123 1594 4123 2110 4123 1735 4124 1741 4124 2110 4124 2104 4125 2111 4125 1668 4125 2108 4126 1735 4126 2110 4126 1675 4127 2104 4127 1668 4127 1718 4128 1722 4128 2112 4128 1722 4129 2109 4129 2112 4129 2113 4130 2114 4130 1634 4130 2114 4131 2106 4131 1634 4131 2106 4132 1630 4132 1634 4132 2110 4133 1594 4133 2115 4133 2111 4134 2116 4134 1661 4134 2116 4135 2117 4135 1661 4135 1718 4136 2112 4136 2118 4136 1668 4137 2111 4137 1661 4137 1594 4138 1593 4138 2119 4138 2120 4139 2113 4139 1642 4139 2113 4140 1634 4140 1642 4140 2115 4141 1594 4141 2119 4141 1661 4142 2117 4142 1657 4142 2117 4143 2120 4143 1648 4143 2120 4144 1642 4144 1648 4144 1657 4145 2117 4145 1648 4145 1709 4146 1718 4146 2121 4146 1718 4147 2118 4147 2121 4147 1600 4148 1605 4148 2122 4148 1593 4149 1600 4149 2122 4149 2119 4150 1593 4150 2122 4150 1702 4151 1709 4151 2123 4151 1709 4152 2121 4152 2123 4152 2122 4153 1605 4153 2124 4153 1695 4154 1702 4154 2125 4154 1702 4155 2123 4155 2125 4155 2124 4156 1605 4156 1609 4156 2124 4157 1609 4157 2126 4157 1695 4158 2125 4158 2127 4158 2126 4159 1609 4159 2105 4159 1695 4160 2127 4160 1691 4160 1691 4161 2127 4161 2103 4161 2105 4162 1609 4162 1615 4162 2128 4163 2129 4163 2130 4163 2131 4164 2130 4164 2132 4164 2133 4165 2134 4165 2135 4165 2136 4166 2133 4166 2135 4166 2137 4167 2136 4167 2135 4167 2129 4168 2137 4168 2135 4168 2138 4169 2132 4169 2135 4169 2130 4170 2129 4170 2135 4170 2132 4171 2130 4171 2135 4171 2135 4172 2134 4172 2139 4172 2140 4173 2141 4173 2142 4173 2139 4174 2134 4174 2143 4174 2144 4175 2143 4175 2145 4175 2146 4176 2140 4176 2145 4176 2147 4177 2146 4177 2145 4177 2134 4178 2147 4178 2145 4178 2143 4179 2134 4179 2145 4179 2148 4180 2149 4180 2150 4180 2142 4181 2148 4181 2150 4181 2151 4182 2145 4182 2152 4182 2140 4183 2142 4183 2152 4183 2145 4184 2140 4184 2152 4184 2142 4185 2150 4185 2152 4185 2106 4186 2148 4186 2142 4186 2107 4187 2106 4187 2142 4187 2107 4188 2142 4188 2141 4188 2105 4189 2107 4189 2141 4189 2126 4190 2105 4190 2141 4190 2119 4191 2134 4191 2133 4191 2115 4192 2119 4192 2133 4192 2126 4193 2141 4193 2140 4193 2124 4194 2126 4194 2140 4194 2110 4195 2115 4195 2136 4195 2124 4196 2140 4196 2146 4196 2115 4197 2133 4197 2136 4197 2122 4198 2124 4198 2147 4198 2124 4199 2146 4199 2147 4199 2108 4200 2110 4200 2137 4200 2119 4201 2122 4201 2147 4201 2109 4202 2108 4202 2137 4202 2110 4203 2136 4203 2137 4203 2119 4204 2147 4204 2134 4204 2112 4205 2109 4205 2129 4205 2109 4206 2137 4206 2129 4206 2112 4207 2129 4207 2128 4207 2118 4208 2112 4208 2130 4208 2112 4209 2128 4209 2130 4209 2121 4210 2118 4210 2131 4210 2123 4211 2121 4211 2131 4211 2118 4212 2130 4212 2131 4212 2123 4213 2131 4213 2132 4213 2125 4214 2123 4214 2138 4214 2123 4215 2132 4215 2138 4215 2127 4216 2125 4216 2135 4216 2103 4217 2127 4217 2135 4217 2125 4218 2138 4218 2135 4218 2104 4219 2103 4219 2139 4219 2103 4220 2135 4220 2139 4220 2104 4221 2139 4221 2143 4221 2111 4222 2104 4222 2143 4222 2111 4223 2143 4223 2144 4223 2111 4224 2144 4224 2145 4224 2116 4225 2111 4225 2145 4225 2117 4226 2116 4226 2145 4226 2117 4227 2145 4227 2151 4227 2117 4228 2151 4228 2152 4228 2120 4229 2117 4229 2152 4229 2120 4230 2152 4230 2150 4230 2113 4231 2120 4231 2150 4231 2113 4232 2150 4232 2149 4232 2114 4233 2113 4233 2149 4233 2114 4234 2149 4234 2148 4234 2106 4235 2114 4235 2148 4235 16 4236 20 4236 2153 4236 16 4237 2153 4237 2154 4237 9 4238 2154 4238 101 4238 5 4239 8 4239 6 4239 5 4241 16 4241 2154 4241 2155 4242 68 4242 71 4242 5 4243 2154 4243 9 4243 2156 4244 62 4244 66 4244 2156 4245 66 4245 68 4245 2156 4246 68 4246 2155 4246 2157 4247 56 4247 58 4247 2157 4248 58 4248 62 4248 2157 4249 62 4249 2156 4249 2158 4250 53 4250 56 4250 2158 4251 56 4251 2157 4251 48 4252 2158 4252 2159 4252 48 4253 53 4253 2158 4253 46 4254 48 4254 2159 4254 42 4255 2159 4255 2160 4255 42 4256 46 4256 2159 4256 39 4257 42 4257 2160 4257 36 4258 2160 4258 2161 4258 36 4259 39 4259 2160 4259 33 4260 36 4260 2161 4260 94 4261 2162 4261 93 4261 94 4262 2163 4262 2162 4262 29 4263 2161 4263 2164 4263 29 4264 33 4264 2161 4264 96 4265 2163 4265 94 4265 26 4266 29 4266 2164 4266 97 4267 2165 4267 2163 4267 97 4268 2163 4268 96 4268 22 4269 26 4269 2164 4269 22 4270 2164 4270 2153 4270 99 4271 2165 4271 97 4271 20 4272 22 4272 2153 4272 101 4273 2165 4273 99 4273 101 4274 2154 4274 2165 4274 2163 4275 2166 4275 2162 4275 2167 4276 2166 4276 2163 4276 2168 4277 2163 4277 2165 4277 2168 4278 2167 4278 2163 4278 2169 4279 2168 4279 2165 4279 2154 4280 2169 4280 2165 4280 2170 4281 2169 4281 2154 4281 2171 4282 2154 4282 2153 4282 2171 4283 2170 4283 2154 4283 2172 4284 2171 4284 2153 4284 2173 4285 2153 4285 2164 4285 2173 4286 2172 4286 2153 4286 2174 4287 2173 4287 2164 4287 2175 4288 2174 4288 2164 4288 2176 4289 2164 4289 2161 4289 2176 4290 2175 4290 2164 4290 2177 4291 2176 4291 2161 4291 2178 4292 2161 4292 2160 4292 2178 4293 2177 4293 2161 4293 2179 4294 2178 4294 2160 4294 2180 4295 2160 4295 2159 4295 2180 4296 2179 4296 2160 4296 2181 4297 2180 4297 2159 4297 2182 4298 2159 4298 2158 4298 2182 4299 2181 4299 2159 4299 2183 4300 2182 4300 2158 4300 2184 4301 2158 4301 2157 4301 2184 4302 2183 4302 2158 4302 2185 4303 2184 4303 2157 4303 2186 4304 2185 4304 2157 4304 2186 4305 2157 4305 2156 4305 2187 4306 2186 4306 2156 4306 2188 4307 2187 4307 2156 4307 2155 4308 2188 4308 2156 4308 2639 4817 2641 4817 2173 4817 2636 4820 2639 4820 2173 4820 2636 4822 2173 4822 2174 4822 2247 4827 77 4827 2248 4827 2632 4828 2636 4828 2174 4828 2282 4831 77 4831 2247 4831 2631 4835 2632 4835 2174 4835 2628 4843 2174 4843 2175 4843 2628 4844 2631 4844 2174 4844 2625 4849 2628 4849 2175 4849 2624 4858 2625 4858 2175 4858 2621 4868 2175 4868 2176 4868 2621 4871 2624 4871 2175 4871 2620 4876 2621 4876 2176 4876 2390 4879 2188 4879 2155 4879 2390 4881 2155 4881 71 4881 2619 4882 2620 4882 2176 4882 2419 4886 2188 4886 2390 4886 2616 4887 2176 4887 2177 4887 2616 4889 2619 4889 2176 4889 2438 4893 2188 4893 2419 4893 2615 4895 2616 4895 2177 4895 2453 4897 2187 4897 2188 4897 2453 4899 2188 4899 2438 4899 2614 4901 2615 4901 2177 4901 2461 4904 2187 4904 2453 4904 2605 4906 2614 4906 2177 4906 2483 4908 2187 4908 2461 4908 2600 4911 2605 4911 2177 4911 2600 4912 2177 4912 2178 4912 2493 4915 2186 4915 2187 4915 2493 4916 2187 4916 2483 4916 2598 4918 2600 4918 2178 4918 2502 4920 2186 4920 2493 4920 2595 4921 2598 4921 2178 4921 2506 4924 2186 4924 2502 4924 2591 4925 2595 4925 2178 4925 2591 4927 2178 4927 2179 4927 2512 4928 2186 4928 2506 4928 2512 4929 2185 4929 2186 4929 2590 4931 2591 4931 2179 4931 2515 4932 2185 4932 2512 4932 2585 4934 2590 4934 2179 4934 2518 4936 2185 4936 2515 4936 2583 4938 2585 4938 2179 4938 2583 4939 2179 4939 2180 4939 2526 4940 2185 4940 2518 4940 2526 4942 2184 4942 2185 4942 2580 4943 2583 4943 2180 4943 2530 4945 2184 4945 2526 4945 2576 4946 2580 4946 2180 4946 2533 4948 2184 4948 2530 4948 2575 4950 2576 4950 2180 4950 2575 4951 2180 4951 2181 4951 2538 4952 2184 4952 2533 4952 2571 4953 2575 4953 2181 4953 2540 4954 2184 4954 2538 4954 2540 4955 2183 4955 2184 4955 2567 4956 2571 4956 2181 4956 2546 4957 2183 4957 2540 4957 2562 4958 2567 4958 2181 4958 2548 4959 2183 4959 2546 4959 2558 4961 2562 4961 2181 4961 2558 4962 2181 4962 2182 4962 2549 4963 2183 4963 2548 4963 2549 4964 2182 4964 2183 4964 2166 4965 2623 4965 2638 4965 2166 4966 2618 4966 2623 4966 2556 4967 2558 4967 2182 4967 2551 4968 2182 4968 2549 4968 2551 4969 2556 4969 2182 4969 77 4971 78 4971 2248 4971 75 4972 77 4972 2282 4972 2166 4974 93 4974 2162 4974 2166 4975 2638 4975 93 4975 2167 4978 2545 4978 2618 4978 2167 4979 2471 4979 2545 4979 2167 4980 2437 4980 2471 4980 2167 4981 2618 4981 2166 4981 2168 4983 2411 4983 2437 4983 2168 4984 2351 4984 2411 4984 2168 4985 2340 4985 2351 4985 2168 4986 2437 4986 2167 4986 2169 4990 2309 4990 2340 4990 2169 4991 2275 4991 2309 4991 2169 4992 2253 4992 2275 4992 2169 4993 2340 4993 2168 4993 2170 4996 2242 4996 2253 4996 2170 4997 2214 4997 2242 4997 2170 4998 2253 4998 2169 4998 2215 4999 2214 4999 2170 4999 2669 5001 2215 5001 2170 5001 2171 5002 2669 5002 2170 5002 2663 5005 2669 5005 2171 5005 2658 5007 2663 5007 2171 5007 2656 5010 2171 5010 2172 5010 2656 5011 2658 5011 2171 5011 2648 5013 2656 5013 2172 5013 2647 5016 2648 5016 2172 5016 2643 5018 2172 5018 2173 5018 2643 5019 2647 5019 2172 5019 2642 5022 2643 5022 2173 5022 2641 5024 2642 5024 2173 5024 2403 5224 2400 5224 2745 5224 2400 5225 2744 5225 2745 5225 2747 5228 2602 5228 2462 5228 2748 5230 2462 5230 2426 5230 2748 5231 2426 5231 2749 5231 2602 5236 2747 5236 2752 5236 2603 5237 2602 5237 2752 5237 2604 5238 2603 5238 2753 5238 2603 5239 2752 5239 2753 5239 2608 5242 2607 5242 2755 5242 2607 5243 2754 5243 2755 5243 2612 5248 2611 5248 2758 5248 2613 5250 2612 5250 2759 5250 2612 5251 2758 5251 2759 5251 2613 5253 2759 5253 2760 5253 2581 5272 2769 5272 2751 5272 2589 5273 2581 5273 2751 5273 2654 5276 2635 5276 2771 5276 2635 5277 2770 5277 2771 5277 2662 5278 2654 5278 2772 5278 2654 5279 2771 5279 2772 5279 2774 5347 2751 5347 2769 5347 2281 5363 2784 5363 2316 5363 2316 5364 2784 5364 2785 5364 2316 5365 2785 5365 2329 5365 2329 5366 2785 5366 2786 5366 2321 5369 2787 5369 2788 5369 2323 5370 2321 5370 2788 5370 2323 5372 2788 5372 2789 5372 2252 5376 2790 5376 2791 5376 2252 5378 2791 5378 2792 5378 2208 5379 2238 5379 2793 5379 2238 5380 2792 5380 2793 5380 2209 5381 2208 5381 2794 5381 2208 5382 2793 5382 2794 5382 2633 5395 2640 5395 2801 5395 2499 5397 2633 5397 2802 5397 2633 5398 2801 5398 2802 5398 2195 5399 2499 5399 2803 5399 2195 5401 2803 5401 2227 5401 2227 5402 2803 5402 2804 5402 2227 5403 2804 5403 2228 5403 2199 5410 2807 5410 2808 5410 2199 5411 2808 5411 2200 5411 2200 5412 2808 5412 2809 5412 2200 5413 2809 5413 2201 5413 2810 5440 2811 5440 2812 5440 2813 5441 2810 5441 2812 5441 2813 5442 2812 5442 2814 5442 2818 5448 2819 5448 2820 5448 2821 5449 2818 5449 2820 5449 2821 5451 2820 5451 2823 5451 2824 5452 2822 5452 2825 5452 2810 5454 2824 5454 2811 5454 2824 5455 2825 5455 2811 5455 2838 5478 2837 5478 2362 5478 2838 5479 2362 5479 2260 5479 2274 5480 2838 5480 2260 5480 2839 5481 2838 5481 2274 5481 2845 5519 2842 5519 2844 5519 2850 5525 2849 5525 2851 5525 2851 5527 2852 5527 2850 5527 2861 5538 2481 5538 2859 5538 2457 5539 2481 5539 2861 5539 2858 5540 2457 5540 2861 5540 2870 5560 2853 5560 2871 5560 2872 5562 2870 5562 2873 5562 2870 5563 2871 5563 2873 5563 2844 5564 2872 5564 2845 5564 2872 5565 2873 5565 2845 5565 2371 5620 2391 5620 2886 5620 2887 5621 2888 5621 2359 5621 2889 5623 2887 5623 2363 5623 2887 5624 2359 5624 2363 5624 2886 5625 2889 5625 2371 5625 2889 5626 2363 5626 2371 5626 2891 5629 2892 5629 2313 5629 2892 5630 2296 5630 2313 5630 2894 5636 2365 5636 2296 5636 2897 5641 2422 5641 2894 5641 2894 5642 2422 5642 2365 5642 2874 5645 2409 5645 2899 5645 2899 5646 2409 5646 2408 5646 2899 5647 2408 5647 2900 5647 2900 5648 2408 5648 2410 5648 2900 5649 2410 5649 2898 5649 2570 5736 2924 5736 2925 5736 2570 5737 2925 5737 2926 5737 2582 5739 2926 5739 2927 5739 2582 5740 2927 5740 2257 5740 2257 5741 2927 5741 2928 5741 2257 5742 2928 5742 2258 5742 2950 5785 2951 5785 2369 5785 2952 5787 2950 5787 2350 5787 2950 5788 2369 5788 2350 5788 2949 5789 2952 5789 2318 5789 2952 5790 2350 5790 2318 5790</p>
        </triangles>
        <triangles material="Material_002-material" count="1090">
          <input semantic="VERTEX" source="#link_5-mesh-vertices" offset="0"/>
          <input semantic="NORMAL" source="#link_5-mesh-normals" offset="1"/>
          <p>5 4240 9 4240 8 4240 2189 4309 2190 4309 2191 4309 2189 4310 2191 4310 2192 4310 2193 4311 2194 4311 2195 4311 2193 4312 2196 4312 2194 4312 2197 4313 2198 4313 2199 4313 2197 4314 2199 4314 2200 4314 2197 4315 2200 4315 2201 4315 2202 4316 2203 4316 2204 4316 2205 4317 2206 4317 2207 4317 2208 4318 2209 4318 2210 4318 2211 4319 2212 4319 2213 4319 2214 4320 2215 4320 2216 4320 2211 4321 2217 4321 2212 4321 2218 4322 2207 4322 2219 4322 2218 4323 2205 4323 2207 4323 2220 4324 2221 4324 2222 4324 2223 4325 2218 4325 2219 4325 2220 4326 2224 4326 2221 4326 2220 4327 2225 4327 2224 4327 2226 4328 2195 4328 2227 4328 2226 4329 2227 4329 2228 4329 2229 4330 2189 4330 2192 4330 2226 4331 2193 4331 2195 4331 2229 4332 2192 4332 2230 4332 2231 4333 2223 4333 2219 4333 2232 4334 2233 4334 2217 4334 2232 4335 2234 4335 2233 4335 2232 4336 2235 4336 2234 4336 2236 4337 2219 4337 2237 4337 2238 4338 2210 4338 2239 4338 2238 4339 2208 4339 2210 4339 2236 4340 2231 4340 2219 4340 2240 4341 2228 4341 2197 4341 2241 4342 2236 4342 2237 4342 2240 4343 2226 4343 2228 4343 2242 4344 2243 4344 2244 4344 2242 4345 2216 4345 2243 4345 2242 4346 2214 4346 2216 4346 2232 4347 2217 4347 2211 4347 2245 4348 2241 4348 2237 4348 2246 4349 2229 4349 2230 4349 2247 4350 2248 4350 2249 4350 2247 4351 2250 4351 2251 4351 2252 4352 2238 4352 2239 4352 2247 4353 2249 4353 2250 4353 2253 4354 2244 4354 2220 4354 2254 4355 2237 4355 2255 4355 2256 4356 2257 4356 2258 4356 2256 4357 2259 4357 2235 4357 2260 4358 2252 4358 2239 4358 2253 4359 2242 4359 2244 4359 2256 4360 2261 4360 2259 4360 2254 4361 2245 4361 2237 4361 2256 4362 2262 4362 2261 4362 2256 4363 2263 4363 2262 4363 2264 4364 2254 4364 2255 4364 2256 4365 2265 4365 2263 4365 2266 4366 2240 4366 2197 4366 2256 4367 2267 4367 2265 4367 2256 4368 2268 4368 2267 4368 2269 4369 2246 4369 2230 4369 2256 4370 2270 4370 2268 4370 2256 4371 2271 4371 2270 4371 2256 4372 2272 4372 2271 4372 2256 4373 2273 4373 2272 4373 2274 4374 2260 4374 2239 4374 2256 4375 2258 4375 2273 4375 2256 4376 2235 4376 2232 4376 2275 4377 2253 4377 2220 4377 2276 4378 2264 4378 2255 4378 2277 4379 2202 4379 2204 4379 2278 4380 2276 4380 2255 4380 2278 4381 2255 4381 2279 4381 2280 4382 2278 4382 2279 4382 2281 4383 2197 4383 2201 4383 2282 4384 2247 4384 2251 4384 2283 4385 2220 4385 2222 4385 2284 4386 2280 4386 2279 4386 2285 4387 2274 4387 2239 4387 2286 4388 2266 4388 2197 4388 2287 4389 2284 4389 2279 4389 2287 4390 2279 4390 2288 4390 2286 4391 2197 4391 2281 4391 2289 4392 2287 4392 2288 4392 2290 4393 2269 4393 2291 4393 2292 4394 2269 4394 2230 4394 2293 4395 2285 4395 2239 4395 2293 4396 2239 4396 2294 4396 2292 4397 2291 4397 2269 4397 2295 4398 2289 4398 2288 4398 2296 4399 2277 4399 2204 4399 2296 4400 2297 4400 2277 4400 2298 4401 2286 4401 2281 4401 2296 4402 2299 4402 2297 4402 2300 4403 2301 4403 2302 4403 2296 4404 2303 4404 2299 4404 2296 4405 2304 4405 2303 4405 2305 4406 2269 4406 2290 4406 2306 4407 2282 4407 2251 4407 2307 4408 2302 4408 2308 4408 2307 4409 2300 4409 2302 4409 2309 4410 2220 4410 2283 4410 2309 4411 2275 4411 2220 4411 2310 4412 2288 4412 2301 4412 2310 4413 2295 4413 2288 4413 2311 4414 2269 4414 2305 4414 2312 4415 2307 4415 2308 4415 2313 4416 2204 4416 2314 4416 2313 4417 2296 4417 2204 4417 2315 4418 2281 4418 2316 4418 2317 4419 2310 4419 2301 4419 2315 4420 2298 4420 2281 4420 2318 4421 2251 4421 2257 4421 2319 4422 2230 4422 2320 4422 2321 4423 2252 4423 2260 4423 2319 4424 2292 4424 2230 4424 2322 4425 2312 4425 2308 4425 2321 4426 2323 4426 2252 4426 2318 4427 2257 4427 2256 4427 2324 4428 2306 4428 2251 4428 2325 4429 2322 4429 2308 4429 2324 4430 2251 4430 2318 4430 2326 4431 2313 4431 2314 4431 2327 4432 2301 4432 2300 4432 2327 4433 2317 4433 2301 4433 2328 4434 2316 4434 2329 4434 2330 4435 2319 4435 2320 4435 2328 4436 2315 4436 2316 4436 2331 4437 2332 4437 2293 4437 2333 4438 2326 4438 2314 4438 2331 4439 2293 4439 2294 4439 2334 4440 2335 4440 2336 4440 2337 4441 2328 4441 2329 4441 2337 4442 2329 4442 2321 4442 2340 4444 2309 4444 2283 4444 2341 4445 2331 4445 2294 4445 2341 4446 2294 4446 2342 4446 2343 4447 2330 4447 2320 4447 2344 4448 2324 4448 2318 4448 2346 4450 2347 4450 2327 4450 2348 4451 2337 4451 2321 4451 2346 4452 2327 4452 2300 4452 2349 4453 2318 4453 2350 4453 2351 4454 2340 4454 2283 4454 2349 4455 2344 4455 2318 4455 2353 4457 2341 4457 2342 4457 2351 4458 2283 4458 2354 4458 2355 4459 2341 4459 2353 4459 2356 4460 2353 4460 2342 4460 2357 4461 2343 4461 2320 4461 2358 4462 2348 4462 2321 4462 2359 4463 2360 4463 2333 4463 2361 4464 2347 4464 2346 4464 2358 4465 2321 4465 2362 4465 2363 4466 2359 4466 2333 4466 2364 4467 2322 4467 2325 4467 2365 4468 2366 4468 2304 4468 2364 4469 2352 4469 2322 4469 2367 4470 2356 4470 2342 4470 2367 4471 2342 4471 2368 4471 71 4472 2369 4472 2366 4472 71 4473 2350 4473 2369 4473 71 4474 2349 4474 2350 4474 2370 4475 2358 4475 2362 4475 2371 4476 2363 4476 2333 4476 2372 4477 2367 4477 2368 4477 2373 4478 2374 4478 2375 4478 2376 4479 2361 4479 2346 4479 2377 4480 2362 4480 2378 4480 2377 4481 2370 4481 2362 4481 2379 4482 2380 4482 2381 4482 2379 4483 2381 4483 2382 4483 2379 4484 2382 4484 2383 4484 2384 4485 2378 4485 2385 4485 2386 4486 2334 4486 2336 4486 2384 4487 2377 4487 2378 4487 2387 4488 2325 4488 2388 4488 2389 4489 2372 4489 2368 4489 2387 4490 2364 4490 2325 4490 2390 4491 2366 4491 2365 4491 2390 4492 71 4492 2366 4492 2391 4493 2371 4493 2333 4493 2392 4494 2373 4494 2375 4494 2391 4495 2314 4495 2393 4495 2394 4496 2346 4496 2395 4496 2396 4497 2384 4497 2385 4497 2392 4498 2375 4498 2397 4498 2394 4499 2395 4499 2398 4499 2392 4500 2397 4500 2399 4500 2391 4501 2333 4501 2314 4501 2392 4502 2399 4502 2400 4502 2394 4503 2376 4503 2346 4503 2401 4504 2385 4504 2402 4504 2403 4505 2392 4505 2400 4505 2401 4506 2396 4506 2385 4506 2404 4507 2387 4507 2388 4507 2405 4508 2401 4508 2402 4508 2406 4509 2392 4509 2403 4509 2407 4510 2408 4510 2409 4510 2407 4511 2410 4511 2408 4511 2411 4512 2354 4512 2412 4512 2407 4513 2413 4513 2410 4513 2411 4514 2351 4514 2354 4514 2414 4515 2398 4515 2379 4515 2415 4516 2405 4516 2402 4516 2416 4517 2391 4517 2393 4517 2417 4518 2402 4518 2372 4518 2414 4519 2394 4519 2398 4519 2418 4520 2386 4520 2336 4520 2419 4521 2390 4521 2365 4521 2417 4522 2415 4522 2402 4522 2420 4523 2404 4523 2388 4523 2421 4524 2357 4524 2320 4524 2419 4525 2365 4525 2422 4525 2423 4526 2417 4526 2372 4526 2421 4527 2320 4527 2424 4527 2425 4528 2414 4528 2379 4528 2426 4529 2392 4529 2406 4529 2427 4530 2423 4530 2372 4530 2428 4531 2429 4531 2430 4531 2431 4532 2372 4532 2389 4532 2431 4533 2427 4533 2372 4533 2432 4534 2421 4534 2424 4534 2433 4535 2416 4535 2393 4535 2433 4536 2393 4536 2434 4536 2435 4537 2379 4537 2383 4537 2436 4538 2431 4538 2389 4538 2437 4539 2412 4539 2386 4539 2437 4540 2411 4540 2412 4540 2438 4541 2419 4541 2422 4541 2439 4542 2389 4542 2440 4542 2438 4543 2422 4543 2441 4543 2439 4544 2436 4544 2389 4544 2442 4545 2443 4545 2420 4545 2444 4546 2439 4546 2440 4546 2445 4547 2433 4547 2434 4547 2446 4548 2420 4548 2443 4548 2447 4549 2444 4549 2440 4549 2448 4550 2432 4550 2424 4550 2449 4551 2445 4551 2434 4551 2450 4552 2447 4552 2440 4552 2451 4553 2442 4553 2420 4553 2450 4554 2440 4554 2452 4554 2451 4555 2420 4555 2388 4555 2453 4556 2438 4556 2441 4556 2454 4557 2420 4557 2446 4557 2453 4558 2441 4558 2407 4558 2454 4559 2455 4559 2420 4559 2456 4560 2450 4560 2452 4560 2457 4561 2449 4561 2434 4561 2458 4562 2451 4562 2388 4562 2459 4563 2456 4563 2452 4563 2460 4564 2392 4564 2426 4564 2461 4565 2453 4565 2407 4565 2460 4566 2426 4566 2462 4566 2463 4567 2379 4567 2435 4567 2464 4568 2459 4568 2452 4568 2463 4569 2425 4569 2379 4569 2464 4570 2452 4570 2465 4570 2466 4571 2455 4571 2454 4571 2467 4572 2468 4572 2469 4572 2466 4573 2430 4573 2455 4573 2467 4574 2470 4574 2468 4574 2471 4575 2437 4575 2386 4575 2472 4576 2464 4576 2465 4576 2471 4577 2386 4577 2418 4577 2473 4578 2407 4578 2409 4578 2471 4579 2418 4579 2474 4579 2466 4580 2428 4580 2430 4580 2475 4581 2458 4581 2388 4581 2476 4582 2472 4582 2465 4582 2475 4583 2388 4583 2477 4583 2478 4584 2448 4584 2424 4584 2479 4585 2476 4585 2465 4585 2479 4586 2465 4586 2480 4586 2481 4587 2457 4587 2434 4587 2482 4588 2479 4588 2480 4588 2483 4589 2407 4589 2473 4589 2484 4590 2475 4590 2477 4590 2483 4591 2461 4591 2407 4591 2485 4592 2482 4592 2480 4592 2486 4593 2463 4593 2435 4593 2487 4594 2485 4594 2480 4594 2488 4595 2484 4595 2477 4595 2487 4596 2480 4596 2489 4596 2490 4597 2434 4597 2491 4597 2492 4598 2487 4598 2489 4598 2490 4599 2481 4599 2434 4599 2493 4600 2483 4600 2473 4600 2494 4601 2492 4601 2489 4601 2449 4602 2495 4602 2496 4602 2260 4603 2362 4603 2321 4603 2497 4604 2252 4604 2498 4604 2498 4605 2252 4605 2323 4605 2499 4606 2195 4606 2500 4606 2501 4607 2269 4607 2311 4607 2501 4608 2311 4608 2336 4608 2501 4609 2336 4609 2335 4609 2296 4610 2365 4610 2304 4610 2496 4611 2445 4611 2449 4611 2496 4612 2467 4612 2469 4612 2496 4613 2469 4613 2445 4613 2502 4614 2473 4614 2503 4614 2502 4615 2493 4615 2473 4615 2504 4616 2505 4616 2490 4616 2504 4617 2490 4617 2491 4617 2506 4618 2503 4618 2507 4618 2506 4619 2502 4619 2503 4619 2508 4620 2504 4620 2491 4620 2508 4621 2491 4621 2509 4621 2510 4622 2424 4622 2511 4622 2510 4623 2478 4623 2424 4623 2512 4624 2507 4624 2496 4624 2512 4625 2506 4625 2507 4625 2513 4626 2488 4626 2477 4626 2514 4627 2508 4627 2509 4627 2515 4628 2512 4628 2496 4628 2515 4629 2496 4629 2495 4629 2516 4630 2508 4630 2514 4630 2517 4631 2514 4631 2509 4631 2518 4632 2515 4632 2495 4632 2519 4633 2509 4633 2520 4633 2519 4634 2517 4634 2509 4634 2521 4635 2519 4635 2520 4635 2522 4636 2523 4636 2524 4636 2522 4637 2525 4637 2523 4637 2526 4638 2495 4638 2527 4638 2526 4639 2518 4639 2495 4639 2528 4640 2486 4640 2435 4640 2528 4641 2435 4641 2529 4641 2530 4642 2526 4642 2527 4642 2531 4643 2521 4643 2520 4643 2532 4644 2510 4644 2511 4644 2533 4645 2527 4645 2534 4645 2533 4646 2530 4646 2527 4646 2535 4647 2536 4647 2537 4647 2535 4648 2524 4648 2536 4648 2538 4649 2534 4649 2539 4649 2538 4650 2533 4650 2534 4650 2535 4651 2522 4651 2524 4651 2540 4652 2538 4652 2539 4652 2541 4653 2542 4653 2543 4653 2541 4654 2544 4654 2542 4654 2541 4655 2537 4655 2544 4655 2541 4656 2535 4656 2537 4656 2545 4657 2471 4657 2474 4657 2546 4658 2540 4658 2539 4658 2545 4659 2474 4659 2547 4659 2548 4660 2546 4660 2539 4660 2549 4661 2539 4661 2521 4661 2549 4662 2548 4662 2539 4662 2550 4663 2428 4663 2466 4663 2551 4664 2549 4664 2521 4664 2552 4665 2553 4665 2554 4665 2552 4666 2555 4666 2553 4666 2556 4667 2551 4667 2521 4667 2552 4668 2557 4668 2555 4668 2552 4669 2543 4669 2557 4669 2552 4670 2541 4670 2543 4670 2558 4671 2521 4671 2531 4671 2558 4672 2556 4672 2521 4672 2552 4673 2559 4673 2560 4673 2552 4674 2554 4674 2559 4674 2561 4675 2552 4675 2560 4675 2562 4676 2558 4676 2531 4676 2563 4677 2552 4677 2561 4677 2567 4679 2562 4679 2531 4679 2567 4681 2531 4681 2569 4681 2570 4682 2552 4682 2563 4682 2571 4683 2567 4683 2569 4683 2572 4684 2550 4684 2466 4684 2573 4685 2477 4685 2574 4685 2575 4686 2571 4686 2569 4686 2573 4687 2513 4687 2477 4687 2576 4688 2569 4688 2577 4688 2578 4689 2528 4689 2529 4689 2578 4690 2529 4690 2579 4690 2576 4691 2575 4691 2569 4691 2580 4692 2576 4692 2577 4692 2582 4694 2552 4694 2570 4694 2583 4695 2580 4695 2577 4695 2584 4696 2573 4696 2574 4696 2585 4697 2577 4697 2586 4697 2581 4698 2587 4698 2588 4698 2581 4699 2588 4699 2565 4699 2585 4700 2583 4700 2577 4700 2589 4701 2587 4701 2581 4701 2590 4702 2585 4702 2586 4702 2591 4703 2590 4703 2586 4703 2592 4704 2579 4704 2550 4704 2589 4705 2593 4705 2594 4705 2595 4706 2586 4706 2596 4706 2589 4707 2594 4707 2597 4707 2592 4708 2578 4708 2579 4708 2589 4709 2597 4709 2587 4709 2595 4710 2591 4710 2586 4710 2598 4711 2595 4711 2596 4711 2599 4712 2532 4712 2511 4712 2600 4713 2598 4713 2596 4713 2601 4714 2593 4714 2589 4714 2601 4715 2462 4715 2602 4715 2601 4716 2602 4716 2603 4716 2601 4717 2603 4717 2604 4717 2605 4718 2596 4718 2606 4718 2601 4719 2604 4719 2607 4719 2601 4720 2607 4720 2608 4720 2601 4721 2608 4721 2609 4721 2605 4722 2600 4722 2596 4722 2610 4723 2584 4723 2574 4723 2601 4724 2609 4724 2611 4724 2601 4725 2611 4725 2612 4725 2601 4726 2612 4726 2613 4726 2601 4727 2613 4727 2593 4727 2614 4728 2605 4728 2606 4728 2251 4729 2582 4729 2257 4729 2251 4730 2552 4730 2582 4730 2615 4731 2614 4731 2606 4731 2616 4732 2606 4732 2617 4732 2618 4733 2545 4733 2547 4733 2616 4734 2615 4734 2606 4734 2618 4735 2547 4735 2460 4735 2619 4736 2616 4736 2617 4736 2620 4737 2619 4737 2617 4737 2621 4738 2617 4738 2622 4738 2621 4739 2620 4739 2617 4739 2623 4740 2618 4740 2460 4740 2624 4741 2621 4741 2622 4741 2625 4742 2624 4742 2622 4742 2499 4743 2500 4743 2626 4743 2499 4744 2626 4744 2627 4744 2628 4745 2622 4745 2629 4745 2499 4746 2627 4746 2630 4746 2499 4747 2630 4747 2599 4747 2248 4748 2550 4748 2572 4748 2499 4749 2599 4749 2511 4749 2628 4750 2625 4750 2622 4750 2248 4751 2592 4751 2550 4751 2248 4752 2572 4752 2249 4752 2631 4753 2628 4753 2629 4753 2632 4754 2631 4754 2629 4754 2633 4755 2499 4755 2511 4755 2633 4756 2511 4756 2634 4756 2635 4757 2462 4757 2601 4757 2636 4758 2632 4758 2629 4758 2635 4759 2460 4759 2462 4759 2636 4760 2629 4760 2637 4760 2638 4761 2460 4761 2635 4761 2638 4762 2623 4762 2460 4762 2639 4763 2636 4763 2637 4763 2640 4764 2633 4764 2634 4764 2641 4765 2639 4765 2637 4765 2203 4766 2610 4766 2574 4766 2642 4767 2641 4767 2637 4767 2203 4768 2574 4768 2204 4768 2643 4769 2642 4769 2637 4769 2644 4770 2638 4770 2635 4770 2643 4771 2637 4771 2645 4771 2646 4772 2640 4772 2634 4772 2647 4773 2643 4773 2645 4773 2648 4774 2647 4774 2645 4774 2649 4775 2650 4775 2651 4775 2649 4776 2651 4776 2652 4776 2653 4777 2635 4777 2654 4777 2655 4778 2649 4778 2652 4778 2653 4779 2644 4779 2635 4779 2656 4780 2648 4780 2645 4780 2656 4781 2645 4781 2650 4781 2657 4782 2655 4782 2652 4782 2658 4783 2656 4783 2650 4783 2191 4784 2657 4784 2652 4784 2659 4785 2660 4785 2646 4785 2661 4786 2654 4786 2662 4786 2192 4787 2191 4787 2652 4787 2661 4788 2653 4788 2654 4788 2663 4789 2650 4789 2649 4789 2663 4790 2658 4790 2650 4790 2664 4791 2659 4791 2646 4791 2195 4792 2194 4792 2500 4792 2665 4793 2666 4793 2191 4793 2667 4794 2664 4794 2646 4794 2668 4795 2665 4795 2191 4795 2196 4796 2662 4796 2194 4796 2196 4797 2661 4797 2662 4797 2216 4798 2669 4798 2663 4798 2216 4799 2663 4799 2649 4799 2190 4800 2668 4800 2191 4800 2215 4801 2669 4801 2216 4801 2209 4802 2646 4802 2634 4802 2209 4803 2667 4803 2646 4803 2209 4804 2634 4804 2210 4804 69 4805 2427 4805 2431 4805 69 4806 2423 4806 2427 4806 2 4807 2423 4807 69 4807 2 4808 2417 4808 2423 4808 1 4809 2417 4809 2 4809 1 4810 2415 4810 2417 4810 67 4811 69 4811 2431 4811 67 4812 2431 4812 2436 4812 78 4813 2578 4813 2592 4813 2439 4814 67 4814 2436 4814 80 4815 2415 4815 1 4815 80 4816 2405 4816 2415 4816 2248 4818 78 4818 2592 4818 64 4819 67 4819 2439 4819 64 4821 2439 4821 2444 4821 81 4823 2405 4823 80 4823 81 4824 2401 4824 2405 4824 2396 4825 2401 4825 81 4825 2447 4826 64 4826 2444 4826 61 4829 64 4829 2447 4829 61 4830 2447 4830 2450 4830 83 4832 2396 4832 81 4832 83 4833 2384 4833 2396 4833 2377 4834 2384 4834 83 4834 2456 4836 61 4836 2450 4836 57 4837 61 4837 2456 4837 2459 4838 57 4838 2456 4838 2306 4839 75 4839 2282 4839 84 4840 2377 4840 83 4840 84 4841 2370 4841 2377 4841 2358 4842 2370 4842 84 4842 2464 4845 57 4845 2459 4845 55 4846 57 4846 2464 4846 2324 4847 75 4847 2306 4847 2472 4848 55 4848 2464 4848 85 4850 2358 4850 84 4850 85 4851 2348 4851 2358 4851 2337 4852 2348 4852 85 4852 2476 4853 55 4853 2472 4853 51 4854 55 4854 2476 4854 2479 4855 51 4855 2476 4855 2344 4856 74 4856 2324 4856 87 4857 2337 4857 85 4857 87 4859 2328 4859 2337 4859 2315 4860 2328 4860 87 4860 2482 4861 51 4861 2479 4861 50 4862 51 4862 2482 4862 73 4863 74 4863 2344 4863 2349 4864 73 4864 2344 4864 2485 4865 50 4865 2482 4865 88 4866 2315 4866 87 4866 88 4867 2298 4867 2315 4867 2286 4869 2298 4869 88 4869 2487 4870 50 4870 2485 4870 47 4872 50 4872 2487 4872 71 4873 73 4873 2349 4873 2492 4874 47 4874 2487 4874 90 4875 2266 4875 2286 4875 90 4877 2286 4877 88 4877 2240 4878 2266 4878 90 4878 2494 4880 47 4880 2492 4880 44 4883 47 4883 2494 4883 44 4884 2494 4884 2206 4884 2226 4885 2240 4885 90 4885 2205 4888 44 4888 2206 4888 91 4890 2226 4890 90 4890 2193 4891 2226 4891 91 4891 2218 4892 44 4892 2205 4892 41 4894 44 4894 2218 4894 2196 4896 2193 4896 91 4896 2223 4898 41 4898 2218 4898 93 4900 2661 4900 2196 4900 93 4902 2196 4902 91 4902 2231 4903 41 4903 2223 4903 37 4905 41 4905 2231 4905 2653 4907 2661 4907 93 4907 2236 4909 37 4909 2231 4909 2644 4910 2653 4910 93 4910 2241 4913 37 4913 2236 4913 35 4914 37 4914 2241 4914 2638 4917 2644 4917 93 4917 2245 4919 35 4919 2241 4919 31 4922 2245 4922 2254 4922 31 4923 35 4923 2245 4923 2264 4926 31 4926 2254 4926 30 4930 2264 4930 2276 4930 30 4933 31 4933 2264 4933 2278 4935 30 4935 2276 4935 28 4937 2278 4937 2280 4937 28 4941 30 4941 2278 4941 2284 4944 28 4944 2280 4944 24 4947 2284 4947 2287 4947 24 4949 28 4949 2284 4949 2289 4960 24 4960 2287 4960 78 4970 79 4970 2578 4970 74 4973 75 4973 2324 4973 21 4976 2289 4976 2295 4976 21 4977 24 4977 2289 4977 2310 4982 21 4982 2295 4982 18 4987 2310 4987 2317 4987 18 4988 21 4988 2310 4988 2327 4989 18 4989 2317 4989 15 4994 2327 4994 2347 4994 15 4995 18 4995 2327 4995 2361 5000 15 5000 2347 5000 14 5003 15 5003 2361 5003 14 5004 2361 5004 2376 5004 2394 5006 14 5006 2376 5006 10 5008 14 5008 2394 5008 10 5009 2394 5009 2414 5009 2425 5012 10 5012 2414 5012 11 5014 10 5014 2425 5014 11 5015 2425 5015 2463 5015 2486 5017 11 5017 2463 5017 79 5020 11 5020 2486 5020 79 5021 2486 5021 2528 5021 2578 5023 79 5023 2528 5023 2670 5025 2219 5025 2207 5025 2670 5026 2237 5026 2219 5026 2634 5027 2671 5027 2210 5027 2672 5028 2204 5028 2574 5028 2672 5029 2314 5029 2204 5029 2606 5030 2596 5030 2673 5030 2672 5031 2574 5031 2674 5031 2511 5032 2675 5032 2671 5032 2676 5033 2670 5033 2207 5033 2511 5034 2671 5034 2634 5034 2617 5035 2606 5035 2673 5035 2676 5036 2480 5036 2465 5036 2676 5037 2489 5037 2480 5037 2676 5038 2207 5038 2489 5038 2617 5039 2673 5039 2677 5039 2678 5040 2314 5040 2672 5040 2678 5041 2393 5041 2314 5041 2678 5042 2434 5042 2393 5042 2424 5043 2675 5043 2511 5043 2622 5044 2617 5044 2677 5044 2679 5045 2676 5045 2465 5045 2679 5046 2452 5046 2440 5046 2679 5047 2465 5047 2452 5047 2320 5048 2680 5048 2675 5048 2320 5049 2675 5049 2424 5049 2681 5050 2491 5050 2434 5050 2681 5051 2509 5051 2491 5051 2629 5052 2622 5052 2677 5052 2681 5053 2434 5053 2678 5053 2629 5054 2677 5054 2682 5054 2230 5055 2680 5055 2320 5055 2683 5056 2679 5056 2440 5056 2683 5057 2440 5057 2389 5057 2637 5058 2629 5058 2682 5058 2192 5059 2680 5059 2230 5059 2684 5060 2520 5060 2509 5060 2684 5061 2509 5061 2681 5061 2192 5062 2685 5062 2680 5062 2368 5063 2683 5063 2389 5063 2645 5064 2637 5064 2682 5064 2645 5065 2682 5065 2686 5065 2687 5066 2683 5066 2368 5066 2652 5067 2685 5067 2192 5067 2650 5068 2645 5068 2686 5068 2531 5069 2684 5069 2688 5069 2531 5070 2520 5070 2684 5070 2651 5071 2686 5071 2685 5071 2651 5072 2685 5072 2652 5072 2651 5073 2650 5073 2686 5073 2342 5074 2687 5074 2368 5074 2569 5075 2531 5075 2688 5075 2294 5076 2689 5076 2687 5076 2690 5077 2302 5077 2301 5077 2294 5078 2687 5078 2342 5078 2690 5079 2308 5079 2302 5079 2691 5080 2288 5080 2279 5080 2577 5081 2688 5081 2692 5081 2691 5082 2301 5082 2288 5082 2577 5083 2569 5083 2688 5083 2691 5084 2690 5084 2301 5084 2693 5085 2325 5085 2308 5085 2693 5086 2388 5086 2325 5086 2693 5087 2308 5087 2690 5087 2694 5088 2691 5088 2279 5088 2239 5089 2689 5089 2294 5089 2694 5090 2255 5090 2237 5090 2694 5091 2279 5091 2255 5091 2586 5092 2577 5092 2692 5092 2210 5093 2671 5093 2689 5093 2674 5094 2477 5094 2388 5094 2674 5095 2574 5095 2477 5095 2210 5096 2689 5096 2239 5096 2674 5097 2388 5097 2693 5097 2596 5098 2692 5098 2673 5098 2596 5099 2586 5099 2692 5099 2670 5100 2694 5100 2237 5100 2412 5126 2721 5126 2386 5126 2720 5127 2721 5127 2412 5127 2354 5128 2720 5128 2412 5128 2283 5130 2718 5130 2354 5130 2717 5131 2718 5131 2283 5131 2222 5132 2717 5132 2283 5132 2225 5138 2702 5138 2224 5138 2700 5139 2702 5139 2225 5139 2220 5140 2700 5140 2225 5140 2715 5141 2700 5141 2220 5141 2244 5142 2715 5142 2220 5142 2714 5143 2715 5143 2244 5143 2243 5144 2714 5144 2244 5144 2713 5145 2714 5145 2243 5145 2216 5146 2713 5146 2243 5146 2649 5148 2707 5148 2216 5148 2695 5157 2191 5157 2666 5157 2701 5158 2695 5158 2666 5158 2701 5159 2666 5159 2665 5159 2703 5160 2665 5160 2668 5160 2703 5161 2701 5161 2665 5161 2712 5170 2246 5170 2269 5170 2501 5172 2712 5172 2269 5172 2708 5173 2712 5173 2501 5173 2716 5174 2708 5174 2501 5174 2716 5175 2501 5175 2335 5175 2719 5176 2335 5176 2334 5176 2719 5177 2716 5177 2335 5177 2721 5178 2334 5178 2386 5178 2723 5182 2724 5182 2357 5182 2421 5183 2723 5183 2357 5183 2724 5184 2725 5184 2343 5184 2357 5185 2724 5185 2343 5185 2343 5186 2725 5186 2330 5186 2292 5192 2728 5192 2291 5192 2291 5193 2728 5193 2729 5193 2291 5194 2729 5194 2290 5194 2290 5195 2729 5195 2730 5195 2290 5196 2730 5196 2305 5196 2305 5197 2730 5197 2731 5197 2305 5198 2731 5198 2311 5198 2336 5202 2733 5202 2418 5202 2418 5203 2733 5203 2734 5203 2474 5204 2418 5204 2735 5204 2418 5205 2734 5205 2735 5205 2547 5206 2474 5206 2736 5206 2474 5207 2735 5207 2736 5207 2460 5208 2547 5208 2737 5208 2547 5209 2736 5209 2737 5209 2460 5210 2737 5210 2392 5210 2373 5213 2392 5213 2739 5213 2374 5214 2373 5214 2740 5214 2373 5215 2739 5215 2740 5215 2375 5216 2374 5216 2741 5216 2397 5218 2375 5218 2742 5218 2375 5219 2741 5219 2742 5219 2399 5220 2397 5220 2743 5220 2400 5222 2399 5222 2744 5222 2399 5223 2743 5223 2744 5223 2406 5226 2403 5226 2746 5226 2749 5232 2426 5232 2406 5232 2749 5233 2406 5233 2746 5233 2601 5234 2589 5234 2750 5234 2607 5240 2604 5240 2754 5240 2611 5246 2609 5246 2757 5246 2593 5252 2613 5252 2760 5252 2588 5260 2587 5260 2764 5260 2565 5262 2588 5262 2765 5262 2588 5263 2764 5263 2765 5263 2635 5274 2601 5274 2770 5274 2601 5275 2750 5275 2770 5275 2194 5282 2773 5282 2500 5282 2500 5283 2773 5283 2774 5283 2500 5284 2774 5284 2626 5284 2626 5286 2775 5286 2627 5286 2627 5287 2775 5287 2776 5287 2627 5288 2776 5288 2630 5288 2630 5289 2776 5289 2777 5289 2630 5290 2777 5290 2599 5290 2599 5291 2777 5291 2778 5291 2599 5292 2778 5292 2532 5292 2532 5293 2778 5293 2779 5293 2532 5294 2779 5294 2510 5294 2510 5295 2779 5295 2780 5295 2510 5296 2780 5296 2478 5296 2478 5297 2780 5297 2781 5297 2478 5298 2781 5298 2448 5298 2448 5299 2781 5299 2782 5299 2448 5300 2782 5300 2432 5300 2329 5367 2786 5367 2321 5367 2321 5368 2786 5368 2787 5368 2498 5371 2323 5371 2789 5371 2497 5373 2498 5373 2790 5373 2497 5375 2790 5375 2252 5375 2238 5377 2252 5377 2792 5377 2646 5391 2660 5391 2799 5391 2660 5392 2798 5392 2799 5392 2640 5393 2646 5393 2800 5393 2646 5394 2799 5394 2800 5394 2228 5405 2805 5405 2197 5405 2197 5406 2805 5406 2806 5406 2197 5407 2806 5407 2198 5407 2198 5409 2807 5409 2199 5409 2814 5444 2815 5444 2816 5444 2816 5445 2815 5445 2817 5445 2816 5446 2817 5446 2818 5446 2818 5447 2817 5447 2819 5447 2822 5450 2821 5450 2823 5450 2331 5456 2826 5456 2332 5456 2341 5458 2827 5458 2331 5458 2828 5459 2827 5459 2341 5459 2355 5460 2828 5460 2341 5460 2829 5461 2828 5461 2355 5461 2353 5462 2829 5462 2355 5462 2830 5463 2829 5463 2353 5463 2831 5464 2367 5464 2372 5464 2831 5465 2372 5465 2832 5465 2833 5466 2356 5466 2367 5466 2830 5468 2353 5468 2356 5468 2830 5469 2356 5469 2833 5469 2834 5470 2832 5470 2372 5470 2834 5471 2372 5471 2402 5471 2835 5473 2402 5473 2385 5473 2836 5474 2385 5474 2378 5474 2836 5475 2835 5475 2385 5475 2837 5476 2378 5476 2362 5476 2837 5477 2836 5477 2378 5477 2285 5482 2839 5482 2274 5482 2293 5484 2840 5484 2285 5484 2841 5485 2840 5485 2293 5485 2332 5486 2841 5486 2293 5486 2826 5487 2841 5487 2332 5487 2810 5512 2813 5512 2814 5512 2824 5513 2814 5513 2816 5513 2824 5514 2810 5514 2814 5514 2822 5515 2824 5515 2816 5515 2821 5516 2816 5516 2818 5516 2821 5517 2822 5517 2816 5517 2527 5528 2495 5528 2854 5528 2527 5529 2854 5529 2855 5529 2534 5531 2527 5531 2855 5531 2858 5534 2854 5534 2495 5534 2858 5535 2495 5535 2449 5535 2859 5536 2490 5536 2860 5536 2481 5537 2490 5537 2859 5537 2449 5541 2457 5541 2858 5541 2505 5542 2860 5542 2490 5542 2862 5543 2860 5543 2505 5543 2863 5544 2516 5544 2864 5544 2508 5545 2516 5545 2863 5545 2504 5547 2508 5547 2865 5547 2862 5548 2504 5548 2865 5548 2505 5549 2504 5549 2862 5549 2514 5550 2864 5550 2516 5550 2853 5561 2852 5561 2871 5561 2852 5590 2851 5590 2849 5590 2871 5591 2849 5591 2847 5591 2871 5592 2852 5592 2849 5592 2873 5593 2871 5593 2847 5593 2845 5594 2847 5594 2842 5594 2845 5595 2873 5595 2847 5595 2409 5596 2874 5596 2473 5596 2473 5597 2874 5597 2875 5597 2875 5603 2503 5603 2473 5603 2467 5605 2496 5605 2879 5605 2467 5606 2879 5606 2880 5606 2470 5607 2880 5607 2881 5607 2880 5608 2470 5608 2467 5608 2470 5609 2881 5609 2468 5609 2445 5610 2469 5610 2882 5610 2883 5613 2884 5613 2416 5613 2884 5614 2391 5614 2416 5614 2883 5616 2416 5616 2433 5616 2882 5617 2885 5617 2445 5617 2885 5618 2433 5618 2445 5618 2888 5622 2360 5622 2359 5622 2888 5627 2890 5627 2360 5627 2890 5628 2333 5628 2360 5628 2893 5631 2891 5631 2326 5631 2891 5632 2313 5632 2326 5632 2890 5633 2893 5633 2333 5633 2893 5634 2326 5634 2333 5634 2896 5638 2407 5638 2441 5638 2896 5639 2441 5639 2897 5639 2897 5640 2441 5640 2422 5640 2898 5643 2413 5643 2895 5643 2895 5644 2413 5644 2407 5644 2898 5650 2410 5650 2413 5650 2488 5676 2513 5676 2901 5676 2902 5677 2488 5677 2901 5677 2513 5678 2573 5678 2903 5678 2901 5679 2513 5679 2903 5679 2573 5680 2584 5680 2904 5680 2903 5681 2573 5681 2904 5681 2488 5682 2902 5682 2484 5682 2458 5685 2475 5685 2906 5685 2458 5687 2906 5687 2451 5687 2451 5688 2906 5688 2907 5688 2451 5689 2907 5689 2442 5689 2442 5690 2907 5690 2908 5690 2442 5691 2908 5691 2443 5691 2443 5692 2908 5692 2909 5692 2443 5693 2909 5693 2446 5693 2446 5694 2909 5694 2910 5694 2446 5695 2910 5695 2454 5695 2454 5697 2911 5697 2466 5697 2466 5698 2911 5698 2912 5698 2913 5699 2572 5699 2912 5699 2912 5700 2572 5700 2466 5700 2914 5701 2915 5701 2250 5701 2915 5702 2251 5702 2250 5702 2916 5703 2914 5703 2249 5703 2914 5704 2250 5704 2249 5704 2913 5705 2916 5705 2572 5705 2916 5706 2249 5706 2572 5706 2552 5709 2917 5709 2541 5709 2535 5710 2541 5710 2918 5710 2541 5711 2917 5711 2918 5711 2535 5712 2918 5712 2522 5712 2522 5713 2918 5713 2525 5713 2523 5714 2525 5714 2919 5714 2525 5715 2918 5715 2919 5715 2523 5716 2919 5716 2524 5716 2524 5717 2919 5717 2536 5717 2537 5718 2536 5718 2920 5718 2536 5719 2919 5719 2920 5719 2537 5720 2920 5720 2544 5720 2544 5721 2920 5721 2542 5721 2543 5722 2542 5722 2921 5722 2542 5723 2920 5723 2921 5723 2543 5724 2921 5724 2557 5724 2557 5725 2921 5725 2555 5725 2554 5726 2553 5726 2922 5726 2553 5727 2555 5727 2922 5727 2555 5728 2921 5728 2922 5728 2554 5729 2922 5729 2559 5729 2560 5730 2559 5730 2923 5730 2559 5731 2922 5731 2923 5731 2560 5732 2923 5732 2561 5732 2563 5733 2561 5733 2924 5733 2561 5734 2923 5734 2924 5734 2563 5735 2924 5735 2570 5735 2570 5738 2926 5738 2582 5738 2258 5743 2928 5743 2273 5743 2272 5744 2273 5744 2929 5744 2273 5745 2928 5745 2929 5745 2272 5746 2929 5746 2930 5746 2272 5747 2930 5747 2271 5747 2268 5748 2270 5748 2931 5748 2270 5749 2271 5749 2931 5749 2271 5750 2930 5750 2931 5750 2268 5751 2931 5751 2932 5751 2268 5752 2932 5752 2267 5752 2265 5753 2267 5753 2933 5753 2267 5754 2932 5754 2933 5754 2263 5755 2265 5755 2934 5755 2265 5756 2933 5756 2934 5756 2263 5757 2934 5757 2935 5757 2263 5758 2935 5758 2262 5758 2261 5759 2262 5759 2936 5759 2262 5760 2935 5760 2936 5760 2261 5761 2936 5761 2259 5761 2259 5762 2936 5762 2937 5762 2259 5763 2937 5763 2938 5763 2259 5764 2938 5764 2235 5764 2234 5765 2235 5765 2939 5765 2235 5766 2938 5766 2939 5766 2233 5767 2234 5767 2940 5767 2234 5768 2939 5768 2940 5768 2217 5769 2233 5769 2941 5769 2233 5770 2940 5770 2941 5770 2212 5771 2217 5771 2942 5771 2217 5772 2941 5772 2942 5772 2212 5773 2942 5773 2943 5773 2213 5774 2212 5774 2943 5774 2213 5775 2943 5775 2944 5775 2213 5776 2944 5776 2211 5776 2232 5779 2211 5779 2946 5779 2232 5780 2946 5780 2947 5780 2232 5781 2947 5781 2256 5781 2256 5782 2947 5782 2948 5782 2948 5783 2949 5783 2256 5783 2949 5784 2318 5784 2256 5784 2951 5786 2366 5786 2369 5786 2953 5791 2304 5791 2951 5791 2951 5792 2304 5792 2366 5792 2303 5795 2954 5795 2299 5795 2299 5796 2954 5796 2955 5796 2299 5797 2955 5797 2297 5797 2297 5798 2955 5798 2956 5798 2297 5799 2956 5799 2277 5799 2277 5800 2956 5800 2957 5800 2202 5803 2958 5803 2203 5803 2203 5804 2958 5804 2959 5804 2203 5805 2959 5805 2960 5805 2203 5806 2960 5806 2610 5806 2610 5808 2961 5808 2584 5808 2584 5809 2961 5809 2904 5809 2976 5895 2352 5895 2364 5895 2387 5898 2978 5898 2977 5898 2387 5899 2404 5899 2978 5899 2364 5900 2977 5900 2976 5900 2364 5901 2387 5901 2977 5901 2975 5903 2430 5903 2429 5903 2983 5906 2975 5906 2429 5906 2983 5907 2429 5907 2428 5907 2986 5908 2983 5908 2428 5908 2988 5909 2986 5909 2550 5909 2428 5910 2550 5910 2986 5910 2985 5911 2435 5911 2984 5911 2529 5912 2435 5912 2985 5912 2579 5914 2529 5914 2987 5914 2988 5915 2579 5915 2987 5915 2550 5916 2579 5916 2988 5916 2383 5917 2984 5917 2435 5917 2973 5918 2984 5918 2383 5918 2969 5919 2380 5919 2967 5919 2381 5920 2380 5920 2969 5920 2971 5921 2381 5921 2969 5921 2382 5922 2381 5922 2971 5922 2383 5924 2382 5924 2973 5924 2380 5926 2379 5926 2967 5926 2980 5927 2346 5927 2974 5927 2395 5928 2346 5928 2980 5928 2398 5930 2395 5930 2981 5930 2982 5931 2398 5931 2981 5931 2379 5932 2398 5932 2982 5932 2346 5934 2300 5934 2974 5934 2307 5937 2965 5937 2964 5937 2307 5938 2312 5938 2965 5938 2300 5940 2307 5940 2964 5940 2206 5949 2489 5949 2207 5949 2494 5950 2489 5950 2206 5950 2989 5951 2990 5951 2991 5951 2992 5952 2993 5952 2994 5952 2995 5953 2992 5953 2996 5953 2997 5954 2998 5954 2999 5954 3000 5955 2997 5955 2999 5955 3001 5956 2995 5956 3002 5956 3003 5957 3004 5957 3000 5957 3005 5958 2999 5958 2989 5958 3005 5959 2991 5959 2993 5959 3005 5960 3001 5960 3006 5960 3005 5961 2989 5961 2991 5961 3005 5962 2993 5962 2992 5962 3005 5963 2992 5963 2995 5963 3005 5964 2995 5964 3001 5964 3007 5965 3003 5965 3000 5965 3007 5966 3000 5966 2999 5966 3007 5967 2999 5967 3005 5967 3008 5968 3007 5968 3005 5968 3009 5969 3007 5969 3008 5969 3010 5970 3011 5970 3007 5970 3010 5971 3007 5971 3009 5971 3012 5972 3009 5972 3013 5972 3012 5973 3010 5973 3009 5973 3003 5974 3007 5974 2680 5974 3004 5975 3003 5975 2680 5975 3004 5976 2680 5976 2685 5976 3004 5977 2685 5977 2686 5977 2989 5978 2999 5978 2673 5978 2989 5979 2673 5979 2692 5979 3000 5980 3004 5980 2686 5980 2997 5981 3000 5981 2686 5981 2990 5982 2692 5982 2688 5982 2997 5983 2686 5983 2682 5983 2990 5984 2989 5984 2692 5984 2997 5985 2682 5985 2677 5985 2998 5986 2677 5986 2673 5986 2991 5987 2688 5987 2684 5987 2998 5988 2997 5988 2677 5988 2991 5989 2990 5989 2688 5989 2999 5990 2998 5990 2673 5990 2993 5991 2684 5991 2681 5991 2993 5992 2991 5992 2684 5992 2994 5993 2681 5993 2678 5993 2994 5994 2678 5994 2672 5994 2994 5995 2993 5995 2681 5995 2992 5996 2672 5996 2674 5996 2992 5997 2994 5997 2672 5997 2996 5998 2674 5998 2693 5998 2996 5999 2992 5999 2674 5999 2995 6000 2996 6000 2693 6000 3002 6001 2693 6001 2690 6001 3002 6002 2995 6002 2693 6002 3001 6003 2690 6003 2691 6003 3001 6004 3002 6004 2690 6004 3006 6005 2691 6005 2694 6005 3006 6006 3001 6006 2691 6006 3005 6007 3006 6007 2694 6007 3005 6008 2694 6008 2670 6008 3008 6009 3005 6009 2670 6009 3008 6010 2670 6010 2676 6010 3009 6011 3008 6011 2676 6011 3009 6012 2676 6012 2679 6012 3009 6013 2679 6013 2683 6013 3013 6014 3009 6014 2683 6014 3013 6015 2683 6015 2687 6015 3012 6016 3013 6016 2687 6016 3010 6017 3012 6017 2687 6017 3010 6018 2687 6018 2689 6018 3011 6019 3010 6019 2689 6019 3011 6020 2689 6020 2671 6020 3011 6021 2671 6021 2675 6021 3007 6022 3011 6022 2675 6022 3007 6023 2675 6023 2680 6023</p>
        </triangles>
        <triangles material="Material_003-material" count="426">
          <input semantic="VERTEX" source="#link_5-mesh-vertices" offset="0"/>
          <input semantic="NORMAL" source="#link_5-mesh-normals" offset="1"/>
          <p>2338 4443 2339 4443 2322 4443 2345 4449 2338 4449 2322 4449 2352 4456 2345 4456 2322 4456 2564 4678 2565 4678 2566 4678 2564 4680 2566 4680 2568 4680 2581 4693 2565 4693 2564 4693 2695 5101 2696 5101 2697 5101 2695 5102 2697 5102 2698 5102 2695 5103 2698 5103 2699 5103 2700 5104 2695 5104 2701 5104 2702 5105 2701 5105 2703 5105 2702 5106 2700 5106 2701 5106 2704 5107 2703 5107 2705 5107 2704 5108 2702 5108 2703 5108 2706 5109 2704 5109 2705 5109 2707 5110 2695 5110 2700 5110 2707 5111 2696 5111 2695 5111 2708 5112 2705 5112 2709 5112 2708 5113 2709 5113 2710 5113 2708 5114 2710 5114 2711 5114 2708 5115 2711 5115 2712 5115 2708 5116 2706 5116 2705 5116 2713 5117 2707 5117 2700 5117 2714 5118 2713 5118 2700 5118 2715 5119 2714 5119 2700 5119 2716 5120 2706 5120 2708 5120 2717 5121 2706 5121 2716 5121 2718 5122 2716 5122 2719 5122 2718 5123 2717 5123 2716 5123 2720 5124 2718 5124 2719 5124 2721 5125 2720 5125 2719 5125 2718 5129 2720 5129 2354 5129 2706 5133 2717 5133 2222 5133 2221 5134 2706 5134 2222 5134 2704 5135 2706 5135 2221 5135 2224 5136 2704 5136 2221 5136 2702 5137 2704 5137 2224 5137 2707 5147 2713 5147 2216 5147 2696 5149 2707 5149 2649 5149 2697 5150 2696 5150 2649 5150 2697 5151 2649 5151 2655 5151 2698 5152 2655 5152 2657 5152 2698 5153 2697 5153 2655 5153 2699 5154 2657 5154 2191 5154 2699 5155 2698 5155 2657 5155 2695 5156 2699 5156 2191 5156 2705 5162 2668 5162 2190 5162 2705 5163 2703 5163 2668 5163 2709 5164 2705 5164 2190 5164 2709 5165 2190 5165 2189 5165 2710 5166 2709 5166 2189 5166 2710 5167 2189 5167 2229 5167 2711 5168 2229 5168 2246 5168 2711 5169 2710 5169 2229 5169 2712 5171 2711 5171 2246 5171 2721 5179 2719 5179 2334 5179 2722 5180 2723 5180 2421 5180 2432 5181 2722 5181 2421 5181 2330 5187 2725 5187 2726 5187 2330 5188 2726 5188 2319 5188 2319 5189 2726 5189 2727 5189 2319 5190 2727 5190 2292 5190 2292 5191 2727 5191 2728 5191 2311 5199 2731 5199 2732 5199 2311 5200 2732 5200 2336 5200 2336 5201 2732 5201 2733 5201 2392 5211 2737 5211 2738 5211 2392 5212 2738 5212 2739 5212 2374 5217 2740 5217 2741 5217 2397 5221 2742 5221 2743 5221 2403 5227 2745 5227 2746 5227 2747 5229 2462 5229 2748 5229 2589 5235 2751 5235 2750 5235 2604 5241 2753 5241 2754 5241 2609 5244 2608 5244 2756 5244 2608 5245 2755 5245 2756 5245 2609 5247 2756 5247 2757 5247 2611 5249 2757 5249 2758 5249 2594 5254 2593 5254 2761 5254 2593 5255 2760 5255 2761 5255 2597 5256 2594 5256 2762 5256 2594 5257 2761 5257 2762 5257 2587 5258 2597 5258 2763 5258 2597 5259 2762 5259 2763 5259 2587 5261 2763 5261 2764 5261 2566 5264 2565 5264 2766 5264 2565 5265 2765 5265 2766 5265 2566 5266 2766 5266 2767 5266 2568 5267 2566 5267 2767 5267 2568 5268 2767 5268 2768 5268 2564 5269 2568 5269 2768 5269 2564 5270 2768 5270 2769 5270 2581 5271 2564 5271 2769 5271 2194 5280 2662 5280 2773 5280 2662 5281 2772 5281 2773 5281 2626 5285 2774 5285 2775 5285 2432 5301 2782 5301 2722 5301 2757 5302 2756 5302 2779 5302 2778 5303 2758 5303 2757 5303 2778 5304 2759 5304 2758 5304 2778 5305 2757 5305 2779 5305 2734 5306 2733 5306 2738 5306 2742 5307 2729 5307 2728 5307 2742 5308 2730 5308 2729 5308 2743 5309 2727 5309 2726 5309 2743 5310 2728 5310 2727 5310 2743 5311 2742 5311 2728 5311 2777 5312 2760 5312 2759 5312 2741 5313 2731 5313 2730 5313 2741 5314 2732 5314 2731 5314 2777 5315 2759 5315 2778 5315 2741 5316 2730 5316 2742 5316 2744 5317 2726 5317 2725 5317 2744 5318 2743 5318 2726 5318 2740 5319 2733 5319 2732 5319 2740 5320 2732 5320 2741 5320 2745 5321 2744 5321 2725 5321 2735 5322 2734 5322 2738 5322 2746 5323 2725 5323 2724 5323 2746 5324 2745 5324 2725 5324 2739 5325 2733 5325 2740 5325 2738 5326 2733 5326 2739 5326 2776 5327 2761 5327 2760 5327 2776 5328 2762 5328 2761 5328 2749 5329 2724 5329 2723 5329 2749 5330 2746 5330 2724 5330 2776 5331 2760 5331 2777 5331 2748 5332 2749 5332 2723 5332 2736 5333 2735 5333 2738 5333 2775 5334 2763 5334 2762 5334 2775 5335 2764 5335 2763 5335 2775 5336 2765 5336 2764 5336 2775 5337 2766 5337 2765 5337 2747 5338 2748 5338 2723 5338 2747 5339 2723 5339 2722 5339 2775 5340 2762 5340 2776 5340 2752 5341 2747 5341 2722 5341 2737 5342 2736 5342 2738 5342 2774 5343 2767 5343 2766 5343 2774 5344 2768 5344 2767 5344 2774 5345 2769 5345 2768 5345 2753 5346 2722 5346 2782 5346 2774 5348 2750 5348 2751 5348 2774 5349 2766 5349 2775 5349 2753 5350 2752 5350 2722 5350 2754 5351 2782 5351 2781 5351 2754 5352 2753 5352 2782 5352 2771 5353 2770 5353 2750 5353 2755 5354 2781 5354 2780 5354 2772 5355 2771 5355 2750 5355 2773 5356 2750 5356 2774 5356 2755 5357 2754 5357 2781 5357 2773 5358 2772 5358 2750 5358 2756 5359 2755 5359 2780 5359 2756 5360 2780 5360 2779 5360 2201 5361 2783 5361 2281 5361 2281 5362 2783 5362 2784 5362 2498 5374 2789 5374 2790 5374 2209 5383 2794 5383 2795 5383 2667 5384 2209 5384 2795 5384 2664 5385 2667 5385 2796 5385 2667 5386 2795 5386 2796 5386 2659 5387 2664 5387 2797 5387 2664 5388 2796 5388 2797 5388 2660 5389 2659 5389 2798 5389 2659 5390 2797 5390 2798 5390 2640 5396 2800 5396 2801 5396 2499 5400 2802 5400 2803 5400 2228 5404 2804 5404 2805 5404 2198 5408 2806 5408 2807 5408 2201 5414 2809 5414 2783 5414 2798 5415 2800 5415 2799 5415 2798 5416 2801 5416 2800 5416 2798 5417 2802 5417 2801 5417 2807 5418 2798 5418 2797 5418 2808 5419 2797 5419 2796 5419 2808 5420 2807 5420 2797 5420 2809 5421 2796 5421 2795 5421 2809 5422 2808 5422 2796 5422 2783 5423 2809 5423 2795 5423 2803 5424 2802 5424 2798 5424 2803 5425 2798 5425 2807 5425 2790 5426 2795 5426 2794 5426 2790 5427 2793 5427 2792 5427 2790 5428 2794 5428 2793 5428 2790 5429 2783 5429 2795 5429 2804 5430 2803 5430 2807 5430 2805 5431 2804 5431 2807 5431 2806 5432 2805 5432 2807 5432 2789 5433 2783 5433 2790 5433 2784 5434 2789 5434 2788 5434 2784 5435 2783 5435 2789 5435 2785 5436 2784 5436 2788 5436 2786 5437 2785 5437 2788 5437 2787 5438 2786 5438 2788 5438 2791 5439 2790 5439 2792 5439 2814 5443 2812 5443 2815 5443 2822 5453 2823 5453 2825 5453 2827 5457 2826 5457 2331 5457 2833 5467 2367 5467 2831 5467 2835 5472 2834 5472 2402 5472 2840 5483 2839 5483 2285 5483 2826 5488 2838 5488 2839 5488 2826 5489 2839 5489 2840 5489 2826 5490 2840 5490 2841 5490 2812 5491 2826 5491 2827 5491 2812 5492 2838 5492 2826 5492 2815 5493 2812 5493 2827 5493 2829 5494 2830 5494 2833 5494 2831 5495 2829 5495 2833 5495 2817 5496 2827 5496 2828 5496 2817 5497 2815 5497 2827 5497 2832 5498 2829 5498 2831 5498 2819 5499 2828 5499 2829 5499 2819 5500 2817 5500 2828 5500 2819 5501 2829 5501 2832 5501 2837 5502 2812 5502 2811 5502 2837 5503 2838 5503 2812 5503 2836 5504 2825 5504 2823 5504 2836 5505 2811 5505 2825 5505 2836 5506 2837 5506 2811 5506 2835 5507 2823 5507 2820 5507 2835 5508 2836 5508 2823 5508 2834 5509 2820 5509 2819 5509 2834 5510 2819 5510 2832 5510 2834 5511 2835 5511 2820 5511 2842 5518 2843 5518 2844 5518 2843 5520 2842 5520 2846 5520 2846 5521 2842 5521 2847 5521 2846 5522 2847 5522 2848 5522 2848 5523 2847 5523 2849 5523 2848 5524 2849 5524 2850 5524 2852 5526 2853 5526 2850 5526 2534 5530 2855 5530 2856 5530 2539 5532 2856 5532 2857 5532 2539 5533 2534 5533 2856 5533 2865 5546 2508 5546 2863 5546 2866 5551 2864 5551 2514 5551 2517 5552 2867 5552 2866 5552 2517 5553 2866 5553 2514 5553 2519 5554 2868 5554 2867 5554 2519 5555 2867 5555 2517 5555 2521 5556 2869 5556 2868 5556 2521 5557 2868 5557 2519 5557 2857 5558 2869 5558 2521 5558 2857 5559 2521 5559 2539 5559 2862 5566 2858 5566 2861 5566 2862 5567 2861 5567 2859 5567 2862 5568 2859 5568 2860 5568 2850 5569 2862 5569 2865 5569 2850 5570 2858 5570 2862 5570 2848 5571 2850 5571 2865 5571 2864 5572 2866 5572 2867 5572 2868 5573 2864 5573 2867 5573 2846 5574 2865 5574 2863 5574 2846 5575 2848 5575 2865 5575 2869 5576 2864 5576 2868 5576 2843 5577 2863 5577 2864 5577 2843 5578 2846 5578 2863 5578 2843 5579 2864 5579 2869 5579 2854 5580 2850 5580 2853 5580 2854 5581 2858 5581 2850 5581 2855 5582 2870 5582 2872 5582 2855 5583 2853 5583 2870 5583 2855 5584 2854 5584 2853 5584 2856 5585 2872 5585 2844 5585 2856 5586 2855 5586 2872 5586 2857 5587 2844 5587 2843 5587 2857 5588 2856 5588 2844 5588 2857 5589 2843 5589 2869 5589 2876 5598 2496 5598 2877 5598 2877 5599 2496 5599 2507 5599 2877 5600 2507 5600 2878 5600 2878 5601 2507 5601 2503 5601 2878 5602 2503 5602 2875 5602 2496 5604 2876 5604 2879 5604 2468 5611 2881 5611 2882 5611 2469 5612 2468 5612 2882 5612 2885 5615 2883 5615 2433 5615 2391 5619 2884 5619 2886 5619 2892 5635 2894 5635 2296 5635 2895 5637 2407 5637 2896 5637 2888 5651 2893 5651 2890 5651 2888 5652 2891 5652 2893 5652 2888 5653 2892 5653 2891 5653 2898 5654 2888 5654 2887 5654 2900 5655 2887 5655 2889 5655 2900 5656 2898 5656 2887 5656 2899 5657 2889 5657 2886 5657 2899 5658 2900 5658 2889 5658 2874 5659 2899 5659 2886 5659 2894 5660 2892 5660 2888 5660 2894 5661 2888 5661 2898 5661 2881 5662 2886 5662 2884 5662 2881 5663 2883 5663 2885 5663 2881 5664 2884 5664 2883 5664 2881 5665 2874 5665 2886 5665 2897 5666 2894 5666 2898 5666 2896 5667 2897 5667 2898 5667 2895 5668 2896 5668 2898 5668 2880 5669 2874 5669 2881 5669 2875 5670 2880 5670 2879 5670 2875 5671 2874 5671 2880 5671 2878 5672 2875 5672 2879 5672 2877 5673 2878 5673 2879 5673 2876 5674 2877 5674 2879 5674 2882 5675 2881 5675 2885 5675 2484 5683 2902 5683 2905 5683 2484 5684 2905 5684 2475 5684 2475 5686 2905 5686 2906 5686 2454 5696 2910 5696 2911 5696 2917 5707 2552 5707 2915 5707 2915 5708 2552 5708 2251 5708 2944 5777 2945 5777 2211 5777 2211 5778 2945 5778 2946 5778 2304 5793 2953 5793 2303 5793 2303 5794 2953 5794 2954 5794 2277 5801 2957 5801 2202 5801 2202 5802 2957 5802 2958 5802 2610 5807 2960 5807 2961 5807 2934 5810 2933 5810 2958 5810 2957 5811 2935 5811 2934 5811 2957 5812 2936 5812 2935 5812 2957 5813 2934 5813 2958 5813 2913 5814 2912 5814 2917 5814 2921 5815 2908 5815 2907 5815 2921 5816 2909 5816 2908 5816 2922 5817 2906 5817 2905 5817 2922 5818 2907 5818 2906 5818 2956 5819 2937 5819 2936 5819 2922 5820 2921 5820 2907 5820 2920 5821 2910 5821 2909 5821 2920 5822 2911 5822 2910 5822 2956 5823 2936 5823 2957 5823 2920 5824 2909 5824 2921 5824 2923 5825 2905 5825 2902 5825 2923 5826 2922 5826 2905 5826 2919 5827 2912 5827 2911 5827 2919 5828 2911 5828 2920 5828 2924 5829 2923 5829 2902 5829 2916 5830 2913 5830 2917 5830 2925 5831 2902 5831 2901 5831 2925 5832 2924 5832 2902 5832 2918 5833 2912 5833 2919 5833 2955 5834 2938 5834 2937 5834 2917 5835 2912 5835 2918 5835 2955 5836 2939 5836 2938 5836 2926 5837 2901 5837 2903 5837 2926 5838 2925 5838 2901 5838 2955 5839 2937 5839 2956 5839 2927 5840 2926 5840 2903 5840 2914 5841 2916 5841 2917 5841 2954 5842 2940 5842 2939 5842 2954 5843 2941 5843 2940 5843 2954 5844 2942 5844 2941 5844 2928 5845 2927 5845 2903 5845 2928 5846 2903 5846 2904 5846 2954 5847 2939 5847 2955 5847 2929 5848 2928 5848 2904 5848 2915 5849 2914 5849 2917 5849 2953 5850 2943 5850 2942 5850 2953 5851 2944 5851 2943 5851 2953 5852 2945 5852 2944 5852 2953 5853 2946 5853 2945 5853 2930 5854 2904 5854 2961 5854 2953 5855 2947 5855 2946 5855 2953 5856 2948 5856 2947 5856 2953 5857 2942 5857 2954 5857 2930 5858 2929 5858 2904 5858 2931 5859 2961 5859 2960 5859 2931 5860 2930 5860 2961 5860 2952 5861 2949 5861 2948 5861 2932 5862 2960 5862 2959 5862 2950 5863 2952 5863 2948 5863 2951 5864 2948 5864 2953 5864 2932 5865 2931 5865 2960 5865 2951 5866 2950 5866 2948 5866 2933 5867 2932 5867 2959 5867 2933 5868 2959 5868 2958 5868 2962 5869 2963 5869 2964 5869 2962 5870 2964 5870 2965 5870 2962 5871 2965 5871 2966 5871 2967 5872 2962 5872 2968 5872 2969 5873 2968 5873 2970 5873 2969 5874 2967 5874 2968 5874 2971 5875 2970 5875 2972 5875 2971 5876 2969 5876 2970 5876 2973 5877 2971 5877 2972 5877 2974 5878 2962 5878 2967 5878 2974 5879 2963 5879 2962 5879 2975 5880 2972 5880 2976 5880 2975 5881 2976 5881 2977 5881 2975 5882 2977 5882 2978 5882 2975 5883 2978 5883 2979 5883 2975 5884 2973 5884 2972 5884 2980 5885 2974 5885 2967 5885 2981 5886 2980 5886 2967 5886 2982 5887 2981 5887 2967 5887 2983 5888 2973 5888 2975 5888 2984 5889 2973 5889 2983 5889 2985 5890 2983 5890 2986 5890 2985 5891 2984 5891 2983 5891 2987 5892 2985 5892 2986 5892 2988 5893 2987 5893 2986 5893 2976 5894 2972 5894 2352 5894 2404 5896 2420 5896 2979 5896 2404 5897 2979 5897 2978 5897 2455 5902 2979 5902 2420 5902 2975 5904 2979 5904 2455 5904 2975 5905 2455 5905 2430 5905 2987 5913 2529 5913 2985 5913 2973 5923 2382 5923 2971 5923 2967 5925 2379 5925 2982 5925 2981 5929 2395 5929 2980 5929 2974 5933 2300 5933 2963 5933 2312 5935 2322 5935 2966 5935 2312 5936 2966 5936 2965 5936 2300 5939 2964 5939 2963 5939 2322 5941 2339 5941 2962 5941 2322 5942 2962 5942 2966 5942 2345 5943 2352 5943 2972 5943 2345 5944 2972 5944 2970 5944 2338 5945 2970 5945 2968 5945 2338 5946 2345 5946 2970 5946 2339 5947 2968 5947 2962 5947 2339 5948 2338 5948 2968 5948</p>
        </triangles>
      </mesh>
    </geometry>
  </library_geometries>
  <library_visual_scenes>
    <visual_scene id="Scene" name="Scene">
      <node id="link_5" name="link_5" type="NODE">
        <matrix sid="transform">1 0 0 0 0 1 0 0 0 0 1 0 0 0 0 1</matrix>
        <instance_geometry url="#link_5-mesh" name="link_5">
          <bind_material>
            <technique_common>
              <instance_material symbol="Material_001-material" target="#Material_001-material"/>
              <instance_material symbol="Material_002-material" target="#Material_002-material"/>
              <instance_material symbol="Material_003-material" target="#Material_003-material"/>
            </technique_common>
          </bind_material>
        </instance_geometry>
      </node>
      <node id="Camera" name="Camera" type="NODE">
        <matrix sid="transform">0.6859207 -0.3240135 0.6515582 7.358891 0.7276763 0.3054208 -0.6141704 -6.925791 0 0.8953956 0.4452714 4.958309 0 0 0 1</matrix>
        <instance_camera url="#Camera-camera"/>
      </node>
      <node id="Light" name="Light" type="NODE">
        <matrix sid="transform">-0.2908646 -0.7711008 0.5663932 4.076245 0.9551712 -0.1998834 0.2183912 1.005454 -0.05518906 0.6045247 0.7946723 5.903862 0 0 0 1</matrix>
        <instance_light url="#Light-light"/>
      </node>
    </visual_scene>
  </library_visual_scenes>
  <scene>
    <instance_visual_scene url="#Scene"/>
  </scene>
</COLLADA>