<?xml version="1.0" encoding="utf-8"?>
<COLLADA xmlns="http://www.collada.org/2005/11/COLLADASchema" version="1.4.1" xmlns:xsi="http://www.w3.org/2001/XMLSchema-instance">
  <asset>
    <contributor>
      <author>Blender User</author>
      <authoring_tool>Blender 4.3.2 commit date:2024-12-16, commit time:21:10, hash:32f5fdce0a0a</authoring_tool>
    </contributor>
    <created>2025-01-28T17:14:25</created>
    <modified>2025-01-28T17:14:25</modified>
    <unit name="meter" meter="1"/>
    <up_axis>Z_UP</up_axis>
  </asset>
  <library_lights>
    <light id="Light-light" name="Light">
      <technique_common>
        <point>
          <color sid="color">1000 1000 1000</color>
          <constant_attenuation>1</constant_attenuation>
          <linear_attenuation>0</linear_attenuation>
          <quadratic_attenuation>0</quadratic_attenuation>
        </point>
      </technique_common>
      <extra>
        <technique profile="blender">
          <type sid="type" type="int">0</type>
          <flag sid="flag" type="int">0</flag>
          <mode sid="mode" type="int">2097153</mode>
          <red sid="red" type="float">1</red>
          <green sid="green" type="float">1</green>
          <blue sid="blue" type="float">1</blue>
          <energy sid="blender_energy" type="float">1000</energy>
          <spotsize sid="spotsize" type="float">75</spotsize>
          <spotblend sid="spotblend" type="float">0.15</spotblend>
          <clipsta sid="clipsta" type="float">0.04999995</clipsta>
          <clipend sid="clipend" type="float">40</clipend>
          <radius sid="radius" type="float">0.1</radius>
          <area_shape sid="area_shape" type="int">1</area_shape>
          <area_size sid="area_size" type="float">0.1</area_size>
          <area_sizey sid="area_sizey" type="float">0.1</area_sizey>
          <area_sizez sid="area_sizez" type="float">1</area_sizez>
        </technique>
      </extra>
    </light>
  </library_lights>
  <library_effects>
    <effect id="Material_001-effect">
      <profile_COMMON>
        <technique sid="common">
          <lambert>
            <emission>
              <color sid="emission">0 0 0 1</color>
            </emission>
            <diffuse>
              <color sid="diffuse">0.578 0.578 0.578 1</color>
            </diffuse>
            <index_of_refraction>
              <float sid="ior">1.5</float>
            </index_of_refraction>
          </lambert>
        </technique>
      </profile_COMMON>
    </effect>
    <effect id="Material_002-effect">
      <profile_COMMON>
        <technique sid="common">
          <lambert>
            <emission>
              <color sid="emission">0 0 0 1</color>
            </emission>
            <diffuse>
              <color sid="diffuse">1 0.376 0.02499998 1</color>
            </diffuse>
            <index_of_refraction>
              <float sid="ior">1.5</float>
            </index_of_refraction>
          </lambert>
        </technique>
      </profile_COMMON>
    </effect>
  </library_effects>
  <library_images/>
  <library_materials>
    <material id="Material_001-material" name="Material.001">
      <instance_effect url="#Material_001-effect"/>
    </material>
    <material id="Material_002-material" name="Material.002">
      <instance_effect url="#Material_002-effect"/>
    </material>
  </library_materials>
  <library_geometries>
    <geometry id="link_6-mesh" name="link_6">
      <mesh>
        <source id="link_6-mesh-positions">
          <float_array id="link_6-mesh-positions-array" count="11889">0.02340435 0.04794251 0.05911052 0.03322267 0.04306459 0.05331611 0.03322571 0.043069 0.05329048 0.02340245 0.04793804 0.05913615 0.01339936 0.05104309 0.06265354 0.01339834 0.05103862 0.06267917 0.006819009 0.05215013 0.06379061 0.006818532 0.05214565 0.06381624 0 0.05256336 0.06402957 0 0.05255889 0.06405514 -0.009406924 0.05179452 0.06347692 -0.009407639 0.05179899 0.06345129 -0.01837188 0.04971963 0.06120252 -0.01837337 0.0497241 0.06117689 -0.02617967 0.04675382 0.05773854 -0.02618187 0.04675829 0.05771291 -0.03322267 0.04306459 0.05331611 -0.03322571 0.043069 0.05329048 -0.06336963 4.62369e-4 -0.004687011 -0.06308275 5.60321e-4 1.83121e-4 -0.06283086 0.003043115 -0.001383781 -0.03344315 0.04288989 0.05307048 -0.03371804 0.04334503 0.05058622 -0.03371036 0.04334193 0.05062389 -0.03371471 0.04334455 0.05060017 -0.06376737 -0.003738582 -0.005290091 -0.06366336 -0.002116203 -0.007987558 -0.04943305 -0.03014862 -0.03970313 -0.05172598 -0.0260961 -0.03868037 -0.04940456 -0.02811062 -0.04125887 -0.0468918 -0.03001928 -0.04370176 -0.04562407 -0.03287684 -0.04335707 -0.03372079 0.04334497 0.05057662 -0.05920147 -0.01949673 -0.02565383 -0.05989849 -0.01615279 -0.02595353 -0.05814874 -0.01880067 -0.02934265 -0.03372842 0.04334342 0.05055356 -0.06147646 -0.01554208 -0.02049535 -0.05278837 -0.02720975 -0.03579884 -0.05405151 -0.02378851 -0.03572678 -0.03376793 0.04332625 0.05046427 -0.06369173 -0.004521906 -0.01106661 -0.03381502 0.04329854 0.050381 -0.0562697 -0.02344703 -0.03083467 -0.05615854 -0.02139455 -0.03266263 -0.03405892 0.04312992 0.05003046 -0.06376445 -0.007627785 -0.01026815 -0.04302811 0.03479105 0.04314351 -0.03430575 0.04294139 0.0497328 -0.03432363 0.0429275 0.049712 -0.03497117 0.04240989 0.04900336 -0.04177004 0.03683102 0.04186272 -0.06345933 -0.006923258 -0.01414024 -0.04493963 0.03394597 0.03817003 -0.04731887 0.03040957 0.03771793 -0.04780358 0.03093612 0.03431755 -0.05098289 0.02582579 0.0320068 -0.05018287 0.0280615 0.03063827 -0.05232405 0.02512407 0.02687847 -0.05409252 0.02108347 0.02606916 -0.05450153 0.02173328 0.02253842 -0.0395599 -0.03444731 -0.04936939 -0.03689557 -0.03580385 -0.05110567 -0.03687304 -0.03761231 -0.04979038 -0.06305676 -0.01145905 -0.0152021 -0.06299704 -0.009121417 -0.01695376 -0.05678069 0.01624548 0.01999121 -0.05646282 0.01830142 0.01814591 -0.05865991 0.01397365 0.01260662 -0.05952823 0.01054054 0.01280605 -0.06228846 -0.01131361 -0.01975965 -0.0414074 -0.03534728 -0.04669845 -0.04213625 -0.03304314 -0.04757213 -0.06061828 0.009598791 0.007007002 -0.06183856 0.004786908 0.005540013 -0.06184804 0.006345331 0.002842783 -0.04458516 -0.03156977 -0.04568636 -0.06121623 -0.01376366 -0.02289557 0.06328397 9.46302e-4 -0.004067659 0.06377661 -0.003811597 -0.005383133 0.06362158 -0.001632452 -0.007368326 0.04034197 -0.03403317 -0.04883939 0.0368731 -0.03761225 -0.04979038 0.03689581 -0.03580373 -0.05110555 0.03371042 0.04334187 0.05062389 0.03401899 0.04315805 0.05008608 0.03386217 0.04326814 0.05030608 0.03380584 0.04330462 0.05039507 0.0337882 0.04331529 0.05042541 0.04105144 -0.03553599 -0.0469551 0.03374862 0.04333603 0.05050355 0.03372758 0.0433436 0.05055594 0.03371918 0.04334503 0.05058211 0.03371721 0.04334497 0.05058956 0.03371411 0.04334431 0.05060297 0.04362928 -0.03216445 -0.04644751 0.06311178 4.39656e-4 2.99124e-5 0.04990249 0.02727484 0.03381556 0.05032616 0.02787744 0.03040266 0.04806303 0.03064125 0.03394013 0.04496306 -0.03329789 -0.04392415 0.0626375 0.003778934 -4.42023e-4 0.05310893 0.02267849 0.0280689 0.04611164 0.03173506 0.03936314 0.04556447 0.03332704 0.03737783 0.04639995 -0.03036451 -0.04414367 0.04045259 0.03794795 0.04329228 0.04852759 -0.03084939 -0.04063856 0.06153768 0.005634307 0.006611824 0.04898166 -0.02845013 -0.04169338 0.06176739 0.006577312 0.003139734 0.05173224 -0.02819615 -0.03710627 0.05146074 -0.02634263 -0.03899592 0.03344315 0.04288989 0.05307048 0.03497123 0.04240989 0.0490033 0.03437626 0.04288643 0.04965108 0.0604127 0.01009106 0.007637143 0.05370599 -0.02415913 -0.03620117 0.05942702 0.01076442 0.01308834 0.05884891 0.01357585 0.01209741 0.05526167 -0.0246213 -0.03238052 0.05682688 0.01762008 0.01727378 0.05593252 -0.0216732 -0.0330193 0.05650836 0.01677036 0.0206514 0.05456769 0.02162337 0.02239781 0.05825376 -0.02086824 -0.0274496 0.05792468 -0.01911211 -0.02974128 0.05970948 -0.01645761 -0.02634364 0.05255925 0.0247786 0.02643632 0.06016957 -0.01795655 -0.02364128 0.06122553 -0.01373213 -0.02285522 0.06175535 -0.01494872 -0.01972401 0.06225502 -0.01139128 -0.01985907 0.06303864 -0.0115239 -0.0152859 0.06302303 -0.00902152 -0.01682597 0.06350034 -0.006633937 -0.01376992 0.06372433 -0.008043527 -0.01080203 0.0636959 -0.004221141 -0.01068168 0.03287315 -0.03702372 -0.05266708 0.03107786 -0.03920751 -0.05207866 0.02873921 -0.03808635 -0.05402719 0.02507793 -0.04048252 -0.0539658 0.02451044 -0.03899657 -0.05519217 0.02020347 -0.03975951 -0.05616873 0.01270633 -0.04209876 -0.05656069 0.01585167 -0.04037678 -0.05695879 0.01147693 -0.04084509 -0.05755823 0.007140338 -0.04116004 -0.05796128 0 -0.04245573 -0.05755805 0.002782702 -0.04132801 -0.05817627 -0.001570165 -0.04134827 -0.0582022 -0.005934119 -0.04121977 -0.05803775 -0.01270645 -0.04209876 -0.05656069 -0.01075869 -0.04090541 -0.05763542 -0.01555323 -0.04041278 -0.05700486 -0.02032434 -0.0397402 -0.05614405 -0.02507334 -0.04048323 -0.05396693 -0.02501904 -0.03889596 -0.05506348 -0.03107535 -0.03920805 -0.05207943 -0.03106546 -0.03751093 -0.05329066 -0.05401784 0.005233526 0.05818271 -0.05425924 0.00362873 0.05708628 -0.05405712 0.003495931 0.05845242 -0.04993319 -0.05104583 0.02106565 -0.04898363 -0.051539 0.02260696 -0.04948198 -0.05040645 0.02245992 -0.05047798 -0.04985028 0.02087432 -0.05053108 0.01608943 0.06898438 -0.05204141 0.0174961 0.05608147 -0.05069833 0.01552474 0.06903362 -0.05267417 0.01508808 0.05651909 -0.04872077 -0.05211412 0.02271014 -0.04392796 -0.05505907 0.02897149 -0.04431241 -0.05396926 0.02891069 -0.05424857 0.002231895 0.05731564 -0.05556684 0.001701712 0.04976111 -0.05420976 0.001016855 0.05751138 -0.04347997 -0.0552051 0.02954095 -0.03799998 -0.05572599 0.03604948 -0.04383391 -0.05414539 0.02950567 -0.06524842 -0.01837414 -0.007719755 -0.06516146 -0.01939171 -0.006330192 -0.06595283 -0.01363056 -0.004818618 -0.04522359 0.02562427 0.08089995 -0.03799998 0.03546571 0.08089995 -0.04522365 0.02562898 0.0808621 -0.06607609 -0.004425764 -0.006071448 -0.06597179 -0.008549332 -0.01076894 -0.04172366 0.03310036 0.0672785 -0.0451588 0.02807784 0.0678355 -0.04533737 0.02778178 0.06786626 -0.04446208 -0.05352258 0.02890586 -0.04548811 0.02752858 0.06789249 -0.04565781 0.02723973 0.06792223 -0.06396996 -0.02450466 -0.007645606 -0.05984348 -0.03710389 0.006162226 -0.0611456 -0.03333413 0.006616175 -0.05404758 0.002109527 0.05866241 -0.05932569 -0.03790229 0.007688164 -0.04803311 0.02267432 0.06837677 -0.04538494 0.0253424 0.08086121 -0.04397159 -0.05371105 0.02951008 -0.05553436 9.92428e-4 0.04993152 -0.05417633 3.39599e-4 0.05761903 -0.05772346 -0.0418989 0.007910251 -0.05151301 -0.04740238 0.02073645 -0.0452513 -0.03694146 0.04334121 -0.0446906 -0.03746873 0.04365849 -0.04472398 -0.03595101 0.04614305 -0.04958301 -0.03054594 0.04332429 -0.0658636 -0.01476806 -0.003467142 -0.0546655 -0.01776498 0.04369169 -0.05531609 -0.0179184 0.04171735 -0.04949611 -0.02839869 0.04644751 -0.05063474 -0.02920812 0.04260772 -0.06059181 -0.03427159 0.008178353 -0.05413234 -3.68542e-4 0.05773055 -0.05042648 -0.04808729 0.0223931 -0.05549085 2.51169e-4 0.05010896 -0.03799998 -0.04339891 0.04710882 -0.03799998 -0.04069542 0.05293232 -0.04420727 -0.03647065 0.04640746 -0.06436604 -0.02294653 -0.007400512 -0.06149452 -0.03218871 0.00691986 -0.05547624 3.35549e-5 0.05016088 -0.0549674 -0.004588007 0.05125164 -0.05411767 -5.76494e-4 0.05776304 -0.04474437 -0.0526424 0.02893126 -0.05401009 9.03345e-4 0.05884116 -0.04423117 -0.05285513 0.0295515 -0.05316549 0.01277852 0.05692815 -0.05129677 0.01326858 0.06922501 -0.06093049 -0.03316831 0.00848639 -0.06605464 -0.009888112 -4.82275e-4 -0.06218713 -0.02956867 0.00798428 -0.05397748 2.30895e-4 0.05893933 -0.04854542 -0.02970772 0.04702252 -0.05255645 -0.04463094 0.02101111 -0.06596314 -0.01111114 7.88786e-4 -0.05393445 -4.72245e-4 0.05904084 -0.06160151 -0.03064376 0.009545385 -0.05392014 -6.78742e-4 0.05907046 -0.06551146 -1.59001e-4 -6.34269e-4 -0.06556177 -0.001074135 1.64405e-4 -0.04905813 -0.02811801 0.04797518 -0.05377858 -0.01758509 0.04645919 -0.06596112 -0.00888437 0.001217365 -0.05176877 0.01110225 0.06940025 -0.06557387 -0.001342594 3.99383e-4 -0.05357897 0.01023799 0.05736511 -0.04527425 -0.05083853 0.02913177 -0.0513755 -0.04546147 0.02271527 -0.0481463 -0.02941429 0.04849964 -0.0447179 -0.05110102 0.02977633 -0.03799998 -0.05109834 0.03835278 -0.05480086 -0.005627572 0.05149388 -0.05362111 -0.004999279 0.05843377 -0.04996144 0.01434308 0.08089995 -0.0476287 0.02082318 0.08084833 -0.04981553 0.01827567 0.06878924 -0.06586855 -0.01012718 0.002454221 -0.06277829 -0.02612036 0.01044142 -0.05346089 -0.00599581 0.05857992 -0.0533607 -0.04211634 0.02170342 -0.05217593 0.008716106 0.06958264 -0.05390274 0.007212936 0.05786645 -0.06552827 -0.00702399 0.00544393 -0.06217068 -0.02731567 0.01195234 -0.05343163 -0.005071818 0.05967837 -0.04846131 -0.02775448 0.05015188 -0.06435811 0.004106283 0.004775941 -0.06447625 0.002520024 0.005967855 -0.04415029 -0.03500258 0.04930126 -0.06543213 -0.00829637 0.00659269 -0.05424177 -0.01638996 0.04602193 -0.05203694 -0.01613646 0.05391049 -0.05210459 -0.04307925 0.02341669 -0.0436815 -0.03551089 0.0495162 -0.06452792 0.001637876 0.006635367 -0.05327361 -0.006061971 0.05981028 -0.05357182 -0.04135155 0.0220133 -0.04760223 -0.02903175 0.05061 -0.04580026 -0.04879552 0.02961653 -0.05162084 -0.0172643 0.05417048 -0.06456893 7.16822e-4 0.007335543 -0.0452007 -0.0491144 0.03027504 -0.06457841 4.46578e-4 0.007541537 -0.05397802 0.00607711 0.05804908 -0.05251133 0.005869925 0.06978416 -0.04392933 -0.0346592 0.05058735 -0.04347896 -0.03516232 0.05078488 -0.05229556 -0.04235476 0.02372151 -0.05259603 0.004799783 0.06985515 -0.06282144 -0.02330309 0.01386451 -0.06223416 0.009655058 0.01178777 -0.06231272 0.009048938 0.01215922 -0.05399745 0.005701541 0.0581088 -0.04929631 0.01649355 0.08083665 -0.05019575 0.01715546 0.06889009 -0.05398195 -0.03959506 0.02294254 -0.05261915 0.004445791 0.06987804 -0.03799998 -0.06069999 -0.03460311 -0.04508394 -0.06069999 -0.02467966 -0.04508715 -0.06061935 -0.0246976 -0.05970883 0.01512247 0.01867836 -0.06186032 0.01015633 0.01339423 -0.04302734 -0.03634941 -0.04791224 -0.03812587 -0.03879624 -0.05125248 -0.04280757 -0.03976303 -0.04553842 -0.06220495 -0.02458435 0.01528006 -0.05264455 0.004004478 0.06990617 -0.04962337 -0.06069999 -0.01337695 -0.04724669 -0.06057852 -0.02028083 -0.06192517 0.00967288 0.01368016 -0.04965031 0.01539564 0.08083385 -0.04674178 -0.04139685 -0.03920787 -0.05266535 -0.04068976 0.02462196 -0.04996192 0.01435279 0.08083122 -0.04693919 -0.0414943 -0.03884291 -0.06200146 0.009070932 0.01403713 -0.04710555 -0.04157751 -0.0385313 -0.05270594 0.002364695 0.07000678 -0.06448435 -0.00527513 0.01196908 -0.0488525 -0.06054168 -0.01605182 -0.04729241 -0.04167222 -0.03817653 -0.04754161 -0.03368198 -0.04430603 -0.0470767 -0.03825026 -0.04137152 -0.06256222 0.00680375 0.01354539 -0.05011713 0.01380121 0.08082985 -0.04362726 -0.03420072 0.05244874 -0.04727941 -0.03836345 -0.04099488 -0.06271815 -0.02251499 0.0151773 -0.04320192 -0.03469598 0.05262374 -0.0491935 -0.06053274 -0.0149796 -0.04745012 -0.03846007 -0.04067325 -0.04619956 -0.0469436 0.03032362 -0.05271786 0.001054823 0.07008266 -0.04764187 -0.0385701 -0.04030722 -0.04556673 -0.04731386 0.030981 -0.04949367 -0.06052434 -0.01396113 -0.06438004 -0.006557106 0.01297819 -0.04964327 -0.06051999 -0.01342248 -0.05270159 -8.58373e-5 0.07014548 -0.06210148 -0.0238164 0.01655328 -0.05017751 -0.06050288 -0.01127618 -0.04987895 -0.04313242 -0.03265345 -0.05067139 0.01160329 0.08082461 -0.05085098 -0.01609414 0.06002008 -0.06270968 0.005017638 0.01465928 -0.0502966 -0.04026699 -0.03461366 -0.06224042 0.006840765 0.01536893 -0.05133342 -0.06069999 -0.002490282 -0.05059784 -0.06048709 -0.009224116 -0.05157876 -0.03074234 -0.04037177 -0.05087661 -0.03610181 -0.03727436 -0.04630315 -0.04638046 0.03059816 -0.0526818 -7.22205e-4 0.07017922 -0.04566162 -0.0467664 0.03125214 -0.05095958 -0.06047034 -0.006974339 -0.05265289 -0.001387894 0.07021361 -0.05180639 -0.04445493 -0.0274595 -0.06279963 0.003467381 0.01563423 -0.05264282 -0.001583456 0.07022351 -0.05046296 -0.01717948 0.0601781 -0.06237977 0.005066394 0.01643908 -0.05069416 -0.01609897 0.06110757 -0.06283384 0.002604544 0.01618015 -0.05221968 -0.04477739 -0.02615427 -0.04700434 -0.02691859 0.05647099 -0.05227845 -0.04180675 -0.02926701 -0.05430352 -0.03723692 0.02480477 -0.05258566 -0.04507893 -0.02491843 -0.0511074 0.009502112 0.08081984 -0.05186456 0.003432273 0.08089995 -0.06285715 0.0017035 0.01675277 -0.05031031 -0.0171777 0.06125074 -0.05125749 -0.06045114 -0.004305481 -0.04627108 -0.02813702 0.05677491 -0.05270445 -0.0421828 -0.02792429 -0.06246292 0.003526151 0.0173757 -0.05148261 0.00719881 0.08081507 -0.052769 -0.04523652 -0.02426618 -0.05225676 -0.005750536 0.07041752 -0.05133289 -0.06044405 -0.00330615 -0.0628615 0.001439094 0.01692128 -0.06033074 0.01133811 0.02058106 -0.05212444 -0.006691217 0.07045739 -0.05308216 -0.04253464 -0.02665317 -0.05179142 0.00446707 0.08081001 -0.05293524 -0.03795433 -0.0317201 -0.06227594 -0.02097851 0.01840734 -0.04287767 -0.03306275 0.05803787 -0.05135351 -0.06044179 -0.002976 -0.05186957 0.003444373 0.08080828 -0.0624935 0.002668976 0.0179001 -0.05137622 -0.06043893 -0.002564847 -0.05327159 -0.0427187 -0.02598243 -0.05189096 0.003106594 0.08080774 -0.05295151 -0.03844785 0.02639865 -0.04650145 -0.04508328 0.03135907 -0.05337929 -0.03840774 -0.03032618 -0.04251319 -0.03353273 0.0581609 -0.03799998 -0.03756594 0.06390595 -0.05343109 -0.04585224 -0.02167642 -0.05191445 0.002685904 0.08080708 -0.06251311 0.001773715 0.0184502 -0.06051468 0.00992316 0.02130138 -0.05143159 -0.06042844 -0.001040399 -0.04620814 -0.02646124 0.0616756 -0.05377382 -0.03883242 -0.02900683 -0.05197179 0.001126289 0.08080482 -0.06166374 -0.02231055 0.01968222 -0.05397194 -0.03905469 -0.02831077 -0.04553782 -0.02762955 0.06188911 -0.05395704 -0.04343819 -0.02331978 -0.06251645 0.001510977 0.01861202 -0.05705541 0.02011817 0.02495974 -0.05772656 0.01733076 0.02612155 -0.04610168 -0.02639669 0.06262958 -0.05373239 -0.03299289 -0.03457427 -0.05198395 -1.15535e-4 0.08080315 -0.05144333 -0.06042015 1.73661e-4 -0.05396461 -0.04642313 -0.01921302 -0.06056916 0.009455919 0.02154022 -0.04543906 -0.02755594 0.06282919 -0.05197042 -0.001194119 0.08080184 -0.05156856 -0.006522536 0.08089995 -0.045843 -0.04550492 0.03199845 -0.05195319 -0.001794755 0.08080118 -0.05514395 -0.02753663 -0.03611701 -0.0540477 -0.03093951 -0.03565728 -0.05448877 0.02365964 0.0316289 -0.05400639 0.02504914 0.03114134 -0.05656927 0.01960945 0.02848321 -0.05192774 -0.002422273 0.08080047 -0.05419909 -0.03354519 -0.03312003 -0.06063264 0.008874118 0.02183836 -0.05191886 -0.002606511 0.08080029 -0.05143016 -0.060413 0.001228332 -0.05141347 -0.06040906 0.001815676 -0.05085909 -0.06069999 0.007401227 -0.04982411 -0.01623475 0.0708481 -0.03856706 0.04114174 0.05108225 -0.04721701 0.03342181 0.04156911 -0.04242861 0.03681617 0.05049103 -0.05451172 -0.04410636 -0.02078777 -0.04947042 -0.01725858 0.07089626 -0.05491346 0.02233922 0.03209209 -0.0546146 -0.03406304 -0.03174382 -0.04244428 -0.03233742 0.06280863 -0.04211246 -0.03278487 0.06290036 -0.05512607 0.02164095 0.0323373 -0.05469113 -0.03992486 -0.02554804 -0.05452352 -0.03153252 -0.03417986 -0.06082487 0.00671786 0.02295005 -0.0513888 -0.06040495 0.002429425 -0.04238343 -0.03222388 0.06369489 -0.03815525 0.03742516 0.06663298 -0.04233324 0.03636527 0.0522921 -0.05157452 -0.006515264 0.08079689 -0.05482369 -0.03433436 -0.03101778 -0.0420559 -0.03266716 0.06378155 -0.04936659 -0.01626855 0.08089995 -0.05145591 -0.007393836 0.0807963 -0.05833083 0.01427793 0.02740603 -0.06267678 -0.004162073 0.02054291 -0.04552769 -0.02595221 0.07146227 -0.05444127 -0.04703032 -0.01652461 -0.05138015 -0.06040376 0.00260955 -0.05721551 0.01687568 0.02954906 -0.05494755 -0.03208881 -0.03278166 -0.04490393 -0.0270366 0.07155758 -0.05426836 -0.03520244 0.0272203 -0.05516117 -0.0323804 -0.03204405 -0.04937267 -0.01627129 0.08078974 -0.04535418 -0.02538967 0.08089995 -0.04904836 -0.01722437 0.08078867 -0.05527651 -0.0407347 -0.02292144 -0.0609284 0.005001783 0.02384263 -0.04204028 -0.03138625 0.071994 -0.05501025 -0.04481822 -0.0180251 -0.06255769 -0.005417883 0.02136826 -0.03799998 -0.03546571 0.08089995 -0.04173517 -0.03179848 0.07203912 -0.05558556 -0.03539812 -0.02813625 -0.04535704 -0.02540177 0.08077251 -0.06231307 -0.004054784 0.02209037 -0.04198819 -0.03063738 0.08089995 -0.04476094 -0.02643835 0.08076947 -0.04198855 -0.0306524 0.08075493 -0.05486363 -0.04772788 -0.01334959 -0.05589157 0.01885908 0.03331607 -0.04168999 -0.03105735 0.08075338 -0.05291181 -0.03649759 0.02868539 -0.05594038 -0.03352421 -0.02911663 -0.06098169 0.003511846 0.02462327 -0.05033892 0.02751988 0.04316663 -0.05498242 -0.04798334 -0.01216399 -0.04664617 -0.04331034 0.03275895 -0.05100029 -0.06059265 0.006503283 -0.05580693 -0.04159939 -0.02005583 -0.062191 -0.005302786 0.02288293 -0.06123846 -0.01934391 0.02335041 -0.05104702 -0.06037825 0.006433546 -0.05418097 -0.03459918 0.02812826 -0.05501699 -0.04806715 -0.01177263 -0.0562101 -0.0363906 -0.02539682 -0.05779063 0.01388001 0.03072524 -0.03799998 -0.04749423 0.0414201 -0.04597467 -0.04377764 0.0333606 -0.05545663 -0.04563748 -0.01476263 -0.06099635 0.002682447 0.02506011 -0.05886679 0.01065927 0.0289449 -0.05505675 -0.04817104 -0.01128548 -0.0508852 -0.06058245 0.007362484 -0.06099981 0.001816153 0.02551811 -0.0509324 -0.06037247 0.007293283 -0.05558383 -0.04593795 -0.01354444 -0.06064218 -0.02068829 0.02446645 -0.0565809 -0.03459239 -0.02633339 -0.06099855 0.001561939 0.02565288 -0.05868208 -0.02360588 -0.0309354 -0.05662095 -0.02980369 -0.03090602 -0.05282968 -0.03591448 0.02954363 -0.05650281 0.01619988 0.03425472 -0.05562108 -0.04603648 -0.01314234 -0.05901652 0.009304881 0.02952557 -0.05517268 -0.04855275 -0.009480714 -0.05905979 0.008857607 0.02971798 -0.05566418 -0.04615879 -0.01264178 -0.05628854 -0.04259711 -0.01667177 -0.05678153 -0.03745317 -0.02240777 -0.04617738 0.03132843 0.05172669 -0.05522936 -0.04885298 -0.008044898 -0.05910938 0.008300542 0.02995795 -0.0463733 0.03100669 0.05179655 -0.05642807 -0.04296362 -0.01540803 -0.05579173 -0.04660826 -0.0107873 -0.04653865 0.03073155 0.0518561 -0.05729287 -0.03102236 -0.0280407 -0.05716913 -0.03573709 -0.02329623 -0.04672485 0.03041785 0.05192387 -0.05829197 0.01032781 0.03213149 -0.05646932 -0.04308396 -0.01499086 -0.04604542 0.03093987 0.05345785 -0.05651724 -0.04323333 -0.01447153 -0.05525273 -0.04911148 -0.006798148 -0.05703902 0.01328444 0.03528738 -0.04623937 0.03062158 0.0535236 -0.05585694 -0.04696208 -0.009311735 -0.05925118 0.006235539 0.03085154 -0.05525523 -0.04925465 -0.006103873 -0.05842882 0.008998095 0.03266131 -0.05730843 -0.03868275 -0.01887702 -0.04640316 0.03034943 0.05357962 -0.05524981 -0.04940378 -0.005378425 -0.05385088 -0.033351 0.03034716 -0.05846792 0.008558869 0.03283673 -0.05524665 -0.04944747 -0.005165457 -0.04658752 0.03003907 0.05364328 -0.0566619 -0.04378265 -0.01254731 -0.05239856 0.02246928 0.04450917 -0.05588722 -0.0472669 -0.008030414 -0.05791401 -0.03233087 -0.02491325 -0.04660648 -0.04170137 0.03449952 -0.05851233 0.008011877 0.03305548 -0.05746382 -0.03913551 -0.01755809 -0.05771464 -0.03706336 -0.01970803 -0.05931621 0.004591584 0.03156751 -0.0558933 -0.04743576 -0.007316827 -0.06071358 -0.00382632 0.02854454 -0.05751013 -0.03928422 -0.01712268 -0.04593664 -0.04220199 0.03504765 -0.05252379 -0.0346989 0.0316419 -0.05673968 -0.0442155 -0.01101601 -0.05756431 -0.03946888 -0.01658052 -0.05283594 0.02118724 0.04484641 -0.05589139 -0.04761165 -0.006571114 -0.06057846 -0.005035161 0.02920234 -0.05588918 -0.04766321 -0.006352186 -0.05933755 0.003163993 0.03219252 -0.05787664 -0.03755205 -0.0183674 -0.05792504 -0.03771263 -0.01792478 -0.05863541 0.005984067 0.03386932 -0.04655504 -0.04120051 0.03515052 -0.05677998 -0.04458874 -0.009685933 -0.0574944 0.009825825 0.03651756 -0.05798178 -0.03791207 -0.01737368 -0.05773109 -0.04014873 -0.01457148 -0.05322057 0.0199688 0.04516559 -0.05849623 -0.03384989 -0.02121675 -0.0567913 -0.04479557 -0.008945107 -0.05933505 0.002369165 0.03254187 -0.0458889 -0.04170918 0.03567856 -0.05679452 -0.04501116 -0.008170843 -0.0534119 0.019324 0.04533392 -0.05679374 -0.04507428 -0.007943511 -0.05932134 0.001538872 0.03290778 -0.0550065 -0.05036932 -6.37242e-4 -0.0593152 0.001295208 0.03301537 -0.04848152 -0.06069999 0.01705676 -0.04886925 -0.06047379 0.01603972 -0.05867105 -0.03441041 -0.01983511 -0.05868607 0.004369497 0.03452056 -0.05815762 -0.03864645 -0.01533114 -0.05761438 0.008530735 0.03697973 -0.04891854 -0.06031107 0.01598078 -0.05782496 -0.04068511 -0.01297205 -0.05945676 -0.01796668 0.0298357 -0.05872356 -0.03459471 -0.01937896 -0.05764794 0.008102953 0.03713256 -0.05878537 -0.03482365 -0.01881086 -0.04933166 0.02547001 0.05296987 -0.06164234 -0.01951283 -0.02557057 -0.0593692 -0.02525681 -0.0276426 -0.05490565 -0.05057632 3.84427e-4 -0.05768555 0.007570087 0.03732305 -0.05869561 0.002967298 0.03508847 -0.04855638 -0.06046116 0.01697015 -0.05889189 -0.01929008 0.03074395 -0.0486055 -0.06030398 0.01691305 -0.05787819 -0.041148 -0.01158243 -0.05909943 -0.01777923 0.03100949 -0.05825817 -0.03922617 -0.01370483 -0.05868685 0.002186596 0.03540563 -0.05566483 -0.04875105 -0.001695573 -0.04916894 0.02514261 0.05462551 -0.05409282 0.01675254 0.04600137 -0.05789619 -0.04140472 -0.01080822 -0.05866688 0.001371026 0.03573769 -0.05897897 -0.03566724 -0.01670491 -0.05831664 -0.03972661 -0.01229161 -0.05778408 0.005594551 0.03803068 -0.05556589 -0.04899531 -6.44453e-4 -0.05865889 0.001131653 0.03583526 -0.05790591 -0.04167228 -0.009998917 -0.05312514 -0.03185558 0.03374379 -0.05854111 -0.01909595 0.03188067 -0.05790704 -0.04175066 -0.009761214 -0.04637342 -0.04011952 0.03675192 -0.05833733 -0.04000425 -0.01150423 -0.06002515 -0.02718043 -0.02374684 -0.04572117 -0.04064136 0.03723198 -0.05909246 -0.03633373 -0.01502752 -0.05781614 0.004021346 0.03859555 -0.05834972 -0.04029363 -0.01068103 -0.05185711 -0.03322303 0.03486108 -0.0565921 -0.04640793 -0.00310558 -0.0589444 -0.003871679 0.03531706 -0.05835157 -0.04037839 -0.01043927 -0.05462372 0.01429051 0.04663407 -0.06022578 -0.02789211 -0.02228951 -0.05916124 -0.03690946 -0.01356959 -0.05781036 0.00265491 0.03908729 -0.05649578 -0.04670727 -0.002012729 -0.05879598 -0.005031526 0.03583884 -0.06028664 -0.02812629 -0.02180814 -0.05127775 0.02071613 0.0539391 -0.05918729 -0.03722894 -0.01275706 -0.06035852 -0.02841728 -0.02120858 -0.05779343 0.001893997 0.03936147 -0.0577653 0.00109905 0.03964829 -0.05920487 -0.03756195 -0.01190745 -0.05775505 8.65768e-4 0.03973257 -0.05920815 -0.03765958 -0.01165795 -0.05773371 -0.04340714 -0.004700541 -0.0516898 0.01950716 0.05417996 -0.06058764 -0.02949094 -0.01898485 -0.05764049 -0.04377883 -0.003556489 -0.05818963 -0.04217022 -0.00529021 -0.05507314 0.01158732 0.04732131 -0.0582571 -0.003944933 0.03791946 -0.06072694 -0.03034037 -0.01721233 -0.05109649 0.02043557 0.05553317 -0.05205154 0.01835733 0.05440688 -0.0580976 -0.04257225 -0.004125833 -0.05810409 -0.005084812 0.03839105 -0.06081604 -0.03107482 -0.01567071 -0.06366986 -0.01591545 -0.02087998 -0.06186944 -0.02040082 -0.02404457 -0.05753231 -0.01714468 0.03592795 -0.05150473 0.01923823 0.05575829 -0.05223131 0.01774853 0.05452609 -0.06085246 -0.03148263 -0.01481121 -0.0527783 -0.05272787 0.01089483 -0.05700355 -0.01842707 0.03664761 -0.0590679 -0.03972274 -0.006340563 -0.05186325 0.01809924 0.05597019 -0.04599153 -0.03872841 0.03925281 -0.0443046 -0.06069999 0.02604568 -0.04501152 -0.06034481 0.02493524 -0.05542927 0.008375644 0.04812705 -0.06193906 -0.0206933 -0.02354043 -0.04505068 -0.06023824 0.02490311 -0.06088018 -0.03190791 -0.0139122 -0.06202161 -0.021057 -0.02291232 -0.04536986 -0.03925853 0.03966438 -0.06088626 -0.03203266 -0.01364815 -0.05897802 -0.04018557 -0.005137503 -0.0524128 -0.05296933 0.0120536 -0.04444169 -0.06032919 0.02594274 -0.04447823 -0.06022942 0.0259149 -0.05731403 -0.004083931 0.04152601 -0.05286949 0.01531821 0.05499559 -0.05340659 -0.05152493 0.01018548 -0.06228798 -0.02239978 -0.0205813 -0.05551379 0.00717175 0.04842585 -0.05303019 -0.05180722 0.01138144 -0.06245404 -0.02346348 -0.01872175 -0.05428701 -0.04979336 0.009265005 -0.05191779 -0.03034126 0.03825992 -0.06256395 -0.02438396 -0.01710331 -0.05553591 0.006773889 0.04852426 -0.0607866 -0.0346688 -0.008015155 -0.05389446 -0.05013537 0.01051241 -0.05715531 -0.005195736 0.04193037 -0.05555939 0.006278336 0.0486465 -0.06261092 -0.02489531 -0.01620048 -0.06070005 -0.0352599 -0.006739556 -0.06264877 -0.02542871 -0.01525592 -0.05075329 -0.03170275 0.03916066 -0.0413807 -0.06069999 0.03047794 -0.04171448 -0.06053203 0.03007173 -0.05167835 -0.03010445 0.0390883 -0.06265765 -0.02558517 -0.0149784 -0.05336469 0.01298785 0.05543541 -0.03799998 -0.06069999 0.03460311 -0.04143631 -0.06051594 0.03045862 -0.04179716 -0.060265 0.03003728 -0.04181939 -0.06019318 0.03002798 -0.05536377 -0.04759126 0.008266031 -0.05560767 0.00443989 0.04909735 -0.04151278 -0.0602588 0.03043085 -0.05053478 -0.03146243 0.03995209 -0.04153335 -0.06018966 0.0304234 -0.05560255 0.002974927 0.04945367 -0.05495017 -0.04801028 0.00957477 -0.05579155 -0.04668796 0.007911145 -0.05581104 -0.01667976 0.04114979 -0.06385678 -0.01717752 -0.01897108 -0.05536913 -0.04713892 0.009243667 -0.05378091 0.0104252 0.05590653 -0.06398254 -0.01827013 -0.01730853 -0.06423962 -0.01526749 -0.01877433 -0.06514894 -0.01217925 -0.01603496 -0.06403738 -0.01887732 -0.01638078 -0.06259524 -0.02889251 -0.009053409 -0.04786878 -0.05511766 0.02232521 -0.05661159 -0.04490709 0.007305085 -0.06408268 -0.0195108 -0.01540976 -0.06409358 -0.01969659 -0.01512444 -0.06436944 -0.01641255 -0.01710534 -0.06251049 -0.0296337 -0.007710576 -0.05514717 -0.01654434 0.04318004 -0.05617171 -0.04542148 0.008682012 -0.04537284 -0.03719395 0.0426945 -0.06442624 -0.01704889 -0.01617389 -0.04708749 -0.05539476 0.02366638 -0.04480206 -0.03772252 0.04302531 -0.05410599 0.007375001 0.05644893 -0.04830759 -0.05430424 0.02199804 -0.06447339 -0.01771277 -0.01519894 -0.06448483 -0.0179075 -0.01491242 -0.04749155 -0.05462473 0.02338546 -0.04891496 -0.05313563 0.0215941 -0.05418127 0.006229996 0.05664718 -0.06405502 -0.02362477 -0.009028077 -0.06595814 -0.008309066 -0.01104688 -0.06520986 -0.01288169 -0.01510429 -0.05819976 -0.04125249 0.006453454 -0.04804992 -0.05351823 0.02304244 -0.05420058 0.005851507 0.05671203 -0.06526058 -0.01361453 -0.01412993 -0.06527292 -0.01382946 -0.01384359 -0.05422085 0.005379796 0.05679243 -0.06445157 -0.02202451 -0.0087893 -0.04337018 -0.05651295 0.02915984 -0.04964619 -0.05165302 0.0211938 -0.042966 -0.05661869 0.02968794 -0.04360526 -0.05591678 0.02906799 -0.04318267 -0.05603903 0.02961403 0.06361186 -0.01939785 -0.01797282 0.06207531 -0.0254575 -0.01794916 0.06357204 -0.01905786 -0.01850843 0.06210958 -0.02574032 -0.01743072 0.05443215 -1.59575e-5 0.0559147 0.05548113 -1.46242e-5 0.0501309 0.0555132 4.7335e-4 0.05001407 0.05166542 -0.05221199 0.01566767 0.05353015 -0.05147355 0.009678065 0.05399489 -0.05056035 0.009170055 0.05439937 -4.86756e-4 0.05599707 0.05125689 -0.05296349 0.01602977 0.05435353 -0.04984492 0.008794844 0.0554099 -9.2685e-4 0.05034852 0.04920685 -0.02956312 0.0455724 0.05019956 -0.03037148 0.04212665 0.04966056 -0.02895367 0.04528552 0.05197972 -0.05162382 0.01540356 0.05535274 -0.04779744 0.007831037 0.03799998 -0.04150152 0.05095738 0.04510468 0.02583771 0.0808627 0.04458367 0.02672642 0.08086538 0.04535377 0.02539044 0.08089995 0.06372326 -0.02059364 -0.01608151 0.06220328 -0.02673488 -0.01560074 0.04481643 0.02863383 0.06777721 0.04562628 0.02729368 0.06791669 0.04536306 0.02773886 0.06787073 0.0543273 -0.001367092 0.05614989 0.05523234 -0.002673566 0.05076253 0.0648964 -0.0129624 -0.01704806 0.05650633 -0.04532325 0.006880998 0.05707657 -0.04456132 0.004782497 0.04942095 -0.02878624 0.04610955 0.05328094 -0.02265924 0.04329746 0.06373721 -0.0207901 -0.01576966 0.06221455 -0.0268982 -0.0152992 0.04535496 0.02539592 0.08086138 0.0540387 0.001730084 0.05871897 0.05453759 0.004634499 0.05507642 0.05404597 0.004303872 0.05832791 0.06376159 -0.02119034 -0.01513332 0.06223392 -0.02723103 -0.01468378 0.05452722 0.002013862 0.05555444 0.06379264 -0.02193754 -0.01394188 0.06225657 -0.02785223 -0.01353186 0.04897725 -0.02939271 0.04638278 0.047697 -0.05518013 0.02262705 0.04638367 -0.05750519 0.02374136 0.0507341 -0.05390548 0.01652228 0.05402678 0.001339614 0.05877691 0.05451452 0.001616477 0.05562567 0.05415028 -0.003053903 0.05643862 0.04733723 -0.05530816 0.0232464 0.03799992 -0.05704098 0.03560924 0.04607093 -0.05757468 0.02429103 0.05173832 -0.02210408 0.04809123 0.05285078 -0.04994338 0.01474142 0.05445218 -0.01583534 0.04579991 0.05396211 -3.79618e-5 0.05897831 0.0586577 -0.04085272 0.003715157 0.06049776 -0.03480696 -0.009995639 0.05444669 2.14852e-4 0.05587416 0.06184875 -0.03040409 -0.01108896 0.0539481 -2.64869e-4 0.05901104 0.06379741 -0.02336484 -0.01165336 0.06224936 -0.02903878 -0.01132023 0.05143666 0.01267176 0.06927418 0.05282074 0.0144515 0.05663293 0.05117887 0.0202015 0.05557733 0.04810076 -0.05442839 0.02232962 0.04772603 -0.05457514 0.022969 0.04989212 0.01805669 0.06880909 0.05150473 0.01236927 0.06929886 0.05289179 0.01412898 0.05669027 0.0484147 -0.05382865 0.02211552 0.05804616 -0.04181116 0.005937039 0.04802817 -0.05399036 0.02276992 0.05391663 -7.27758e-4 0.05907744 0.06502008 -0.01436287 -0.01513808 0.05384719 -0.00159353 0.0592004 0.04865533 -0.05335932 0.02196246 0.06503599 -0.01459294 -0.01482313 0.04722946 0.02171319 0.08085078 0.04760855 0.02357524 0.06828927 0.04936629 0.01626944 0.08089995 0.05281502 -0.01385337 0.05335199 0.05384814 -0.04791742 0.01412343 0.06506413 -0.01506179 -0.01418012 0.05509227 -0.01396685 0.04511523 0.05367612 -0.003252923 0.05943149 0.04825961 -0.05353266 0.02262812 0.06510132 -0.01593697 -0.01297599 0.05223 -0.01561325 0.05375671 0.0599507 -0.03760117 0.003202319 0.04931783 -0.0520187 0.02159494 0.05227202 0.008026659 0.06963306 0.0536741 0.009504616 0.05748862 0.04827517 -0.02804505 0.05024117 0.06033128 -0.03659594 0.003128349 0.06511396 -0.01760882 -0.01066184 0.05232095 0.007646143 0.06966048 0.05372196 0.009100079 0.05755621 0.05930191 -0.03873467 0.005514621 0.04787915 -0.02863508 0.050453 0.03799998 -0.03779596 0.06281542 0.04889655 -0.05222523 0.02228993 0.06575644 -0.009910702 -0.01267331 0.06583583 -0.009204328 -0.01219797 0.05239421 0.007029175 0.06970423 0.05967092 -0.03778392 0.005464613 0.05379271 0.008444309 0.05766499 0.04905039 0.01721078 0.08083856 0.04955178 0.01900631 0.06872248 0.06578654 -0.01043021 -0.01204085 0.04977607 0.01838713 0.06877911 0.04925954 0.01660293 0.08083695 0.05516564 -0.04504877 0.0135858 0.04936766 0.0162788 0.08083611 0.06586641 -0.009731173 -0.01156836 0.06610751 -0.005437791 -0.007365465 0.06582671 -0.01140004 -0.01085609 0.05265778 0.003743767 0.06992262 0.05402791 0.004957139 0.0582261 0.05006903 -0.05040276 0.02128773 0.05181711 -0.01387757 0.05820304 0.06590694 -0.01071494 -0.01038956 0.049618 -0.05064916 0.02201294 0.05268383 0.003127396 0.06996077 0.0658428 -0.01325267 -0.008578181 0.0498259 -0.02154213 0.055139 0.06592333 -0.01259416 -0.008122861 0.05126112 -0.0155847 0.05847895 0.0617879 -0.03242748 0.003299951 0.05271542 6.9614e-4 0.07010275 0.05622816 -0.0425412 0.01344978 0.05271035 3.26896e-4 0.07012307 0.06108021 -0.03384262 0.005710661 0.05653828 -0.04176712 0.01347362 0.04132378 -0.05929231 -0.0310623 0.04423183 -0.06069999 -0.026165 0.03799998 -0.06069999 -0.03460311 0.03800004 -0.0592572 -0.03507387 0.05140691 -0.01391541 0.06082344 0.05104917 -0.04811543 0.02110761 0.04188549 -0.05930185 -0.03029489 0.04194128 -0.04942041 -0.03840541 0.03803622 -0.04896879 -0.04314684 0.05267173 -9.7672e-4 0.07019245 0.05055809 -0.04841816 0.0218662 0.06614905 -0.006502509 -0.006248474 0.04432547 -0.05935102 -0.02656644 0.05266231 -0.001191556 0.07020354 0.04257678 -0.04954743 -0.03751522 0.0661658 -0.008536815 -0.004099249 0.0508008 0.01102346 0.08082324 0.05156844 0.00652343 0.08089995 0.04440397 -0.05935281 -0.02643388 0.04490911 -0.05936449 -0.02555871 0.06300467 -0.02819788 0.004459917 0.05086362 0.0107299 0.08082258 0.05182975 -0.046117 0.02120196 0.04515182 -0.05937027 -0.02512377 0.05264031 -0.001629889 0.07022589 0.04257911 -0.03968733 -0.04585891 0.03812587 -0.03879624 -0.05125248 0.04277729 -0.03648221 -0.04809284 0.06225258 -0.02984273 0.006890058 0.05086523 -0.01559805 0.06104183 0.04529303 -0.05020415 -0.03324449 0.05130589 -0.04646879 0.0219807 0.05258947 -0.002450227 0.0702666 0.04328477 -0.03992861 -0.0448538 0.05771279 -0.03856027 0.01393604 0.05205583 -0.04550021 0.02128046 0.04684734 -0.02719658 0.05651199 0.04537957 -0.05022788 -0.03309398 0.0465092 -0.02775949 0.05665254 0.04593545 -0.05038428 -0.0321024 0.04899561 -0.02133798 0.0594449 0.0656954 -0.001314878 -0.001466631 0.06567865 -0.001021027 -0.001730501 0.04696887 -0.0594176 -0.02150201 0.04859972 -0.06069999 -0.01671421 0.05152231 -0.0458672 0.02206367 0.04620194 -0.05046176 -0.03161084 0.06572443 -0.001913905 -9.27542e-4 0.05245643 -0.004023849 0.07034099 0.05157107 0.00653547 0.08081376 0.06366318 -0.02497184 0.006314218 0.04626739 -0.0411688 -0.04006338 0.0463618 -0.04121351 -0.03989547 0.06576216 -0.003032445 8.3303e-5 0.05161613 0.006169855 0.0808131 0.04696762 -0.04150843 -0.03878998 0.06373423 -0.02447974 0.006697833 0.05168354 0.005577623 0.08081197 0.06288313 -0.02678686 0.00870198 0.04819047 -0.05109536 -0.02754318 0.04865831 -0.02126592 0.06182146 0.04873406 -0.05947238 -0.0170809 0.04621613 -0.02682155 0.0604608 0.06577187 -0.005170047 0.002030134 0.04656916 -0.03819167 -0.04211634 0.04590171 -0.02736681 0.06056833 0.06295067 -0.02631986 0.009073317 0.06458872 0.003380596 0.003857016 0.06484138 0.002554595 0.002721428 0.0466659 -0.03824311 -0.04194325 0.05192673 0.002437591 0.08080673 0.04725772 -0.04165452 -0.03824275 0.05867421 -0.03530263 0.01513963 0.05195099 0.001851022 0.08080583 0.05186462 -0.003431379 0.08089995 0.04893684 -0.05947947 -0.01648437 0.05290472 -0.04294627 0.02187561 0.04904168 -0.05948323 -0.01616638 0.04595506 -0.02665841 0.0626741 0.0468046 -0.03579944 -0.04369181 0.04708492 -0.03397798 -0.04470431 0.06462609 0.002866268 0.004252016 0.0519821 -4.55014e-4 0.08080273 0.06495857 7.45868e-4 0.004161596 0.0472868 -0.03858256 -0.04080444 0.0456497 -0.0271939 0.06276619 0.04690319 -0.0358563 -0.04351484 0.05197793 -8.04185e-4 0.08080232 0.06497293 4.48469e-4 0.004399597 0.04758405 -0.03875076 -0.04024082 0.05047547 -0.01416009 0.0707575 0.04753571 -0.0362311 -0.04235059 0.05233418 -0.04337608 0.02266758 0.0478385 -0.03641688 -0.04177451 0.05094999 -0.0312432 -0.04103958 0.03799992 -0.05327773 0.03709065 0.06499773 -1.57765e-4 0.004885911 0.0494194 -0.04285073 -0.03373181 0.05194437 -0.002034783 0.08080089 0.05193603 -0.00223726 0.08080071 0.05011898 -0.05182868 -0.02262812 0.06473898 0.001057446 0.005652368 0.05191665 -0.002650201 0.08080029 0.06502789 -0.001289963 0.005797922 0.04998111 -0.01575911 0.07082659 0.05034101 -0.05192381 -0.02196842 0.05187153 -0.003421962 0.08079952 0.05045592 -0.05197411 -0.02161699 0.06475263 7.60061e-4 0.005883872 0.05175298 -0.004899084 0.08079814 0.04979896 -0.04012811 -0.03559863 0.04996168 -0.01434212 0.08089995 0.04793214 -0.02112811 0.07110822 0.06477606 1.53776e-4 0.006356716 0.05043298 -0.05954164 -0.01101249 0.05103659 -0.06069999 -0.006017088 0.05049407 -0.05954474 -0.01072466 0.06480371 -9.78608e-4 0.007243752 0.04538965 -0.02619719 0.07148331 0.05009478 -0.03793853 -0.03703212 0.04510217 -0.02669817 0.07152718 0.03799998 -0.03546577 0.08089995 0.05032187 -0.03621464 -0.0381177 0.06502407 -0.003454267 0.007555544 0.05152052 -0.04424148 -0.02831459 0.04996705 -0.01434236 0.08079153 0.05917698 -0.03279715 0.01677507 0.04951632 -0.01582878 0.08079022 0.06312733 -0.02338254 0.01222234 0.06392717 -0.02139556 0.009971559 0.0476247 -0.02084082 0.08078324 0.05176365 -0.04442256 -0.02758979 0.04522383 -0.02562391 0.08089995 0.05922883 -0.03241133 0.01709973 0.06479555 -0.003143191 0.008953213 0.04522538 -0.02563554 0.08077186 0.05188953 -0.04451841 -0.02720385 0.04495072 -0.02611428 0.08077043 0.06276482 0.007784724 0.01104134 0.06266522 0.008634924 0.01050043 0.04467409 -0.05157405 0.02958196 0.05195456 -0.04173195 -0.03003102 0.05358695 -0.04034912 0.02301877 0.0654717 -0.01337248 0.005586624 0.06272321 -0.01714408 0.01909363 0.06349766 -0.01868325 0.0147987 0.05118322 -0.05958789 -0.006613314 0.05298542 -0.04084259 0.02379977 0.04588383 -0.0459761 0.03154677 0.03799998 -0.04950672 0.03953373 0.05199116 -0.05275398 -0.01594871 0.05331248 -0.03887683 0.02517259 0.05334419 -0.03857082 0.02543622 0.05122727 -0.05959153 -0.006254971 0.04591161 -0.04098093 0.03649359 0.03799998 -0.04575562 0.04348349 0.06306636 0.004447698 0.01318937 0.05254375 -0.03331482 0.03327107 0.05338573 -0.03657811 0.02757757 0.05305391 -0.03461694 0.03060257 0.05205947 -0.05279564 -0.01563352 0.06309789 0.003942906 0.01351749 0.05220443 -0.04194104 -0.02928656 0.05233389 -0.04205179 -0.02889025 0.05229318 -0.03971248 -0.03134906 0.06046885 0.01301419 0.01750284 0.06033098 0.01384425 0.01706874 0.05129325 -0.05959737 -0.005674481 0.05254834 -0.03994393 -0.03058946 0.06317812 0.002164602 0.0146799 0.05255341 -0.03812175 -0.03234714 0.05268067 -0.04006659 -0.0301851 0.05393093 -0.03833568 0.02441895 0.05933952 -0.0299496 0.0197944 0.05281275 -0.03837084 -0.03157609 0.05294722 -0.03850281 -0.03116565 0.06318658 0.001872181 0.01487207 0.05153292 -0.05962771 -0.002596795 0.05327409 -0.0335313 -0.03503262 0.05438482 -0.0282762 -0.0370959 0.06319969 0.001275956 0.01526468 0.05284196 -0.05336993 -0.01114445 0.06269687 -0.02076959 0.01683729 0.05155724 -0.05963325 -0.002021789 0.05358791 -0.04601144 -0.02099549 0.05396449 -0.03802263 0.02468866 0.05289345 -0.05341827 -0.01075428 0.06320869 1.62185e-4 0.01600134 0.0536645 -0.04609155 -0.02065104 0.05750173 0.01910382 0.0243448 0.0574066 0.01949638 0.02417874 0.06106537 0.008623778 0.0198338 0.05354523 -0.03383076 -0.03423041 0.05368584 -0.03398954 -0.0338034 0.05410957 0.02478432 0.03120434 0.05402004 0.02503007 0.03111749 0.05297124 -0.05349612 -0.01012253 0.04755675 0.03286987 0.04166638 0.0472517 0.03338617 0.04152494 0.04300504 0.0368523 0.04817849 0.03856706 0.04114174 0.05108225 0.05408585 -0.04377925 -0.02251726 0.06316798 -0.001967489 0.01742124 0.05416524 -0.04387211 -0.0221638 0.06114673 0.007804274 0.02027416 0.05447542 -0.04198223 -0.02368491 0.05455702 -0.04208534 -0.02332448 0.05477547 -0.04056632 -0.02456849 0.05895131 0.01370221 0.0249049 0.0590322 0.01321023 0.02512621 0.05485886 -0.04067754 -0.02420276 0.05326914 -0.05389863 -0.006779074 0.06248754 -0.01683807 0.02017694 0.04212957 0.03663504 0.05223083 0.05455797 -0.04720187 -0.01575243 0.0591557 0.01241344 0.02548551 0.06137079 0.004584491 0.02202081 0.05129611 -0.06059271 0.003467559 0.05115443 -0.06069999 0.004951 0.05158734 -0.05965799 5.8127e-4 0.05155676 -0.05966931 0.00178796 0.05154901 -0.05967116 0.001986563 0.05153083 -0.05967497 0.002391517 0.05159091 -0.05965477 2.3891e-4 0.06193304 -0.01925873 0.02093315 0.05330353 -0.05397212 -0.006155371 0.05401152 -0.03598833 0.0268836 0.05864983 0.01351177 0.02674448 0.05461835 -0.0472958 -0.01532721 0.06139111 0.004097223 0.02228748 0.05148833 -0.05968201 0.003148496 0.05892854 -0.02766126 0.02366399 0.05471044 -0.04744708 -0.01463884 0.05872803 0.01302462 0.0269556 0.0550962 -0.04516106 -0.01713824 0.05118083 -0.06057679 0.004911899 0.05560922 -0.03647875 -0.02694225 0.04276382 0.03578752 0.05242186 0.0588473 0.01223564 0.02729839 0.05515968 -0.04527026 -0.01670205 0.05569767 -0.03661334 -0.02656191 0.06170111 -0.01895397 0.02196568 0.05137592 -0.05969548 0.004597663 0.04985284 0.02857011 0.04283219 0.05337405 -0.05425685 -0.003705203 0.06143325 0.00238049 0.02323186 0.0552566 -0.04544621 -0.01599591 0.06143569 0.002098083 0.0233879 0.05551832 -0.04351842 -0.01820015 0.04588866 0.03263503 0.04918438 0.05337572 -0.05429947 -0.003334403 0.04598277 0.03248536 0.04921919 0.06143671 0.001522302 0.02370673 0.05558425 -0.04364001 -0.01775538 0.05584394 -0.04222434 -0.01900273 0.0560764 0.01813012 0.03354394 0.05568516 -0.04383593 -0.01703542 0.05616438 0.01775848 0.03367513 0.05591189 -0.04235571 -0.0185514 0.0533626 -0.05444872 -0.002027571 0.06142407 4.46677e-4 0.02430468 0.05965423 0.008190631 0.02740782 0.05507856 -0.04823219 -0.01099795 0.04659003 0.03149747 0.04944807 0.0533576 -0.05447316 -0.001812517 0.04688256 0.03100657 0.04956108 0.05971777 0.007402122 0.02777028 0.0560159 -0.04256743 -0.01782083 0.05334496 -0.05452293 -0.001374006 0.05932348 0.008053779 0.02913099 0.05657011 -0.03147619 -0.02949738 0.0579611 -0.02447992 -0.03208476 0.05512499 -0.04837608 -0.01031911 0.06134569 -0.001610696 0.0254566 0.05938291 0.007272779 0.02947622 0.05666458 -0.03163939 -0.02910077 0.05331224 -0.05461573 -5.54309e-4 0.04558175 0.03168368 0.05330342 0.05824512 -0.02624779 0.02707439 0.05564892 -0.04636055 -0.01226133 0.04567378 0.03153795 0.05333375 0.05675137 -0.03848946 -0.02115422 0.05987447 0.004302918 0.02920556 0.05569952 -0.04652822 -0.01156497 0.05366933 -0.03399771 0.02998781 0.05682486 -0.0386492 -0.02068477 0.05988508 0.00383383 0.02942436 0.05609697 -0.04485493 -0.0132274 0.05321663 -0.0547927 0.001015424 0.05210095 0.02331697 0.04423451 0.05523931 -0.04893451 -0.007652461 0.04626733 0.03057545 0.05353307 0.05693787 -0.03890675 -0.01992481 0.05803996 -0.02594923 0.02793353 0.05615097 -0.04504203 -0.01251733 0.05235958 0.02260726 0.04442214 0.05524706 -0.0490182 -0.007248878 0.04655325 0.03009706 0.05363142 0.05644315 -0.0436694 -0.0139563 0.06081134 -0.01546192 0.02673786 0.05649977 -0.04387181 -0.01323562 0.05717253 0.01244854 0.03555643 0.0558288 -0.04717981 -0.008829355 0.05249327 0.02222877 0.04452204 0.05525416 -0.04931175 -0.005826413 0.05952435 0.00420314 0.03084284 0.05525225 -0.04935985 -0.005592346 0.05723851 0.01198559 0.03572106 0.05583864 -0.04727751 -0.008415281 0.0598942 0.002180755 0.03019851 0.05524575 -0.04945778 -0.005114912 0.05953276 0.003738462 0.03105103 0.05780106 -0.03392052 -0.02346014 0.05989146 0.001908838 0.03032636 0.05788141 -0.03411531 -0.02297031 0.05629247 -0.04576927 -0.009727478 0.04908704 0.0269159 0.05048775 0.05733793 0.01123565 0.03598797 0.05522388 -0.04964047 -0.004222273 0.0598821 0.001354336 0.03058743 0.05630397 -0.04587835 -0.009305119 0.06005442 -0.0175516 0.02821892 0.05585265 -0.04762023 -0.006955802 0.05953443 0.002101063 0.03178751 0.05800527 -0.03442949 -0.02217721 0.05985081 3.1829e-4 0.03107666 0.05585181 -0.04767644 -0.006715595 0.05953049 0.00183165 0.0319091 0.05740982 -0.04025 -0.01590406 0.05951881 0.001282393 0.03215736 0.05948334 2.56052e-4 0.03262251 0.05665093 -0.04465913 -0.01040393 0.05974024 -0.001663744 0.032018 0.0558474 -0.04779088 -0.006225645 0.0531395 -0.03268498 0.0327242 0.05747413 -0.04049718 -0.015154 0.0487079 0.02610778 0.05443501 0.05666375 -0.04477727 -0.009975194 0.04945099 -0.06047171 0.01414602 0.0489425 -0.06069999 0.01568746 0.05771088 0.007258474 0.03740823 0.05632352 -0.04626119 -0.007816433 0.05936557 -0.001707494 0.03351712 0.05632352 -0.04632395 -0.007571399 0.05582916 -0.0480042 -0.005309581 0.05775171 0.006515383 0.03767442 0.05514633 -0.04998886 -0.002512156 0.05298268 -0.03239631 0.03341603 0.05124008 0.02190661 0.05158948 0.04965847 -0.05978423 0.01387619 0.05239307 -0.03302735 0.03394621 0.05632084 -0.0464518 -0.007071614 0.05425816 0.01608175 0.04612606 0.05668771 -0.04519194 -0.008463919 0.05433487 0.01573771 0.04621475 0.05668842 -0.04525995 -0.008215188 0.0415337 0.0333482 0.06724828 0.03815525 0.03742516 0.06663298 0.05630552 -0.04669016 -0.006137073 0.03799998 0.03546571 0.08089995 0.04901552 -0.06045389 0.01559835 0.05148714 0.0212289 0.05173581 0.05668699 -0.04539841 -0.007707774 0.05575764 -0.04841125 -0.003554224 0.0516147 0.0208674 0.0518136 0.05659484 -0.02447819 0.0331456 0.05765295 -0.04145973 -0.01220595 0.05893951 -0.01467078 0.03299033 0.05853134 -0.03607147 -0.01797914 0.0578233 0.003593623 0.03872406 0.04922264 -0.05979925 0.01533973 0.05766963 -0.04160434 -0.01175945 0.04212456 0.03256869 0.06734204 0.05667406 -0.04565668 -0.006758928 0.05782169 0.003151178 0.03888338 0.05921232 -0.02734768 -0.02614986 0.05930221 -0.02759337 -0.02563405 0.05821841 -0.01669985 0.03418433 0.05860489 -0.03637421 -0.01719558 0.05623877 -0.04714506 -0.004346013 0.05778974 0.00159192 0.03944569 0.0577805 0.001335382 0.03953838 0.05944138 -0.02798998 -0.02479875 0.05081254 0.02121692 0.05538493 0.05770617 -0.04211205 -0.0101853 0.05770879 -0.04219537 -0.00992608 0.05775827 8.12224e-4 0.03972738 0.05105412 0.02055478 0.05551058 0.05661106 -0.04614955 -0.004940211 0.05771124 -0.04236501 -0.009397387 0.05770486 -0.04268145 -0.008408606 0.05770409 -1.65494e-4 0.04008102 0.0551849 0.0108146 0.04747003 0.05881726 -0.03755462 -0.01411449 0.05151277 -0.05594778 0.0111373 0.05523747 0.01038479 0.04757833 0.05883854 -0.03773212 -0.01364773 0.05765253 -0.04328542 -0.006512761 0.05531531 0.009688258 0.04775339 0.06004291 -0.03006774 -0.02037388 0.06047791 -0.0218122 -0.02734899 0.06098455 -0.02050924 -0.02687388 0.0575543 -0.002036511 0.04075908 0.04473167 0.02876925 0.06776297 0.05889016 -0.0383557 -0.01200133 0.05105417 -0.05614024 0.01275682 0.05889511 -0.03845804 -0.01173019 0.05329263 0.01498764 0.05305033 0.04719293 -0.06039041 0.02048933 0.04448848 -0.06069999 0.02573257 0.05336511 0.01465809 0.05311799 0.0601294 -0.03045177 -0.01954722 0.0606299 -0.02228277 -0.02648246 0.05189096 -0.03089714 0.03764605 0.05890202 -0.03866648 -0.01117706 0.04738813 -0.05985277 0.02028256 0.05134499 -0.03152745 0.03807979 0.05890351 -0.0390554 -0.01014238 0.05729943 -0.01426768 0.03814196 0.06038808 -0.03195106 -0.01629453 0.05886375 -0.03979796 -0.00815773 0.05499631 -0.02345013 0.03815197 0.06041574 -0.03217679 -0.01580142 0.05691862 -0.01419931 0.03932744 0.05342894 -0.05224633 0.008571386 0.0555793 0.005990862 0.04867303 0.05661165 -0.01623225 0.03910946 0.06129473 -0.02475225 -0.02188831 0.061392 -0.02520936 -0.02102935 0.05560106 0.005299329 0.04884314 0.06048792 -0.03297019 -0.01406151 0.06049603 -0.03310048 -0.01377487 0.05623877 -0.01614791 0.04024463 0.0540328 -0.0510438 0.007837295 0.05416226 0.009936571 0.05406528 0.06166678 -0.02310091 -0.02223372 0.06322699 -0.01680493 -0.0220372 0.05293792 -0.05261659 0.0103594 0.0542109 0.009523868 0.05414605 0.05560284 0.002578437 0.0495069 0.06050908 -0.0333659 -0.01319003 0.06176722 -0.0235809 -0.02136611 0.05428272 0.008854866 0.05427628 0.04905426 -0.05681973 0.01830178 0.04489159 -0.06032502 0.02515763 0.06052106 -0.03386116 -0.01209568 0.05450707 -0.0500825 0.007288098 0.05559152 0.002166152 0.04960662 0.05552732 7.12618e-4 0.04995673 0.04462879 -0.06031829 0.02562332 0.03799998 -0.06069999 0.03460311 0.04505223 -0.05990791 0.02502334 0.06168889 -0.02699589 -0.01764738 0.05069637 -0.02975046 0.04177689 0.05487334 -0.04932904 0.006881296 0.05360352 -0.02279126 0.04232788 0.04478442 -0.05991357 0.02549737 0.06172168 -0.02726513 -0.0171343 0.04198896 0.0306409 0.0808779 0.04198795 0.0306378 0.08089995 0.05451983 0.005300045 0.05495274 0.06181061 -0.02821165 -0.01532357 0.06182116 -0.0283671 -0.01502519 0.0618391 -0.02868384 -0.01441633 0.05589491 -0.04717129 0.005830407 0.06185942 -0.029275 -0.01327675 0.04450273 0.02686095 0.0808658 0.03207576 -0.05923461 -0.04056549 0.03093695 -0.06069999 -0.04103624 0.03093683 -0.06067872 -0.04104095 0.03093475 -0.05923092 -0.04144203 0.02280807 -0.06069999 -0.04605233 0.02589446 -0.06068515 -0.04439324 0.02589255 -0.05921679 -0.04476302 0.02280807 -0.06068849 -0.04605489 0.02280652 -0.05920958 -0.04640924 0.01244759 -0.06069999 -0.04985594 0.01956218 -0.06069159 -0.04752457 0.03208792 -0.04829686 -0.04788398 0.01956105 -0.05920308 -0.04786527 0.03094506 -0.04818975 -0.04864168 0.03209918 -0.04552584 -0.04994809 0.03209954 -0.04544633 -0.05000698 0.03210192 -0.04492902 -0.05038946 0.03095543 -0.04539585 -0.05068516 0.03095579 -0.04531574 -0.05074352 0.03210663 -0.04398101 -0.05108737 0.03210675 -0.04395604 -0.05110573 0.03095805 -0.04479449 -0.0511226 0.01313757 -0.06069624 -0.04968589 0.0309624 -0.04383945 -0.05181449 0.03096252 -0.04381424 -0.05183273 0.001492679 -0.06069999 -0.05137199 0.01244914 -0.06069666 -0.04986292 0.03211444 -0.04251831 -0.05215525 0.03212928 -0.04046374 -0.05364185 0.03211456 -0.04248952 -0.05217617 0.02589929 -0.04778289 -0.05151635 0.01313704 -0.05919331 -0.05000668 0.01244866 -0.05919247 -0.0501821 0.02592039 -0.04179215 -0.05560618 0.03096967 -0.04236644 -0.05287396 0.03096985 -0.04233747 -0.05289477 0.0228132 -0.04758012 -0.05294364 0.02590733 -0.04490178 -0.05348211 0.02590763 -0.04481929 -0.05353844 0.02590936 -0.04428297 -0.05390459 0.02591282 -0.04330116 -0.05457401 0.02591288 -0.04327523 -0.05459165 0.02282041 -0.0446555 -0.05487108 0.01956802 -0.04739981 -0.05420726 0.02282065 -0.04457181 -0.05492645 0.01957881 -0.04279392 -0.05715811 0.02282226 -0.04402792 -0.05528622 0.01957452 -0.04443645 -0.05610096 0.0195747 -0.04435169 -0.05615538 0.01314997 -0.04347634 -0.05830502 0.01957613 -0.04380106 -0.05650961 0.001492798 -0.05918544 -0.0516777 0 -0.05918532 -0.05169928 0.01314383 -0.04713249 -0.05606758 0.01245534 -0.04711043 -0.05622011 0.01314866 -0.04411149 -0.05791193 0.01314878 -0.04402524 -0.05796509 0.01245993 -0.04408472 -0.0580604 0.01246005 -0.0439983 -0.05811345 -0.009555995 -0.06069999 -0.05049699 -0.006641983 -0.05918735 -0.05127179 -0.009556055 -0.06069803 -0.05049753 -0.009555757 -0.05918955 -0.05081087 -0.02011132 -0.06069999 -0.04729312 -0.01322656 -0.06069618 -0.04966223 0.001493871 -0.04692178 -0.05752092 -0.01322609 -0.05919343 -0.04998326 0 -0.04691904 -0.05753964 0.001494467 -0.0438553 -0.05932688 0 -0.04385197 -0.05934512 -0.01969492 -0.06069147 -0.04746973 -0.02011179 -0.06069105 -0.04729461 -0.006646275 -0.04697316 -0.0571677 -0.01969373 -0.05920332 -0.04781097 -0.02011054 -0.0592041 -0.04763746 -0.009561479 -0.04703134 -0.0567668 -0.006648957 -0.04391783 -0.05898302 -0.006648838 -0.04382944 -0.05903345 -0.02974075 -0.06069999 -0.0419206 -0.02599865 -0.06068503 -0.04433232 -0.009565174 -0.04398852 -0.05859267 -0.01323854 -0.04346716 -0.05828952 -0.009565293 -0.04390168 -0.05864536 -0.01323288 -0.04713541 -0.05604726 -0.02599674 -0.05921703 -0.0447027 -0.02973634 -0.06068038 -0.04191845 -0.01323771 -0.04411506 -0.05789208 -0.01323783 -0.04402881 -0.05794531 -0.02973425 -0.05922728 -0.04231131 -0.03211539 -0.06067699 -0.04012596 -0.0197007 -0.04740661 -0.05416011 -0.02011752 -0.04742813 -0.05400949 -0.03211343 -0.05923473 -0.04053568 -0.0197072 -0.04444462 -0.056055 -0.01970744 -0.04435992 -0.05610954 -0.02012413 -0.04447078 -0.05590844 -0.02012431 -0.0443862 -0.05596303 -0.01970881 -0.04380953 -0.05646389 -0.02012574 -0.04383665 -0.0563181 -0.01971161 -0.04277628 -0.05712997 -0.01971155 -0.04280287 -0.05711281 -0.02600342 -0.04779034 -0.05146414 -0.02601158 -0.04491078 -0.05343121 -0.02601182 -0.04482835 -0.05348759 -0.02601361 -0.04429227 -0.05385398 -0.02974301 -0.04808354 -0.04939359 -0.02601701 -0.04331094 -0.05452376 -0.02601712 -0.04328507 -0.05454146 -0.02602595 -0.04177486 -0.0555796 -0.02602279 -0.04179954 -0.055552 -0.03212565 -0.0483005 -0.04785823 -0.02975273 -0.0452668 -0.05141657 -0.02975302 -0.04518604 -0.05147445 -0.02975511 -0.04466086 -0.05185008 -0.02975922 -0.04369884 -0.05253612 -0.02975934 -0.04367345 -0.05255419 -0.03213691 -0.04553025 -0.04992306 -0.03213727 -0.04545074 -0.04998195 -0.03213971 -0.04493361 -0.05036455 -0.02976608 -0.0422157 -0.05358725 -0.03216868 -0.04045665 -0.05363112 -0.0297662 -0.04218649 -0.05360782 -0.03214436 -0.04398584 -0.05106264 -0.03214454 -0.0439608 -0.051081 -0.03215223 -0.0425235 -0.05213081 -0.03215235 -0.04249465 -0.05215173 -0.03216439 -0.04046571 -0.0536127 0.002999424 -0.05319339 0.06332498 0.00300008 -0.0536164 0.06092125 0.004878103 -0.05352765 0.06079906 0.00487703 -0.0530917 0.06321555 -0.006993472 -0.05450505 0.05669999 -0.006994664 -0.05514508 0.05524438 -0.006126403 -0.05455309 0.0568065 0.01286065 -0.05109083 0.0696507 0.004876494 -0.05291765 0.06442379 0.01286411 -0.05187314 0.06342798 0.0146014 -0.05066239 0.06942898 0.01286047 -0.05102986 0.07032692 0.01460134 -0.05059593 0.07011884 -0.00612539 -0.05405724 0.05827528 0.003000795 -0.05419844 0.05853164 -0.01776576 -0.05815023 0.04895871 -0.01777923 -0.0604943 0.04825943 -0.006999015 -0.058371 0.05161809 -0.00699824 -0.05769324 0.05204409 -0.01796978 -0.06049537 0.04818862 0.002999067 -0.053025 0.06452637 -0.01795601 -0.05814445 0.0488891 -0.00699228 -0.05400073 0.05817276 -0.01776134 -0.05736708 0.04938316 -0.00699687 -0.05656641 0.05308228 -0.01795154 -0.05735856 0.04931354 0.02378183 -0.04622596 0.08078682 0.02221363 -0.04796516 0.06885939 0.02374976 -0.04727667 0.06853038 0.03067207 -0.04196482 0.08089995 0.0222398 -0.0469805 0.08089995 0.03067171 -0.04196941 0.08083134 -0.01775366 -0.05602252 0.0504167 -0.006995618 -0.05570477 0.05424863 -0.01794368 -0.05600827 0.05034697 -0.0061239 -0.05344527 0.06068569 0.02223968 -0.04698795 0.08077883 -0.006990551 -0.05337679 0.06059151 -0.01774728 -0.05494415 0.05159574 0.03139919 -0.06060832 0.04070764 0.03140032 -0.06069999 0.04068672 -0.01793718 -0.05492419 0.05152636 0.03071439 -0.06060051 0.04122853 0.02383464 -0.06069999 0.04553198 0.004873991 -0.05233615 0.07029587 0.03136944 -0.05753594 0.04156213 0.03068423 -0.05757814 0.0420708 -0.01774287 -0.05421477 0.05262041 0.03135997 -0.05645889 0.04199248 -0.006122529 -0.05299729 0.06311398 0.03067457 -0.05652135 0.04250043 -0.01793265 -0.05419033 0.0525518 0.03134375 -0.0545054 0.04302746 0.004873752 -0.05229109 0.07093244 0.03065812 -0.05460995 0.04353487 -0.006989002 -0.05291879 0.06302964 0.03133076 -0.05282032 0.04425126 0.002997457 -0.05246418 0.07036226 0.02383345 -0.06053507 0.04556638 -0.02872043 -0.06057918 0.04264605 -0.02879899 -0.06069999 0.04256695 -0.01797044 -0.06069999 0.04814827 0.03064489 -0.05296683 0.04475539 -0.02879786 -0.06057995 0.04259359 0.03132206 -0.05161589 0.04536181 -0.006121814 -0.052818 0.06432861 0.02229088 -0.06052333 0.04634302 0.01464539 -0.06069999 0.04926401 0.03063601 -0.05179524 0.04585987 -0.0177375 -0.05334866 0.05414557 0.02380955 -0.05793064 0.04631489 0.002997279 -0.05242079 0.07099473 -0.01792722 -0.05331832 0.05407881 0.03131204 -0.05011785 0.04708617 0.02380186 -0.05704265 0.04673999 -0.006988227 -0.05273514 0.06424957 0.03062582 -0.05034089 0.0475704 -0.01773309 -0.05264055 0.05571526 0.02226966 -0.05799388 0.04707646 -0.01792275 -0.05260485 0.05565106 0.02226281 -0.05713611 0.04750114 -0.02869039 -0.05769324 0.04345595 0.03130453 -0.04884111 0.04892885 0.02378857 -0.05548101 0.04777222 -0.02876776 -0.05768895 0.04340469 0.01460391 -0.04989331 0.08074867 0.01285821 -0.05035674 0.08089995 0.03061807 -0.04910343 0.04939413 0.022251 -0.05563706 0.04853349 -0.0286808 -0.05669152 0.04388386 0.02377778 -0.05418652 0.04896616 -0.02875816 -0.05668526 0.04383271 0.01285982 -0.05037146 0.08074367 0.01464426 -0.06047844 0.04930418 0.03129673 -0.047131 0.05210512 -0.01772773 -0.05172926 0.05833405 -0.02866435 -0.0548945 0.0449171 0.02377045 -0.05328792 0.05002081 0.02224129 -0.05440491 0.04972296 -0.02874165 -0.05488395 0.04486596 0.03061008 -0.04744833 0.05253207 0.01289629 -0.06047099 0.04979139 0.004884839 -0.06069999 0.05116027 -0.01791727 -0.0516861 0.0582751 0.02223473 -0.05355507 0.05076885 0.0237618 -0.05219656 0.05161643 -0.02865105 -0.05336534 0.04612863 0.01463532 -0.05823558 0.04998683 -0.006118893 -0.0522173 0.07023423 -0.02872842 -0.05335062 0.04607778 0.03129374 -0.04576891 0.0554313 -0.006985008 -0.05211853 0.07018303 0.0146324 -0.0574932 0.05041152 -0.006118595 -0.05217075 0.07087463 -0.01772421 -0.05103141 0.06100809 0.03060692 -0.0461319 0.05581355 0.02222687 -0.05252867 0.05234408 0.0128895 -0.05827546 0.05046683 -0.01791369 -0.05098199 0.06095534 0.02375501 -0.05128562 0.05328327 -0.02864217 -0.0522831 0.04721671 0.03129386 -0.04519343 0.05712705 -0.02871948 -0.0522651 0.04716646 0.01288723 -0.05755209 0.05089181 -0.00698471 -0.05207073 0.07082659 -0.01772302 -0.05074369 0.0623548 0.03060692 -0.04557615 0.0574854 0.01462721 -0.05623292 0.05144643 -0.01791256 -0.05069154 0.06230533 0.02222073 -0.05167621 0.05398285 -0.0286318 -0.05094754 0.04888957 0.01288318 -0.05633109 0.05192756 0.0146228 -0.05523836 0.05262035 -0.02870917 -0.05092513 0.04884076 0.004869997 -0.05175912 0.0807293 0.002994716 -0.05189096 0.08089995 0.02374744 -0.050089 0.0561012 -0.02862399 -0.04981684 0.05066204 0.004884839 -0.06044954 0.05120563 -0.0287013 -0.04979044 0.05061513 0.0146197 -0.05457466 0.05363363 0.002994775 -0.05190151 0.08072781 0.01287972 -0.05537569 0.05309915 -0.02861565 -0.04831147 0.05369549 -0.02869296 -0.04827952 0.0536524 0.02221363 -0.05056178 0.05674338 -0.01772224 -0.04974484 0.06895458 0.003003954 -0.06044727 0.05135077 -0.006132483 -0.06069999 0.05102205 0.01287728 -0.05474257 0.05410724 -0.01791191 -0.04968267 0.06892246 -0.01772254 -0.04966664 0.06967347 0.02374351 -0.0491535 0.05900889 -0.01791226 -0.0496037 0.06964331 0.01461583 -0.05379599 0.05513173 -0.02861207 -0.04711925 0.05685508 0.004883527 -0.05839121 0.05186182 -0.02868944 -0.04708278 0.05681651 0.03130638 -0.04313802 0.06555342 -0.02861189 -0.04661732 0.05846184 0.00488311 -0.0577231 0.05228811 -0.0286892 -0.04657882 0.05842566 0.02220976 -0.04969465 0.05958384 -0.006114304 -0.05162686 0.08073067 -0.006980001 -0.05150717 0.08089995 -0.00698018 -0.05151689 0.0807318 -0.01773339 -0.04886096 0.08089995 0.02374279 -0.04876267 0.06048089 -0.02862298 -0.04483163 0.06642323 0.01287418 -0.05400472 0.05559271 -0.02870035 -0.04478585 0.06639975 0.003003239 -0.05840307 0.05200523 0.03061932 -0.04359304 0.06578701 -0.02862513 -0.04469048 0.06729626 -0.02870255 -0.04464411 0.06727415 0.01461261 -0.05316662 0.05666387 -0.01773297 -0.04886823 0.08075928 0.03130877 -0.04297524 0.06647908 -0.01792323 -0.04879873 0.08076 -0.02867299 -0.04335474 0.08089995 -0.02867293 -0.04336047 0.08081674 0.03062164 -0.04343611 0.06669855 0.02220886 -0.04933351 0.06101983 -0.02875047 -0.04330903 0.08081728 0.003003001 -0.05774062 0.05243164 0.004882216 -0.05661624 0.0533269 0.01287156 -0.05341213 0.05710738 0.003002524 -0.05664551 0.05347084 0.004881441 -0.05577439 0.05449223 0.01460844 -0.05236643 0.05920523 0.004880845 -0.05523025 0.05548542 0.003002047 -0.05581533 0.05463558 0.01286798 -0.0526638 0.05961269 -0.006132781 -0.06045156 0.05107086 -0.007001161 -0.06045329 0.05095881 0.003001749 -0.05528032 0.05562728 0.01460534 -0.0517612 0.06178826 0.00488007 -0.05461084 0.05693465 0.02374839 -0.04738515 0.06773716 -0.006130993 -0.05838012 0.05172872 0.01286518 -0.05210191 0.0621531 0.01460421 -0.05151367 0.06308609 0.003001272 -0.05467313 0.05707281 0.02221256 -0.04806488 0.06808751 0.004879295 -0.05412524 0.05839866 -0.006130397 -0.05770677 0.05215483 -0.006129264 -0.05658906 0.05319333 -0.006128251 -0.05573636 0.05435919 -0.006127417 -0.0551837 0.05535376 0.02882987 0.04693019 0.05807697 0.01859289 0.05100142 0.0628525 0.03067237 0.04196465 0.08089995 0.02224045 0.04698014 0.08089995 0.009558796 0.05307668 0.06512451 0.01285892 0.0503565 0.08089995 0 0.05384653 0.06570327 0.002995431 0.0518909 0.08089995 -0.009526371 0.05308198 0.06512987 -0.006979346 0.05150729 0.08089995 -0.018624 0.05099052 0.06283992 -0.01773279 0.0488612 0.08089995 -0.02692431 0.04783552 0.05915474 -0.03303098 0.04467892 0.0553742 -0.02867281 0.04335492 0.08089995 0.01593559 -0.01926279 0.08089995 0.01064443 -0.02262067 0.08089995 -0.02190762 0.01204383 0.08089995 -0.01822417 0.01711362 0.08089995 -0.02421456 0.006217241 0.08089995 0.004684507 -0.02455717 0.08089995 0.01593559 0.01926279 0.08089995 -0.02499997 0 0.08089995 0.0202254 0.01469463 0.08089995 -0.001569747 -0.02495062 0.08089995 0.01064443 0.02262067 0.08089995 -0.02421456 -0.006217241 0.08089995 0.02324438 0.009203076 0.08089995 -0.007725417 -0.02377641 0.08089995 0.004684507 0.02455717 0.08089995 -0.02190762 -0.01204383 0.08089995 0.02480286 0.003133296 0.08089995 -0.01339566 -0.02110815 0.08089995 -0.001569747 0.02495062 0.08089995 -0.01822417 -0.01711362 0.08089995 0.02480286 -0.003133296 0.08089995 -0.007725417 0.02377641 0.08089995 0.02324438 -0.009203076 0.08089995 -0.01339566 0.02110815 0.08089995 0.0202254 -0.01469463 0.08089995 0.0202254 0.01469463 0.07109999 0.01593559 0.01926279 0.07109999 0.01064443 0.02262067 0.07109999 0.02324438 0.009203076 0.07109999 0.02480286 0.003133296 0.07109999 0.004684507 0.02455717 0.07109999 -0.001569747 0.02495062 0.07109999 0.02480286 -0.003133296 0.07109999 0.02324438 -0.009203076 0.07109999 -0.007725417 0.02377641 0.07109999 -0.01339566 0.02110815 0.07109999 0.0202254 -0.01469463 0.07109999 0.01593559 -0.01926279 0.07109999 -0.02190762 0.01204383 0.07109999 -0.02421456 0.006217241 0.07109999 -0.02499997 0 0.07109999 -0.01822417 0.01711362 0.07109999 0.01064443 -0.02262067 0.07109999 0.004684507 -0.02455717 0.07109999 -0.001569747 -0.02495062 0.07109999 -0.007725417 -0.02377641 0.07109999 -0.02421456 -0.006217241 0.07109999 -0.02190762 -0.01204383 0.07109999 -0.01339566 -0.02110815 0.07109999 -0.01822417 -0.01711362 0.07109999 0.009203076 -0.06069999 0.02324438 0.01469463 -0.06069999 0.0202254 0.003133296 -0.06069999 0.02480286 0.01711362 -0.06069999 -0.01822417 -0.02377641 -0.06069999 -0.007725417 -0.02495062 -0.06069999 -0.001569747 -0.003133296 -0.06069999 0.02480286 0.02110815 -0.06069999 -0.01339566 0.01204383 -0.06069999 -0.02190762 0.02377641 -0.06069999 -0.007725417 -0.02455717 -0.06069999 0.004684507 0.006217241 -0.06069999 -0.02421456 -0.02262067 -0.06069999 0.01064443 -0.009203076 -0.06069999 0.02324438 0.02495062 -0.06069999 -0.001569747 -0.01926279 -0.06069999 0.01593559 0 -0.06069999 -0.02499997 -0.01469463 -0.06069999 0.0202254 0.02455717 -0.06069999 0.004684507 -0.006217241 -0.06069999 -0.02421456 0.02262067 -0.06069999 0.01064443 -0.01204383 -0.06069999 -0.02190762 0.01926279 -0.06069999 0.01593559 -0.01711362 -0.06069999 -0.01822417 -0.02110815 -0.06069999 -0.01339566 0.02495062 -0.07069998 -0.001569747 0.02110815 -0.07069998 -0.01339566 0.02377641 -0.07069998 -0.007725417 0.02262067 -0.07069998 0.01064443 0.02455717 -0.07069998 0.004684507 0.01469463 -0.07069998 0.0202254 0 -0.07069998 -0.02499997 0.006217241 -0.07069998 -0.02421456 0.01204383 -0.07069998 -0.02190762 0.01711362 -0.07069998 -0.01822417 0.01926279 -0.07069998 0.01593559 0.009203076 -0.07069998 0.02324438 -0.02377641 -0.07069998 -0.007725417 -0.02110815 -0.07069998 -0.01339566 -0.01711362 -0.07069998 -0.01822417 0.003133296 -0.07069998 0.02480286 -0.009203076 -0.07069998 0.02324438 -0.003133296 -0.07069998 0.02480286 -0.01204383 -0.07069998 -0.02190762 -0.006217241 -0.07069998 -0.02421456 -0.02262067 -0.07069998 0.01064443 -0.02455717 -0.07069998 0.004684507 -0.02495062 -0.07069998 -0.001569747 -0.01926279 -0.07069998 0.01593559 -0.01469463 -0.07069998 0.0202254 -0.06390678 -0.01074296 -0.01428079 -0.06515461 -0.01214486 -0.01602202 -0.06273323 -0.0142669 -0.01884114 0 0.05385094 0.06567752 -0.009527146 0.05308634 0.06510412 -0.06368291 -0.01587343 -0.02085697 -0.01862555 0.05099487 0.06281411 -0.06073224 -0.01817226 -0.02392488 -0.01319181 -0.0434556 -0.05830806 -0.01266336 -0.04249352 -0.05709916 -0.0196734 -0.04276508 -0.05714857 -0.02501851 -0.04090064 -0.05453485 -0.02692675 0.04783982 0.05912894 -0.06165945 -0.01947116 -0.02554792 -0.05816954 -0.02194625 -0.02886438 -0.03303229 0.04468417 0.05534958 -0.02601635 -0.04176062 -0.05559313 -0.03101503 -0.039644 -0.05267137 -0.05870622 -0.02356117 -0.03090852 -0.03539574 0.04167109 0.05159354 -0.0548231 -0.02591311 -0.03408408 -0.03217172 -0.04044014 -0.0536412 -0.03727912 0.04041445 0.05006515 -0.03856778 0.04114818 0.05105912 -0.03762066 0.04015702 0.04975026 -0.03680354 -0.03807246 -0.05041366 -0.0471965 0.0334509 0.04157406 -0.04656583 0.03209412 0.03981065 -0.05026268 0.0277757 0.03444051 -0.05397611 0.02510243 0.03117686 -0.05342048 0.0233013 0.02884793 -0.05085027 -0.0296542 -0.03904139 -0.05517643 -0.02748978 -0.03608703 -0.05703198 0.02016955 0.02499312 -0.05674803 0.01761937 0.02171689 -0.0596891 0.01517301 0.01871079 -0.05960917 0.01184993 0.01445406 -0.04791617 -0.03191423 -0.04205888 -0.05160635 -0.03070461 -0.04035365 -0.06221395 0.009714365 0.0118314 -0.06189566 0.006463766 0.007657289 -0.03740704 -0.0378524 -0.05010634 -0.03760111 -0.0377646 -0.04998576 -0.03812605 -0.0387808 -0.0512641 -0.03720593 -0.03793406 -0.05021941 -0.0643351 0.004194796 0.004856884 -0.04125583 -0.03594863 -0.04750597 -0.06363326 0.001016497 7.59069e-4 -0.04471462 -0.03401124 -0.04487907 -0.04303342 -0.03633075 -0.04791945 -0.06549251 -5.84946e-5 -5.37816e-4 -0.04755717 -0.03365635 -0.04430395 -0.06436091 -0.003053843 -0.004419803 -0.06606978 -0.00434637 -0.006001472 -0.06444883 -0.007143616 -0.009650766 -0.06595933 -0.008265852 -0.01102286 0 -0.04383528 -0.05935513 0 -0.04284238 -0.05808424 -0.006626486 -0.04381459 -0.0590468 0.06325042 -0.01674509 -0.02199107 0.06057876 -0.01842468 -0.02425444 0.06101655 -0.02044737 -0.02682471 0.03856778 0.04114812 0.05105906 0.02880519 0.04694771 0.05806696 0.03727918 0.04041439 0.0500651 0.01269227 -0.04249054 -0.05709409 0.0577529 -0.02249056 -0.02957874 0.01314502 -0.04346019 -0.05831599 0.03762066 0.04015702 0.0497502 0.05800533 -0.02441233 -0.03202778 0.03539347 0.04167252 0.05159527 0.05527842 -0.02542412 -0.03343874 0.04723089 0.03341555 0.04153025 0.04274302 0.03581947 0.0444163 0.05444347 -0.02820497 -0.03703361 0.05246168 -0.02824324 -0.03716689 0.01857781 0.05101084 0.06283253 0.05099934 -0.03118914 -0.04099965 0.04733419 0.03126555 0.03878283 0.04926288 -0.03092288 -0.04073274 0.0471217 -0.03393894 -0.04468417 0.05398881 0.02508544 0.0311557 0.05108499 0.02668821 0.03308361 0.04569613 -0.03340327 -0.04405915 0.009578645 0.05307793 0.06509554 0.05426204 0.02196222 0.02716976 0.04178571 -0.0356692 -0.04712581 0.04279762 -0.03645598 -0.0480898 0.05737632 0.01956063 0.02422827 0.03760147 -0.03776443 -0.04998552 0.0573154 0.01654583 0.02036696 0.06030142 0.01391702 0.01712924 0.03722441 -0.03792685 -0.05020946 0.03701722 -0.03800278 -0.05031543 0.03812605 -0.03878098 -0.05126428 0.05996292 0.0110718 0.01347315 0.06263571 0.008717298 0.0105732 0.06201046 0.006161332 0.007275104 0.03680396 -0.03807228 -0.05041342 0.06456363 0.003472805 0.003942549 0.06359118 0.001184701 9.72552e-4 0.06566613 -9.41856e-4 -0.001661062 0.06434053 -0.002858102 -0.004170119 0.03101849 -0.03964334 -0.05267041 0.03213715 -0.04044628 -0.05365049 0.06610631 -0.00537151 -0.007312119 0.06446349 -0.006920218 -0.009364187 0.06584286 -0.009141504 -0.01214867 0.02503329 -0.04089814 -0.05453103 0.02593165 -0.04177421 -0.05561411 0.06394428 -0.01058501 -0.01407694 0.01958346 -0.042777 -0.05716764 0.06491088 -0.0129044 -0.0170046 0.06276822 -0.01418137 -0.01873016 -0.03733921 0.04106754 0.04775011 -0.03522658 0.0424456 0.04929757 -0.03445738 0.04291558 0.04989451 -0.03524589 0.0424332 0.04933166 -0.03728246 0.04112762 0.04763627 -0.03515648 0.04246526 0.04919379 -0.03438264 0.04293394 0.04978328 -0.03438854 0.0429337 0.04979115 -0.03720396 0.04115468 0.04752272 -0.0351504 0.04246556 0.04918593 -0.03432738 0.04292833 0.04971617 -0.03509396 0.04246068 0.04911851 -0.03710997 0.04114651 0.04741841 -0.03506755 0.04245406 0.04909038 -0.03700786 0.04110378 0.04733157 -0.03386187 0.04326158 0.05047219 -0.03385585 0.0432682 0.05045902 -0.03383374 0.04328727 0.05041486 -0.03417956 0.0430727 0.05023324 -0.03417354 0.04307943 0.05022007 -0.03415137 0.0430988 0.05017584 -0.03413242 0.04311037 0.05014199 -0.03406411 0.04312795 0.05003881 -0.03450483 0.04287719 0.04998588 -0.03449875 0.04288405 0.04997271 -0.03447645 0.04290372 0.04992848 -0.03527456 0.04240566 0.0493893 -0.03526842 0.04241269 0.04937607 -0.05824011 -0.00482887 -0.04250764 -0.05997967 -0.008576452 -0.03686231 -0.06047266 -0.004893302 -0.0369566 -0.03972685 0.05421608 0.004442095 -0.03973233 0.05421161 0.004443943 -0.03960627 0.0522809 0.01233726 -0.04497683 0.04816126 0.006845355 -0.05634218 0.01846754 -0.04821455 -0.05612367 0.01478475 -0.04967212 -0.05886089 0.009318888 -0.04312145 -0.03978437 0.05510962 3.61405e-4 -0.05875355 0.008009433 -0.04349923 -0.04516994 0.04897272 0.002902448 -0.06594145 -0.002383291 -0.007971048 -0.06597131 -0.003964483 -0.01014357 -0.06600272 -0.003176987 -0.007176756 -0.05896133 0.001681506 -0.04249972 -0.05942922 0.006526887 -0.04166197 -0.06603276 -0.004738867 -0.009324491 -0.05868887 -8.77474e-4 -0.04263651 -0.06077188 -0.002507686 -0.03681254 -0.06578761 -8.00883e-4 -0.009546279 -0.06569993 3.23564e-4 -0.007618367 -0.06549525 0.002017974 -0.009220778 -0.05156415 0.04361826 -0.01965528 -0.0555256 0.03561127 -0.01464807 -0.05470657 0.03544867 -0.003018498 -0.05088889 0.04316055 -0.007177889 -0.06017088 -0.01503115 -0.03304231 -0.06090605 -0.01701766 -0.02971416 -0.06161367 -0.0129224 -0.03017586 -0.06084668 -0.01074051 -0.03355216 -0.05218386 0.02561795 -0.05616235 -0.05653864 0.02303111 -0.0453611 -0.06606018 -0.004101932 -0.00624746 -0.05235284 0.03055167 -0.0530461 -0.05901002 0.02713835 -0.01139813 -0.05958855 0.0258004 -0.0195617 -0.06084322 0.02156138 -0.007597744 -0.06147843 0.02019989 -0.01527345 -0.06243288 0.01693236 -0.01272684 -0.05954015 0.007808685 -0.0412904 -0.06341528 0.01316136 -0.01167005 -0.06378132 0.01085174 -0.01738446 -0.06430864 0.009036004 -0.008267879 -0.06469231 0.006808817 -0.01368671 -0.05654537 0.02324759 -0.04518914 -0.0523588 0.03078502 -0.05285811 -0.06585264 -0.001283288 -0.006087303 -0.05242359 0.03511476 -0.04843372 -0.0467081 0.04764866 -0.04877221 -0.04672247 0.04595601 -0.0521602 -0.05217564 0.03793269 -0.04521083 -0.06591337 -0.002089262 -0.005315065 -0.04671138 0.04338276 -0.05607432 -0.05219155 0.03550302 -0.0487923 -0.06465196 0.0071249 -0.006670415 -0.06504362 0.004937469 -0.01195341 -0.06136453 -0.007214903 -0.03362411 -0.05240672 0.03753745 -0.04486787 -0.06328547 0.0136134 -0.01010411 -0.06417167 0.009477734 -0.006782352 -0.06065803 0.02175313 -0.005622208 -0.05884194 0.0273112 -0.009301364 -0.05910897 0.01274698 -0.04175794 -0.0507158 0.04287451 -0.004315972 -0.05449867 0.03524541 -3.38758e-4 -0.03990638 0.05707603 -0.04502743 -0.04660117 0.05043721 -0.04016256 -0.06176418 0.01830148 -0.005334854 -0.06167882 -0.004931151 -0.03347426 -0.05050724 0.04324972 -0.004508495 -0.04981929 0.04172831 0.006116569 -0.06451165 0.007561385 -0.005221962 -0.05213063 0.03954625 -0.04210495 -0.05002063 0.04137057 0.006278276 -0.05979663 0.01116532 -0.03995174 -0.06509119 0.004141569 -0.004148662 -0.06156867 0.01850283 -0.003430366 -0.04655867 0.05091112 -0.03783035 -0.03991806 0.05756068 -0.04252892 -0.05725193 0.02916872 4.59499e-4 -0.05818128 0.02912086 -0.01048159 -0.05236071 0.03914719 -0.04177522 -0.06215578 -0.009557604 -0.03022325 -0.04457372 0.04640805 0.01449656 -0.06240284 -0.01562041 -0.02594602 -0.03994435 0.0585978 -0.03141897 -0.03991246 0.05756455 -0.04253298 -0.03994107 0.05862414 -0.02861511 -0.06258231 0.01498621 -0.00300002 -0.06528884 0.00240916 -0.002668142 -0.06128573 0.002011477 -0.0360015 -0.05661213 0.02728158 -0.0411446 -0.06494587 0.00456947 -0.002757966 -0.04955655 0.04105228 0.00986123 -0.06140762 0.003207743 -0.03564763 -0.04975533 0.04070115 0.0100128 -0.06248474 -0.007377862 -0.03006625 -0.05788099 0.02741324 0.001446962 -0.03994476 0.05862116 -0.0286135 -0.06543505 7.65839e-4 -0.001252412 -0.05933159 0.01700711 -0.03910255 -0.06514072 0.002831935 -0.001311004 -0.05933916 0.0172097 -0.03894281 -0.06237608 0.01519626 -0.001167893 -0.03832328 -0.02324432 -0.06137073 -0.03832828 -0.02324491 -0.06136643 -0.05701631 0.02902644 0.002989292 -0.06221866 -6.03813e-4 -0.03267568 -0.03832852 -0.02322483 -0.06137782 -0.04334872 -0.03136837 -0.05114752 -0.06342566 0.01084995 -3.69859e-5 -0.06297296 -0.01245701 -0.02595984 -0.03845602 -0.01491564 -0.06568998 -0.03858917 -0.006589472 -0.06930124 -0.060027 0.01533991 -0.0373494 -0.05763733 0.02728694 0.003934562 -0.04373228 -0.02500355 -0.05488944 -0.06374603 0.008931636 0.001356959 -0.04373341 -0.02498453 -0.05489999 -0.05367004 0.03408181 0.009620189 -0.06003487 0.01553857 -0.03719294 -0.03859502 -0.00658828 -0.06927931 -0.03864979 -0.003459095 -0.07043552 -0.03882223 0.006370246 -0.07335245 -0.06234669 5.42143e-4 -0.03233122 -0.06320601 0.01106971 0.001704394 -0.05658316 0.02955955 -0.03788304 -0.04418188 -0.01712703 -0.05892211 -0.05959594 0.02201032 0.004531025 -0.04812359 -0.02777737 -0.04772293 -0.04414367 0.04450088 0.02202844 -0.03944867 0.05018711 0.02007472 -0.06168979 0.006343424 -0.03438162 -0.04812526 -0.02775973 -0.04773259 -0.06352019 0.009155511 0.003056108 -0.04830896 -0.02791672 -0.04737466 -0.06328511 -0.01379376 -0.02397358 -0.04901647 0.039572 0.01715123 -0.06331866 -0.01040762 -0.02579194 -0.04831063 -0.0278992 -0.04738426 -0.06415027 0.005934894 0.003560602 -0.04460602 -0.009272992 -0.06228637 -0.04921013 0.03923428 0.01728421 -0.05192625 0.04226338 -0.03418272 -0.05932629 0.02193081 0.006887197 -0.06304973 -0.003246545 -0.02927762 -0.05335617 0.03354239 0.01314485 -0.03883016 0.006369709 -0.07334119 -0.04475945 -0.006327092 -0.06337374 -0.06044471 0.01884365 0.006371915 -0.05215275 0.04186075 -0.03388553 -0.04877746 -0.02049636 -0.05141228 -0.03889566 0.009789943 -0.07407122 -0.04398387 0.04378867 0.02471339 -0.05941474 0.0209968 -0.03518807 -0.05607992 0.02811753 0.01241904 -0.03902179 0.01648741 -0.0750252 -0.04897111 -0.02066528 -0.05104744 -0.0565207 0.03108745 -0.03505057 -0.03902775 0.01648569 -0.07501709 -0.06015896 0.01879006 0.008649945 -0.06363797 -0.01180499 -0.02379989 -0.06118768 0.0156176 0.008274376 -0.04938602 -0.01323419 -0.05449151 -0.06318384 -0.002152085 -0.02894198 -0.0452221 0.002905964 -0.06611782 -0.05666923 0.02644574 0.01321411 -0.04631292 0.05197727 -0.02740556 -0.06088513 0.01558941 0.01047176 -0.05572634 0.02767676 0.01576662 -0.06264358 0.00354743 -0.03110498 -0.04958719 -0.01343226 -0.05411273 -0.04844909 0.03794264 0.02435559 -0.04960435 -0.01051056 -0.05548626 -0.05185371 0.04274219 -0.03202927 -0.04537582 0.006112039 -0.06681257 -0.0486375 0.03761857 0.02447158 -0.05271458 0.03233903 0.02002775 -0.05207914 0.04233974 -0.0317406 -0.06193625 0.01158601 0.01069247 -0.06011372 0.01925539 -0.03351652 -0.04980826 -0.01071953 -0.05510294 -0.03914004 0.02199691 -0.07524138 -0.03921002 0.02556908 -0.0750733 -0.05630385 0.02603137 0.01651114 -0.05241769 -0.02406632 -0.04368823 -0.04823982 0.03733068 0.02692997 -0.0393542 0.0323202 -0.07391124 -0.03921443 0.02556723 -0.07507032 -0.06194472 0.01025247 -0.0319364 -0.04842638 0.0370115 0.02704012 -0.04566526 0.01237922 -0.067725 -0.05825507 0.02128964 0.01569736 -0.06195354 0.01043879 -0.03178972 -0.05902385 0.01826095 0.01717913 -0.04623764 0.0520237 -0.02475899 -0.05785137 0.02095395 0.01883536 -0.06391251 -0.006522178 -0.02501189 -0.05317401 -0.01742362 -0.0464735 -0.05500549 0.02667492 0.02231872 -0.0502572 -0.001976907 -0.05799299 -0.05204409 0.0309931 0.02685594 -0.05938196 0.02315062 -0.03216046 -0.06349503 7.19696e-4 -0.02775388 -0.05555957 0.02508395 0.02296829 -0.05046904 -0.002220153 -0.05759775 -0.05179738 0.03048366 0.02930194 -0.06405353 -0.005492329 -0.02468609 -0.0546388 -0.02675455 -0.03774386 -0.04305201 0.03963297 0.03985583 -0.05425488 0.02553737 0.02883768 -0.03935819 0.03231811 -0.07390946 -0.06424391 -0.00803399 -0.02302229 -0.0470218 0.03374266 0.04149442 -0.06291294 0.007299065 -0.02874737 -0.04589092 0.01752978 -0.06796258 -0.06292229 0.007478117 -0.02860617 -0.05344539 -0.01493167 -0.0473712 -0.06008052 0.02137327 -0.03055232 -0.0393967 0.0340988 -0.07338422 -0.03949213 0.03874242 -0.07147604 -0.05047196 9.84808e-4 -0.05862629 -0.03990745 0.0576452 -0.0145291 -0.03988492 0.05722403 -0.01133918 -0.06438779 -0.007034242 -0.0227006 -0.05068641 7.29664e-4 -0.05822789 -0.05931121 0.02460581 -0.02952921 -0.05625438 0.03371828 -0.02780377 -0.0460304 0.02086341 -0.06782358 -0.03961777 0.04444164 -0.06772857 -0.03949809 0.03874075 -0.07147371 -0.06204402 0.0139355 -0.02834683 -0.05549907 -0.02058798 -0.04030406 -0.06438118 -0.002788186 -0.02354252 -0.0508725 0.006772398 -0.05945527 -0.06466853 -0.01038789 -0.01989763 -0.03988903 0.05721306 -0.01133716 -0.05109173 0.006493985 -0.05905246 -0.06000798 0.02280706 -0.02797585 -0.06377863 0.004309713 -0.02548229 -0.0560652 -0.02145564 -0.03858441 -0.06378853 0.004481256 -0.02534651 -0.05580812 -0.0182743 -0.04112672 -0.05425643 -0.007123827 -0.0496236 -0.05146098 0.04391974 -0.02236324 -0.06481641 -0.009435355 -0.01958197 -0.04627656 0.02716308 -0.06678646 -0.05616194 0.03419834 -0.02582794 -0.05168092 0.04352253 -0.02211105 -0.04633682 0.02882456 -0.06631064 -0.06486046 -0.01175183 -0.01807194 -0.05638456 -0.01919162 -0.03938609 -0.06472229 -0.004408359 -0.02157646 -0.03962385 0.04444175 -0.06772798 -0.06302022 0.01084315 -0.02529519 -0.0650103 -0.0108267 -0.01775938 -0.05118072 0.01152777 -0.05966722 -0.03962981 0.04471009 -0.06750237 -0.03973406 0.04965883 -0.06220811 -0.06201088 0.01593965 -0.02557301 -0.0513457 0.0440132 -0.01989865 -0.05140352 0.01123017 -0.05926281 -0.05452299 -0.00441426 -0.0501886 -0.05136859 0.0146057 -0.05953657 -0.06468123 5.98113e-4 -0.02137362 -0.06516039 -0.00693202 -0.01848673 -0.05159354 0.01429575 -0.05913227 -0.06469184 7.60156e-4 -0.02124434 -0.05900901 0.02715194 -0.02278393 -0.04648184 0.03315764 -0.06457138 -0.05673289 -0.01102536 -0.04318046 -0.04578435 0.0512306 -0.01138639 -0.05501937 8.80167e-4 -0.05091995 -0.06389415 0.007710278 -0.02216613 -0.05794173 -0.02196693 -0.03403824 -0.06193381 0.01730459 -0.02316123 -0.06298774 0.0127784 -0.02262949 -0.03973925 0.04965668 -0.06220591 -0.06535893 -0.008394837 -0.01668018 -0.05734032 -0.01209855 -0.04138374 -0.06502926 -0.001117169 -0.01945352 -0.05703693 -0.008510112 -0.04369115 -0.05169361 0.02042514 -0.05858236 -0.06504011 -9.59614e-4 -0.01932716 -0.05969679 0.02532655 -0.02136784 -0.05192208 0.02009201 -0.05818146 -0.05890405 0.02762782 -0.02094119 -0.04662764 0.0384882 -0.06114518 -0.04566437 0.05085217 -0.008336126 -0.0466333 0.0387395 -0.06093841 -0.06290853 0.01410102 -0.02031183 -0.06547683 -0.003790318 -0.01643341 -0.05177134 0.02196133 -0.05814623 -0.0638625 0.009573698 -0.01960813 -0.05540013 0.005230545 -0.05109357 -0.0654881 -0.003639698 -0.01631152 -0.05200064 0.02162218 -0.05774706 -0.05566877 0.03547358 -0.01692652 -0.05765473 -0.009637415 -0.04187899 -0.0648064 0.003816604 -0.01822209 -0.03979969 0.05238431 -0.0579586 -0.03983473 0.05417221 -0.05429583 -0.05563145 0.008047163 -0.05096262 -0.06568008 -0.005340278 -0.01466625 -0.06569147 -0.005193769 -0.01454693 -0.05760318 -0.003595471 -0.04434281 -0.06515848 0.002015829 -0.01637643 -0.05195289 0.02597266 -0.05655485 -0.03983956 0.05416929 -0.05429351 -0.05899119 -0.0153529 -0.03586059 -0.06583207 -0.006809353 -0.01298034 -0.06584358 -0.006666719 -0.01286333 -0.06159663 0.01973426 -0.01696842 -0.06589263 -0.007545948 -0.01213079 -0.06477588 0.005588233 -0.01579529 -0.05933654 -0.0130586 -0.03630709 -0.06590425 -0.007405281 -0.01201504 -0.05980801 -0.01722764 -0.03262537 -0.05803734 4.43013e-4 -0.04448205 -0.05067837 0.04354006 -0.007379353 -0.0656116 -7.91783e-4 -0.01347047 -0.05602926 0.01337647 -0.05007362 -0.05212062 0.03092461 -0.05342501 -0.05212658 0.03115874 -0.05323618 -0.06512838 0.003744184 -0.01400941 -0.05834382 0.02895498 -0.01261788 -0.06255686 0.01647299 -0.01435762 -0.06581735 -0.002420425 -0.01176846 -0.05830085 0.003058254 -0.04434704 -0.06052601 -0.01911437 -0.02932834 -0.06558179 8.68029e-4 -0.01119548 0.06081825 -0.006486058 -0.03545665 0.06062537 -0.007882535 -0.03544491 0.06045329 -0.007451653 -0.03608375 0.06508386 0.004908323 -0.009174168 0.06527578 0.00305283 -0.01272821 0.06443393 0.007383406 -0.01688116 0.06424939 0.009333312 -0.01311057 0.05589473 0.02396243 -0.04688197 0.0523442 0.02885186 -0.05418717 0.052383 0.03015631 -0.05324238 0.044725 0.04846543 0.00683844 0.04506242 0.04990905 -3.85355e-4 0.03981983 0.05576872 -0.002891242 0.03973048 0.05418062 0.004578948 0.05585145 0.02273714 -0.04775995 0.05246192 0.03596895 -0.04714012 0.05245971 0.03443747 -0.04912513 0.05169087 0.03725486 -0.04830104 0.06124162 0.0205093 -0.008604168 0.05889391 0.02768951 -0.02044606 0.0584883 0.02872711 -0.01432931 0.06170713 0.01945161 -0.01419103 0.04634553 0.05016446 -0.04304087 0.03986901 0.05546927 -0.05088889 0.03989058 0.0564022 -0.04780983 0.04638034 0.04926729 -0.04591375 0.06523227 0.003935813 -0.008298635 0.05167061 0.03910189 -0.0453552 0.0464186 0.04667645 -0.05185222 0.06542587 0.0021016 -0.01180559 0.06142342 0.01988112 -0.008158504 0.06189352 0.01882278 -0.01370513 0.06359583 0.01221406 -0.008519709 0.06412082 0.01006609 -0.0112707 0.06389588 0.01108902 -0.01213979 0.05909246 0.01230734 -0.04192793 0.05872815 0.007564365 -0.04357832 0.05568969 0.01919698 -0.0497502 0.05873489 0.00755006 -0.04356056 0.05243891 0.03779935 -0.04423594 0.04958164 0.04298526 0.002787292 0.05004733 0.0440247 -0.004743695 0.05074042 0.04279232 -0.004113495 0.05909925 0.01229208 -0.0419104 0.06494879 0.005611658 -0.007440209 0.03994083 0.0586189 -0.02807599 0.03991508 0.0576691 -0.04190808 0.0399422 0.05851334 -0.03372097 0.03992068 0.05766516 -0.04190576 0.06381678 0.01118385 -0.00769782 0.06218367 -0.01237583 -0.02869898 0.06111359 -0.01837807 -0.02812719 0.06130045 -0.01898187 -0.02709209 0.05391228 0.03650212 -8.48418e-4 0.05107694 0.04330438 -0.009757459 0.05430567 0.03688168 -0.006192803 0.05597513 0.02799862 -0.04305815 0.0502578 0.04179275 0.003345191 0.06509578 0.004632472 -0.006587862 0.04625505 0.0513941 -0.03751367 0.06562691 7.07713e-4 -0.005364537 0.06582599 -0.001055002 -0.008715927 0.06588208 -0.001631736 -0.008146703 0.06238418 -0.01307094 -0.02764147 0.06568205 1.17722e-4 -0.004823565 0.06086963 0.02093571 -0.00467503 0.06145244 5.22011e-4 -0.03533774 0.06064432 -0.006043434 -0.03609693 0.05799126 -1.90566e-4 -0.04444092 0.05869442 0.007081925 -0.04367089 0.0581659 0.02910113 -0.01004046 0.05747008 0.02922725 -0.001830041 0.05815935 0.02911865 -0.01005178 0.06239503 -0.01110303 -0.02869361 0.06149899 9.45035e-4 -0.03523427 0.0574764 0.02921009 -0.001820147 0.05928075 0.0155636 -0.04010134 0.06104749 0.02031093 -0.004256904 0.04440915 0.04705286 0.01303029 0.03963088 0.05263537 0.01095569 0.05928766 0.01554769 -0.04008412 0.03944712 0.05016708 0.02014607 0.06548589 0.001381635 -0.003730297 0.06163418 2.50777e-5 -0.03469747 0.06462758 0.006695806 -0.004072248 0.05157482 0.04159182 -0.03987812 0.06554019 7.87448e-4 -0.003203272 0.06307673 0.01327258 -0.003395497 0.05597335 0.02945047 -0.04121446 0.06477093 0.005708813 -0.003264784 0.06168115 4.44625e-4 -0.03459441 0.04911947 0.04177165 0.009665846 0.06259816 -0.01181751 -0.02763319 0.05933099 0.01669347 -0.0392974 0.06328999 0.01224142 -0.002639412 0.04977977 0.04061853 0.01016223 0.05933791 0.01667737 -0.03928041 0.05335205 0.03569829 0.00623703 0.05701178 0.02899008 0.003154039 0.05233615 0.04027217 -0.03883445 0.03994458 0.05861616 -0.0280745 0.05701792 0.02897328 0.003163158 0.05150771 0.04246902 -0.03722149 0.03833848 -0.02255004 -0.06175541 0.03833383 -0.02254974 -0.06176072 0.06265896 0.01373398 2.15919e-4 0.06286567 0.01270711 9.26541e-4 0.04308301 -0.03183507 -0.05111944 0.05594021 0.03119438 -0.03851526 0.03858852 -0.006872713 -0.06917077 0.03842532 -0.01684904 -0.06475198 0.06406795 0.007746577 6.99395e-4 0.06311643 -0.01608425 -0.02301293 0.04342728 -0.02597004 -0.05462241 0.06007069 0.02121019 0.002883732 0.05226498 0.04114592 -0.03621345 0.06420421 0.006757557 0.001443684 0.04352706 -0.02422082 -0.05559563 0.06191843 0.005235075 -0.03370845 0.06023985 0.02059704 0.003250896 0.03859013 -0.006872951 -0.0691688 0.03887289 0.009013473 -0.07392555 0.03860425 -0.006057381 -0.06948298 0.04608565 0.05225485 -0.0298115 0.04869478 0.04056584 0.01558297 0.06334108 -0.0149157 -0.02299082 0.04391252 0.04478991 0.02199023 0.04382765 -0.01880997 -0.05840104 0.0493412 0.0394482 0.01602989 0.0476315 -0.02849376 -0.04790115 0.05280107 0.03471845 0.01273465 0.0621047 0.004699826 -0.03307747 0.04777777 -0.02686899 -0.04879575 0.0594238 0.02043133 -0.03580117 0.04824471 -0.02893835 -0.04676347 0.06361526 0.008229255 0.004066407 0.04839736 -0.02733522 -0.04764503 0.05636101 0.02840048 0.009785234 0.04432624 -0.009364783 -0.06255453 0.05943071 0.02041453 -0.03578484 0.06328868 -0.005166709 -0.02792626 0.05636698 0.02838408 0.009793281 0.0437619 0.04410052 0.02457654 0.06374543 0.007243633 0.004766702 0.06334012 -0.004783928 -0.02782756 0.04436558 -0.008593976 -0.06285095 0.05953836 0.02110552 0.007483959 0.04821538 -0.02184182 -0.05137616 0.05134886 0.04370027 -0.03209722 0.03883332 0.006531655 -0.07337921 0.05970156 0.02050185 0.007821381 0.06350296 -0.005971312 -0.02686315 0.04885399 -0.02237457 -0.0501877 0.0617569 0.01413458 0.007182896 0.0388807 0.009011268 -0.07391875 0.06355512 -0.005594313 -0.02676498 0.06194865 0.01312446 0.007808208 0.05118125 -0.0296958 -0.04181581 0.06213653 0.008189439 -0.03203898 0.05229812 0.033724 0.01834315 0.04893141 -0.01306468 -0.05519902 0.048038 0.03861266 0.02417737 0.05942136 0.02178442 -0.03411608 0.05572342 0.02763628 0.01588904 0.05580943 0.03357547 -0.0334872 0.04898744 -0.01234841 -0.05547177 0.05572921 0.02762037 0.0158962 0.04494845 0.003279089 -0.06654131 0.05942827 0.02176737 -0.03410011 0.04866379 0.03754818 0.02455765 0.06115388 0.01413553 0.01143562 0.05172467 -0.02507299 -0.04416972 0.05209761 0.04237729 -0.03115594 0.05878263 0.02071952 0.01362526 0.04960054 -0.01371258 -0.05395418 0.04784071 0.03801405 0.02666461 0.06232511 0.007630884 -0.03141939 0.06219518 0.009217202 -0.03130692 0.0391184 0.0211783 -0.07524764 0.0390796 0.01904517 -0.07518947 0.05893731 0.02013075 0.01392447 0.06133538 0.01313984 0.01201051 0.04965895 -0.01300567 -0.05422288 0.04846042 0.03696513 0.02702659 0.0459426 0.05239647 -0.0244708 0.04505759 0.005612015 -0.06705653 0.05514377 0.02683895 0.02117455 0.05514937 0.02682346 0.02118098 0.06238442 0.00865072 -0.03069257 0.03912323 0.02117645 -0.07524359 0.03932726 0.03110545 -0.0742101 0.03988385 0.05719745 -0.01115006 0.03992092 0.05797976 -0.01745808 0.05152463 0.03208869 0.02651882 0.05572158 0.03442907 -0.03104293 0.05804359 0.02016413 0.01929891 0.05261266 -0.01699578 -0.0476526 0.05819004 0.01959067 0.01956433 0.05938225 0.02341896 -0.03164815 0.05129289 0.03158348 0.02889114 0.0526821 -0.01633644 -0.04790067 0.05443882 -0.0281983 -0.03704982 0.0428496 0.03992599 0.03971743 0.05938917 0.02340167 -0.03163266 0.05425608 0.02550309 0.02890664 0.04980927 -0.001320064 -0.05886459 0.06380498 -8.97934e-4 -0.02639698 0.05426138 0.02548825 0.02891206 0.04664921 0.0343737 0.04126769 0.0642904 -0.009463727 -0.02220445 0.0454787 0.01503586 -0.06829231 0.06434506 -0.009112 -0.02210849 0.03933215 0.03110474 -0.07421022 0.06402587 -0.001766324 -0.02534687 0.03948068 0.03818041 -0.07175189 0.03934586 0.03174269 -0.07405763 0.06442999 -0.01022922 -0.02117347 0.05051511 -0.002121627 -0.05756366 0.05107384 0.04463201 -0.02492713 0.04996132 8.45648e-4 -0.05933737 0.06448519 -0.009883046 -0.02107793 0.06230688 0.01263177 -0.02813124 0.04556351 0.01703459 -0.06835401 0.05180925 0.04332083 -0.02407485 0.05067342 1.57257e-5 -0.05802881 0.06249767 0.01204007 -0.02754056 0.03948587 0.03817975 -0.07175123 0.0554794 -0.02081173 -0.04019927 0.05551773 0.03565591 -0.02631795 0.05548506 -0.02082014 -0.04018265 0.0640484 0.001785278 -0.02485394 0.05556088 -0.02020865 -0.04042297 0.0398879 0.05718529 -0.01114797 0.06480091 -0.01276588 -0.01773142 0.05556654 -0.02021718 -0.04040628 0.05369991 -0.00618416 -0.05097573 0.0642727 8.77832e-4 -0.02382087 0.05922889 0.02567726 -0.02704399 0.05054074 0.009590446 -0.06046801 0.05923581 0.02565968 -0.02702945 0.04593265 0.02633649 -0.06744742 0.0623067 0.01387566 -0.02660268 0.04595464 0.02693384 -0.06730914 0.06411457 0.002720773 -0.02418041 0.03960973 0.04405605 -0.0680375 0.03958219 0.04255449 -0.06917631 0.06485754 -0.01243829 -0.01763707 0.05127626 0.008645653 -0.05913943 0.0648393 -0.005538046 -0.02074104 0.05065578 0.01144468 -0.06052333 0.06249773 0.01327538 -0.02602356 0.06433981 0.0018 -0.02315539 0.05388802 -0.004190683 -0.05140143 0.03961545 0.04405915 -0.06804078 0.05085223 0.04485869 -0.01993483 0.05139577 0.01047557 -0.05919307 0.04561942 0.05188161 -0.01436942 0.04616051 0.03296321 -0.0652039 0.06498402 -0.006365239 -0.01972097 0.05912595 0.02649992 -0.0248019 0.05785739 -0.02411901 -0.03262323 0.05913281 0.02648228 -0.02478778 0.03972393 0.04896217 -0.06310498 0.0397185 0.04896384 -0.06310832 0.05157768 0.04356181 -0.01914137 0.05675697 -0.01092249 -0.04317992 0.06226557 0.01538687 -0.02436399 0.05676299 -0.01093298 -0.04316252 0.06245654 0.01477682 -0.02380192 0.0546028 0.00385797 -0.05240595 0.06509941 -0.003065168 -0.01928687 0.0511462 0.02007609 -0.05968362 0.06536936 -0.009107351 -0.01631289 0.06424427 0.005840599 -0.02126944 0.0511747 0.02063077 -0.05955618 0.05517131 0.03665167 -0.01968252 0.04627835 0.0370658 -0.06284052 0.06524664 -0.00393027 -0.01828199 0.05697816 -0.009099364 -0.04355746 0.0654233 -0.00960797 -0.01568621 0.06517046 -0.002201497 -0.01865524 0.0569843 -0.009110152 -0.04353994 0.06447196 0.00487709 -0.02028077 0.03980296 0.05275422 -0.05727982 0.03976231 0.05069732 -0.06073385 0.03972488 0.05418521 0.0045771 0.05190473 0.01899427 -0.0583617 0.06531846 -0.003079533 -0.01765763 0.05474424 0.005564689 -0.05245006 0.05888718 0.02770727 -0.02045929 0.05193424 0.01954174 -0.05823594 0.0453943 0.05118227 -0.008329033 0.06424713 0.006983399 -0.01987129 0.04631328 0.03847861 -0.06179612 0.03980791 0.05275118 -0.05727666 0.06209516 0.01749968 -0.02018386 0.05143421 0.02623498 -0.05762034 0.06447529 0.006005108 -0.01890075 0.06563931 -0.006798684 -0.01492321 0.0522024 0.02507466 -0.05632621 0.062285 0.01687777 -0.01965343 0.04639893 0.04309266 -0.05724579 0.06569439 -0.00732243 -0.01430535 0.05489587 0.03695982 -0.01504534 0.05923187 -0.01573693 -0.0350393 0.05781871 -0.001738786 -0.04442834 0.06571328 -0.00599122 -0.0143224 0.0503714 0.044564 -0.01044619 0.06420582 0.008378744 -0.017825 0.05782508 -0.001751184 -0.04441046 0.06576865 -0.006522893 -0.01370877 0.05534344 0.01351368 -0.05165314 0.06197893 0.01828145 -0.01814544 0.05939215 -0.01609897 -0.03441685 0.06531232 6.87274e-4 -0.01593577 0.05537801 0.01402491 -0.05153495 0.06582361 -0.008845984 -0.01249992 0.05157238 0.03005892 -0.05545061 0.06216782 0.01765608 -0.01763027 0.04641485 0.04473114 -0.0550543 0.03986418 0.05547273 -0.05089151 0.05948632 -0.01409184 -0.03536421 0.06546217 -2.32592e-4 -0.01497149 0.06531727 0.001750051 -0.01463305 0.05798482 -1.77859e-4 -0.0444588 0.05964905 -0.01446753 -0.03473764 0.05848163 0.02874481 -0.01434141 0.05161041 0.03137892 -0.05449211 0.06546741 8.15692e-4 -0.01368552 0.06586211 -0.003283917 -0.01174527 0.06402295 0.01034981 -0.01400411 0.06083184 -0.01986563 -0.02785181 0.06591826 -0.00384128 -0.01115131 0.0516873 0.03570801 -0.05031478 0.05868768 0.007096111 -0.04368871 0.06586813 -0.002284288 -0.01051408 0.06592434 -0.002850592 -0.009930014 0.06605631 -0.004498302 -0.008222222 0.06607627 -0.004817903 -0.007889449 -0.03947126 0.03818607 -0.07176017 -0.03386759 0.0401808 -0.07434839 -0.03934377 0.03232431 -0.0739187 0 0.01260876 -0.08549439 -0.006705164 -0.001164972 -0.08147943 -0.00674051 0.01243859 -0.08518517 -0.02041023 0.05454677 -0.0677551 -0.0269854 0.05261456 -0.06733328 -0.02699488 0.05329304 -0.06639111 0.03960686 0.04406327 -0.06804597 0.03329139 0.04618507 -0.07063728 0.03329813 0.046561 -0.07030814 0.02985292 0.06167221 -0.01365464 0.02985376 0.06169027 -0.01384818 0.02700126 0.06265938 -0.01437711 0.03961533 0.04444575 -0.06773316 0.02703446 0.06310784 -0.03153318 0.01369941 0.06571149 -0.03341329 0.009981215 0.06608355 -0.034258 0.009981155 0.06612271 -0.03370028 0.01901435 0.03108417 -0.08340179 0.01345413 0.02734935 -0.08513361 0.01348161 0.03185105 -0.08449435 0.009803414 0.02770149 -0.08566248 0.02007859 0.03090471 -0.08314323 0.01906472 0.03666692 -0.08194476 0.02013194 0.03648555 -0.08170431 0.02675181 0.04213583 -0.07681888 0.02667343 0.03634548 -0.0794807 0.0201438 0.03769528 -0.0812689 0.02700048 0.06264328 -0.01418262 -0.03333288 0.04655075 -0.07029581 -0.03397291 0.04598087 -0.07039099 -0.03397983 0.04635733 -0.07006335 -0.0394836 0.03874713 -0.07148265 -0.03387761 0.04073572 -0.07404619 0.02958101 0.04198044 -0.07561856 0.02675938 0.0426855 -0.07649374 0.01907593 0.03787666 -0.08150517 -0.0278123 0.05242902 -0.06712615 -0.02782213 0.05310815 -0.06618607 -0.00674808 0.01521229 -0.08562761 -0.01370906 0.05848723 -0.06349998 -0.01931869 0.05776482 -0.06276905 -0.01933223 0.05919796 -0.0596795 -0.02044147 0.0575897 -0.06258922 -0.01372724 0.06128746 -0.05687731 -0.01371854 0.05992335 -0.06039601 0.03972345 0.05418688 0.004576802 0 0.01538622 -0.08593326 -0.009636521 -0.00132668 -0.08113628 -0.009687185 0.01225697 -0.08485281 0 0.06202441 -0.05756628 -0.006897091 0.06183868 -0.0573945 -0.006904125 0.06427907 -0.04878056 -0.03831553 -0.02324211 -0.06137728 0 0.0644741 -0.04894536 -0.03280287 -0.03775519 -0.05519676 -0.03811722 -0.03878045 -0.05127096 -0.03294891 -0.02187049 -0.06513798 0 0.06461429 -0.04830336 -0.006904482 0.06441837 -0.04813909 0.009823381 0.03220999 -0.08499878 -0.02045577 0.05902218 -0.05950319 0.02966195 0.04718452 -0.07182973 -0.00991261 0.06164091 -0.05720996 -0.009922802 0.06407141 -0.04860359 -0.03832566 -0.02254736 -0.0617662 -0.0329566 -0.02116453 -0.06552493 -0.01934474 0.06055396 -0.05617451 0.009782552 0.02283543 -0.08587509 0.009750485 0.01502275 -0.08529222 0 0.0232197 -0.08648717 -0.009923279 0.06420969 -0.04796266 -0.02703726 0.05634576 -0.06128334 0.02966779 0.04755765 -0.07149314 -0.02046906 0.06037616 -0.0560016 -0.009698092 0.01502662 -0.08529919 0.03973072 0.0496608 -0.06221055 0.03979939 0.05275541 -0.05728101 -0.02774834 0.04802858 -0.07204467 -0.03341239 0.05099678 -0.06549602 0.01351708 0.03744232 -0.08296102 -0.02786594 0.05616253 -0.06108707 -0.03406119 0.05080974 -0.06527942 -0.03960084 0.04406559 -0.06804883 -0.01989078 -0.002664148 -0.07877767 -0.02614969 -0.01984673 -0.06907433 -0.026295 -0.003719627 -0.0764299 -0.01989293 -0.002369701 -0.07888519 -0.02629792 -0.003427922 -0.0765382 -0.01341414 0.01193147 -0.08425319 0.02040868 0.06462967 -0.03264516 0.02038258 0.06447774 -0.01535242 -0.01334416 -0.001616537 -0.08051723 0.03337746 0.05100673 -0.06550753 0.02038198 0.06446522 -0.0151562 0.03971534 0.04896622 -0.06310975 0.02020174 0.04346817 -0.07844948 -0.03342455 0.05168169 -0.06457245 -0.03960931 0.04444801 -0.06773597 0.02683162 0.04786795 -0.07263123 -0.01374155 0.06370002 -0.04828447 -0.02694791 -0.01998054 -0.06871682 -0.02709823 -0.003876566 -0.0760762 -0.03407371 0.05149549 -0.06435805 0.01352494 0.03865224 -0.08250373 0.01930093 0.0647214 -0.01548123 0.01932585 0.06483453 -0.03279209 -0.02710121 -0.003585278 -0.07618457 0.0193004 0.06470936 -0.01528477 0.02683681 0.04823935 -0.0722897 -0.01374226 0.06383657 -0.04764449 0.02020734 0.04401487 -0.07810938 0.03351181 0.06024432 -0.01286762 0.03339141 0.05783861 0.003007471 0.03338962 0.05169159 -0.06458383 0 0.06654322 -0.03457826 0.0191307 0.04364746 -0.07866501 0.03338992 0.05781269 0.003145098 0.01913601 0.04419374 -0.07832294 0 0.02809673 -0.08625018 -0.02705681 0.05777347 -0.05822288 0.0398311 0.05417352 -0.05429774 -0.01342928 0.01469397 -0.08470654 0 0.06658482 -0.03401947 -0.02788621 0.05758959 -0.05803042 0.00984919 0.03780543 -0.08343034 -0.02707493 0.05911338 -0.05474561 -0.006770312 0.02303582 -0.08619534 -0.03347909 0.05475038 -0.05954223 0.0297476 0.05952066 0.002350091 0.009854912 0.03901553 -0.08296489 0.02973687 0.05197203 -0.06661194 0.02974635 0.05949699 0.002488911 0.02974748 0.05265295 -0.0656771 -0.01936542 0.06292861 -0.04761004 0.03213441 -0.04042959 -0.05365443 -0.01880139 -0.002222061 -0.07920777 -0.01889991 0.01125192 -0.08298432 0.01368105 0.0657612 -0.01602566 0.03215289 -0.03764766 -0.05560934 0.02866089 -0.03996819 -0.05567622 0.02866095 -0.03995507 -0.05568528 0.0398606 0.05547374 -0.05089294 0.0259298 -0.04174715 -0.05562555 -0.02790498 0.05892741 -0.05455672 0 0.03261297 -0.08555948 0.01368063 0.06575119 -0.01582819 0.02593874 -0.03964853 -0.05704104 -0.01999729 0.01108634 -0.08267164 0.0259388 -0.03963524 -0.05704998 -0.03412961 0.05456626 -0.05933696 -0.009729981 0.02283954 -0.08588171 -0.03970932 0.04896843 -0.06311237 0.02867645 -0.03712701 -0.05760681 -0.0193665 0.06306147 -0.04697215 0.01958352 -0.04275906 -0.05717927 0.01356345 0.04441469 -0.07957643 -0.02049112 0.06274145 -0.0474441 -0.03252398 -0.005099713 -0.07328557 -0.03233522 -0.02102625 -0.06589978 -0.0397247 0.04966294 -0.06221312 0.02595257 -0.03677588 -0.05894911 0.0334441 0.05476015 -0.05955314 0.01854526 -0.04269134 -0.0575214 -0.02049225 0.06287342 -0.04680663 0.01958799 -0.04122537 -0.05816727 -0.006907403 0.06632316 -0.03442555 -0.03252768 -0.004811525 -0.07339477 0.02026069 0.04915976 -0.07411199 0.01958805 -0.04120099 -0.05818295 0.01854956 -0.04115277 -0.05850553 0.02689838 0.0526337 -0.06735461 -0.006907284 0.06636357 -0.03386723 0.01854962 -0.04112833 -0.05852121 0.01959496 -0.03905463 -0.05956226 0.01356714 0.04495942 -0.07922613 0.02690577 0.06066 0.001909136 -0.03315055 -0.005260944 -0.07291382 0.01959502 -0.03904104 -0.05957096 0.02690464 0.06063777 0.00204879 0.03833132 -0.02254879 -0.06176191 0.02026456 0.04952806 -0.0737614 -0.03350436 0.05617296 -0.05651557 -0.03315442 -0.004973173 -0.07302308 -0.01892125 0.0139994 -0.0834524 0.01855623 -0.03897553 -0.05989569 0.009967446 0.06624704 -0.01627707 0.01314485 -0.04345381 -0.05831867 0.01918637 0.04933393 -0.07430785 -0.03415542 0.05598837 -0.05631428 0.01855629 -0.03896194 -0.05990439 0.03944259 0.05019271 0.02007365 0.02690786 0.05331212 -0.06641221 -0.006784737 0.0279076 -0.08596992 0.01314687 -0.04240363 -0.05896854 0.009967148 0.06623786 -0.01607912 0.03944104 0.05017274 0.02014493 0.01960563 -0.03612297 -0.06142878 0.01919001 0.0497018 -0.07395607 -0.02001994 0.01383018 -0.08314335 -0.00992757 0.06608849 -0.03426146 0.01315009 -0.0408442 -0.05993646 -0.01347345 0.02248781 -0.08531582 0.01315009 -0.0408194 -0.05995184 -0.009927511 0.06612771 -0.0337038 -0.03352779 0.05749493 -0.05307018 0.009882867 0.04477441 -0.07999759 0.01856642 -0.03603601 -0.06175673 0.03346931 0.0561828 -0.05652624 -0.0341795 0.05730825 -0.05287265 -0.03979331 0.05275756 -0.05728352 0.009576499 -0.04332691 -0.0589931 -0.02710527 0.06141108 -0.04623806 0.009578049 -0.04226988 -0.05963748 0.009885549 0.04531848 -0.07964348 0.02979487 0.0557115 -0.06059974 -0.01374852 0.06566822 -0.03396558 0.01315504 -0.03863942 -0.06130611 -0.009750723 0.02770572 -0.0856688 -0.02710688 0.06153637 -0.04560422 0.0131551 -0.03862559 -0.0613147 -0.02793645 0.06121498 -0.04605662 0 0.03821325 -0.08395218 0.009580492 -0.04070067 -0.06059783 -0.0137484 0.06570523 -0.03340893 -0.006798505 0.03242009 -0.08529216 0.009580492 -0.04067575 -0.06061315 -0.02793812 0.06133925 -0.04542332 0 0.03942352 -0.08347767 0.03229433 -0.02172595 -0.06553316 -0.02643781 0.009900391 -0.08039557 0.0203101 0.06278723 0.001096248 0.03230178 -0.02101874 -0.06591981 0.01316261 -0.0356661 -0.06314396 0.01360255 0.05008018 -0.07513642 0.0203092 0.06276774 0.001237452 0.03349274 0.05750489 -0.05308067 0.009584248 -0.03848302 -0.06195813 0.009584248 -0.03846913 -0.06196659 0.02030998 0.05388772 -0.06872743 0.01923215 0.06307119 9.88963e-4 0.02879703 -0.0210247 -0.06744372 0.01360511 0.05044651 -0.07477957 -0.03982502 0.05417567 -0.05430018 0.02695006 0.05636471 -0.06130355 0.01923131 0.06305199 0.001130342 0.02880346 -0.02031159 -0.06782913 -0.02724587 0.009724199 -0.08005243 0.03316998 0.05439478 0.01896613 0.02981674 0.05713707 -0.05755257 0.00958985 -0.03549396 -0.06378525 -0.03857672 -0.00686872 -0.06917953 0 -0.04318505 -0.05974322 0.03990983 0.05756533 -0.04253274 0.03316873 0.05437737 0.01903891 0.02605998 -0.02055001 -0.06872677 -0.01350218 0.02734398 -0.0851255 0.01923292 0.05405706 -0.0689091 0 0.06679165 -0.01655656 0.02031695 0.05456185 -0.06777125 0 -0.04212033 -0.06038153 0 0.06678348 -0.01635813 0.0399124 0.05766993 -0.04190939 0.02606564 -0.01983278 -0.06911128 -0.01937609 0.06479305 -0.03334009 -0.009770631 0.03221434 -0.08500486 -0.01898378 0.02175366 -0.08411842 0 -0.04054021 -0.06133359 -0.03985452 0.05547589 -0.05089533 0 -0.04051512 -0.06134873 -0.02646821 0.0126183 -0.08089345 -0.01937592 0.06482529 -0.03278553 -0.02050256 0.06458026 -0.03318607 0.01923948 0.05473065 -0.06795108 0.0385825 -0.006870627 -0.069175 -0.03356719 0.05970269 -0.04462784 0.03858739 -0.006586849 -0.06928521 -0.02008616 0.02157479 -0.08382332 0 -0.03830814 -0.0626834 -0.02050244 0.06461137 -0.03263199 0.02955418 0.05633664 0.01845818 -0.02727735 0.01243823 -0.0805543 0 -0.03829419 -0.0626918 0.009911239 0.05043059 -0.07551944 -0.006627023 -0.04325282 -0.05938541 -0.03356927 0.05981904 -0.04399865 0.02696955 0.05779248 -0.05824273 0.02955305 0.05632042 0.01853173 0.009913086 0.05079615 -0.07516032 -0.006628096 -0.0421918 -0.06002664 -0.03421986 0.05950546 -0.04443788 0.02983707 0.05846983 -0.05408793 0.01363164 0.06427979 5.35351e-4 -0.006816327 0.03801804 -0.08370333 0.01968711 -0.01966333 -0.07109498 0.0196914 -0.0189383 -0.07147771 -0.01352977 0.03184551 -0.0844866 0.01363104 0.06426209 6.77587e-4 0 0.04517871 -0.08046597 -0.03422194 0.05962079 -0.04380923 0 -0.03530144 -0.06449854 0.0267322 0.05764764 0.01811742 -0.006820261 0.0392282 -0.08323317 0.01864385 -0.01954483 -0.07140803 -0.00952506 -0.04332536 -0.0590012 0 0.045722 -0.08010762 -0.01902449 0.02658903 -0.08397591 -0.006629824 -0.04061692 -0.06098264 -0.0327084 0.008352637 -0.07734376 0.02673125 0.05763214 0.01819139 -0.006629884 -0.04059189 -0.0609979 0.01363515 0.05478376 -0.06967765 -0.006897687 0.06653112 -0.01642328 0.01864796 -0.01881873 -0.07179051 -0.006897509 0.06652247 -0.01622509 0.02034795 0.05760473 -0.06260466 0.009931147 0.06484276 3.25891e-4 -0.00952655 -0.04226827 -0.05964553 -0.006632506 -0.0383917 -0.06233745 0.02698761 0.05913257 -0.05476504 -0.009796261 0.03780984 -0.08343601 -0.006632506 -0.03837782 -0.06234592 0.009930729 0.06482577 4.68515e-4 -0.03333985 0.008172035 -0.07698261 -0.02712208 0.06306213 -0.03206616 0.03249025 -0.00509113 -0.0733053 -0.02012932 0.02640509 -0.08369266 -0.009913861 0.06625288 -0.01628011 0.01363974 0.0554552 -0.06871187 -0.009528994 -0.04069894 -0.06060582 -0.009528994 -0.04067403 -0.06062108 -0.009913563 0.06624376 -0.01608216 0.01926875 0.05777239 -0.0627768 0.03249394 -0.004802942 -0.0734145 -0.02712196 0.06308454 -0.03151589 0.03353208 0.05971318 -0.04463797 -0.02795392 0.06283754 -0.0318976 -0.01319384 -0.04240566 -0.05895823 -0.03990375 0.05756765 -0.042535 -0.009801924 0.03901988 -0.08297049 0.01321882 -0.01903963 -0.07273173 -0.02795386 0.0628587 -0.03134787 -0.03990632 0.05767226 -0.04191166 0.03353416 0.05982959 -0.04400879 0.02017945 0.06008541 0.01748901 -0.00953269 -0.03848111 -0.061966 -0.03274756 0.01103693 -0.0778765 -0.009532749 -0.03846728 -0.06197446 -0.02655726 0.02029407 -0.08167523 0.02017873 0.06007134 0.01756387 -0.00663644 -0.03539341 -0.06415832 -0.03338003 0.01085239 -0.07751947 0.01322174 -0.01830893 -0.07311314 0.009934902 0.05512541 -0.07003301 -0.01319706 -0.0408464 -0.05992627 0.02036225 0.0590372 -0.05951827 -0.01372992 0.06575375 -0.01602178 -0.01372957 0.06574368 -0.01582431 -0.01319712 -0.04082161 -0.05994164 -0.02736943 0.02010387 -0.08135145 0.02896589 -0.004264533 -0.07519733 -0.01906359 0.03107607 -0.08339017 0.01910835 0.06040972 0.01740604 -0.01356536 0.03743678 -0.08295381 0.01910769 0.06039583 0.01748102 0.0289691 -0.003974258 -0.07530599 0.009631454 -0.01880389 -0.07334339 0.00993824 0.05579584 -0.06906372 0 0.06547254 9.30569e-5 0.03882223 0.006371617 -0.07334774 0.01928222 0.05920559 -0.05968707 -0.0201708 0.03088867 -0.08312004 0 0.06545627 2.36113e-4 -0.009538292 -0.03549188 -0.06379294 -0.01320207 -0.03864181 -0.0612961 -0.006839632 0.04498511 -0.08024257 -0.03358954 0.06109952 -0.03056883 -0.03358942 0.06111025 -0.03002351 -0.01320213 -0.03862804 -0.06130468 -0.01357328 0.03864669 -0.08249658 -0.03424274 0.06087201 -0.03039199 0.0096336 -0.01807105 -0.07372432 0 0.0508247 -0.07594549 -0.03424263 0.06088131 -0.02984726 -0.019351 0.06471043 -0.01547545 0.02621048 -0.003703415 -0.07646632 -0.00684148 0.04552876 -0.07988625 -0.01859337 -0.04269438 -0.05750602 -0.01935046 0.06469839 -0.01527899 0.02987116 0.06073218 -0.04560619 0.01354336 0.0617873 0.01705527 0.02621334 -0.00341165 -0.07657462 0 0.05118954 -0.07558381 0.01354289 0.06177419 0.01713073 -0.0185976 -0.04115605 -0.05849039 0.02987295 0.06085395 -0.0449742 -0.01859772 -0.04113161 -0.05850601 0.01366025 0.05849242 -0.06350517 -0.01320964 -0.03566873 -0.06313413 -0.02047628 0.06445598 -0.01534092 0.02037549 0.06039136 -0.05601644 -0.02047568 0.0644434 -0.01514464 -0.01967787 -0.04123187 -0.05813699 -0.01967799 -0.04120749 -0.05815267 -0.02661544 0.02508854 -0.08163088 -0.01860433 -0.03897911 -0.05988073 -0.006872475 0.06517153 2.0408e-4 -0.03881639 0.006373763 -0.07335215 -0.006872177 0.06515491 3.4693e-4 -0.01860439 -0.03896552 -0.05988943 0.03993678 0.05862569 -0.02861648 0.009866535 0.0624274 0.01689326 -0.009829759 0.04477876 -0.08000266 -0.01968491 -0.03906172 -0.0595324 0.01929473 0.06056159 -0.05618196 -0.01968497 -0.03904813 -0.0595411 0.0399366 0.05862081 -0.02807748 0.03267443 0.008362233 -0.07736289 0.009866178 0.06241458 0.01696896 -0.02742958 0.02489298 -0.0813201 -0.0399307 0.05862838 -0.02861869 -0.009832441 0.04532277 -0.07964849 0.01979994 -0.002651572 -0.07880532 -0.03993052 0.05862349 -0.02807968 0.02701783 0.06143134 -0.04625678 -0.009877741 0.06484955 3.23368e-4 0.01980209 -0.002357065 -0.07891285 -0.009877324 0.06483256 4.65996e-4 0.02701944 0.06155675 -0.04562288 -0.01911413 0.03665876 -0.08193397 -0.0270887 0.06263142 -0.01436197 0.01875078 -0.002510607 -0.07911419 -0.02708792 0.06261527 -0.01416748 -0.01861453 -0.03603994 -0.06174206 -0.02791959 0.06236022 -0.01421451 -0.03286224 0.01862376 -0.07879495 0 -0.01853972 -0.0740236 0.01366966 0.05992859 -0.06040108 -0.02791887 0.06234353 -0.01402032 -0.01368039 0.06427115 5.3857e-4 -0.03886675 0.009015738 -0.07393002 0.01875281 -0.002215743 -0.07922166 0.009953081 0.05883121 -0.06384199 -0.0136798 0.06425344 6.808e-4 0 -0.0178045 -0.07440394 0.03248083 0.0463187 0.05061089 -0.02022433 0.03646934 -0.08168274 -0.01969563 -0.03613078 -0.06139945 -0.03349763 0.01842898 -0.07845413 0 0.06314212 0.01671314 0.03271353 0.0110467 -0.07789546 -0.01912534 0.03786849 -0.08149456 -0.01361191 0.04440921 -0.07956993 0.02912539 0.009288847 -0.07919973 0 0.06312966 0.01678907 -0.02667129 0.02954757 -0.08115434 -0.03354787 0.06025069 -0.01305156 -0.02602231 -0.03965777 -0.05700188 -0.02023625 0.03767907 -0.08124774 -0.02602237 -0.03964447 -0.05701082 -0.03354692 0.06022959 -0.01285946 -0.006859183 0.05063593 -0.0757423 0.01329523 -0.001908659 -0.08041954 -0.03420001 0.05997318 -0.01289665 -0.01361566 0.04495394 -0.07921969 -0.01928204 0.06305837 9.93773e-4 -0.02681618 -0.03974699 -0.05662125 -0.02681624 -0.03973376 -0.05663025 -0.006860494 0.05100113 -0.07538181 -0.03419905 0.05995154 -0.01270484 -0.0192812 0.06303924 0.00113511 0.0291593 0.0119934 -0.07971137 0 0.0555101 -0.07042837 0.02895253 0.04869031 0.05040436 -0.02748733 0.02934849 -0.08085817 0.009959876 0.06026881 -0.06073123 0.01329666 -0.001612246 -0.08052653 -0.02040344 0.06276184 0.001105904 0.03911489 0.02117949 -0.07524985 0.02635276 0.00991863 -0.08043092 0.01367831 0.06129276 -0.05688232 -0.02040261 0.06274229 0.001247048 0.02619296 0.05028414 0.05026549 -0.006665527 -0.01866608 -0.07369917 0 0.05617952 -0.06945514 -0.03293704 0.02337223 -0.07886713 -0.006827652 0.0628007 0.01679903 -0.006667017 -0.01793199 -0.07407975 -0.009857952 0.05043482 -0.07552403 -0.0098598 0.05080038 -0.07516485 -0.0260362 -0.03678601 -0.05891066 -0.006827354 0.06278812 0.01687484 -0.03357428 0.02317208 -0.0785402 0.02885949 0.04759413 0.05514699 0.03355437 0.06111156 -0.03057819 -0.03987556 0.05722153 -0.01134204 0.02638304 0.01263689 -0.08092838 -0.02683055 -0.036884 -0.05853629 0.02039736 0.06275749 -0.04745835 -0.009813487 0.06243509 0.0168913 -0.03987437 0.05719387 -0.01115298 0.03282809 0.01863408 -0.07881301 0.03355431 0.06112235 -0.03003281 0.009687542 -0.001627266 -0.08102226 0.02039849 0.06288951 -0.04682087 -0.009813129 0.06242233 0.01696699 -0.02699291 0.06062716 0.001921772 0.01931536 0.06293666 -0.04761725 0.009688556 -0.001330077 -0.08112901 -0.01918029 0.04363936 -0.07865536 -0.02699178 0.06060492 0.002061426 -0.009579718 -0.01880109 -0.07335072 0.02610957 0.04921412 0.0550341 0.009966135 0.0616368 -0.05720609 -0.02782082 0.06030869 0.002044677 0.01931643 0.06306952 -0.0469793 -0.009581863 -0.01806819 -0.0737316 -0.02781963 0.06028604 0.002184092 0.03920608 0.02557057 -0.0750764 -0.02674353 0.03511482 -0.07985568 0.01990598 0.01110053 -0.08269846 0.01977491 0.05323052 0.05000871 -0.0191856 0.04418569 -0.07831341 -0.01326602 -0.01904326 -0.07272225 -0.03901368 0.01649069 -0.07502752 -0.01359182 0.06177747 0.01705771 -0.02029454 0.0434522 -0.07843017 0.02925878 0.01963388 -0.08054661 -0.02756208 0.03491389 -0.07958048 -0.01359128 0.06176435 0.01713317 -0.01365113 0.05007481 -0.07513052 0.01872527 0.05362069 0.04997473 0.03290277 0.02338284 -0.07888448 -0.03342634 0.05782115 0.003014266 -0.02675962 0.03632473 -0.07945287 -0.013269 -0.01831263 -0.07310366 -0.03342485 0.05779522 0.003151953 -0.02030014 0.04399883 -0.07809025 0.0188511 0.01125907 -0.08299779 0.01971226 0.05220711 0.05482512 -0.01365369 0.05044114 -0.07477372 -0.03407549 0.05749267 0.003143429 -0.03218609 -0.03765308 -0.05558866 -0.006875514 0.0553258 -0.07023978 -0.034074 0.05746632 0.003280878 -0.01915794 0.06039518 0.01740974 0.01992845 0.01384472 -0.08316981 -0.03300887 0.02780044 -0.07852077 0.03932362 0.03110837 -0.07421612 0 0.05921292 -0.06421673 0.02647179 0.02031368 -0.08170855 -0.01915723 0.06038123 0.01748472 0.0186659 0.05260318 0.05479747 -0.02757871 0.03612387 -0.07918256 0.01327097 0.05527251 0.04983097 0.01887238 0.01400673 -0.08346569 0.02989035 0.06228387 -0.03147888 0.03934973 0.03232187 -0.0739153 -0.03364783 0.02759683 -0.07820928 -0.02027225 0.06005638 0.01749646 -0.006877839 0.0559957 -0.0692684 0.02932369 0.02441006 -0.08054786 -0.02027148 0.06004226 0.01757133 0.02989023 0.06230175 -0.03093051 0.03297448 0.02781128 -0.07853728 0.01967579 0.05159717 0.05778801 0 -0.00131154 -0.08169227 -0.009881496 0.05512952 -0.0700373 0.01863139 0.05199623 0.05776399 0.01966232 0.05136752 0.05892986 0.01369261 0.06370556 -0.04828923 0.01861858 0.05176758 0.05890721 -0.03910899 0.02118194 -0.07525384 0.009667456 0.05603706 0.04976445 -0.01869213 -0.01955026 -0.07139384 0.02703452 0.06308531 -0.03208351 0 -0.001013517 -0.08179879 0 0.06065219 -0.06109857 0.01322865 0.05427968 0.0546804 -0.01869624 -0.01882421 -0.07177639 0.01369333 0.06384211 -0.04764926 -0.03971928 0.05422168 0.004440188 0.0133664 0.01193636 -0.08426219 -0.03971743 0.05419075 0.004575192 -0.01977747 -0.01967406 -0.07106679 -0.009884834 0.05579996 -0.06906795 -0.02681875 0.05760991 0.01812714 -0.01978176 -0.01894909 -0.07144957 -0.02681773 0.05759441 0.01820117 -0.01923608 0.04932606 -0.07429909 0.01857781 0.05101388 0.06281346 0.02652972 0.02510869 -0.08166283 0.01320403 0.05368483 0.05766248 -0.01923972 0.049694 -0.07394737 0.01338148 0.01469892 -0.08471542 -0.03310167 0.03335285 -0.0774101 -0.02764093 0.05724382 0.01822215 0.02938604 0.02885675 -0.08012211 -0.02763992 0.05722808 0.018296 -0.0268383 0.04211539 -0.07679355 0.009636521 0.05505526 0.05462622 0.009739518 0.01225316 -0.08484578 0.01319491 0.05346018 0.05881148 0.03988164 0.05721819 -0.01134014 0.01999437 0.02159005 -0.08384865 0.009618461 0.05446583 0.05761551 -0.02035373 0.0491442 -0.07409447 0.009611785 0.05424296 0.05876719 -0.03374296 0.03314769 -0.07712107 0 0.0568884 0.04969048 0.03947728 0.03818368 -0.07175707 0.03306716 0.03336375 -0.07742542 -0.01368391 0.05477851 -0.06967216 -0.0203576 0.04951256 -0.07374399 -0.03320461 0.05437463 0.01897138 0.03948956 0.03874474 -0.07147955 -0.02684587 0.04266512 -0.07646864 0.01893472 0.02176135 -0.08413106 -0.03320336 0.05435723 0.01904416 -0.03384834 0.05399459 0.01907116 0.009976387 0.06406706 -0.04859983 -0.03384703 0.05397695 0.01914381 -0.006704449 -0.001462638 -0.08137279 -0.02766007 0.04191738 -0.07654726 0.009590387 0.05350524 0.0627014 0.009590268 0.05350172 0.06272053 -0.0331223 0.03456383 -0.07705104 0.03308779 0.03457468 -0.07706606 0 0.05591863 0.05456596 -0.006888091 0.05902999 -0.06403797 0.009976923 0.06420534 -0.04795897 -0.006689608 0.05648219 0.04972577 0.0265854 0.02956807 -0.08118486 0 0.05533504 0.05756324 0 0.05511409 0.05871796 -0.02766793 0.04246765 -0.07622456 -0.03943663 0.05019736 0.0200724 -0.02614396 -0.02056384 -0.06868976 -0.0136885 0.05544996 -0.06870645 -0.03943502 0.05017733 0.02014368 -0.03376412 0.03435879 -0.0767672 -0.02694201 -0.02069652 -0.06833201 -0.00961548 0.05604624 0.04976367 -0.03920018 0.02557295 -0.07508021 -0.009899556 0.05883532 -0.06384605 -0.00666815 0.0555067 0.05459475 -0.009635448 -0.001623868 -0.08102953 -0.00689274 0.06046849 -0.06092339 0.02003735 0.02642083 -0.08371692 0.0204088 0.0645985 -0.03319925 0 0.0543816 0.06266194 0 0.05437815 0.06268107 0.02946674 0.0344178 -0.07889682 -0.01331841 0.05526077 0.04983198 0.01932597 0.06480222 -0.03334671 -0.009584724 0.05506461 0.05462557 -0.006655573 0.05492037 0.05758816 -0.01928275 0.05404943 -0.06890094 0 0.05395674 0.06506186 0.01897531 0.0265969 -0.08398813 -0.006650924 0.05469852 0.05874145 -0.02691835 0.04784822 -0.07260823 0.02948468 0.03562802 -0.07851105 -0.009566724 0.05447518 0.05761492 0.01342546 0.02249306 -0.08532428 -0.02040326 0.05387258 -0.06871116 -0.01327598 0.0542677 0.05468124 -0.009560108 0.05425238 0.05876666 -0.01928937 0.05472308 -0.06794297 -0.01877385 0.05360317 0.04997622 -0.009906351 0.06027293 -0.06073522 0.0266574 0.03513556 -0.07988399 -0.03322333 0.0403822 -0.07460659 -0.006636083 0.0539636 0.06268078 0.0331887 0.04039287 -0.07462024 -0.006636023 0.05396008 0.06269991 -0.02692359 0.04821962 -0.07226681 -0.03931772 0.03111082 -0.07421964 -0.01986587 0.05319559 0.05001175 -0.01334273 -0.001913011 -0.08041024 -0.0332331 0.04093652 -0.07430195 -0.02774292 0.04765665 -0.07238465 -0.01325124 0.05367279 0.0576632 0.03319841 0.04094719 -0.07431554 -0.01324212 0.05344814 0.0588122 -0.009538829 0.05351471 0.06270098 0.03351277 0.06026536 -0.01305973 -0.00953871 0.0535112 0.06272011 -0.01871436 0.05258542 0.05479872 -0.01980292 0.05217164 0.05482757 -0.009527146 0.05308777 0.06509524 -0.01321285 0.05270546 0.0627374 -0.01321274 0.05270195 0.06275647 -0.01867967 0.05197829 0.05776506 -0.02627766 0.05023837 0.05026948 -0.03232777 -0.0217334 -0.06551307 -0.01976627 0.05156147 0.05779016 -0.01866692 0.05174958 0.05890822 -0.02708208 0.04979383 0.05030822 -0.01975274 0.05133169 0.05893182 -0.02619391 0.04916763 0.05503731 -0.02699559 0.04871582 0.05506885 0.02957254 0.04142898 -0.0759356 0.01369953 0.06567448 -0.03397005 -0.03251463 0.04629409 0.05061304 -0.02614527 0.04853415 0.05797195 -0.03314155 0.04582852 0.05065351 -0.0187993 -0.002516925 -0.07910037 -0.02694541 0.04807877 0.05799925 -0.02612733 0.04829663 0.05910325 -0.03240776 0.04515737 0.05531662 -0.03855878 0.04115706 0.05105841 -0.0333262 0.04617482 -0.07062488 -0.05538386 0.02122193 0.02256512 -0.05198603 0.02645599 0.02922141 -0.03762477 -0.03635001 -0.05101162 -0.04273575 -0.03364384 -0.04754799 -0.04793304 0.03150552 0.03563314 -0.04312783 0.0362727 0.04168295 -0.03771144 0.04078668 0.04742747 -0.04739499 -0.03067153 -0.04374247 -0.05157798 -0.02734172 -0.03947734 -0.05520886 -0.02373993 -0.03486275 -0.05843555 -0.019786 -0.02979886 -0.06109803 -0.01567715 -0.02454328 -0.06287723 -0.0119335 -0.01976078 -0.06399387 -0.008099734 -0.01486688 -0.06438964 -0.004121422 -0.009788095 -0.06409311 -1.21211e-4 -0.004679739 -0.06317788 0.003991007 5.73962e-4 -0.06181699 0.008023917 0.005727231 -0.05889552 0.01467072 0.01421523 0.03771144 0.04078668 0.04742747 0.04405611 0.03542733 0.04061001 0.06130582 -0.01531004 -0.02407419 0.05856817 -0.0196039 -0.02956575 0.05182647 -0.02711957 -0.03919261 0.05520427 -0.02374833 -0.03487324 0.04946583 0.02972966 0.03337901 0.05259531 0.02559328 0.02812522 0.05531966 0.02133041 0.02270323 0.05864983 0.01517212 0.01485496 0.06146371 0.008917808 0.006869375 0.06302231 0.004517078 0.001246154 0.06406188 7.9402e-5 -0.004423499 0.06438946 -0.003751754 -0.009316146 0.06408292 -0.00761038 -0.01424217 0.04306626 -0.03345286 -0.04730355 0.03762513 -0.03634983 -0.05101138 0.06303268 -0.01152908 -0.01924455 0.04796463 -0.0302605 -0.0432161 0.03733921 0.04106754 0.04775005 0.03681159 -0.0366773 -0.0514357 0.02876472 -0.03890252 -0.05430322 0.02040749 -0.04052805 -0.0564081 0.01293379 -0.04149544 -0.05766487 0.005337953 -0.04203057 -0.05836123 -0.002223968 -0.04212111 -0.05847918 -0.0097754 -0.04177236 -0.05802512 -0.01680403 -0.04104971 -0.05708545 -0.02367675 -0.03996521 -0.0556783 -0.03035151 -0.03852003 -0.05380922 -0.03681129 -0.03667747 -0.05143594 0.03700792 0.04110378 0.04733157 0.03734391 0.04085773 0.04701662 0.04347425 0.03570437 0.04042065 0.04872488 0.03025871 0.03345054 0.05313324 0.02432298 0.02585315 0.05732762 0.0171042 0.01661348 0.06142795 0.008054971 0.005031049 0.06328707 0.001902759 -0.002843379 0.06389105 -0.003537416 -0.009806573 0.06338608 -0.008222222 -0.01580286 0.06177222 -0.01295107 -0.02185547 0.05895406 -0.01788675 -0.02817291 -0.03734391 0.04085773 0.04701662 -0.0414083 0.03752756 0.04275423 0.05461156 -0.02338039 -0.03520441 -0.04517507 0.03408724 0.03835082 0.04999345 -0.02779257 -0.04085171 -0.04993492 0.02877467 0.03155106 0.04501777 -0.03143942 -0.04551953 0.04129213 -0.03365284 -0.04835253 -0.05439943 0.02231609 0.02328443 0.03731071 -0.03572577 -0.05100578 0.03657853 -0.03602284 -0.05138599 0.02836984 -0.03829306 -0.05429178 -0.05896145 0.01379913 0.01238322 0.01983416 -0.03994113 -0.05640119 -0.0618962 0.006778061 0.00339663 0.01091253 -0.04102045 -0.05778264 -0.06343924 0.001142203 -0.003816902 0.002177238 -0.04147034 -0.05835849 -0.06388336 -0.004028022 -0.0104345 -0.007376909 -0.04127472 -0.05810815 -0.06325745 -0.008768081 -0.01650154 -0.01696634 -0.04035824 -0.05693507 -0.06155031 -0.01341408 -0.02244818 -0.02633172 -0.03874629 -0.05487185 -0.0315237 -0.03750944 -0.05328875 -0.0542134 -0.0238099 -0.03575414 -0.03657817 -0.03602302 -0.05138623 -0.04949736 -0.0282008 -0.04137426 -0.03731042 -0.03572595 -0.05100601 -0.04413777 -0.03199595 -0.04623186 -0.05843496 -0.01863622 -0.02913212 0.03728246 0.04112762 0.04763627 0.03765141 0.04085779 0.04731392 0.03720396 0.04115468 0.04752272 0.03745943 0.04089492 0.04709923 0.03756493 0.04089492 0.04720127 0.03710997 0.04114651 0.04741841 0.06270873 0.004815101 9.38178e-4 0.06352424 0.00187397 -0.002781271 0.06276667 0.00480026 9.63189e-4 0.06265354 0.004823029 9.19334e-4 0.06328713 0.001902759 -0.002843379 0.06340974 0.001900434 -0.002821087 0.06175631 0.007998108 0.005169987 0.06297498 0.004649519 0.001130282 0.0629971 0.004609346 0.001167178 0.06294357 0.004690229 0.001090764 0.06286519 0.004755079 0.001021444 0.06165903 0.00804001 0.005108773 0.03739094 -0.03579986 -0.05107372 0.06160187 0.008053123 0.00508207 0.06154745 0.008059442 0.005061507 0.06142795 0.008054971 0.005031049 0.06143772 0.009008169 0.006789684 0.06141561 0.009046971 0.006752133 0.06138437 0.009085953 0.006711602 0.06130701 0.009146988 0.006639599 0.06121021 0.009187877 0.006577551 0.06115335 0.009200394 0.006550252 0.06109923 0.009206175 0.006529152 0.05862212 0.01525974 0.01477563 0.05859971 0.01529675 0.01473796 0.05856859 0.01533353 0.01469713 0.05849254 0.01538991 0.01462358 0.05839818 0.01542592 0.01455897 0.05834299 0.01543593 0.01452976 0.05829048 0.01543951 0.01450669 0.05764222 0.01706808 0.01676899 0.05754864 0.01710271 0.01670402 0.05749398 0.01711207 0.01667457 0.057442 0.01711511 0.01665115 0.05732768 0.0171042 0.01661348 0.05528885 0.02141296 0.02262443 0.05526578 0.02144724 0.022587 0.05523461 0.02148079 0.02254629 0.04152506 -0.03392517 -0.04847002 0.03753048 -0.03600519 -0.0511322 0.0375806 -0.03612285 -0.05111891 0.03761285 -0.03624033 -0.05107772 0.05516022 0.02153098 0.02247262 0.04145658 -0.03381717 -0.04845726 0.03746581 -0.0358951 -0.05111682 0.04141592 -0.03376615 -0.0484395 0.05506944 0.02156132 0.02240687 0.05501663 0.02156871 0.02237665 0.04137712 -0.03372436 -0.04841721 0.04305285 -0.03334397 -0.04737061 0.05496644 0.02157014 0.02235233 0.05342847 0.02430647 0.02601808 0.04303872 -0.03328931 -0.04739433 0.04301762 -0.03322809 -0.04741388 0.05334007 0.02433335 0.02595174 0.04296284 -0.03311294 -0.04743039 0.05328881 0.02433907 0.02592092 0.05324018 0.02433919 0.02589577 0.04289221 -0.03300613 -0.04741913 0.05313324 0.02432298 0.02585315 0.04285031 -0.03295576 -0.04740232 0.05256181 0.02567106 0.0280475 0.04281038 -0.03291463 -0.04738086 0.04527056 -0.03170019 -0.04562199 0.05253833 0.02570265 0.02801054 0.04519623 -0.03159558 -0.0456137 0.05250734 0.02573311 0.02797019 0.04515212 -0.03154659 -0.04559856 0.04511004 -0.03150671 -0.04557877 0.05243498 0.02577739 0.02789664 0.04501783 -0.03143948 -0.04551959 0.05234807 0.02580219 0.02782988 0.04794985 -0.03015255 -0.04328465 0.05229783 0.0258069 0.02779859 0.05225014 0.02580612 0.0277729 0.04793411 -0.03009891 -0.0433098 0.04791063 -0.03003919 -0.04333138 0.04943013 0.02980041 0.03330135 0.04784965 -0.02992796 -0.04335325 0.04940664 0.02982848 0.03326445 0.04777097 -0.02982616 -0.04334878 0.04937624 0.02985507 0.03322416 0.04772424 -0.02977889 -0.04333591 0.04767972 -0.02974069 -0.04331827 0.04930698 0.02989214 0.03315031 0.05027508 -0.02803325 -0.04092758 0.04922509 0.02991056 0.03308254 0.05019229 -0.02793443 -0.04092717 0.04917806 0.02991247 0.03305029 0.04913353 0.02990943 0.03302347 0.05014312 -0.02788889 -0.04091674 0.0489946 0.03026443 0.03362554 0.05009627 -0.02785241 -0.04090136 0.04999345 -0.02779257 -0.04085177 0.04891324 0.03028225 0.03355771 0.04886651 0.03028386 0.0335254 0.05181056 -0.02701276 -0.03926318 0.04882234 0.03028064 0.03349846 0.05179363 -0.02696013 -0.03928995 0.04872488 0.03025871 0.03345054 0.0517683 -0.02690184 -0.03931379 0.0440188 0.03548675 0.04053211 0.05170243 -0.02679419 -0.03934109 0.04399597 0.03550928 0.04049521 0.05161738 -0.02669703 -0.03934317 0.04396736 0.03552985 0.04045498 0.05156695 -0.02665251 -0.03933411 0.05151885 -0.02661693 -0.03931999 0.04390412 0.03555625 0.04038089 0.04383105 0.03556555 0.04031187 0.05498558 -0.02370673 -0.03522181 0.04378944 0.03556334 0.04027837 0.05491614 -0.02360218 -0.035254 0.0437501 0.03555709 0.04025 0.05518764 -0.02364265 -0.03494608 0.0437771 0.03570502 0.0406782 0.05482643 -0.02350896 -0.03526192 0.04371404 0.03573113 0.04060411 0.05516982 -0.02359092 -0.03497451 0.04364126 0.03574013 0.04053503 0.05477327 -0.0234667 -0.03525608 0.05514305 -0.02353399 -0.03500056 0.04359984 0.03573781 0.04050153 0.05472254 -0.02343332 -0.035245 0.04356068 0.03573143 0.0404731 0.04347431 0.03570437 0.04042065 0.05507344 -0.02342957 -0.03503304 0.05461156 -0.02338039 -0.03520441 0.05498355 -0.02333658 -0.03504127 0.05493021 -0.02329444 -0.03503561 0.05487942 -0.02326118 -0.03502464 0.05855178 -0.01949816 -0.02963906 0.05853348 -0.01944708 -0.02966856 0.05850577 -0.01939129 -0.02969646 0.05843305 -0.01929038 -0.02973413 0.05833864 -0.01920247 -0.02974939 0.05828255 -0.01916354 -0.02974802 0.05822902 -0.01913338 -0.02974122 0.0592792 -0.01808393 -0.02819007 0.05918371 -0.01799756 -0.02820724 0.05912697 -0.01795953 -0.028207 0.05907285 -0.01793032 -0.02820134 0.05895406 -0.01788675 -0.02817291 0.06128883 -0.01520526 -0.02414792 0.06126981 -0.01515537 -0.0241785 0.06124103 -0.01510137 -0.02420824 0.06116563 -0.0150054 -0.0242511 0.06106764 -0.01492375 -0.02427363 0.06100934 -0.01488858 -0.02427673 0.06095367 -0.014862 -0.02427423 0.06211048 -0.0131213 -0.0218411 0.06201118 -0.0130431 -0.02186715 0.06195223 -0.01300984 -0.0218724 0.0618959 -0.01298505 -0.02187204 0.06177222 -0.01295107 -0.02185547 0.06301367 -0.01142627 -0.01931899 0.06299364 -0.0113781 -0.01935076 0.06296366 -0.01132655 -0.01938235 0.06288599 -0.01123642 -0.01943045 0.06278574 -0.01116192 -0.01946014 0.06272631 -0.01113069 -0.01946765 0.06266957 -0.01110786 -0.01946949 0.06372964 -0.008361279 -0.0157538 0.06362843 -0.008292973 -0.01578962 0.06356853 -0.008265256 -0.01580089 0.06351143 -0.008245587 -0.01580637 0.06338614 -0.008222222 -0.01580286 0.06406146 -0.007510185 -0.01431751 0.06404036 -0.00746417 -0.01435065 0.0640093 -0.007415592 -0.01438438 0.06393003 -0.007332682 -0.01443856 0.06382864 -0.0072667 -0.01447659 0.06376868 -0.007240295 -0.01448923 0.06371152 -0.007221817 -0.01449608 0.064345 -0.003766834 -0.009626924 0.06431347 -0.003720998 -0.009662628 0.06423372 -0.003644585 -0.009722232 0.0643661 -0.003654003 -0.009392261 0.06434434 -0.003610074 -0.009426593 0.06413245 -0.003586292 -0.00976783 0.06431281 -0.003564357 -0.009462356 0.06407272 -0.003564238 -0.009785175 0.0640158 -0.003549814 -0.009796619 0.064233 -0.003488183 -0.009522199 0.06389105 -0.003537416 -0.009806573 0.06413179 -0.003430247 -0.009568154 0.06407207 -0.003408312 -0.009585678 0.0640152 -0.003394067 -0.009597241 0.06403744 1.74561e-4 -0.004500806 0.06401538 2.16608e-4 -0.004536449 0.06398379 2.59753e-4 -0.00457406 0.06390446 3.29985e-4 -0.00463891 0.0638042 3.81123e-4 -0.004691481 0.0637452 3.99228e-4 -0.004713058 0.06368899 4.1005e-4 -0.004728615 0.06362396 0.001825094 -0.002726495 0.06346559 0.001890778 -0.002804219 0.03520959 0.0424534 0.04927003 0.0351628 0.04246467 0.0492022 0.03515642 0.0424652 0.04919373 0.035079 0.04245722 0.04910236 0.03506755 0.042454 0.04909032 0.03456324 0.04284471 0.04992526 0.03454959 0.04285782 0.04989743 0.03452599 0.04287439 0.04985398 0.03450447 0.04288452 0.04981821 0.03445845 0.04289489 0.04975068 0.03445219 0.04289531 0.04974222 0.03412282 0.04310941 0.05026036 0.03410929 0.04312223 0.05023252 0.03408586 0.04313838 0.05018919 0.03406453 0.04314821 0.05015349 0.03376179 0.04332339 0.0505312 0.03680223 -0.03656667 -0.05149948 0.03677815 -0.03644615 -0.05153566 0.03674095 -0.03632378 -0.0515418 0.03669309 -0.03620749 -0.05151754 0.03663778 -0.03610491 -0.05146443 -0.03765141 0.04085779 0.04731392 -0.03756493 0.04089492 0.04720127 -0.03745937 0.04089492 0.04709923 0.0129292 -0.04138463 -0.0577166 0.01095896 -0.04132616 -0.05796706 -0.009755313 -0.04142296 -0.0580917 -0.01677018 -0.04069852 -0.05715954 -0.01678687 -0.04081946 -0.05716389 -0.01674932 -0.04058289 -0.05712604 -0.03025197 -0.03804934 -0.05387729 -0.03161728 -0.03769803 -0.0534271 -0.03165715 -0.03781521 -0.05345469 -0.009765088 -0.04154294 -0.05809825 -0.03028988 -0.03816658 -0.05390566 -0.009743154 -0.04130828 -0.05805671 -0.01672542 -0.04047924 -0.0570653 0.0129202 -0.04126566 -0.05774009 -0.009729266 -0.04120516 -0.05799496 0.01290726 -0.04114532 -0.05773437 0.01094532 -0.0412113 -0.05793231 -0.030209 -0.03794491 -0.05382007 -0.007408201 -0.04157918 -0.05829274 -0.009771943 -0.04166162 -0.05807578 -0.0315718 -0.03759384 -0.05337059 -0.03152376 -0.0375095 -0.05328881 -0.02643984 -0.03905344 -0.05504459 -0.03032028 -0.03828924 -0.0539034 -0.03034126 -0.03840959 -0.05387061 0.01289123 -0.04103022 -0.05769991 0.01092976 -0.04110813 -0.05787068 0.01287287 -0.04092687 -0.05763858 -0.007399022 -0.04146468 -0.0582574 0.01091313 -0.04102265 -0.05778545 0.01991766 -0.04024666 -0.05657833 -0.007388472 -0.04136174 -0.05819547 -0.02640718 -0.03893637 -0.05501437 -0.007377207 -0.04127627 -0.05811011 -0.02637034 -0.03883177 -0.0549556 0.01989287 -0.04013061 -0.05654579 -0.002223134 -0.04201042 -0.05852842 -0.02633172 -0.03874629 -0.05487191 0.02040082 -0.04041713 -0.05646342 -0.02366822 -0.03985452 -0.0557357 -0.002221524 -0.04189211 -0.05854952 0.01986449 -0.04002666 -0.05648571 -0.002219319 -0.04177272 -0.05854189 -0.02365165 -0.03973454 -0.05576443 0.02038693 -0.04029732 -0.05649018 0.01983416 -0.03994125 -0.05640137 -0.002216517 -0.04165852 -0.05850613 -0.02362805 -0.03961259 -0.05576312 0.02036672 -0.04017585 -0.05648726 -0.02359884 -0.03949588 -0.05573183 -0.002213358 -0.04155576 -0.05844396 0.002186894 -0.04177325 -0.0585426 -0.02356576 -0.03939151 -0.05567234 0.02034139 -0.04005968 -0.05645489 0.02031242 -0.03995573 -0.05639481 -0.01705467 -0.04078418 -0.05711841 0.02851569 -0.03872263 -0.054461 0.002184212 -0.04165905 -0.05850684 -0.01703768 -0.04066318 -0.05711406 0.002181112 -0.04155629 -0.05844467 0.02875447 -0.03879213 -0.05436378 -0.01679837 -0.04093885 -0.05713886 0.002177774 -0.04147082 -0.05835914 -0.01701653 -0.04054754 -0.05708068 0.02848708 -0.03860008 -0.05446225 0.005335986 -0.04191982 -0.05841082 0.02873426 -0.03867191 -0.05439567 0.02845174 -0.03848284 -0.05443298 -0.01699227 -0.04044389 -0.05702 0.005332171 -0.04180145 -0.05843234 0.02870541 -0.0385493 -0.0543971 0.005326807 -0.04168188 -0.05842494 0.0284118 -0.03837829 -0.05437493 -0.01696634 -0.04035842 -0.05693531 -0.0367406 -0.03632396 -0.05154204 -0.03677779 -0.03644633 -0.0515359 -0.03680187 -0.03656685 -0.05149972 0.02866977 -0.03843206 -0.05436789 0.005320191 -0.04156756 -0.05838942 -0.03669279 -0.03620767 -0.05151772 0.02862948 -0.03832751 -0.05430996 0.005312621 -0.04146468 -0.05832737 -0.03663742 -0.03610509 -0.05146467 -0.06263083 -0.01156407 -0.01997464 -0.06360059 -0.008911013 -0.01645678 -0.06273078 -0.01163953 -0.01994591 -0.06257158 -0.0115323 -0.01998156 -0.06343966 -0.008813083 -0.0165019 -0.06349951 -0.008841514 -0.01649141 -0.06251507 -0.01150894 -0.01998281 -0.06325948 -0.00876826 -0.01650172 -0.06338262 -0.008792757 -0.01650661 -0.06188631 -0.01358824 -0.02243828 -0.06285822 -0.0118305 -0.01983529 -0.06280827 -0.01173031 -0.01989841 -0.06283819 -0.01178216 -0.019867 -0.06178754 -0.01350891 -0.02246314 -0.06172889 -0.013475 -0.02246767 -0.06167298 -0.01344954 -0.02246654 -0.06155228 -0.0134145 -0.02244859 -0.06108069 -0.01557254 -0.02461731 -0.06106156 -0.01552259 -0.02464795 -0.06103277 -0.01546847 -0.02467763 -0.06095755 -0.01537197 -0.02472001 -0.06085997 -0.01528954 -0.02474164 -0.06080204 -0.01525384 -0.02474409 -0.06074678 -0.01522672 -0.02474105 -0.05875784 -0.01883661 -0.02915334 -0.05866307 -0.01874923 -0.02916932 -0.05860674 -0.01871067 -0.02916836 -0.05855298 -0.01868087 -0.02916198 -0.05843698 -0.01863652 -0.0291326 -0.05841916 -0.01968026 -0.02987211 -0.05840086 -0.01962912 -0.02990162 -0.05837321 -0.01957327 -0.02992939 -0.05830061 -0.01947218 -0.02996683 -0.05820637 -0.01938402 -0.02998179 -0.05815041 -0.01934498 -0.02998024 -0.05809694 -0.01931476 -0.02997332 -0.05519282 -0.02363353 -0.03493458 -0.04163783 0.03756058 0.04293978 -0.05517518 -0.02358156 -0.03496271 -0.04156792 0.03756695 0.04287064 -0.05514854 -0.0235244 -0.03498852 -0.04152828 0.0375635 0.04283684 -0.04149085 0.03755623 0.04280805 -0.05507904 -0.02341997 -0.03502088 -0.04140967 0.03752815 0.042755 -0.05498886 -0.02332735 -0.03502947 -0.04309046 0.03633046 0.04160511 -0.05493533 -0.0232855 -0.03502422 -0.05488425 -0.02325266 -0.03501373 -0.05451577 -0.02403074 -0.03580284 -0.04306775 0.03635221 0.04156827 -0.0430395 0.03637188 0.04152804 -0.05442637 -0.02393734 -0.03581035 -0.05437332 -0.02389508 -0.03580451 -0.04297721 0.03639686 0.04145401 -0.04290544 0.0364049 0.04138493 -0.05432265 -0.02386176 -0.03579342 -0.05156236 -0.02723461 -0.03954744 -0.04286462 0.03640216 0.04135131 -0.05154556 -0.0271818 -0.03957396 -0.04282611 0.03639549 0.04132276 -0.0515204 -0.02712339 -0.03959757 -0.04542398 0.03410792 0.03853201 -0.04534858 0.03411948 0.03846323 -0.05145484 -0.0270155 -0.03962445 -0.05137014 -0.02691817 -0.03962624 -0.04530549 0.03411829 0.03842997 -0.05131983 -0.02687352 -0.039617 -0.04526478 0.03411287 0.03840202 -0.05127185 -0.02683788 -0.03960275 -0.04517656 0.03408777 0.03835153 -0.04789674 0.03157269 0.03555512 -0.04977613 -0.02844369 -0.04145306 -0.04787331 0.03159898 0.0355181 -0.04969418 -0.02834427 -0.04145181 -0.04964548 -0.02829837 -0.04144084 -0.04784345 0.03162366 0.03547775 -0.04777586 0.03165733 0.03540372 -0.04959911 -0.02826148 -0.04142498 -0.04949897 -0.02820163 -0.04137533 -0.04738032 -0.03056347 -0.04381078 -0.04769653 0.03167295 0.0353356 -0.04736483 -0.03050971 -0.04383575 -0.04765105 0.03167361 0.03530299 -0.04760807 0.03166961 0.03527569 -0.04734164 -0.0304498 -0.04385709 -0.05021154 0.02877521 0.03172433 -0.05012822 0.02879536 0.0316568 -0.04728138 -0.03033804 -0.04387825 -0.04720366 -0.03023558 -0.04387289 -0.05008029 0.02879798 0.03162473 -0.04715752 -0.0301879 -0.04385948 -0.05003488 0.02879548 0.03159809 -0.04993659 0.02877521 0.03155171 -0.04711353 -0.03014928 -0.04384136 -0.05195194 0.02653264 0.0291441 -0.04438555 -0.03225976 -0.04633831 -0.04431265 -0.03215426 -0.04632878 -0.0519284 0.02656364 0.02910721 -0.04426944 -0.03210473 -0.04631298 -0.04422819 -0.03206437 -0.04629254 -0.0518974 0.02659344 0.02906703 -0.0441392 -0.03199684 -0.04623299 -0.05182558 0.02663636 0.02899348 -0.05173963 0.02665978 0.02892643 -0.0427224 -0.03353488 -0.04761499 -0.03761249 -0.03624051 -0.0510779 -0.05169004 0.02666389 0.02889484 -0.05164307 0.02666258 0.02886885 -0.04270839 -0.03348016 -0.04763865 -0.03758025 -0.03612303 -0.05111908 -0.05470126 0.02229285 0.02344596 -0.04268741 -0.03341889 -0.04765802 -0.05461108 0.02232235 0.0233801 -0.05455863 0.02232933 0.02334976 -0.04263305 -0.03330349 -0.04767429 -0.05450886 0.0223304 0.02332526 -0.03753012 -0.03600531 -0.05113244 -0.03746551 -0.03589522 -0.05111706 -0.05440121 0.02231651 0.02328497 -0.04256296 -0.03319638 -0.04766267 -0.0553531 0.0213046 0.02248626 -0.04252135 -0.03314584 -0.04764556 -0.03739058 -0.03580003 -0.05107396 -0.05533009 0.02133888 0.02244883 -0.04248166 -0.03310453 -0.04762393 -0.05529886 0.02137255 0.02240812 -0.05522447 0.02142286 0.02233445 -0.05513358 0.02145332 0.02226877 -0.05508071 0.02146077 0.02223855 -0.05503052 0.0214622 0.02221423 -0.05886799 0.01475858 0.01413583 -0.05884563 0.01479578 0.01409816 -0.05881446 0.01483273 0.01405733 -0.05873835 0.01488953 0.01398384 -0.05864375 0.01492589 0.01391929 -0.05858844 0.01493614 0.01389026 -0.05853575 0.01493984 0.01386731 -0.05928134 0.01375627 0.01253479 -0.05918633 0.01379352 0.0124706 -0.05913072 0.01380413 0.01244175 -0.05907779 0.01380825 0.01241904 -0.05896335 0.01379948 0.01238363 -0.06179118 0.008114457 0.00564742 -0.06176912 0.008153498 0.005609869 -0.06173783 0.008192718 0.005569517 -0.06166028 0.008254408 0.005497813 -0.06156313 0.008296072 0.00543648 -0.06150603 0.008309066 0.005409598 -0.06145173 0.008315265 0.005388915 -0.06222641 0.006717443 0.003531694 -0.06212866 0.006760537 0.003471553 -0.06207114 0.006774306 0.003445446 -0.06201642 0.00678122 0.003425598 -0.06189817 0.006778299 0.003396987 -0.06315273 0.004083633 4.9519e-4 -0.06313067 0.004124045 4.58446e-4 -0.0630992 0.004164993 4.19166e-4 -0.0630207 0.00423038 3.5029e-4 -0.06292194 0.004276156 2.92532e-4 -0.06286388 0.004291296 2.67841e-4 -0.06280863 0.004299461 2.49302e-4 -0.06377726 0.001061081 -0.003703713 -0.06367731 0.00111109 -0.003757417 -0.06361842 0.001128554 -0.003779709 -0.06356239 0.001138806 -0.003795862 -0.06344133 0.001142501 -0.003816485 -0.06406879 -2.59436e-5 -0.004757046 -0.0640468 1.61913e-5 -0.004792571 -0.06401515 5.94578e-5 -0.004830121 -0.06393581 1.29976e-4 -0.004894733 -0.0638355 1.81454e-4 -0.004946947 -0.06377643 1.99751e-4 -0.004968345 -0.06372016 2.10751e-4 -0.004983663 -0.06436669 -0.004023611 -0.00986433 -0.064345 -0.003979504 -0.009898602 -0.06431359 -0.003933548 -0.009934306 -0.06423383 -0.003856837 -0.009993672 -0.06413245 -0.003798127 -0.01003885 -0.0640726 -0.003775775 -0.01005584 -0.06401562 -0.003761053 -0.01006698 -0.06422972 -0.004138529 -0.01035392 -0.06412827 -0.004079282 -0.01039856 -0.06406843 -0.004056632 -0.01041525 -0.06401139 -0.004041612 -0.01042604 -0.06388825 -0.004028081 -0.01043456 -0.06397271 -0.007999241 -0.01494216 -0.06395173 -0.007952988 -0.01497513 -0.06392079 -0.007904052 -0.01500862 -0.0638417 -0.007820308 -0.01506203 -0.06374031 -0.007753193 -0.01509904 -0.06368041 -0.007726192 -0.01511102 -0.06362324 -0.007707118 -0.01511722</float_array>
          <technique_common>
            <accessor source="#link_6-mesh-positions-array" count="3963" stride="3">
              <param name="X" type="float"/>
              <param name="Y" type="float"/>
              <param name="Z" type="float"/>
            </accessor>
          </technique_common>
        </source>
        <source id="link_6-mesh-normals">
          <float_array id="link_6-mesh-normals-array" count="23766">0.529558 0.8233259 0.2042129 0.5221951 0.8327913 0.1837689 0.3473473 0.9213634 0.1744686 0.3503009 0.9180197 0.18582 0.1923788 0.9659973 0.1727412 0.1928313 0.9652968 0.1761198 0.06560993 0.9828267 0.1724733 0.06562417 0.9827032 0.1731706 -0.09028863 0.9809259 0.1721398 -0.09035378 0.9806592 0.1736192 -0.2635365 0.949004 0.1730316 -0.2648401 0.9473979 0.1797136 -0.4176726 0.8908519 0.1786966 -0.4211356 0.8868749 0.1899944 -0.5459837 0.8163038 0.1885468 -0.5517688 0.8085889 0.2042918 -0.9892295 0.1354237 0.05554652 -0.7348973 0.6485382 0.1983032 -0.7662935 0.608146 0.2072508 -0.99563 0.09185284 0.01685082 -0.8154966 -0.3439324 -0.4654844 -0.9946696 0.08601838 0.05686062 -0.7767705 -0.3752415 -0.5057879 -0.7673069 -0.4007982 -0.5006005 -0.750543 0.6279929 0.2056942 -0.9261779 -0.2204778 -0.305915 -0.744848 0.6349975 0.2048891 -0.9436149 -0.2189481 -0.2482996 -0.849457 -0.3045578 -0.4308913 -0.7392061 0.6419702 0.2035893 -0.8242437 -0.3550343 -0.4411042 -0.9992459 0.03452599 -0.01776725 -0.7373521 0.6443846 0.2026833 -0.9041503 -0.2557737 -0.3421872 -0.8792121 -0.289419 -0.3784478 -0.7347609 0.64817 0.2000055 -0.9116293 -0.2688483 -0.3108898 -0.8726521 -0.3143255 -0.3737347 -0.9996891 0.01935803 -0.01571625 -0.7368594 0.645052 0.2023519 -0.7875701 0.5122762 0.3425003 -0.7356272 0.647157 0.200101 -0.7356295 0.6471542 0.2001016 -0.7359893 0.6467174 0.200191 -0.7530323 0.6135864 0.2376009 -0.996951 0.003291606 -0.0779615 -0.7473075 0.6316685 0.2062194 -0.7750036 0.6008704 0.1957659 -0.8212724 0.5235707 0.226683 -0.824639 0.5293101 0.1995028 -0.8698557 0.4434965 0.2160139 -0.8698999 0.4533887 0.194198 -0.8884602 0.424589 0.1742485 -0.9129028 0.361652 0.1892521 -0.9145231 0.3655731 0.1732164 -0.6371734 -0.4585019 -0.6195047 -0.9914618 -0.06101644 -0.115241 -0.9936407 -0.06700396 -0.09049046 -0.93563 0.311653 0.1657376 -0.9352641 0.3053168 0.1790607 -0.9464436 0.2840679 0.1534603 -0.9537681 0.2508402 0.1655465 -0.9804888 -0.1012159 -0.1685142 -0.6626019 -0.4395271 -0.6064443 -0.6454177 -0.4675622 -0.6040046 -0.95805 0.2504055 0.139418 -0.9683211 0.1999819 0.1495375 -0.9701992 0.2083143 0.1237688 -0.7018402 -0.4356794 -0.5635635 -0.7371333 -0.3933098 -0.5494924 -0.6989061 -0.4438689 -0.5608126 -0.9654514 -0.1480913 -0.214412 -0.9729557 -0.157427 -0.1690381 -0.981444 0.1631549 0.100739 -0.9815008 0.1642627 0.09835571 -0.9468947 -0.2005938 -0.2513015 0.9950574 0.09551823 0.02714985 0.6405902 -0.456865 -0.617186 0.736818 0.6451136 0.2023057 0.7368211 0.6451095 0.2023081 0.737154 0.6446624 0.2025197 0.643625 -0.4615889 -0.6104773 0.7379089 0.6436629 0.2029498 0.740122 0.6408503 0.2037901 0.7455022 0.6341992 0.2049825 0.7514456 0.6269141 0.2056897 0.7710294 0.6021003 0.2073376 0.6780791 -0.4285632 -0.5971116 0.9946877 0.08840721 0.05273038 0.8645717 0.4654095 0.1894986 0.6935709 -0.4450171 -0.5664973 0.9870747 0.1486607 0.05986052 0.8985872 0.3992527 0.1820391 0.8290838 0.5249617 0.1924456 0.7254503 -0.3973983 -0.5619577 0.788233 0.5675504 0.2378556 0.8601076 0.461978 0.2163129 0.7543348 -0.4079822 -0.5143245 0.9814828 0.1552613 0.1121847 0.7691378 -0.3735463 -0.5185463 0.9802612 0.1645866 0.1095414 0.8098953 -0.3563625 -0.4659135 0.7353478 0.6475515 0.1998519 0.7360135 0.6466857 0.2002043 0.9685854 0.2162465 0.1227995 0.7356217 0.6471646 0.2000969 0.809435 -0.3578751 -0.4655537 0.7919783 0.5325724 0.2985583 0.8448036 -0.3162691 -0.4316024 0.7346916 0.6482457 0.2000145 0.7349029 0.6485321 0.1983023 0.9663719 0.209698 0.1488361 0.9583511 0.2473676 0.1427326 0.8587625 -0.3324484 -0.3898785 0.7967557 0.2073789 0.567604 0.9513138 0.2560755 0.171544 0.8755667 -0.2839328 -0.3908517 0.9513835 0.265304 0.1564715 0.9347236 0.3136576 0.167065 0.9018959 -0.270475 -0.3367892 0.9003735 -0.277506 -0.3351386 0.9239236 -0.2278754 -0.3073078 0.9337728 0.3075513 0.182977 0.9144418 0.3688356 0.1666024 0.8983578 0.3908921 0.2003907 0.9285374 -0.2342361 -0.2880133 0.9459457 -0.1871666 -0.2648686 0.9520755 -0.193981 -0.2364817 0.9650164 -0.1438596 -0.2191978 0.9747484 -0.1434034 -0.1711751 0.9803091 -0.09903204 -0.1708411 0.9923325 -0.06023645 -0.1079249 0.9926652 -0.06144905 -0.1041148 0.9974504 0.009648561 -0.0707091 0.999843 0.007939398 -0.01583993 0.9983856 0.05341017 -0.01933258 0.4417407 -0.5312622 -0.7229285 0.4333319 -0.5488489 -0.7148345 0.3846415 -0.5214422 -0.7616752 0.329171 -0.5231053 -0.7861344 0.3545076 -0.5608468 -0.7481814 0.2760857 -0.5468803 -0.7903788 0.2244851 -0.5894381 -0.7759956 0.170041 -0.5060742 -0.845562 0.2370743 -0.6368892 -0.7335994 0.116754 -0.5457602 -0.8297677 0.06246584 -0.5938749 -0.8021288 0.07725304 -0.6586606 -0.7484639 0.007480025 -0.4948347 -0.868955 -0.04762244 -0.5518142 -0.8326063 -0.1050713 -0.5653275 -0.8181473 -0.07718127 -0.6604585 -0.7468853 -0.1632143 -0.4997196 -0.8506711 -0.223134 -0.5826653 -0.7814809 -0.2797978 -0.5391871 -0.7943491 -0.2370957 -0.6360989 -0.7342778 -0.3484075 -0.5431811 -0.7639153 -0.3548308 -0.523155 -0.7748574 -0.4293388 -0.5347098 -0.7278418 -0.4336564 -0.5217847 -0.7346311 -0.9875459 0.04569649 0.1505485 -0.8490983 -0.3189713 0.4210573 -0.8488671 -0.3194162 0.4211865 -0.9455702 0.2925223 0.1425753 -0.9509933 0.2754293 0.140536 -0.8218662 -0.2616903 0.5060181 -0.9850627 -0.003729999 0.1721554 -0.7532879 -0.2310925 0.6157546 -0.7914792 -0.2457138 0.5596297 -0.789511 -0.2471658 0.5617665 -0.9912862 -0.1278792 -0.03159999 -0.8039232 0.5900797 0.07425296 -0.999849 -0.01465612 -0.009333014 -0.9919176 -0.09803175 -0.08055603 -0.8156639 0.5692905 0.1029587 -0.8007043 0.5875517 0.1168574 -0.8481479 0.5213907 0.09379237 -0.8210867 -0.2697075 0.5030651 -0.8543704 0.5113979 0.09232258 -0.8189411 -0.2849795 0.4981186 -0.8513019 0.5163704 0.09298831 -0.8177152 -0.2957102 0.4938595 -0.9456299 -0.3249474 -0.01390421 -0.9891219 -0.007931172 0.1468849 -0.9887149 0.01576232 0.1489775 -0.9307672 -0.3382118 0.138871 -0.8801754 0.4666101 0.08698374 -0.8699058 0.4893251 0.0618456 -0.8680807 0.4882156 0.08989685 -0.7523497 -0.2446933 0.6116331 -0.9847953 -0.003353714 0.1736863 -0.7879108 -0.2579891 0.5591406 -0.7889181 -0.2557501 0.5587487 -0.9851068 -0.02153372 0.17059 -0.8906671 -0.3610317 0.2763479 -0.8947631 -0.3428069 0.2861511 -0.7391864 -0.5791158 0.3438437 -0.7809284 -0.5280445 0.3336464 -0.9912631 -0.1255992 -0.04027783 -0.8825246 -0.3466795 0.3177475 -0.8801921 -0.3387628 0.332418 -0.9314397 -0.3417024 0.1251382 -0.9846695 -0.03420364 0.1710442 -0.8455442 -0.3340606 0.4164835 -0.9845808 -0.01609456 0.1741884 -0.8466967 -0.3328458 0.4151124 -0.7273771 -0.622436 0.2889569 -0.7477231 -0.5710663 0.3388119 -0.9674643 -0.2509728 0.03202193 -0.7159199 -0.606392 0.3460454 -0.9559954 -0.2932792 0.007754087 -0.9830539 -0.06806069 0.1702141 -0.7871546 -0.2684738 0.5552563 -0.8140777 -0.3175106 0.4862763 -0.9844468 -0.02462589 0.1739485 -0.9841871 -0.04242312 0.1719775 -0.8184176 -0.2770063 0.5034483 -0.9889857 -0.008858203 0.1477457 -0.7855666 -0.2652838 0.5590255 -0.7517376 -0.257354 0.6071735 -0.9889085 -0.02558171 0.1463062 -0.9636185 0.2293193 0.1373028 -0.9370238 -0.3215755 0.1362919 -0.9357002 -0.325331 0.1364727 -0.9983878 -0.05241054 0.02179265 -0.9538366 0.2649828 0.1413494 -0.999833 -0.01483762 -0.01066774 -0.9642036 -0.264177 0.02284634 -0.9401642 -0.307855 0.1460024 -0.9725591 -0.2293609 0.03901571 -0.9888201 -0.02653431 0.1467335 -0.9792905 -0.1907466 0.06786739 -0.9885795 -0.03843319 0.1457176 -0.8256585 -0.4503786 0.3397754 -0.8919627 -0.3625683 0.2700866 -0.8947083 -0.3495411 0.278061 -0.8195542 -0.4646785 0.3352681 -0.9983996 -0.05227679 0.0215733 -0.9882449 -0.04684644 0.1455246 -0.9884793 -0.03933924 0.1461541 -0.9407188 -0.3088588 0.140194 -0.9881888 -0.04780274 0.1455945 -0.9956455 0.08604359 0.03586965 -0.8827275 -0.3470212 0.3168097 -0.8843602 -0.3522478 0.3063145 -0.827697 -0.4597769 0.3217494 -0.9980562 -0.01090139 0.06135863 -0.9988302 0.03261333 0.03570252 -0.9653636 0.2214999 0.1378797 -0.9971213 0.05666047 0.05038523 -0.9742838 0.181515 0.1335046 -0.9960548 0.07950484 0.03941786 -0.8133788 -0.2946668 0.501584 -0.8423823 -0.3542832 0.4060487 -0.8402106 -0.3567848 0.4083514 -0.8314921 -0.4572546 0.3154981 -0.7839837 -0.2880448 0.5499088 -0.7516228 -0.2848349 0.5949221 -0.7525384 -0.2934402 0.5895581 -0.9774896 -0.1154065 0.1766224 -0.7797248 -0.2906697 0.5545632 -0.9803449 -0.08292442 0.1790178 -0.9858427 -0.08915454 0.142006 -0.1315523 0.05524915 0.9897684 -0.8917687 0.4424927 0.0945971 -0.8001359 0.3959789 0.4505367 -0.9204897 0.3810923 0.08641487 -0.9979279 -0.01128393 0.06334549 -0.9777245 -0.2036944 0.05063009 -0.9753676 -0.1307592 0.1776515 -0.9464506 -0.2785553 0.1632125 -0.8950136 -0.3514263 0.274682 -0.8934195 -0.3597983 0.2689737 -0.9751177 0.1766194 0.1339817 -0.9835647 0.126613 0.1287226 -0.9953549 0.05932849 0.07582044 -0.9954304 0.01899355 0.09358209 -0.9469792 -0.2782014 0.1607315 -0.985399 -0.08953803 0.1448167 -0.980454 -0.1369077 0.1413025 -0.8854566 -0.353389 0.3017994 -0.984792 0.1451151 0.0955317 -0.7905552 -0.5109208 0.3376128 -0.7818271 -0.5436466 0.3052781 -0.7922897 -0.5209881 0.3175663 -0.9950146 0.01397305 0.09874582 -0.927368 -0.2614969 0.2675966 -0.8376636 -0.3736749 0.398355 -0.835148 -0.3772968 0.4002187 -0.9446498 -0.1863598 0.2700123 -0.7483902 -0.5874377 0.3079433 -0.7358221 -0.6019049 0.3102844 -0.7606295 -0.5706412 0.3095342 -0.9859256 0.133736 0.1003269 -0.9802954 -0.1375165 0.1418104 -0.8949067 -0.3526084 0.2735128 -0.8941813 -0.3565893 0.2707098 -0.8332014 -0.4650819 0.2991225 -0.8372473 -0.4536455 0.3053241 -0.8106902 -0.3243925 0.487392 -0.8041508 -0.3496292 0.4807296 -0.8907022 -0.3696349 0.2646125 -0.9219721 -0.2780449 0.2695525 -0.984699 0.1421328 0.1008285 -0.9870871 0.1224486 0.1032741 -0.7721403 -0.3279651 0.5442779 -0.7438951 -0.3270571 0.5827984 -0.7774505 -0.3242033 0.5389462 -0.9873399 0.1165606 0.1075807 -0.9884496 0.08561533 0.1250499 -0.9837329 0.1250705 0.1289453 -0.9854098 0.1351127 0.1034991 -0.7616127 -0.5814535 0.2861082 -0.7995605 -0.5316715 0.2793359 -0.7340683 -0.6157395 0.2863713 -0.833954 -0.3857944 0.3945674 -0.7672575 -0.5765495 0.280903 -0.8327744 -0.389396 0.3935194 -0.9883697 0.08652359 0.1250559 -0.9846131 -0.1408149 0.1034809 -0.9842426 -0.1448357 0.1014358 -0.9849078 -0.1186344 0.126026 -0.9697937 0.2058609 0.130849 -0.9898136 0.07078987 0.1235228 -0.3858894 0.1461783 0.9108904 -0.9407057 0.3273501 0.08896458 -0.9292198 0.3576461 0.09295111 -0.8951282 -0.3514502 0.2742778 -0.8948319 -0.3532859 0.2728828 -0.9896692 0.07257682 0.1236427 -0.8034769 -0.1595124 -0.5735683 -0.9541039 0.2650912 0.1393285 -0.645245 -0.4637433 -0.6071251 -0.9904744 0.06255477 0.1226676 -0.6446363 -0.4649697 -0.6068338 -0.7320877 -0.4398068 -0.5202092 -0.9502002 -0.2463962 0.1908104 -0.991861 0.04112893 0.1204994 -0.951149 -0.2433715 0.1899626 -0.2911059 -0.9495199 -0.1169157 -0.9630962 0.2199107 0.1551936 -0.8909728 -0.1320741 -0.4344238 -0.990314 0.06479567 0.1227994 -0.96287 0.2209319 0.155147 -0.9480965 0.3054745 0.08830904 -0.6876917 -0.4741832 -0.549755 -0.8295921 -0.3998649 0.389724 -0.9479342 0.3059593 0.08837306 -0.8319152 -0.3953441 0.3893843 -0.8868665 0.2850236 0.3636337 -0.9529522 0.2899768 0.08829206 -0.7288474 -0.4513638 -0.5148324 -0.9545211 0.2849735 0.08763396 -0.9637844 0.2154147 0.1572135 -0.9571502 0.2858629 0.04632407 -0.7329168 -0.4490024 -0.5111064 -0.9930483 0.01092082 0.1172 -0.9899969 0.07580262 0.1189962 -0.5819247 -0.7845461 -0.2141285 -0.9858687 0.1067298 0.1291195 -0.9917355 0.04450172 0.1203342 -0.7368655 -0.4467317 -0.5074052 -0.7047758 -0.4328076 -0.5621108 -0.6995252 -0.4539619 -0.5518903 -0.7392244 -0.4332388 -0.5156077 -0.9660307 0.2047239 0.1577112 -0.9590353 0.2697066 0.08665817 -0.9612002 0.2622116 0.08566975 -0.961689 0.2705584 0.04418528 -0.7029509 -0.4360188 -0.5619143 -0.9710953 0.1938775 0.1392319 -0.800347 -0.5389578 0.2626198 -0.7445558 -0.4127849 -0.5246382 -0.9843738 -0.105651 0.1408757 -0.7291452 -0.439686 -0.5244269 -0.8047606 -0.5120343 0.3003019 -0.7424002 -0.4324013 -0.5117333 -0.7757012 -0.5719557 0.2667475 -0.7678515 -0.5838245 0.263729 -0.8792157 -0.3880883 -0.276346 -0.7455987 -0.4314026 -0.5079119 -0.8035498 -0.3555365 0.4773903 -0.7324137 -0.4387136 -0.5206732 -0.797092 -0.3817323 0.467894 -0.9933401 -0.01394033 0.1143732 -0.7486652 -0.4102661 -0.5207516 -0.9929959 0.01583772 0.1170831 -0.7694802 -0.3658077 0.5235313 -0.7355222 -0.4379259 -0.516941 -0.7529067 -0.4073985 -0.5168733 -0.764946 -0.3638984 0.5314466 -0.7365186 -0.3714046 0.5653308 -0.9361072 -0.2203842 -0.2741062 -0.9882644 0.03638464 0.1483566 -0.9496496 -0.1712808 -0.2623522 -0.9934152 -0.00786525 0.1142999 -0.9874498 0.05801248 0.1468923 -0.9513623 -0.2234419 0.2120931 -0.9931794 -0.03178983 0.1121791 -0.9572834 -0.1656966 -0.2369665 -0.8222557 -0.4065229 -0.3982894 -0.9506726 -0.2272003 0.2111909 -0.9722063 0.2186159 0.08379721 -0.7705028 -0.4266175 -0.4736275 -0.9660133 0.2434042 0.08702212 -0.8717741 -0.364039 -0.3278496 -0.9367431 0.2356116 0.2588427 -0.9596751 -0.2092307 0.1877403 -0.9741451 0.1718812 0.1466226 -0.963884 -0.2299568 0.1343411 -0.9597165 -0.2238149 0.1698562 -0.7654663 -0.4355782 -0.4736379 -0.768931 -0.4185631 -0.4832702 -0.9650461 0.2026386 0.1662034 -0.549197 -0.8312285 -0.08626616 -0.9685545 0.1842495 0.1671956 -0.8142447 -0.557314 -0.162501 -0.7724339 -0.3906127 -0.500767 -0.7976024 -0.3764751 0.4712716 -0.9933509 -0.024939 0.1123923 -0.7704904 -0.3940854 -0.5010403 -0.7704142 -0.4159337 -0.4831781 -0.9928516 -0.04473167 0.1106563 -0.7938618 -0.4014061 0.4567896 -0.7345559 -0.6230919 0.2686712 -0.7617068 -0.3917246 0.5160955 -0.6014044 -0.79377 -0.09078484 -0.9925593 -0.05328214 0.1094846 -0.7634075 -0.3880279 0.5163751 -0.8224071 -0.3979699 -0.4065299 -0.9711345 0.1852372 0.1502828 -0.9931331 -0.03739255 0.1108527 -0.8013314 -0.4369139 -0.4086248 -0.9773018 0.1504778 0.1491228 -0.9898152 -0.09545367 0.105615 -0.9928833 -0.04561358 0.1100096 -0.9351214 -0.3025056 0.1844949 -0.967841 0.1812378 0.1744608 -0.9338293 -0.3071267 0.1834014 -0.9703211 0.1665498 0.1753227 -0.9634247 -0.2297713 0.1379061 -0.9724296 0.174277 0.1549459 -0.8340614 -0.4127329 -0.3660507 -0.8869077 -0.3682076 -0.2789583 -0.9391693 -0.3162248 0.1340257 -0.9781028 0.13758 0.156162 -0.8946106 -0.3670632 0.2548264 -0.8411933 -0.3990296 -0.3649234 -0.7996062 -0.4292131 -0.4200074 -0.8953555 -0.3447419 0.2819424 -0.894751 -0.3496574 0.2777778 -0.9034639 -0.3892177 0.179618 -0.8942497 -0.3638837 -0.2605881 -0.8278051 -0.4128523 0.3798577 -0.4378011 0.08882814 0.894673 -0.2564973 0.04473888 0.965509 -0.9011795 -0.3559103 -0.2473931 -0.9814534 0.1736652 0.08117699 -0.9756522 0.2022476 0.08484607 -0.9787189 0.127484 0.1608014 -0.8426117 -0.4097183 -0.3494801 -0.9391061 -0.3163461 0.1341825 -0.8960567 -0.4332383 -0.09688591 -0.8424866 -0.4766258 0.2510861 -0.9733332 0.1647048 0.1596705 -0.8083892 -0.5320876 0.2517729 -0.8284038 -0.4129467 -0.378447 -0.8495157 -0.3962904 -0.3482484 -0.9696918 0.1630308 0.1819857 -0.8550428 -0.450537 0.2567452 -0.9710601 0.1539998 0.1825552 -0.3710035 0.05851167 0.9267863 -0.8460994 -0.4125303 -0.3375418 -0.9836659 0.1600679 0.08233845 -0.9113154 -0.3453774 -0.2240953 -0.9894807 0.1221104 0.07757002 -0.9846563 -0.1439658 0.09861969 -0.9908791 -0.08700662 0.1029003 -0.9713472 -0.2265899 -0.07170557 -0.9787541 0.121465 0.1651864 -0.9742199 0.157342 0.1616753 -0.956834 0.2397998 0.1642096 -0.9859994 -0.1345679 0.09847253 -0.854684 -0.3958219 -0.335917 -0.9673157 -0.2369107 0.09040755 -0.8369076 -0.4103121 -0.3622565 -0.9936292 0.08365309 0.07551997 -0.8139959 -0.3889461 -0.4314298 -0.8132361 -0.4048341 -0.4180387 -0.9825444 -0.0750491 0.1702182 -0.8977518 0.1007057 0.4288358 -0.9905871 0.1118508 0.07890909 -0.7770578 -0.58823 0.2239796 -0.8290443 -0.515703 0.2161852 -0.9801714 -0.1888858 -0.0598852 -0.9830994 -0.1048654 0.1500622 -0.9947715 0.06973731 0.07460826 -0.9717822 0.1438938 0.1869062 -0.9711062 0.1487851 0.1865893 -0.9829183 -0.1762323 -0.05304563 -0.9942709 0.07583504 0.07532966 -0.9950215 0.07591044 0.06457418 -0.8437618 -0.4069473 -0.3499428 -0.9960368 0.0628758 0.06290793 -0.8250236 -0.411904 0.3868736 -0.7947805 -0.3928293 0.4626111 -0.8408848 -0.389446 -0.3758251 -0.995338 0.06196647 0.07390898 -0.9952778 0.06280994 0.07400834 -0.8321087 -0.3918094 -0.392531 -0.7893421 -0.4183319 0.4493745 -0.7980428 -0.562043 0.2173368 -0.7864812 -0.442138 0.4312322 -0.7704317 -0.6130787 0.1748411 -0.741867 -0.6316788 0.224978 -0.8532918 -0.4142796 -0.3166475 -0.9945087 0.05542898 0.08877003 -0.9957553 0.05552291 0.07340711 -0.8671346 -0.3868916 -0.3136757 -0.9717985 0.1379587 0.191246 -0.9965476 0.04170334 0.0717886 -0.9716941 0.138768 0.1911914 -0.9584781 0.2290505 0.1698692 -0.9624403 0.2116562 0.1700306 -0.9846215 -0.1712412 -0.03459846 -0.9056513 -0.3873147 0.1725774 -0.9091006 -0.395758 0.130045 -0.8490652 -0.3871433 -0.3594557 -0.996738 0.03654885 0.07195585 -0.9707776 0.03535157 0.2373629 -0.840256 -0.3899171 -0.3767421 -0.9488738 -0.2142384 0.2318198 -0.9975083 0.01311272 0.06932038 -0.9508132 -0.2054005 0.2318727 -0.8556166 -0.3840615 -0.3470115 -0.8312913 -0.5286718 0.1716417 -0.8452829 -0.3900661 -0.3651647 -0.8505331 -0.4097499 -0.3296946 -0.8675592 -0.4660264 0.1736672 -0.9724172 0.1311658 0.1928735 -0.9415143 0.2947651 0.1632922 -0.8624522 -0.4764049 0.1709231 -0.9092818 -0.3959191 0.128276 -0.8178266 -0.3645055 -0.4453037 -0.8701092 -0.4755973 0.1292955 -0.8193298 -0.3790772 -0.4301152 -0.8490636 -0.359247 -0.3873406 -0.9976874 -0.01052206 0.06714993 -0.7362197 0.006311595 0.6767133 -0.9519304 -0.3062321 -0.007101118 -0.9975457 0.009680807 0.06934589 -0.917746 -0.3512981 -0.1852887 -0.9594727 0.2234564 0.1716952 -0.93302 -0.3281694 -0.147576 -0.870355 -0.4753224 0.1286507 -0.997664 -0.01259231 0.0671426 -0.9645153 0.2003766 0.1719282 -0.4916062 -0.007217586 0.8707877 -0.3738027 -0.01111525 0.9274416 -0.8752886 -0.3937223 -0.2808073 -0.9974673 -0.02755069 0.06557333 -0.8809055 -0.3820771 -0.2793251 -0.7566701 -0.4129632 0.5068646 -0.7604196 -0.4081932 0.5051141 -0.7330686 -0.4213193 0.533948 -0.385921 -0.0121212 0.9224522 -0.8310366 -0.3283735 -0.4489421 -0.9974381 -0.02871078 0.06551986 -0.8200676 -0.3603842 -0.4445363 -0.9971259 -0.03996777 0.06436175 -0.9201874 0.3671389 0.1358835 -0.9208709 0.3472751 0.1771919 -0.4740281 -0.02017104 0.8802787 -0.8315231 -0.3754256 -0.4094203 -0.997106 -0.04049813 0.06434005 -0.9388455 0.2979832 0.1725546 -0.9968141 -0.04817289 0.0635702 -0.9652731 0.1946108 0.1742826 -0.5411888 -0.02702075 0.8404669 -0.9968099 -0.04826813 0.06356239 -0.8774229 -0.4795082 0.01417362 -0.9942275 -0.0893411 0.05941295 -0.9626896 0.2071286 0.1741452 -0.7907669 -0.6115385 0.02661615 -0.712037 -0.7013113 0.03414392 -0.9424334 -0.3247684 0.07965344 -0.7473793 0.6459788 0.1553565 -0.9695451 -0.2302779 0.08339267 -0.8645979 -0.4056891 -0.2964568 -0.9113039 -0.4046663 0.07596307 -0.943341 -0.3221745 0.07944458 -0.9227424 0.3519099 0.1571808 -0.8428185 -0.3678291 -0.392885 -0.8392271 -0.521086 0.1554583 -0.8535885 -0.3642264 -0.3724591 -0.8401074 -0.5267348 0.1294993 -0.7998685 -0.5787433 0.1589549 -0.7646737 -0.6234533 0.1630344 -0.9253215 0.3403896 0.167078 -0.8621632 -0.3872909 -0.3266198 -0.8577033 -0.3823665 -0.3437164 -0.8082651 -0.5667785 0.1595925 -0.8435834 -0.3460928 -0.4105932 -0.8521097 -0.3294503 -0.4066591 -0.9663002 0.1806778 0.1833561 -0.9652452 0.1863352 0.1832508 -0.8456125 -0.3489983 -0.4039054 -0.7048746 -0.7085613 0.03305554 -0.8405745 -0.5270092 0.1252838 -0.8089467 -0.573537 0.1290755 -0.7519012 0.6364386 0.1720191 -0.9948204 -0.08768159 0.05142325 -0.8731098 -0.3513687 -0.3379635 -0.9944079 -0.08765172 0.05890727 -0.7444189 0.6373713 0.1989932 -0.8475799 -0.3685393 -0.3818206 -0.9890682 -0.1368455 0.05493193 -0.8598416 -0.3617681 -0.3602725 -0.8094573 -0.5729488 0.1284861 -0.7644484 -0.1727143 0.6211188 -0.9715201 -0.2322427 0.04703223 -0.9895147 -0.133592 0.05490034 -0.9898725 -0.1336354 0.04789704 -0.9491528 0.2615794 0.1751721 -0.7650464 -0.6300364 0.1332596 -0.973484 0.1297681 0.1883854 -0.8712794 -0.4840612 0.08097499 -0.880705 -0.4039328 -0.2473805 -0.893791 -0.3766054 -0.2435283 -0.9820615 0.07847177 0.1714567 -0.9097692 -0.4074074 0.07961863 -0.9762385 0.09403651 0.1952319 -0.7470924 -0.6635019 0.04022699 -0.9395959 0.291847 0.1788432 -0.9488433 0.261974 0.1762555 -0.8530988 -0.3481669 -0.3885903 -0.862302 -0.322972 -0.3900315 -0.8509939 -0.3454674 -0.3955523 -0.8669837 -0.4914776 0.0823968 -0.7344139 -0.3991283 0.5489379 -0.8407811 -0.5349166 0.08337479 -0.894282 -0.3357807 0.2958226 -0.8555436 -0.346518 -0.3846694 -0.8932333 -0.3491791 0.2832107 -0.9449624 -0.3245087 0.0417158 -0.8591218 -0.346281 -0.3768277 -0.9726317 -0.228277 0.04332566 -0.8719173 -0.3133172 -0.3762881 -0.9718255 -0.2280996 0.05937808 -0.7005017 -0.3081548 0.643691 -0.8713364 -0.3794061 -0.3111658 -0.9109655 -0.410511 0.04028117 -0.9458666 -0.3218961 0.04146403 -0.9687435 0.157938 0.1912891 -0.9449571 -0.3216077 0.06020432 -0.8755164 -0.3841005 -0.2931515 -0.9670289 0.1683956 0.1910443 -0.8093844 -0.5800269 0.09200936 -0.8767218 -0.4033014 -0.2621201 -0.9787512 0.03944134 0.2012222 -0.8359913 -0.5414419 0.08921521 -0.7845721 -0.6153563 0.07604789 -0.8858293 -0.3495275 -0.3051835 -0.9763291 0.07905042 0.2013272 -0.7678676 -0.6333065 0.09644848 -0.8517861 -0.3765607 -0.3642287 -0.8051568 -0.5857419 0.09289276 -0.867644 -0.4951289 0.04518032 -0.9106436 -0.4111533 0.04100376 -0.909781 -0.4108005 0.05950993 -0.9699007 0.1025741 0.2208418 -0.7491999 -0.4805457 0.4558238 -0.9728251 0.05549407 0.2247925 -0.8648633 -0.497549 0.06675589 -0.836479 -0.5458544 0.0484361 -0.8659145 -0.4980915 0.04579091 -0.8338846 -0.5488101 0.05868542 -0.9357063 -0.3377124 -0.1019993 -0.9303705 0.3193617 0.1800526 -0.9067295 -0.3702102 -0.2019552 -0.8054423 -0.5901914 0.05419224 -0.8342533 -0.5490257 0.05091428 -0.9458268 -0.3172242 -0.06914114 -0.7468962 -0.616938 0.2480595 -0.8031976 -0.5923588 0.0631231 -0.7664663 -0.6396266 0.0583707 -0.9030609 -0.378373 -0.2032606 -0.8036191 -0.5926371 0.0545668 -0.8236324 -0.4243559 0.3762336 -0.8193312 -0.4325809 0.3762581 -0.8668367 -0.3408282 -0.3639095 -0.8649784 -0.3512549 -0.3583745 -0.9702154 0.1387631 0.1985619 -0.9677386 0.1557 0.1980892 -0.8543086 0.4948919 0.1588675 -0.9045861 -0.3889569 -0.174461 -0.9464995 -0.3176521 -0.05688464 -0.7541986 -0.4437409 0.4840235 -0.7648227 -0.6427748 0.04343646 -0.7797809 -0.4695833 0.414045 -0.7841982 -0.4226973 0.4542689 -0.8842402 -0.3759326 -0.2771174 -0.8869225 -0.3827089 -0.258655 -0.9715094 0.05182921 0.2312644 -0.9784998 -0.08979213 0.185676 -0.9788662 -0.1853026 0.08651 -0.9751778 -0.03976821 0.2178229 -0.8928904 -0.3440382 0.29049 -0.8936892 -0.3292883 0.304777 -0.9086706 -0.3845672 -0.1625601 -0.8647252 -0.3757458 -0.3332648 -0.9491126 0.2548547 0.1850254 -0.7311394 -0.4421646 0.5195436 -0.7335397 -0.454443 0.5053722 -0.8977257 -0.3473518 -0.2709895 -0.8880259 -0.4023492 -0.2225424 -0.7492422 -0.4443749 0.4910877 -0.9684702 0.1454839 0.2022373 -0.9110285 -0.3747377 -0.1720427 -0.9713266 0.1239611 0.2028751 -0.9501123 0.2499452 0.186585 -0.9610689 0.215753 0.1726191 -0.9115981 -0.3804928 -0.1556087 -0.9462781 -0.3194608 -0.05002588 -0.9584335 0.21948 0.1823011 -0.975908 -0.1731409 0.1327621 -0.9716519 0.1135602 0.2073563 -0.9765025 -0.1697248 0.1328011 -0.9684453 0.1395199 0.2065139 -0.9756142 -0.1758977 0.1312896 -0.9120735 -0.3769934 -0.1612389 -0.8993749 -0.3932887 -0.1909154 -0.9436883 -0.1993914 0.2639986 -0.9470687 -0.1825131 0.2641018 -0.8791798 -0.3407195 -0.3330964 -0.9722118 0.1058012 0.208831 -0.8771949 -0.3513258 -0.3272604 -0.973249 0.09513354 0.2091317 -0.8784112 -0.2939145 -0.3768395 -0.8889981 -0.3200998 -0.3274423 -0.8174686 -0.4403631 0.3712485 -0.8705552 -0.333333 -0.3619707 -0.8191179 -0.4350153 0.3739087 -0.8656011 -0.3204619 -0.3847582 -0.9380159 0.2935736 0.1842296 -0.9033689 -0.3896275 -0.1792064 -0.9135011 -0.3762137 -0.1548513 -0.9440671 0.2790384 0.1757125 -0.9563111 0.2214595 0.1908528 -0.9174309 -0.3732473 -0.1378661 -0.9465168 -0.3210459 -0.0321815 -0.9652462 0.1855806 0.1840099 -0.9585826 0.2100977 0.1922975 -0.9045465 -0.3896782 -0.1730505 -0.9188885 -0.3698746 -0.1372463 -0.8974289 -0.3718686 -0.2373503 -0.9662574 0.17483 0.1891592 -0.897399 -0.3830457 -0.2189774 -0.909711 -0.3449495 -0.2311619 -0.7872826 0.5830033 0.2007321 -0.7908504 0.58251 0.1877176 -0.8758755 -0.3768352 -0.3013922 -0.9488812 -0.3155558 -0.007008194 -0.9214867 -0.3713058 -0.1139923 -0.9531771 -0.302092 0.01392036 -0.9594102 0.2042884 0.1944176 -0.967092 0.1682994 0.1908099 -0.8183531 0.5405633 0.1951655 -0.9017879 -0.3781415 -0.2092545 -0.9078808 -0.3750579 -0.1873072 -0.9053379 -0.3942745 -0.1578317 -0.8216076 0.535906 0.1943342 -0.8724794 -0.3412589 -0.3497455 -0.8931061 -0.29861 -0.3364427 -0.8908695 -0.3403772 -0.3008237 -0.8248527 0.5312626 0.1933338 -0.8876456 -0.3533833 -0.2953056 -0.8471803 0.4981365 0.184785 -0.9000347 -0.3206496 -0.295163 -0.9626904 0.1893086 0.1933633 -0.9115517 -0.3718058 -0.1755959 -0.902872 -0.381026 -0.1991016 -0.9575914 0.2122718 0.1948318 -0.8213858 0.539944 0.1838093 -0.7905333 0.5819134 0.1908767 -0.9043934 -0.3805967 -0.1929217 -0.9125996 -0.3720887 -0.1694459 -0.9529807 -0.3016256 0.02915197 -0.9202522 -0.3793869 -0.09592509 -0.9477884 0.2564032 0.1896171 -0.9544311 0.2388924 0.1788625 -0.82455 0.5352812 0.1832793 -0.8220359 0.5389239 0.1838966 -0.9243486 -0.3697861 -0.09401094 -0.915626 -0.3798963 -0.1315591 -0.9168221 -0.3820579 -0.1160563 -0.9605382 0.1902462 0.2029111 -0.923348 -0.3753712 -0.08077722 -0.9697732 0.1499189 0.1925209 -0.9638056 0.1784343 0.1980912 -0.886329 -0.3800045 -0.2646079 -0.9638634 0.1781408 0.1980733 -0.9135317 -0.3524372 -0.2030957 -0.8252088 0.5342478 0.1833295 -0.8276665 0.5306415 0.1827232 -0.9513942 -0.3053339 0.0402534 -0.9272322 -0.3681323 -0.06869691 -0.8911085 -0.3365612 0.3043882 -0.8912072 -0.3256427 0.3157634 -0.9658914 0.1655015 0.1991556 -0.9272173 -0.3693689 -0.06192559 -0.952061 -0.3021765 0.04763436 -0.9647037 0.1718468 0.199538 -0.9570107 -0.277251 0.08521974 -0.8283329 0.5295712 0.1828084 -0.9131575 -0.3772919 -0.1542539 -0.9101735 -0.3751931 -0.1755404 -0.9072965 0.3789385 0.1822599 -0.8912701 0.4131502 0.1869348 -0.9133864 -0.3906609 -0.1144965 -0.9249421 -0.3715931 -0.08000361 -0.909173 -0.287778 -0.3009788 -0.7769519 -0.4533715 0.4368067 -0.8826493 -0.3447164 -0.3195323 -0.9675589 0.1533438 0.200787 -0.9144285 -0.3557887 -0.1929636 -0.8972355 -0.3743103 -0.2342232 -0.9665908 0.1589127 0.2011193 -0.9028798 -0.3400824 -0.2629678 -0.9714213 0.1260018 0.2011569 -0.8973271 -0.357747 -0.258498 -0.9632972 0.1673023 0.2099251 -0.9112766 -0.3214643 -0.2573631 -0.9260219 -0.3710527 -0.06930631 -0.9695525 0.05647706 0.2382822 -0.9163173 -0.3878636 -0.09962081 -0.9157602 -0.3556544 -0.1867974 -0.9684454 0.07613587 0.237312 -0.9011223 -0.3718898 -0.2228826 -0.7417103 -0.4840111 0.4643265 -0.7199847 -0.4990199 0.4822875 -0.7469027 -0.4774729 0.4627701 -0.817622 -0.4384386 0.3731834 -0.8146983 -0.4451629 0.3716136 -0.9136859 -0.3765822 -0.1528532 -0.9173867 -0.3759295 -0.1306857 -0.9022468 -0.372591 -0.2170869 -0.9150611 0.3600304 0.1817724 -0.9256592 -0.3731239 -0.0627197 -0.9174556 -0.3877352 -0.08908748 -0.9688928 0.02565824 0.2461472 -0.9192033 -0.3852526 -0.08152103 -0.9650276 0.1479337 0.2164194 -0.907328 -0.353137 -0.228145 -0.9067375 -0.3489554 -0.2367642 -0.9722716 0.1058372 0.2085343 -0.9108749 -0.3511295 -0.2168292 -0.90768 -0.3527882 -0.2272828 -0.9694376 0.1291593 0.2085872 -0.9673821 0.1427118 0.209297 -0.7731487 -0.4877759 0.4053588 -0.9163306 -0.3774487 -0.1336811 -0.7725767 -0.4940308 0.3988216 -0.7759982 -0.4687986 0.421965 -0.7405643 -0.5030626 0.445525 -0.9201978 -0.37538 -0.1110222 -0.9565811 0.213535 0.1983824 -0.9639435 0.1923246 0.1839135 -0.9090815 -0.3529582 -0.2213399 -0.9118813 -0.3520382 -0.2110487 -0.9145707 -0.3655063 -0.1731057 -0.9152117 0.3587397 0.1835575 -0.909754 -0.3644439 -0.1988177 -0.9211301 0.3442468 0.1816961 -0.9238364 0.3384457 0.1788322 -0.8922249 -0.3506223 -0.2846028 -0.9148423 -0.3310601 -0.2312202 -0.9227553 -0.3731862 -0.09620213 -0.9171566 -0.3799923 -0.1201233 -0.9663632 0.1329674 0.2201404 -0.9722177 0.09164053 0.2153942 -0.7391831 -0.5025086 0.4484345 -0.9236612 -0.373501 -0.08571374 -0.9184813 -0.3799805 -0.1095756 -0.9291767 0.3227949 0.180095 -0.9182174 -0.3823873 -0.1032326 -0.925206 -0.3713237 -0.07818239 -0.966822 0.122443 0.2241939 -0.9723285 0.0806033 0.2192723 -0.9221392 -0.3857219 -0.02962756 -0.9358763 -0.3516436 -0.02196151 -0.9675126 0.114588 0.2253642 -0.836515 -0.5077533 0.2059836 -0.9640967 -0.1398562 0.2257381 -0.9637756 -0.1421259 0.2256919 -0.9718852 0.07399517 0.2235261 -0.90235 -0.3473761 -0.2551361 -0.9156913 -0.3351579 -0.2217627 -0.9704846 0.1087511 0.2152507 -0.9123984 -0.3587207 -0.1971005 -0.9693804 0.117427 0.2156676 -0.9630489 0.1792339 0.2010272 -0.9144726 -0.3492912 -0.2042927 -0.9525148 -0.2081127 0.2222715 -0.9679891 0.1589909 0.194214 -0.9132182 -0.3671393 -0.176752 -0.9707133 -0.08941173 0.2229825 -0.9630775 -0.0187624 0.2685696 -0.9186472 -0.3655065 -0.1499743 -0.9676752 -0.07709163 0.2401285 -0.9259151 -0.3554551 -0.1278 -0.9169738 -0.3355169 -0.215841 -0.9059895 -0.345862 -0.2440543 -0.965146 0.1665291 0.2018945 -0.9689767 0.1470317 0.19866 -0.9070277 -0.347001 -0.2385185 -0.9219236 -0.3324266 -0.1988703 -0.8937487 0.4117683 0.1779333 -0.9157388 -0.2485186 -0.3156914 -0.8515508 0.4887506 0.1896947 -0.8551474 0.4876922 0.1757249 -0.8854807 -0.3142287 -0.3423222 -0.9345054 -0.3553718 0.02025836 -0.9697615 0.139934 0.1999526 -0.9472448 -0.2937131 0.1282958 -0.9658964 0.1598781 0.2036743 -0.9703578 0.09636431 0.2216296 -0.9320363 -0.1776917 0.3158068 -0.9705762 0.09434735 0.2215411 -0.9392297 -0.1680918 0.2993202 -0.932267 -0.1763706 0.3158665 -0.9339616 -0.1689218 0.3149303 -0.9109368 -0.3796857 -0.1613474 -0.9264227 -0.3587085 -0.114321 -0.9345561 -0.1943814 0.2980282 -0.953845 -0.04274934 0.2972408 -0.9319607 -0.1830141 0.3129777 -0.9653193 -0.0766443 0.2495682 -0.9165832 -0.3597679 -0.1744774 -0.9710485 0.080482 0.2249165 -0.9707959 0.08316624 0.2250304 -0.9177042 -0.3528535 -0.1825193 -0.9361917 -0.3495826 -0.03656738 -0.8547286 0.4867736 0.1802508 -0.9131317 -0.404523 -0.05051356 -0.9300765 -0.3669501 0.01747524 -0.9428229 0.2803519 0.1802439 -0.9392399 0.2944832 0.1763752 -0.9139375 -0.378409 -0.146714 -0.9289427 0.3207011 0.1849762 -0.9704276 0.07643634 0.2289712 -0.9076578 -0.3541259 -0.2252827 -0.9247989 -0.3366754 -0.177191 -0.9710307 0.06929486 0.2286871 -0.9194275 -0.3612034 -0.1555159 -0.9201543 -0.3555607 -0.1639901 -0.9722039 0.120397 0.2008091 -0.9220269 -0.3871129 -0.003155767 -0.9668521 0.143455 0.2112291 -0.971355 0.06120258 0.2296163 -0.9247408 -0.3656508 -0.1056126 -0.8874604 -0.3306298 0.3210888 -0.9180632 -0.3729687 -0.1343659 -0.8869557 -0.3218723 0.3312215 -0.9270595 -0.3620033 -0.09754091 -0.9300014 -0.1836913 0.3183627 -0.9169635 -0.3776015 -0.1288216 -0.7382078 -0.5173064 0.4329473 -0.7707791 -0.4840762 0.41421 -0.7606241 0.6419882 0.09644776 -0.9209116 -0.3593677 -0.1509196 -0.9220448 -0.3605031 -0.1409649 -0.7985591 0.5805471 0.1589607 -0.747439 0.6421319 0.1702983 -0.9105503 -0.3117379 -0.2715099 -0.9226395 -0.3023396 -0.2394309 -0.904244 -0.3023528 -0.3015387 -0.7172058 -0.535708 0.4456824 -0.7356745 -0.5184863 0.4358384 -0.9220594 -0.262196 -0.2847097 -0.9269363 -0.3399802 -0.1587532 -0.9121147 -0.3560298 -0.203198 -0.9690321 0.1179344 0.2169526 -0.973545 0.09454023 0.2080199 -0.9230301 -0.3618307 -0.1307436 -0.9221627 -0.3603504 -0.1405826 -0.8122565 -0.4496749 0.3715265 -0.8147361 -0.444376 0.3724715 -0.9113651 -0.4049577 -0.0736404 -0.963936 0.08445894 0.2523768 -0.9371318 -0.3444707 -0.05589222 -0.9741761 0.02978962 0.2238157 -0.9730658 0.0318728 0.2283133 -0.9246247 -0.3604094 -0.1231839 -0.9219076 -0.3633192 -0.1344827 -0.9502563 0.2519637 0.1831046 -0.9234139 -0.3069887 -0.230358 -0.9040367 -0.3216394 -0.2815417 -0.9324406 -0.2570617 -0.2539168 -0.9536664 0.2397717 0.1817418 -0.9152379 -0.3581412 -0.1845926 -0.9275153 -0.3442001 -0.1457457 -0.9701676 0.09664952 0.222337 -0.9740662 0.07294189 0.2141835 -0.9249131 -0.3795152 -0.02245044 -0.9263495 -0.3766651 -3.21441e-4 -0.9674984 -0.01012718 0.2526742 -0.965243 0.03318941 0.2592383 -0.9075351 -0.3209978 -0.2708141 -0.8998122 0.4026176 0.1680392 -0.8965153 0.4040479 0.1816743 -0.9180998 -0.3579736 -0.1701402 -0.9285771 -0.3455318 -0.1354707 -0.7179809 -0.521164 0.4614017 -0.9231173 -0.3112062 -0.2258433 -0.9101847 -0.3191066 -0.2640736 -0.9709593 0.08061927 0.225252 -0.9737699 0.05771809 0.2200929 -0.9736562 0.04611563 0.223309 -0.9192681 -0.3596302 -0.1600385 -0.9710325 0.06929194 0.22868 -0.9282628 -0.3486892 -0.1293984 -0.9731007 0.0390197 0.2270517 -0.9210099 -0.3584865 -0.152408 -0.971396 0.06113749 0.2294601 -0.9313719 -0.3636469 -0.01753503 -0.9112615 -0.3996066 -0.09958416 -0.9209275 0.348602 0.1742677 -0.935974 -0.3428242 -0.08015215 -0.9162724 0.3592365 0.1771838 -0.9235588 -0.3190597 -0.2126975 -0.9153944 -0.3174381 -0.2475606 -0.9208434 -0.3866345 -0.05060857 -0.9383465 -0.3345921 -0.08691418 -0.9154737 -0.388096 -0.1062524 -0.9604812 0.2069851 0.1860995 -0.9662601 0.0286194 0.2559732 -0.9668787 -0.008966267 0.2550787 -0.9187291 -0.3230955 -0.2270381 -0.8993279 0.4016292 0.1729257 -0.9271577 -0.3224149 -0.1908591 -0.92281 0.3476142 0.1660903 -0.9245964 0.3379137 0.1758854 -0.926858 -0.372636 -0.04557073 -0.9283744 -0.3677585 -0.0536167 -0.9292627 0.3264704 0.172881 -0.9307721 0.321632 0.1738275 -0.965053 -0.02153265 0.2611687 -0.9213506 -0.3275621 -0.2093233 -0.9340617 -0.3211519 -0.1561738 -0.9295876 -0.3257558 -0.1724818 -0.9459059 -0.1987621 -0.2564287 -0.9332417 -0.2622795 -0.2454984 -0.9482338 -0.06600129 0.3106392 -0.9297215 -0.1826297 0.3197879 -0.923144 0.3461835 0.1672183 -0.9170179 -0.2699837 -0.2935761 -0.9311277 0.3254266 0.1646172 -0.940537 0.2934563 0.1710953 -0.9198868 -0.3377965 -0.1992533 -0.9348344 0.3099811 0.1731951 -0.9419756 -0.3107082 0.1270521 -0.924378 -0.1981866 0.3259562 -0.9475226 -0.2910768 0.1321935 -0.9151894 -0.2583729 0.3093085 -0.921085 -0.3240846 0.2158051 -0.9158548 -0.3818794 -0.1240082 -0.9314408 0.3239869 0.1656823 -0.9369231 0.3087638 0.1638294 -0.9331973 -0.3559846 -0.04917043 -0.7699668 -0.5004086 0.3959071 -0.8151888 -0.4381568 0.3787953 -0.7683562 -0.5064515 0.3913254 -0.904269 -0.1368252 0.4044458 -0.9685381 0.1582707 0.1920534 -0.9044416 -0.1355078 0.4045034 -0.9716393 0.1529909 0.1803078 -0.9342772 -0.2636416 -0.2400399 -0.9198407 -0.2706676 -0.283958 -0.9466927 -0.2042328 -0.2491225 -0.9609314 0.1960194 0.1954157 -0.8930485 -0.2079396 0.3990307 -0.934704 -0.3266385 -0.1401274 -0.8283547 0.5374416 0.1580669 -0.8058509 0.5692384 0.1630087 -0.923742 -0.3344279 -0.1867045 -0.9326453 -0.3289179 -0.1482762 -0.938186 -0.2638471 -0.224035 -0.7191958 -0.554274 0.4189725 -0.7228526 -0.5607979 0.4037198 -0.733627 -0.5400872 0.4124284 -0.9207966 -0.2726273 -0.2789409 -0.7346295 -0.5387589 0.4123812 -0.9472968 -0.2070497 -0.2444566 -0.9373386 0.307247 0.1643036 -0.9229093 -0.339479 -0.181638 -0.9437142 -0.3160001 -0.09771168 -0.9249804 -0.3726884 -0.0742613 -0.831444 0.5327379 0.1577697 -0.9177565 -0.33017 0.2207057 -0.8385062 0.5220543 0.1560986 -0.8946591 -0.1996044 0.3996787 -0.8548465 -0.1810027 0.4862875 -0.8416356 0.517108 0.155721 -0.8572863 -0.1684237 0.4865119 -0.8345092 0.5280285 0.1574177 -0.9742078 -0.005060255 0.2255959 -0.8554361 -0.1774342 0.4865658 -0.9668334 0.02772253 0.2538991 -0.9438492 0.281314 0.1732372 -0.953529 0.2491536 0.169425 -0.9022889 -0.4234557 0.0809949 -0.9119458 -0.3495757 0.2148293 -0.946519 0.2796406 0.1609445 -0.9493246 -0.2129583 -0.2311531 -0.9216758 -0.2811861 -0.2672976 -0.9698292 0.1459001 0.1953058 -0.9743725 0.1161856 0.1926115 -0.9084751 -0.3674212 0.1991852 -0.9368327 -0.2809997 -0.2082871 -0.9423501 -0.2776611 -0.1867634 -0.9298632 -0.2773836 -0.2416873 -0.8616127 0.4845548 0.1510962 -0.9407722 -0.3253965 0.0952093 -0.8446822 0.5122089 0.1554154 -0.9054894 -0.4161028 0.08335047 -0.881842 -0.3225995 0.3439248 -0.8833445 -0.3333427 0.3295226 -0.9287218 -0.2916414 -0.2289564 -0.942892 -0.2836965 -0.1745594 -0.9707226 0.1386431 0.1961522 -0.9188287 -0.3634421 -0.1538301 -0.9387565 -0.3392518 -0.06036907 -0.9759281 0.101888 0.1928292 -0.9122565 -0.3643524 0.187177 -0.9668501 -0.04672354 0.251034 -0.9658231 -0.02286779 0.2581915 -0.9089075 -0.3661073 0.1996315 -0.9733123 0.1188428 0.1963152 -0.9313455 -0.2939454 -0.2149223 -0.9280657 -0.3579232 -0.1028832 -0.9764519 0.09418189 0.1940914 -0.9418017 -0.2917211 -0.1670575 -0.8127058 -0.4512773 0.3685895 -0.9435624 -0.290531 -0.1590024 -0.9346766 -0.2922083 -0.2024696 -0.8122603 -0.452216 0.3684209 -0.7933759 -0.3108463 0.5233826 -0.9464651 0.2783949 0.1634017 -0.8826614 -0.3332397 0.3314516 -0.8809133 -0.3221669 0.3466991 -0.9340924 -0.2973909 -0.1975601 -0.9512605 -0.2854345 -0.1167497 -0.8129212 -0.4540063 0.3647431 -0.9646326 0.2030857 0.1680474 -0.76287 -0.1647881 0.6251993 -0.9565414 0.2356757 0.1717135 -0.7951879 -0.1793763 0.5792239 -0.8228718 -0.18541 0.5371267 -0.828479 -0.157024 0.5375556 -0.9593259 0.2337369 0.1583062 -0.8240296 -0.1860215 0.5351366 -0.8292206 -0.1536381 0.5373905 -0.9076933 -0.414679 0.06429892 -0.9415631 -0.3282755 0.07545995 -0.9769595 0.07470875 0.1999222 -0.9132907 -0.3611236 0.1883876 -0.7634204 -0.1595387 0.6258888 -0.7960395 -0.1742397 0.5796221 -0.8135906 -0.4544889 0.3626434 -0.7972072 -0.1721056 0.5786541 -0.7634229 -0.1595059 0.6258941 -0.7974059 -0.1722014 0.5783516 -0.9592386 0.2325165 0.1606157 -0.9793421 0.04454219 0.1972434 -0.7968367 -0.1745729 0.5784251 -0.9103756 -0.378845 0.1664111 -0.9453128 -0.3180372 0.07236063 -0.9736521 0.09438723 0.2075877 -0.9092254 -0.4142289 0.04151499 -0.943328 -0.3244403 0.06979107 -0.9761103 0.06989049 0.2057279 -0.957862 -0.1282799 0.2569916 -0.9462764 -0.06174927 0.3174084 -0.9577949 -0.1281102 0.2573261 -0.9487082 -0.2129434 -0.2336834 -0.9521316 -0.2208603 -0.2113435 -0.911839 -0.3744786 0.1682715 -0.914898 -0.368256 0.1653755 -0.9701267 0.1861532 0.1555672 -0.9570577 -0.2280737 -0.1789495 -0.967057 0.1885057 0.1710744 -0.950863 -0.220803 -0.2170383 -0.9762049 0.05403059 0.2100109 -0.954075 -0.2279012 -0.1944274 -0.9630108 -0.1716052 -0.2077542 -0.9681506 -0.07250034 -0.2396419 -0.9779556 0.02267295 0.2075785 -0.9205099 -0.2198584 0.322992 -0.9504163 -0.2314984 -0.2076471 -0.9240735 -0.1972644 0.3273758 -0.9470903 -0.3108893 -0.0797981 -0.9312923 -0.3221596 -0.1700235 -0.9052261 0.3989244 0.1463732 -0.8698292 0.4680852 0.1558635 -0.8880903 -0.3252091 0.3248611 -0.8979658 -0.2813101 0.3384113 -0.9159437 -0.3649951 0.1668105 -0.9102882 -0.4136598 0.01615756 -0.9778022 0.005560159 0.2094565 -0.9482759 -0.3112885 0.06222802 -0.9780176 -0.007523536 0.2083865 -0.9564124 -0.2362 -0.1717115 -0.9755188 0.04327416 0.2156162 -0.9529057 -0.2317286 -0.1956338 -0.9530291 -0.2358562 -0.1900192 -0.9699413 0.1850293 0.1580444 -0.9573399 -0.2375267 -0.1645644 -0.9634868 -0.2379872 -0.1226993 -0.9655054 -0.1735063 -0.1941519 -0.9648787 -0.1800333 -0.1913036 -0.9759463 -0.1367782 -0.1697661 -0.9757667 0.03491538 0.2160101 -0.9773105 -0.01523661 0.211263 -0.9390245 -0.3226686 -0.1188192 -0.9770643 -0.009983539 0.2127106 -0.9219366 -0.2234547 0.3163872 -0.9136039 -0.3776144 0.1507827 -0.9423524 -0.1112731 0.3155794 -0.7713943 -0.5176188 0.3701643 -0.9777346 -0.1406577 -0.1557259 -0.966302 -0.1812634 -0.1827675 -0.7679029 -0.5222651 0.3708964 -0.9663456 -0.1853497 -0.1783863 -0.7710979 -0.5117129 0.3788903 -0.8227517 -0.1958847 0.5335813 -0.7373437 -0.5576866 0.3811952 -0.7165742 -0.5806679 0.3864533 -0.7329183 -0.5634028 0.381324 -0.8587244 -0.2463936 0.4493135 -0.8455428 -0.2329052 0.4804295 -0.977187 0.1335242 0.1651568 -0.8974478 -0.2921622 0.3304974 -0.8832357 -0.3516907 0.3101746 -0.979374 0.1106861 0.1690419 -0.9670222 -0.1903064 -0.1692678 -0.9795131 0.1315214 0.1525006 -0.9732364 0.1513227 0.1729521 -0.9671016 -0.1860662 -0.1734753 -0.9192653 -0.2283248 0.320654 -0.9677983 -0.1924175 -0.1623021 -0.8138671 -0.4577236 0.357924 -0.9672016 -0.1904904 -0.1680315 -0.8816382 -0.3397468 0.3275454 -0.8522083 -0.2877408 0.4369739 -0.8535408 -0.2849954 0.4361716 -0.8792575 -0.3289559 0.3445205 -0.8970185 -0.3041173 0.3207342 -0.7376129 -0.5704239 0.3613084 -0.8847151 -0.3557201 0.3012347 -0.7730612 -0.5280814 0.351435 -0.9810073 0.09385049 0.169755 -0.950949 -0.2627411 -0.1632885 -0.9602155 -0.2656803 -0.08602517 -0.9725702 -0.198283 -0.1216184 -0.9917015 -0.06271117 -0.1122297 -0.9807049 0.0965113 0.1700107 -0.9755504 -0.1399416 -0.1694638 -0.9532038 -0.2989845 0.04484158 -0.7158442 -0.5954987 0.364621 -0.7391275 -0.570189 0.3585738 -0.9164184 -0.40014 -0.008077085 -0.9185432 -0.3623449 0.1580654 -0.8517082 -0.2956842 0.4326246 -0.8527714 -0.29404 0.4316496 -0.9824079 0.07917404 0.1691339 -0.9783409 -0.1509722 -0.1416208 -0.8179788 -0.4533689 0.3540726 -0.9920961 -0.06988358 -0.1042194 -0.9769521 -0.143032 -0.1584501 -0.9775925 -0.1489756 -0.1487246 -0.7728515 -0.5225038 0.3601253 -0.9768966 -0.1485139 -0.1536768 -0.9842633 0.0909093 0.1515297 -0.9924619 -0.07351154 -0.09805899 -0.9791966 0.1305558 0.1553359 -0.955995 -0.2705918 -0.1133735 -0.917402 -0.3748615 0.1336125 -0.9831754 0.07093048 0.1683304 -0.9833163 0.06729185 0.1689995 -0.981264 0.08871972 0.1710258 -0.9656112 -0.2181547 -0.1414343 -0.9812416 -0.1624084 -0.1038672 -0.9855597 0.07625877 0.1511842 -0.9842265 0.08974272 0.1524617 -0.8250604 -0.2476243 0.5078954 -0.8273544 -0.2275043 0.513543 -0.9277201 0.343688 0.1456506 -0.7932754 -0.1985057 0.575595 -0.9112508 0.3833598 0.1505231 -0.8866226 -0.3583396 0.2923924 -0.8972226 -0.3130561 0.3114283 -0.9446227 -0.1153541 0.3072158 -0.9551658 -0.1568098 0.2511355 -0.9713894 -0.05227261 0.2316681 -0.9686207 -0.2323468 -0.08825474 -0.9697161 -0.2267263 -0.09080624 -0.9713017 -0.054452 0.231534 -0.7628613 -0.1805332 0.6208465 -0.7967746 -0.2023914 0.569375 -0.7621334 -0.1775313 0.6226037 -0.986226 0.06806588 0.1507489 -0.8874992 -0.3584027 0.2896422 -0.9856219 0.07500559 0.151406 -0.896767 -0.3186428 0.3070435 -0.825103 -0.247 0.50813 -0.9862627 0.06685388 0.1510514 -0.7947843 -0.2265881 0.563006 -0.8508754 -0.3053261 0.4275359 -0.8514025 -0.3046253 0.4269862 -0.9877133 0.04668301 0.1491413 -0.9839532 0.05030107 0.1711896 -0.7575538 -0.2041729 0.6200207 -0.7943139 -0.2250186 0.5642979 -0.932824 0.3297459 0.1452823 -0.8501599 -0.312446 0.4237991 -0.9358891 0.3214023 0.1442646 -0.850121 -0.3125633 0.4237903 -0.976207 -0.1759804 -0.1266912 -0.921465 -0.2334555 0.3104847 -0.9786942 -0.1936361 -0.06828379 -0.9290033 -0.3695099 -0.02037543 -0.9234113 -0.3557519 0.1440566 -0.9199876 -0.2444475 0.3063793 -0.9610276 -0.2739315 0.03724747 -0.9992458 0.01535499 -0.03566437 -0.9592362 -0.1660876 0.2286502 -0.9918105 -0.06849807 -0.1077952 -0.9671372 -0.100481 0.2335576 -0.9934782 -0.09343004 -0.06535851 -0.985184 0.01362723 0.1709583 -0.97758 -0.1943165 -0.08110791 -0.9841373 0.03866463 0.1731443 -0.9855155 0.02011388 0.1683882 -0.8887436 -0.3594685 0.2844595 -0.8957709 -0.3291515 0.2987537 -0.823316 -0.2588883 0.5051016 -0.9416006 0.3046555 0.1434335 -0.824387 -0.2532234 0.5062252 -0.9402906 0.3084641 0.1438875 -0.8215412 -0.2741858 0.4998922 -0.7554703 -0.2150821 0.6188735 -0.793587 -0.2336736 0.5617973 -0.9888569 0.01672923 0.1479263 -0.7923337 -0.2347661 0.5631093 -0.9234606 -0.3633659 0.1232306 0.9447346 -0.240431 -0.2228662 0.950581 -0.2418035 -0.1947482 0.9837123 -0.02189177 0.1784123 0.9124328 -0.3288866 0.2435156 0.9832656 -0.03725546 0.1783277 0.8970921 -0.3754134 0.2330034 0.9122014 -0.3297518 0.2432127 0.9833301 -0.03418606 0.1785867 0.8235976 -0.4515471 0.3432088 0.9123263 -0.3331755 0.2380228 0.8979986 -0.3810564 0.2199878 0.7567462 -0.5534701 0.3478592 0.828078 0.4846152 0.281842 0.9506015 -0.2497154 -0.1843883 0.8593988 0.5035585 0.08867049 0.852943 0.5138062 0.09214967 0.8452605 0.526059 0.09378987 0.9474331 -0.2422745 -0.2089826 0.9825059 -0.04921716 0.1796103 0.9821845 -0.05743527 0.1789267 0.9715174 -0.170229 -0.1648515 0.9163004 -0.3853515 0.1090775 0.8597082 -0.3904783 0.329285 0.8247202 -0.4573324 0.3326916 0.9527559 -0.2507086 -0.1714686 0.8666387 0.4907323 0.09010642 0.8660582 0.4903821 0.09730654 0.9473664 -0.2501241 -0.1998374 0.9882538 0.02022504 0.1514772 0.952838 -0.2533987 -0.1669994 0.9481668 -0.2513349 -0.1944498 0.9876719 0.02429401 0.154642 0.9529905 -0.2584584 -0.1581397 0.8265165 -0.4560014 0.3300505 0.7577972 -0.5612849 0.3327203 0.9495924 -0.2538397 -0.1839555 0.8738878 -0.3169845 0.368566 0.9883689 -0.007698416 0.1518808 0.8793988 -0.2911149 0.3767091 0.9882792 -0.004194736 0.1525999 0.9806534 -0.07173115 0.1821362 0.855435 -0.2719632 0.4407572 0.7969592 -0.1794191 0.5767711 0.8515227 -0.2680424 0.4506243 0.8605918 -0.394113 0.3225784 0.8995771 -0.385063 0.2061253 0.9132917 -0.3393241 0.2252944 0.9057899 -0.2740016 0.3232145 0.9882603 -0.02434808 0.1508264 0.9124988 -0.4051997 -0.05620652 0.9880744 -0.02074801 0.1525723 0.9559268 -0.2936027 -0.001169979 0.9252222 -0.3596737 0.1208248 0.9877546 -0.03914999 0.1510236 0.9529939 -0.2682766 -0.1408202 0.9520961 -0.2585801 -0.1632465 0.9878013 -0.03586423 0.1515336 0.9440463 0.2961978 0.1450633 0.8791586 -0.2992317 0.3708645 0.8734219 -0.3259661 0.361774 0.8531475 -0.2854565 0.4366394 0.8534647 -0.288404 0.434075 0.7946112 -0.2052244 0.5713807 0.9487707 0.2840834 0.1383146 0.9616887 0.2364162 0.1387888 0.8789414 -0.3050135 0.3666453 0.8736788 -0.3296179 0.3578231 0.9207959 -0.3795926 0.08968937 0.9638792 0.2280203 0.1376361 0.793691 -0.2165977 0.5684539 0.8532427 -0.2925286 0.4317452 0.9875599 -0.04225456 0.1514592 0.852612 -0.293335 0.4324434 0.9666715 -0.172559 -0.1891286 0.9714991 -0.1786015 -0.155856 0.9875278 -0.04555052 0.1507121 0.9869856 -0.05450016 0.1512914 0.9857122 -0.07787185 0.1493565 0.8738541 -0.3321728 0.3550216 0.8525345 -0.2966978 0.4302969 0.8781133 -0.3123556 0.3624241 0.9869724 -0.0577929 0.1501514 0.9683226 -0.1758635 -0.1772665 0.9719051 -0.1806426 -0.1508934 0.8742246 0.4757529 0.09690505 0.8874871 0.4514591 0.09247332 0.1866222 0.08210015 0.9789952 0.8880832 0.4517845 0.0848459 0.9701149 -0.1695581 0.173572 0.9146465 -0.3438801 0.2125281 0.902341 -0.3853126 0.1931709 0.9685422 -0.1789575 -0.1729168 0.9531983 -0.1446022 0.2655246 0.9382806 -0.2252057 0.2625107 0.9725866 -0.1847467 -0.1412225 0.9852846 -0.08057349 0.1507382 0.7930542 -0.225708 0.5657922 0.852581 -0.2981351 0.42921 0.9736275 -0.1926672 -0.1221841 0.9165264 -0.300166 0.2643477 0.9312046 -0.2481368 0.2669948 0.9689373 -0.1848702 -0.1642668 0.9587045 -0.2839713 -0.01568168 0.9233826 -0.377871 -0.06766045 0.8746226 -0.3365582 0.3489469 0.8773072 -0.3238744 0.3541715 0.9728378 0.1879156 0.1351827 0.8516209 -0.3037437 0.4271786 0.9742489 0.1823458 0.1326243 0.8658276 -0.3923454 0.3104958 0.9317949 -0.3574317 -0.0632525 0.9645425 -0.2637417 -0.009902298 0.9694186 -0.1963796 -0.1471821 0.9818322 0.1380147 0.1302212 0.9821951 0.135707 0.1299092 0.9260365 -0.3645961 0.09760087 0.9303526 -0.3563526 0.0863527 0.7828862 -0.5938455 0.1855714 0.7920686 -0.2407734 0.5609416 0.8368119 -0.4494137 0.312687 0.8284227 -0.4662958 0.3102968 0.8519038 -0.304881 0.4258019 0.7596226 -0.5710571 0.3112351 0.9879963 -0.09671628 -0.1204554 0.9754244 0.03658342 -0.2172762 0.9872499 -0.09096091 -0.1306284 0.9836242 0.1258947 0.1289728 0.9337483 -0.3470842 0.08744537 0.9833792 0.1275378 0.1292262 0.9302985 -0.3565173 0.0862568 0.9125866 0.3972988 0.09664118 0.923914 0.3734358 0.08323746 0.9881164 -0.1003317 -0.1164458 0.9337281 0.3464885 0.0899862 0.9876567 -0.09467828 -0.1247804 0.6763491 0.271675 0.6846492 0.9419665 0.3238921 0.08827775 0.906327 -0.3826224 0.1793639 0.9370999 0.3372471 0.09004545 0.9166713 -0.346937 0.1983645 0.9391511 0.3228472 0.1173241 0.9559709 0.2813957 0.08328354 0.9465975 0.3155583 0.06615221 0.9450312 0.3149798 0.08777117 0.9986115 -0.004714727 -0.05246788 0.9945145 -0.05250376 -0.09046649 0.9945804 -0.05071103 -0.09076428 0.9882872 -0.1073173 -0.1084964 0.9883857 0.08673846 0.1247803 0.9881575 -0.1006115 -0.1158538 0.9891703 -0.1163476 -0.08947181 0.9882694 0.08759975 0.1250998 0.8750115 -0.3415388 0.3430832 0.8758329 -0.3375968 0.344884 0.9644258 -0.1756985 0.1975169 0.943564 -0.2693163 0.1927578 0.9721966 -0.1864854 0.1416225 0.9949051 -0.05792349 -0.08251512 0.9947499 -0.06004458 -0.08286958 0.8502123 -0.315065 0.4217501 0.8502205 -0.3150624 0.4217355 0.991601 0.04623305 0.1207889 0.9913904 0.04940658 0.1212596 0.9879482 -0.1165932 -0.1018052 0.9952561 -0.07191771 -0.06552213 0.9121991 -0.3064818 0.2719592 0.8712499 -0.4104722 0.2691399 0.9948725 -0.07419639 -0.06872814 0.9242853 -0.3301097 0.1916356 0.9414627 -0.2751184 0.1948276 0.9749587 -0.2223542 -0.003741145 0.9425377 -0.3264305 -0.0711745 0.9930439 0.01494151 0.116793 0.910335 -0.3764117 0.1720593 0.9927856 0.01980912 0.1182552 0.9933832 -0.01346147 0.1140549 0.9398634 -0.3317663 0.0811668 0.9358445 -0.3403358 0.09146946 0.9933607 -0.007323384 0.1148075 0.9120187 -0.3707353 0.1754345 0.7455724 -0.3753985 -0.550634 0.9190856 -0.3468719 0.1869804 0.7529364 -0.2041547 -0.6256257 0.9709215 -0.1871486 0.1492879 0.8740193 -0.3522014 0.3347303 0.7458839 -0.3747723 -0.5506387 0.8747979 -0.3483408 0.3367304 0.6798896 -0.4645712 -0.5673832 0.6613768 -0.4644576 -0.5889481 0.9933016 -0.02338486 0.1131597 0.8470399 -0.3301601 0.4165546 0.8478012 -0.3299452 0.4151738 0.993274 -0.03029495 0.1117542 0.7212315 -0.4419017 -0.5334304 0.9988488 -0.01020574 -0.04687219 0.8156409 -0.2162759 -0.536614 0.9988945 -0.01301133 -0.04517191 0.9930856 -0.03794085 0.1110925 0.7554076 -0.4235901 -0.4999308 0.999149 -0.02577966 -0.0321983 0.9928629 -0.04534059 0.1103062 0.6893484 -0.4619295 -0.5580502 0.9990993 -0.02882432 -0.03114205 0.960888 0.2618113 0.09027332 0.2936649 0.06635409 0.9536027 0.8404749 -0.2072917 -0.5006318 0.8462675 -0.2061599 -0.4912529 0.9631417 0.2625029 0.05873936 0.9633848 -0.2634064 -0.0500698 0.9848451 -0.1726521 0.01647436 0.4046738 0.08455711 0.9105433 0.9704828 0.2253 0.08604127 0.9482575 -0.3007209 0.1018551 0.9744735 0.2084351 0.08340346 0.8440857 -0.3489135 0.4071593 0.8516442 -0.2148831 -0.4780454 0.9929047 -0.04415965 0.1104088 0.8729646 -0.3598258 0.32933 0.6328673 -0.4859032 -0.6028078 0.9926411 -0.05182093 0.1094455 0.8735469 -0.3568277 0.3310434 0.6440074 -0.4638438 -0.6083613 0.6502164 -0.4883235 -0.5820298 0.948629 -0.3039546 0.08783334 0.9474705 -0.2851457 0.1448851 0.7773232 -0.4225195 -0.4660965 0.8431789 -0.3475325 0.4102079 0.9472537 -0.286235 0.1441522 0.7156894 -0.4596315 -0.5258589 0.992448 -0.05611753 0.1090757 0.6773693 -0.4483751 -0.5832072 0.6565741 -0.4852374 -0.5774558 0.9253387 -0.3275369 0.1909654 0.92225 -0.3411211 0.1819097 0.9920976 -0.06422036 0.1077868 0.6832335 -0.4740353 -0.555412 0.9153289 -0.3609911 0.178489 0.8717713 -0.3662235 0.3254153 0.8797107 -0.4015756 0.2546489 0.8726561 -0.3617092 0.328082 0.7842161 -0.4183264 -0.4582664 0.8426633 -0.4737052 0.2559729 0.7449755 -0.4434168 -0.4983905 0.8090532 -0.5301781 0.2536618 0.7503051 -0.4431921 -0.4905334 0.8559731 -0.4509772 0.2528435 0.923479 -0.3311154 0.1937758 0.9971402 0.07328873 0.01844108 0.8868309 -0.4207912 0.19096 0.8393262 -0.3808624 -0.3879115 0.8415146 -0.3585193 0.4041251 0.840911 -0.359768 0.4042718 0.8628392 -0.2553779 -0.436223 0.7907159 -0.418537 -0.4467607 0.9976388 0.06428354 0.02417606 0.9906556 -0.08755618 0.1045728 0.759916 -0.4372969 -0.4809358 0.9974294 0.06818699 0.02202701 0.9911821 -0.07876265 0.1065569 0.9846994 0.1659688 0.05311679 0.9830762 0.1656423 0.07825481 0.9808223 -0.1946659 -0.009634971 0.9800016 0.1797283 0.08540898 0.70937 -0.471733 -0.5237004 0.9891732 -0.1432023 0.03208488 0.9879338 0.1328251 0.07965081 0.6889554 -0.4710121 -0.5508975 0.7088698 -0.4720048 -0.5241326 0.7388662 -0.4553166 -0.496753 0.9978314 0.05936187 0.02843576 0.9894335 0.1217983 0.07865351 0.9982995 0.04602426 0.03577381 0.9913949 0.1220996 0.04720062 0.7442346 -0.454977 -0.4889895 0.9872937 -0.1577252 0.01933938 0.9899731 0.112524 0.08539062 0.7161439 -0.4684272 -0.5174108 0.9906112 0.1126112 0.07751184 0.9892229 0.1230406 0.0793671 0.9569194 -0.2661935 0.1159582 0.809873 -0.4177924 -0.4117708 0.958429 -0.2613914 0.1144042 0.92891 -0.3419135 0.1422019 0.7873764 -0.420847 -0.4504735 0.9616469 -0.2410164 0.1309434 0.9288834 -0.3421871 0.1417161 0.8581508 -0.3780886 -0.3473127 0.9074527 -0.2082849 -0.364893 0.8622992 -0.4722961 0.1826924 0.9982728 0.04196929 0.04110765 0.890253 -0.4175406 0.1819603 0.6999283 -0.4521684 -0.552851 0.8934073 -0.4269609 0.1397419 0.7294453 -0.4368842 -0.5263476 0.8022525 -0.5687285 0.1814904 0.9615458 -0.2421392 0.1296079 0.8670399 -0.4641767 0.1810575 0.8129319 -0.3697898 0.4498858 0.7203873 -0.4421529 -0.5343623 0.9934249 0.08481007 0.07690274 0.7365702 -0.4333979 -0.5192596 0.996279 0.04659301 0.07250803 0.7234936 -0.4671112 -0.5082953 0.8978341 0.06880033 0.4349259 0.9943156 0.07687997 0.07366067 0.9242642 -0.3381965 0.1770848 0.7528337 -0.4511459 -0.4792795 0.3605388 0.01072627 0.9326825 0.4181401 0.01593452 0.9082428 0.9276187 -0.1964033 -0.3177252 0.9965441 0.04111248 0.072178 0.8717981 -0.3657072 0.3259239 0.8701337 -0.3749536 0.319808 0.9300825 -0.1987363 -0.3089505 0.8940485 -0.4265435 0.1368868 0.6992499 -0.4265306 -0.5736908 0.7008003 -0.4391819 -0.5621373 0.9823453 0.1534882 0.1069536 0.6972394 -0.4337271 -0.5707346 0.5402557 0.006162464 0.8414784 0.9975283 0.01337867 0.06898045 0.9882091 0.1293056 0.08199244 0.9973878 0.01706296 0.0701887 0.9881649 0.129727 0.08186066 0.7255153 -0.442212 -0.5273292 0.7439038 -0.4321315 -0.5097739 0.803524 -0.5791261 0.1377031 0.7324149 -0.41344 -0.5409582 0.869611 -0.4743391 0.1370376 0.8704282 -0.4727027 0.1375026 0.7304534 -0.424748 -0.5348149 0.9976749 -0.01209896 0.06707108 0.724278 -0.4275407 -0.5409532 0.9976782 -0.00999695 0.067366 0.7378852 -0.4207953 -0.5276899 0.9886811 0.1239811 0.08448952 0.7771653 -0.01012641 0.629215 0.9893355 0.1170805 0.08664441 0.7339873 -0.4390424 -0.5181742 0.9776288 -0.1871104 0.09608155 0.7397812 -0.409617 -0.5337955 0.9766533 -0.1965351 0.08672976 0.7290219 -0.4282727 -0.5339564 0.8392741 -0.3700712 0.3983296 0.745154 -0.419675 -0.5182841 0.7637248 -0.3857818 -0.5175876 0.7733497 -0.3758012 0.5105915 0.8370998 -0.3717473 0.4013326 0.7536477 -0.3966879 -0.5240744 0.7374281 -0.4252423 -0.5247558 0.9894619 0.1140258 0.08923685 0.7519693 -0.4516828 -0.48013 0.9895962 0.1124675 0.0897243 0.9974784 -0.02727115 0.06552273 0.9974933 -0.0260306 0.06579816 0.9236162 -0.0256161 0.3824615 0.7720434 -0.4511301 -0.4476948 0.975286 -0.04028618 0.2172425 0.997105 -0.04052859 0.06433475 0.8180801 -0.4274472 -0.3847517 0.981749 0.1532613 0.112605 0.997089 -0.04101264 0.06427615 0.8752248 -0.3777998 -0.3020742 0.9968655 -0.04693889 0.06368577 0.9833616 0.1455368 0.1087157 0.9968732 -0.04673635 0.0637142 0.9833801 0.1399838 0.1156207 0.9875488 -0.04658973 0.1502555 0.9906577 0.09425562 0.09855538 0.9900264 0.103403 0.09568518 0.9517771 -0.2958698 0.08112657 0.9531467 -0.2911276 0.08219587 0.8464911 -0.4066953 -0.3435865 0.9963372 -0.05829471 0.06256228 0.996301 -0.0582931 0.06313562 0.877702 -0.3785688 -0.293811 0.9836625 0.1365048 0.1173647 0.9948663 -0.08126008 0.06031435 0.9963192 -0.05866879 0.06249755 0.851686 -0.4021583 -0.3360056 0.9949808 -0.07990062 0.06024253 0.7613418 -0.4354835 -0.4803258 0.573435 -0.1000102 0.8131238 0.7629218 -0.422467 -0.4893587 0.9805868 -0.1895783 0.05009454 0.9949337 -0.07989752 0.06101828 0.9325903 -0.3523745 0.07815027 0.9834799 0.1360367 0.1194204 0.8892116 -0.4102053 -0.2025696 0.9398164 -0.2259954 -0.2562635 0.9033628 -0.3500241 -0.2478283 0.9842996 0.1306405 0.1186903 0.9059155 -0.3751301 -0.196455 0.9327595 -0.3518514 0.07848697 0.985082 0.1203722 0.1229798 0.8935061 -0.4424988 0.07643198 0.7624058 -0.4233719 -0.4893809 0.9839669 0.1270183 0.1252018 0.7659787 -0.4092884 -0.4957416 0.8961029 -0.4365097 0.0803672 0.8123558 -0.5783803 0.0745266 0.7638877 -0.4129583 -0.4959243 0.9905183 0.08555066 0.1074922 0.8675143 -0.4907117 0.08137005 0.7708828 -0.392327 -0.501816 0.8717662 -0.4830427 0.08181411 0.9859682 0.1041861 0.1304299 0.8082985 -0.5828228 0.08349359 0.8126794 -0.4380939 -0.3842211 0.9814153 -0.1856436 0.04858362 0.8147686 -0.400825 -0.4189171 0.9320122 -0.2983829 0.2057203 0.9815194 -0.1856617 0.04636341 0.9291523 -0.3139172 0.195274 0.7965818 -0.4343526 -0.4204705 0.9550361 -0.2934273 0.04250264 0.9304357 -0.3088862 0.1971769 0.9558753 -0.2898989 0.04755079 0.9644643 -0.2180149 0.1492582 0.9560664 -0.2899528 0.04317903 0.9642395 -0.218904 0.1494101 0.9347742 -0.3528521 0.04114168 0.8415629 -0.4169467 -0.3434056 0.6598464 -0.2500147 0.708587 0.8943217 -0.4454818 0.04164808 0.8142626 -0.4368942 -0.3822302 0.2831976 -0.1189319 0.9516587 0.932015 -0.2983606 0.2057404 0.9342224 -0.3544171 0.04021239 0.9849001 0.105 0.1376475 0.8930484 -0.4470155 0.05139803 0.845894 -0.4143248 -0.3358547 0.8934174 -0.4471799 0.04284346 0.8178393 -0.4362896 -0.3752202 0.868146 -0.4942239 0.04544514 0.8018844 -0.5953204 0.05074548 0.8664451 -0.4972047 0.04539138 0.9725034 0.1949682 0.1273755 0.7092191 -0.5205615 0.4754199 0.8659839 -0.4969704 0.05561035 0.8128585 -0.3100996 0.4930511 0.7518619 -0.241505 0.6134973 0.7922078 -0.431895 -0.4311305 0.7730132 -0.4098585 0.4842174 0.7505528 -0.03107458 0.6600794 0.8321886 -0.4038259 -0.3799826 0.8094034 -0.3556765 0.4672905 0.8177593 -0.2866123 0.4991222 0.8098105 -0.3387731 0.4789986 0.8685952 -0.3810626 0.316755 0.9811935 -0.03565931 0.1897044 0.9830093 -0.1082071 0.1482696 0.870159 -0.3712153 0.3240718 0.9880656 -0.1521664 0.02391135 0.962876 -0.2146846 -0.1636471 0.9958068 -0.08713692 0.02785801 0.9976618 -0.007030963 0.06798321 0.8343181 -0.3904564 0.3891749 0.9860297 -0.1462671 0.07969558 0.8320495 -0.3901166 0.3943381 0.9796675 0.004399478 0.2005797 0.9915599 0.01930373 0.1282047 0.7380251 -0.3668912 0.5663124 0.8646479 -0.4098144 -0.2905791 0.7915132 -0.4071531 0.4557777 0.9141224 -0.353821 -0.1979666 0.7886039 -0.434834 0.4347683 0.741338 -0.2251579 0.6322356 0.9735259 -0.1935464 -0.1216025 0.788924 -0.4459336 0.4227791 0.7581843 -0.5149285 0.4000065 0.722826 -0.5010732 0.4758657 0.9743369 0.1773132 0.1386638 0.730481 -0.398963 0.5542798 0.7713427 -0.4920613 0.4036163 0.7462527 -0.5697547 0.3442186 0.8907288 -0.3837566 -0.243584 0.7708134 -0.5019492 0.3922929 0.977916 0.1533631 0.1419862 0.9739915 0.1782104 0.1399344 0.8356286 -0.4033747 -0.3728454 0.8215668 -0.4139689 -0.3919921 0.825941 -0.4119238 -0.38489 0.9662449 -0.1781646 0.1860868 0.8017738 -0.4150576 -0.4299837 0.8087332 -0.3947207 -0.4360575 0.8322429 -0.3940607 -0.3899845 0.815945 -0.3812193 -0.4346328 0.9592022 0.2386239 0.1516237 0.9749226 -0.1918817 -0.1127265 0.8237223 -0.4024394 -0.3994045 0.9795317 0.1392219 0.1453784 0.8232864 -0.3613123 -0.4377818 0.797594 -0.4087982 -0.4435403 0.9736293 0.1745179 0.1469337 0.8327767 -0.3855372 -0.3972958 0.8346003 -0.3957331 -0.3831939 0.8672934 -0.3835507 0.3173188 0.8290721 -0.3986049 -0.3921145 0.8685348 -0.3743144 0.324863 0.9340693 -0.28192 0.2191703 0.8259283 -0.3925855 -0.4046221 0.836104 -0.3853775 -0.3904026 0.9327362 -0.2882713 0.2165709 0.830138 -0.3908437 -0.3976333 0.9796517 0.1292797 0.1535232 0.975413 0.1614949 0.1499627 0.9760793 -0.2029378 -0.0780093 0.7971532 -0.3931986 -0.4581937 0.8207421 -0.3505769 -0.4510856 0.839758 -0.3663031 -0.4007848 0.9800512 0.123862 0.1554273 0.9193742 -0.3603112 -0.1578832 0.9756966 0.1569786 0.1528851 0.9102091 -0.3600105 -0.2047239 0.9344897 -0.2653005 0.2373703 0.9642668 -0.1816956 0.1928117 0.9521005 -0.3027109 -0.04325103 0.8299707 -0.4055525 0.3829827 0.8272353 -0.4091361 0.3850838 0.8490983 -0.4114794 -0.3312352 0.8592199 -0.4210262 -0.2906515 0.8668404 -0.3853279 0.316402 0.8648692 -0.3800335 -0.3279872 0.8264428 -0.4156951 0.3797234 0.8683378 -0.373838 0.3259364 0.9336524 -0.3381254 -0.1181709 0.826192 -0.4143881 0.3816928 0.9159082 -0.3653952 -0.166128 0.9807144 0.1132663 0.1592798 0.9762023 0.1479919 0.1585162 0.8858386 -0.394677 -0.2439673 0.9433014 0.2938506 0.1543832 0.8602536 -0.4200432 -0.2890111 0.9618006 0.2183454 0.1651206 0.8448372 -0.3405704 -0.4126279 0.8247444 -0.378628 -0.4200448 0.8495635 -0.3375331 -0.4053555 0.8420132 -0.3682156 -0.3942476 0.8298662 -0.3752783 -0.4129022 0.9132251 0.382363 0.1407782 0.9350564 -0.3371115 -0.1096602 0.8397286 0.5293279 0.1211107 0.9183818 -0.3628758 -0.1577847 0.7274049 0.6770814 0.1115481 0.8383593 -0.4221391 -0.3448946 0.8755335 -0.3898647 -0.2853887 0.981659 0.09241235 0.16675 0.9768493 0.1303114 0.1696597 0.8663233 -0.3996552 -0.2995992 0.9610565 0.2194505 0.1679633 0.9684933 0.1854422 0.1662284 0.8583261 -0.3769778 -0.3480862 0.8645438 -0.3643935 -0.3460944 0.9626647 -0.1480337 0.2266335 0.8468624 -0.4064376 -0.3429761 0.8748362 -0.3826569 -0.2970442 0.9856811 -0.02513551 0.1667359 0.8675194 -0.390424 -0.3081867 0.8746721 -0.3761436 -0.30572 0.9468932 0.2719033 0.1716445 0.8419294 -0.4026097 -0.3592495 0.9565527 0.2349264 0.172675 0.8688762 -0.3823942 -0.3143703 0.9297432 -0.3465042 -0.1245481 0.9373894 -0.3398122 -0.07634538 0.9775724 0.00773102 0.2104578 0.7446217 0.63834 0.195091 0.8916483 -0.4026625 -0.2069452 0.95868 0.2263423 0.1723424 0.8817581 -0.3991879 -0.2512999 0.9522352 0.2499293 0.1754522 0.9723663 0.1599355 0.1700714 0.5625723 -0.826726 -0.00604391 0.9721021 -0.2334793 0.02247059 0.9770246 -0.2100434 0.03611874 0.9786844 -0.2010263 0.04201287 0.9274182 -0.3734275 -0.02115368 0.9620316 0.2038042 0.181546 0.9353002 -0.3534328 -0.01728409 0.960922 -0.276722 0.00733906 0.9596259 -0.153611 0.2356305 0.9321074 -0.3501265 -0.0926671 0.9581846 -0.1418744 0.2485032 0.9453698 -0.3231298 -0.04316294 0.865705 -0.3762331 0.3301567 0.9541667 0.238301 0.1810486 0.9093041 -0.381065 -0.1671994 0.9445986 0.2724668 0.1830175 0.8868975 -0.4082537 -0.2161985 0.9660571 0.1804715 0.1848341 0.9806612 -0.1883211 0.05328053 0.9725805 0.1415411 0.1845355 0.8647226 -0.3866826 0.3205173 0.8897403 -0.4062026 -0.2082347 0.9320408 -0.2471449 0.2649894 0.9109328 -0.3806599 -0.1590583 0.9321315 -0.2595635 0.2525029 0.955874 0.2303885 0.1822802 0.8798415 -0.4030647 -0.2518289 0.8997808 -0.381334 -0.2120824 0.9553379 0.2325029 0.1824056 0.8878353 -0.3785884 -0.2615707 0.9805963 -0.1788554 0.08026033 0.8215151 -0.4268604 0.3780252 0.9795861 -0.1843164 0.08023983 0.7530285 -0.4889074 0.440361 0.8536157 -0.3806304 -0.3556132 0.825352 -0.4212296 0.3759784 0.8801341 -0.3595437 -0.3099875 0.7628782 0.6155379 0.1978127 0.8579365 -0.3565721 -0.3698666 0.9566985 0.2248874 0.1848071 0.9023267 -0.3796768 -0.2040883 0.8908829 -0.3928581 -0.2280139 0.8663532 -0.3721452 -0.3330765 0.956625 -0.1392025 0.2559127 0.9789327 -0.190223 0.07420194 0.8537899 0.4975142 0.1533703 0.9388071 -0.3380016 -0.06630325 0.9740594 0.1269438 0.1873334 0.9664323 0.1696974 0.1929027 0.9455898 -0.3249082 -0.0171656 0.8926064 -0.3932314 -0.2205058 0.9683009 0.1561701 0.1949467 0.8886533 -0.3704485 -0.2703018 0.9736983 0.1166341 0.1957244 0.878894 -0.3968968 -0.2646098 0.8987103 -0.3764041 -0.2250332 0.7866746 0.5849713 0.1973619 0.9387373 -0.3418786 -0.04348903 0.8082032 0.5545455 0.1982094 0.9740356 0.1109853 0.1973243 0.9500473 -0.3120298 0.006894171 0.9684548 0.1515282 0.1978244 0.8914878 -0.3857119 -0.2376463 0.8896636 -0.3632959 -0.2766128 0.9242107 0.3365973 0.1803801 0.8785302 -0.3911556 -0.2741936 0.8981823 -0.3716684 -0.2348001 0.895556 -0.3813455 -0.2292487 0.8989216 -0.3799805 -0.2180706 0.936542 0.3021181 0.1778025 0.9423424 0.2849852 0.175426 0.9006774 -0.3704702 -0.2270067 0.8923445 -0.3792895 -0.2446646 0.9495199 -0.3129929 0.02115255 0.9745494 0.1000678 0.200599 0.9519724 -0.3042612 0.03426027 0.9687149 0.1423007 0.2033274 0.9657663 0.1929544 0.1733901 0.9416459 -0.3353642 -0.02887547 0.9035076 -0.3909193 -0.175659 0.9540296 0.2310057 0.1909552 0.9132169 -0.3868692 -0.1279348 0.8195809 0.5381326 0.1967241 0.8138878 0.5461832 0.1981678 0.9404698 -0.339465 -0.01673734 0.8435444 0.5021218 0.1905433 0.8217197 0.5349684 0.1964319 0.967839 0.1651601 0.1897627 0.8939764 -0.3800722 -0.2373842 0.9512453 -0.3058561 0.03980457 0.9605467 0.1994722 0.1938061 0.9419125 -0.3356822 -0.01087397 0.9646447 0.1899225 0.1827298 0.9582356 0.2042531 0.2001629 0.8690352 -0.3141356 -0.3822259 0.8594131 -0.3536676 -0.3692268 0.9653571 0.1690849 0.1987362 0.884434 -0.3355408 -0.3243283 0.8621907 -0.3279725 -0.3860847 0.9237441 -0.3711231 -0.09468042 0.975192 0.07869976 0.2068986 0.9688504 0.1242908 0.2141976 0.9055819 -0.3981304 -0.1463342 0.9657893 0.1627624 0.2018893 0.8919395 -0.3018371 -0.3366575 0.8696501 -0.3478627 -0.3502859 0.950884 -0.305397 0.05051994 0.9539688 -0.2913008 0.07132589 0.787693 0.584807 0.1937537 0.7895107 0.5831909 0.1912097 0.9432469 -0.3320925 5.51427e-5 0.9281579 -0.2392091 0.285135 0.9160235 -0.3750863 -0.1421656 0.9080206 -0.3748053 -0.1871356 0.8109152 0.5539832 0.1884653 0.9021624 -0.3937974 -0.1761437 0.8169922 0.5454969 0.1869676 0.8123895 0.5519741 0.1880104 0.8868783 -0.3548049 -0.295906 0.8837888 -0.3755037 -0.2791312 0.9026076 -0.3574494 -0.2398526 0.9714772 0.1383251 0.1926091 0.9069859 -0.3896859 -0.1597541 0.9616848 0.1793957 0.2073149 0.9692308 0.1420968 0.2009982 0.8616495 -0.384002 0.3318173 0.8892732 -0.3721156 -0.2659384 0.8206567 -0.4356259 0.3698009 0.8618751 -0.3783824 0.3376359 0.9654741 0.154882 0.2094549 0.9009149 -0.3901268 -0.1901403 0.9711687 0.1184208 0.2069008 0.9083791 -0.3688619 -0.1969476 0.9405176 -0.3392115 0.01903188 0.8845652 0.4280204 0.1853181 0.8163968 -0.4395734 0.3745284 0.9141947 -0.387029 -0.1202356 0.8183108 0.5434024 0.1873003 0.9239735 -0.3759425 -0.07028549 0.8932788 -0.3683325 -0.2576515 0.9027584 -0.3614281 -0.2332316 0.9277006 -0.2458917 0.2809069 0.926926 -0.2256736 0.2997993 0.9123663 -0.3779408 -0.1573164 0.9097355 -0.3792163 -0.1690457 0.9073429 0.3788427 0.1822281 0.930368 -0.3637346 -0.04596227 0.8262237 0.5319783 0.1853469 0.9138035 -0.3938476 -0.0992338 0.8245632 0.5342853 0.1861045 0.9141321 -0.369504 -0.1668211 0.9002619 -0.3863066 -0.200738 0.9803558 -0.03752148 0.1936355 0.9089964 -0.3633973 -0.2041274 0.9077323 -0.3799008 -0.178038 0.9700033 0.0338152 0.2407284 0.9421126 0.2754566 0.191174 0.9225915 -0.373834 -0.09525257 0.9176123 -0.3746977 -0.132624 0.954904 0.2421703 0.1717907 0.91387 -0.3877524 -0.1203732 0.9252771 0.3356183 0.1766993 0.9006389 0.3933253 0.1847827 0.911371 0.3696255 0.1810523 0.9177944 -0.387934 -0.0846216 0.9298643 -0.3664604 -0.0325455 0.9664298 0.1403372 0.2152183 0.9690408 0.1219907 0.2146584 0.9171275 -0.3918189 -0.07317852 0.9554279 0.2266125 0.1892203 0.9328104 -0.359854 -0.01923334 0.9531717 0.2353939 0.1898778 0.9614086 0.2030273 0.18567 0.915225 -0.3867705 -0.1130118 0.9655101 0.1432734 0.2174 0.9260019 -0.36879 -0.08071219 0.9182634 -0.3901685 -0.06753438 0.9724433 0.1032686 0.2090207 0.9694893 0.1145998 0.2166969 0.9327244 -0.3603208 -0.01393634 0.8891523 -0.3330453 -0.3138297 0.9704436 0.1067332 0.2164425 0.9717257 0.09232693 0.2173127 0.8877151 -0.3530727 -0.2954681 0.9671665 0.1293202 0.2187812 0.904267 -0.3405459 -0.2575456 0.9078335 -0.3372026 -0.2492644 0.8926494 -0.3490352 -0.285222 0.9125783 -0.3859507 -0.1350663 0.8450191 0.4989453 0.1923445 0.885779 0.4273757 0.1809574 0.9177469 -0.3704809 -0.1431239 0.9622936 0.195051 0.1895948 0.9202501 -0.3872049 -0.05667555 0.932557 -0.3610042 -0.003643929 0.9719548 0.08650594 0.2186791 0.9198693 -0.3762938 -0.11065 0.9671792 0.1243959 0.2215628 0.9168562 -0.3797556 -0.1231279 0.9499537 -0.1498155 0.2741229 0.9531875 -0.1194238 0.2777978 0.9249936 -0.3735969 -0.0693708 0.9149428 -0.3908575 -0.1005491 0.9697961 0.09566575 0.2243738 0.9691132 0.1019945 0.2245367 0.8927382 -0.3534308 -0.2794734 0.9722482 0.07528096 0.2215089 0.9259174 -0.3723051 -0.06376516 0.9671437 0.1147523 0.2268591 0.918718 -0.3852201 -0.08696371 0.9697149 0.0901575 0.2269902 0.9702807 0.08766263 0.225545 0.9059525 -0.3580464 -0.2259484 0.9700724 0.0897969 0.2256016 0.9044576 -0.3732794 -0.2064434 0.9704557 0.07847625 0.2281607 0.9701021 0.08245426 0.2282612 0.9696838 0.07231873 0.2334169 0.9181776 -0.3663254 -0.1508498 0.9207096 -0.3710234 -0.1209771 0.9118656 -0.3835579 -0.1462345 0.9708203 0.05652499 0.2330512 0.9695549 0.05880731 0.2377082 0.9187743 -0.3861898 -0.08192175 0.8589636 -0.3840797 0.3386212 0.8588988 -0.3766675 0.3470079 0.9153501 -0.3631551 -0.1739327 0.8161945 -0.4432114 0.3706618 0.8474341 0.4982191 0.1833935 0.9071806 -0.3702699 -0.1998089 0.8500172 0.4952491 0.1794411 0.9156744 -0.3795982 -0.1320821 0.7576966 -0.6336619 0.1561035 0.9715085 -0.1497513 0.1837001 0.969724 0.1575641 0.1865714 0.9715403 -0.1495411 0.1837037 0.9194422 -0.3807607 -0.09822106 0.9205641 -0.3751999 -0.1085668 0.9580862 0.1992873 0.2058039 0.8137145 -0.4457449 0.3730688 0.9241957 -0.3667844 -0.1064503 0.968437 0.05289006 0.2435823 0.9229471 -0.3754982 -0.08467566 0.9196451 -0.3804324 -0.09759181 0.9240914 -0.3782302 -0.05474513 0.9643102 0.1649581 0.2071103 0.9714542 0.1254906 0.2013178 0.9224776 -0.3796364 -0.07008087 0.9317908 -0.3626493 0.01585817 0.8581538 -0.3747656 0.3508887 0.9082509 0.378279 0.1788441 0.9237528 -0.3813141 -0.03578084 0.9302238 -0.3655703 -0.0322799 0.956982 -0.2314906 0.174922 0.8875051 0.4221089 0.1848205 0.9594292 -0.2206872 0.1754784 0.7414475 -0.5416032 0.3961334 0.9206682 -0.3793465 -0.09201329 0.8137 -0.4467613 0.3718825 0.8132894 -0.4480057 0.371283 0.9304933 0.3156589 0.1858536 0.922937 -0.3766209 -0.07964956 0.9231957 -0.3722754 -0.09550285 0.9153349 -0.3844099 -0.1199626 0.940346 0.2870526 0.1826202 0.9491922 0.2580848 0.1800734 0.919048 -0.3795181 -0.106381 0.9531737 0.2441886 0.1784148 0.9241398 -0.3713171 -0.0899406 0.7452613 0.6437776 0.1735972 0.9224689 -0.3774356 -0.08120113 0.7591607 0.6436854 0.09666496 0.9229441 -0.3785493 -0.06981837 0.7517138 0.6373805 0.1693291 0.9428865 -0.1727768 0.2848036 0.9422051 -0.1767072 0.2846474 0.9120822 0.3691712 0.1783781 0.919105 -0.3807454 -0.1013855 0.9113759 0.3708037 0.1786015 0.9257935 -0.3696486 -0.07916051 0.918765 -0.3911965 -0.05325746 0.9292156 -0.3665229 -0.04710972 0.9153423 0.3613242 0.1777451 0.9342812 0.3128653 0.1709796 0.9242018 -0.213653 0.3165493 0.9216426 -0.2481157 0.2983516 0.9152757 -0.3632469 -0.1741321 0.9153995 -0.3725675 -0.1524371 0.9585851 0.02825528 0.2834013 0.970566 -0.04202449 0.2371404 0.9734936 -0.05070829 0.2230218 0.9072137 -0.3553227 -0.2251865 0.9072673 -0.3404844 -0.2468531 0.9652466 0.1421109 0.2193247 0.9744262 0.09673398 0.2028199 0.9691071 0.1152115 0.2180775 0.9418625 -0.1879226 0.278532 0.9144061 -0.3738424 -0.1552528 0.9271579 -0.3573144 -0.1127153 0.9223681 -0.3644521 -0.1281083 0.7712779 0.6145695 0.1656344 0.9192156 -0.3829323 -0.09168261 0.7765668 0.6083275 0.1639564 0.9705038 0.09972703 0.219492 0.8958064 -0.3189838 -0.3094837 0.9730168 0.07504236 0.2181901 0.8933684 -0.3008717 -0.3337202 0.9108901 -0.3097801 -0.2726092 0.8964862 -0.3185188 -0.3079907 0.9141579 -0.3071777 -0.2644944 0.9433562 -0.1234419 0.3079629 0.9405012 -0.1568716 0.3014113 0.9084153 -0.3541483 -0.2221722 0.9176412 -0.3473195 -0.1931416 0.9187223 -0.3895694 -0.06469309 0.9722843 0.06141114 0.2255923 0.9286688 -0.3662822 -0.05840831 0.9733039 0.04623323 0.2248156 0.8965587 -0.3232254 -0.302833 0.9695557 0.08886176 0.2281786 0.9702014 0.08228844 0.227899 0.9134451 0.3697178 0.1700791 0.8925035 0.4173042 0.1711569 0.9261046 -0.3632309 -0.1019493 0.8895691 0.4212207 0.1767486 0.9125544 -0.3825579 -0.1445471 0.9164203 -0.3782098 -0.1308863 0.9270009 -0.3624656 -0.09637469 0.9726077 0.04126536 0.2287602 0.9148592 0.3660886 0.1703286 0.9190363 -0.3873299 -0.07312887 0.9165216 -0.3796272 -0.1259813 0.918869 0.3565008 0.1690763 0.9172176 0.3603117 0.169963 0.9251618 -0.3692596 -0.08787989 0.9732148 0.02858644 0.2281138 0.9203547 -0.3741524 -0.113829 0.9691528 0.07320743 0.2353373 0.9312179 -0.3586325 -0.06493008 0.9709352 0.04854238 0.2343684 0.960734 0.2038473 0.188246 0.9583974 0.2137154 0.1892096 0.9176705 -0.3579256 -0.1725398 0.9163263 -0.3487536 -0.1967663 0.9491596 -0.2880838 0.1269013 0.9239062 -0.3652915 0.1138397 0.9685958 0.1652576 0.185774 0.9625189 0.1947744 0.1887335 0.9290505 -0.3452575 -0.1328997 0.9244005 -0.3513898 -0.1483539 0.9155314 -0.3603354 -0.1787753 0.9167647 -0.3872044 -0.0980575 0.9695119 0.1578508 0.1874299 0.9699344 0.1555159 0.1871954 0.9135832 -0.3266362 -0.2422281 0.910235 -0.3132467 -0.2708297 0.907279 -0.2227125 -0.3567126 0.9699527 0.01044785 0.2430691 0.9174788 -0.2725379 -0.2897511 0.904377 -0.2770797 -0.3245446 0.9204242 -0.2708139 -0.2819203 0.8060064 0.5705339 0.1576222 0.9137915 -0.3695372 -0.1686039 0.7963805 0.5820947 0.1641457 0.9303864 -0.2858758 0.2294695 0.9235398 -0.270117 0.2722336 0.9289243 -0.3513143 -0.1169524 0.9185339 -0.364048 -0.1541575 0.8296271 0.5358534 0.1567802 0.9271986 -0.3537517 -0.1231366 0.8194999 0.5504859 0.1593279 0.950862 0.2566722 0.1731501 0.9356033 0.3045535 0.1785878 0.6085382 -0.7462419 0.2698231 0.9259127 -0.1493053 0.3469778 0.9393424 0.302182 0.1622408 0.9540216 0.2452137 0.1723745 0.9231696 -0.3213743 -0.2108942 0.9633318 0.209171 0.1680458 0.9114251 -0.3283725 -0.2479432 0.9214925 -0.2498902 -0.2973322 0.8580762 -0.3725009 0.3534802 0.9076438 -0.2810042 -0.3118002 0.8558152 -0.3846642 0.3458523 0.8357201 0.5266786 0.1555039 0.8252399 0.5418661 0.159249 0.9177449 -0.3677163 -0.1500965 0.9171518 -0.2005892 0.3443786 0.9263094 -0.1578965 0.3420814 0.7479654 -0.5768402 0.3283337 0.8130154 -0.4500954 0.3693509 0.921544 -0.3630091 -0.1377717 0.7413336 -0.5483608 0.3869431 0.8132789 -0.4496164 0.3693542 0.927167 -0.3585088 -0.1087789 0.9514587 -0.03572326 0.3056963 0.9330768 -0.3493553 -0.08554911 0.9682005 -0.0709294 0.2399098 0.9385145 -0.1507718 0.3105775 0.8433068 0.5145975 0.1549935 0.8328897 0.5303682 0.1581275 0.9232351 -0.3332311 -0.1912956 0.9190298 -0.3250902 -0.2229362 0.9182068 -0.3766776 -0.1225163 0.9147503 -0.2501654 0.3172525 0.9159402 -0.2176663 0.3371573 0.933762 -0.3240181 -0.1519896 0.9184785 -0.3376041 -0.205963 0.9679465 -0.07866638 0.2385187 0.9504671 -0.04300075 0.3078364 0.9294534 -0.328772 -0.1674075 0.9464896 -0.3118422 0.08313792 0.9011014 -0.4304864 0.0519399 0.9731065 0.1185946 0.1974824 0.9722892 0.1243384 0.1979741 0.9322244 -0.1687161 0.3201445 0.9198018 -0.2743196 -0.2805593 0.9345129 -0.1743694 0.310292 0.9200954 -0.2912948 -0.2618624 0.9288498 -0.2891709 -0.2315565 0.921078 -0.2907198 -0.2590317 0.9755353 0.09510415 0.1982073 0.917006 -0.3471814 -0.1963798 0.9772462 0.07912522 0.1967971 0.9336778 -0.3310833 -0.1364898 0.9561734 0.2436389 0.1623961 0.9392271 0.299118 0.1684663 0.9572031 0.2396137 0.162319 0.9320822 -0.3329667 -0.142674 0.9215832 -0.3429682 -0.1818164 0.9314999 -0.1748441 0.3189632 0.9462803 -0.3156036 0.07034271 0.9019546 -0.4302306 0.03714185 0.9642732 0.1980919 0.1758884 0.9716047 0.1622173 0.1722492 0.9295373 -0.2464154 -0.2742989 0.9382933 -0.2243041 -0.2632364 0.9234696 -0.2659162 -0.2765731 0.9187231 -0.3517547 0.17949 0.9739092 0.1484167 0.1716777 0.9189141 -0.3511661 0.1796644 0.9145924 -0.3402396 0.2185355 0.9732757 0.152085 0.1720595 0.9756153 0.07122319 0.2076106 0.9209155 -0.3467739 -0.1779394 0.9772211 0.05090391 0.2060282 0.9318567 -0.2657862 -0.2469833 0.9310727 -0.2627267 -0.2531368 0.9451586 -0.2268885 -0.2349402 0.9753462 0.1381852 0.1720597 0.9206254 -0.2478775 0.3016715 0.9013653 -0.2786354 0.331516 0.9791733 0.112024 0.1693231 0.8622845 -0.2693467 0.4288564 0.8855442 -0.1528491 0.4386897 0.9320859 -0.3386319 -0.128624 0.9245932 -0.3431489 -0.1654576 0.8661801 0.4767615 0.1497679 0.8551313 0.4937134 0.1581059 0.9375526 -0.331541 -0.1052408 0.9022265 -0.4305022 0.02559792 0.9783734 0.02286046 0.2055794 0.9462621 -0.3176642 0.0606426 0.9765463 0.05503499 0.2081548 0.9760152 0.04208457 0.213596 0.8006237 -0.1266319 0.585633 0.9774502 0.007680118 0.2110266 0.856274 -0.175694 0.4857227 0.8795198 -0.2016506 0.4310244 0.8798165 -0.1999961 0.4311898 0.8566334 -0.1734565 0.4858931 0.9774678 -0.00728482 0.2109589 0.9122453 -0.376601 0.1611835 0.976127 0.03586196 0.2142193 0.9291404 -0.3021047 -0.2131453 0.9279087 -0.2897875 -0.2345391 0.8553248 -0.3795077 0.3526943 0.8550378 -0.3814091 0.3513368 0.9770076 -0.01322114 0.2127946 0.9761971 0.02388286 0.2155661 0.90285 -0.4296128 0.0171675 0.9105187 -0.2597349 0.321704 0.9476578 -0.3145682 0.0546962 0.8556391 -0.3848316 0.3461017 0.9105032 -0.2343788 0.3406617 0.8574156 -0.1795197 0.4822978 0.9110809 -0.2614706 0.3186923 0.800714 -0.1255312 0.5857465 0.9276154 -0.3031108 -0.2182973 0.7578796 -0.5384781 0.3683204 0.8167468 -0.4500245 0.3611131 0.8134 -0.4564489 0.3606035 0.9670467 0.1958979 0.1626185 0.9690089 0.190979 0.1566799 0.9348734 -0.3000494 -0.189689 0.9766359 0.1460003 0.1576898 0.9217665 -0.3572719 -0.150676 0.9760259 -0.02462947 0.2162565 0.9183574 -0.3629407 0.1577774 0.9759197 9.31668e-4 0.2181282 0.9129568 -0.3745864 0.161848 0.9189421 -0.3611943 0.1583799 0.9371181 -0.2632989 -0.2290924 0.9772046 0.142068 0.1577585 0.7878656 0.6085442 0.09456133 0.9324491 -0.2791838 -0.2293363 0.8165977 0.570243 0.08939433 0.9369035 -0.2771198 -0.2131116 0.7649914 0.6318942 0.1244907 0.7670494 0.6337066 0.1002548 0.9379965 -0.2786881 -0.2061445 0.9820294 0.07361197 0.1737799 0.979395 0.09884399 0.1761112 0.9346654 -0.3072389 -0.1788988 0.9309262 -0.3028941 -0.2040386 0.9381604 -0.3044675 -0.1647867 0.9780898 0.1357168 0.1578655 0.9297832 -0.3119304 -0.1954551 0.9788401 0.1316032 0.1566926 0.9389365 -0.30496 -0.1593666 0.9352402 -0.1838969 0.3025026 0.9128902 -0.3815422 0.1451105 0.9491866 -0.08526909 0.3029422 0.9840915 0.04271751 0.17245 0.9299874 -0.3141677 -0.1908453 0.9830108 0.05856007 0.1739553 0.9397917 -0.2777723 -0.1990831 0.9413691 -0.2843866 -0.181517 0.90679 -0.2542513 0.336286 0.9380049 -0.2861405 -0.1956285 0.9492706 -0.3122931 0.03685736 0.9686563 -0.1206088 0.2171601 0.9737096 -0.04610937 0.2230775 0.9024588 -0.4307179 -0.007090687 0.9387848 -0.2869812 -0.1905907 0.9055157 0.3988542 0.1447638 0.8964757 0.4156086 0.1536253 0.9332359 -0.3118337 -0.1784109 0.9284711 -0.2044085 0.3100946 0.9376317 -0.3127212 -0.1518297 0.9426517 -0.3081297 -0.1283114 0.9121762 -0.2697122 0.3085287 0.9402641 -0.2862136 -0.1843509 0.9408609 -0.2884092 -0.1777667 0.9258961 0.3487104 0.1453186 0.8956818 -0.3448308 0.280795 0.9197166 0.3636208 0.1479906 0.9119314 -0.3177509 0.2596448 0.9138404 -0.3103503 0.2618752 0.9293596 0.339516 0.1449815 0.9235767 0.3540304 0.1472026 0.9411107 -0.2929666 -0.1687639 0.9417492 -0.287922 -0.1738084 0.8786837 -0.2633373 0.3982066 0.8763944 -0.2745514 0.3956694 0.9836862 0.02850109 0.1776206 0.8511074 -0.2164531 0.4782931 0.9841743 0.01566702 0.1765093 0.9843825 -0.001051843 0.1760394 0.9459448 -0.2900691 -0.1450806 0.9309397 -0.3263388 -0.1638728 0.9192891 -0.3703513 0.1332204 0.9843641 1.49169e-4 0.1761458 0.9144408 -0.3771951 0.1467036 0.9828492 0.09557318 0.1577122 0.8002768 -0.1589753 0.5781729 0.8572366 -0.2353115 0.4580109 0.9839775 0.09103059 0.1533023 0.7998387 -0.1387824 0.5839499 0.8968781 -0.3760664 0.2327737 0.986418 0.05507999 0.1547443 0.9867953 0.05122476 0.1536594 0.829074 0.5510537 0.094742 0.9396662 -0.3027175 -0.1593413 0.3394502 0.2177341 0.9150767 0.8272593 0.5497798 0.1156907 0.9665831 -0.1625096 -0.1982618 0.9445509 -0.2269889 -0.237275 0.9838427 -0.01547914 0.1783648 0.9460873 -0.2402561 -0.2172462 0.9838423 -0.01597756 0.1783227 0.6861078 0.4110304 0.6002583 0.8535197 0.5132872 0.08966869 0.8395226 0.5353158 0.09294521 0.9218972 -0.362654 0.1363363 0.905925 -0.4223488 -0.0303539 0.8576306 -0.3852344 0.340682 0.9522712 -0.3046375 0.01937693 0.8180026 -0.4596118 0.3458738 0.8579927 -0.3867114 0.3380872 0.9694937 -0.1678444 -0.1786342 0.9836073 -0.03101396 0.1776366 0.6606519 -0.2328732 -0.713659 0.6474485 -0.2747951 -0.7108432 0.5613849 -0.1765369 -0.8085058 0.5947039 -0.2138527 -0.7749801 0.0371263 -0.9974977 -0.06016576 0.5397615 -0.2240377 -0.8114584 0.5448538 -0.1789906 -0.8192049 0.5379394 -0.2052068 -0.8176255 0.4650023 -0.1961796 -0.8632997 0.4640617 -0.205931 -0.8615331 0.4591205 -0.216387 -0.8616176 0.01098644 -0.9994918 -0.02992528 0.4031794 -0.2128226 -0.8900297 0.4040845 -0.2023901 -0.8920505 0.4858731 -0.5406079 -0.6867827 0.6090615 -0.4415258 -0.6588619 0.4003633 -0.2041823 -0.893319 0.5399919 -0.4600795 -0.7047948 0.446287 -0.4979934 -0.7435257 0.4952902 -0.5202509 -0.6957203 0.4971082 -0.5179483 -0.6961416 0.4977441 -0.5171489 -0.6962815 0.4321002 -0.5334421 -0.7271375 0.4090265 -0.5461887 -0.7310097 0.4093788 -0.5442812 -0.7322342 0.4096846 -0.5435793 -0.7325845 0.4128816 -0.5372918 -0.7354226 0.4993781 -0.5152176 -0.6965432 0.500801 -0.5136927 -0.6966478 0.4091439 -0.5378223 -0.7371218 0.01819837 -0.9984845 -0.0519371 0.4008894 -0.544392 -0.7368344 0.4097558 -0.5364028 -0.7378159 0.404132 -0.5369794 -0.7404934 0.4012883 -0.5431751 -0.737515 0.05819791 -0.9054039 -0.4205434 0.1060078 -0.905811 -0.4102056 0.4505332 -0.5587706 -0.6962723 0.4021342 -0.541248 -0.7384706 0.5029703 -0.5113646 -0.6967977 0.4369598 -0.52933 -0.7272385 0.4372239 -0.5299041 -0.7266615 0.4922945 -0.442879 -0.749336 0.397391 -0.501487 -0.7684994 0.3126596 -0.1981847 -0.9289601 0.3087593 -0.2120117 -0.9272101 0.2440794 -0.2012296 -0.9486474 0.2415945 -0.2024894 -0.9490153 0.3488715 -0.5483415 -0.7600067 0.3961365 -0.5374144 -0.7444875 0.3496297 -0.5464611 -0.761012 0.3567854 -0.5280411 -0.770634 0.394642 -0.5404737 -0.7430651 0.3942841 -0.5412828 -0.7426661 0.3969606 -0.5355345 -0.7454028 0.3426643 -0.4779195 -0.8088104 0.4207904 -0.4445571 -0.7907619 0.3909758 -0.5194832 -0.7597863 0.3624936 -0.5510788 -0.7516053 0.3729292 -0.5240888 -0.7656727 0.362636 -0.5496012 -0.7526178 0.3628383 -0.5490909 -0.7528928 0.3694227 -0.5247662 -0.7669076 0.3547533 -0.5495942 -0.7563706 0.369585 -0.5243365 -0.7671234 0.3633778 -0.5272528 -0.7680892 0.3642917 -0.5251952 -0.7690654 0.3550088 -0.5486329 -0.7569484 0.3301742 -0.5199868 -0.787781 0.3103538 -0.5363609 -0.7848551 0.2980226 -0.4677233 -0.8321163 0.3667402 -0.4405007 -0.8194271 0.3142594 -0.5243324 -0.7914018 0.3097881 -0.5368914 -0.7847158 0.2796095 -0.504377 -0.8169593 0.3138236 -0.5244786 -0.7914777 0.3071607 -0.5372539 -0.7855002 0.3074328 -0.5383113 -0.7846694 0.3073059 -0.5368151 -0.7857434 0.3072836 -0.5365025 -0.7859656 0.26881 -0.5304867 -0.8039434 0.2683972 -0.5319496 -0.8031143 0.2856335 -0.516481 -0.8072552 0.271124 -0.5209515 -0.8093833 0.2031347 -0.5305001 -0.822986 0.2032288 -0.5300636 -0.823244 0.2686147 -0.522014 -0.8095355 0.265688 -0.5324247 -0.8037001 0.2710489 -0.5212231 -0.8092336 0.1338526 -0.1961101 -0.9714033 0.1322348 -0.2057169 -0.9696363 0.0141378 -0.1978622 -0.9801279 0.2291138 -0.4608258 -0.8574067 0.2848368 -0.4305474 -0.8564444 0.2217431 -0.4360024 -0.8721994 0.1805143 -0.4417243 -0.8788027 0.2056817 -0.5272773 -0.8244232 0.2199038 -0.5085723 -0.8324641 0.2079444 -0.5153715 -0.8313552 0.2049004 -0.5296178 -0.8231165 0.2086314 -0.513403 -0.8324003 0.1700659 -0.512266 -0.8418201 0.1615562 -0.5144147 -0.8421859 0.1604155 -0.519989 -0.8389745 0.1607339 -0.5180651 -0.8401031 0.1611828 -0.5166893 -0.840864 -0.07431489 -0.3375131 -0.9383828 -0.0617848 -0.2686108 -0.9612652 -0.1094897 -0.277925 -0.9543426 -0.1529082 -0.2009628 -0.9675914 -0.004107236 -0.9999001 -0.0135318 -0.2133769 -0.276434 -0.9370458 0.09798073 -0.4449258 -0.8901914 0.1220421 -0.4269266 -0.8960131 -0.2173294 -0.2038423 -0.9545765 -0.2153853 -0.1985704 -0.9561271 0.01054817 -0.4301102 -0.9027148 0.01300513 -0.4298542 -0.9028047 -0.007135927 -0.9083014 0.4182556 0.009401321 -0.5072793 -0.8617304 0.09311121 -0.5052869 -0.8579135 0.009890377 -0.5074545 -0.8616219 0.09251815 -0.448583 -0.8889397 0.08746308 -0.5177528 -0.8510478 0.08712863 -0.5214503 -0.8488216 -0.08236044 -0.9670521 -0.2408877 -0.3147869 -0.1981834 -0.9282416 -0.3817554 -0.1696898 -0.9085528 -0.04697078 -0.4294161 -0.9018845 -0.05773049 -0.4340063 -0.8990582 -0.31085 -0.212206 -0.9264669 -0.379049 -0.2065488 -0.9020308 -0.3754972 -0.2079504 -0.9031935 -0.114411 -0.431893 -0.8946388 -0.1403207 -0.4356231 -0.8891246 -0.04187792 -0.5068567 -0.8610125 -0.04235434 -0.4953401 -0.8676661 -0.04390442 -0.5103143 -0.8588666 -0.02567636 -0.9986104 -0.0460205 -0.4432383 -0.1681494 -0.8804917 -0.1021392 -0.5081725 -0.8551774 -0.1070232 -0.511667 -0.8524922 -0.1220145 -0.2434121 -0.9622178 -0.1013281 -0.5160493 -0.8505444 -0.1027448 -0.4931061 -0.8638807 -0.1613926 -0.4342164 -0.8862327 -0.197025 -0.4405677 -0.8758317 -0.436672 -0.2017907 -0.8766973 -0.4387407 -0.2192771 -0.8714495 -0.530339 0.2091314 -0.8215866 -0.1443029 -0.50927 -0.8484225 -0.1507216 -0.5154784 -0.8435431 -0.1429388 -0.5173122 -0.8437752 -0.1435118 -0.5133914 -0.8460694 -0.1427919 -0.5196326 -0.8423731 -0.5268455 -0.2072683 -0.8243018 -0.5293352 -0.2207245 -0.8191978 -0.06548982 -0.9951117 -0.07391846 -0.587162 0.2174029 -0.7797287 -0.5884922 -0.210228 -0.7806926 -0.2350371 -0.4368055 -0.8683078 -0.2829502 -0.4546912 -0.8445088 -0.2817444 -0.4548589 -0.8448216 -0.3429556 -0.4471934 -0.8260748 -0.6698088 -0.2020431 -0.7145172 -0.5828378 -0.2212969 -0.7818745 -0.2177545 -0.5263118 -0.8219361 -0.21087 -0.5097823 -0.8340599 -0.2103292 -0.5110469 -0.8334222 -0.2098307 -0.5134139 -0.8320922 -0.2065793 -0.5298478 -0.8225487 -0.2660466 -0.521259 -0.8108688 -0.2536671 -0.5216727 -0.8145616 -0.2530648 -0.5239873 -0.8132624 -0.2523965 -0.525318 -0.8126112 -0.204099 -0.5303542 -0.8228415 -0.2526702 -0.5242711 -0.8132021 -0.2501395 -0.5258747 -0.812949 -0.2040001 -0.5310394 -0.8224239 -0.2494886 -0.5253871 -0.8134641 -0.2040039 -0.5307872 -0.8225858 -0.2503656 -0.5250138 -0.8134357 -0.3934174 -0.468353 -0.7911183 -0.331198 -0.4491914 -0.8297801 -0.299151 -0.5160408 -0.8026273 -0.306635 -0.5374881 -0.7855454 -0.2916473 -0.5405458 -0.7891465 -0.2981029 -0.5182992 -0.8015614 -0.2913023 -0.5404455 -0.7893425 -0.295522 -0.5189714 -0.8020819 -0.4740644 -0.4725421 -0.7429447 -0.4000552 -0.4668949 -0.7886476 -0.5318439 -0.4545267 -0.7145262 -0.2889063 -0.5404198 -0.7902402 -0.2889503 -0.5400097 -0.7905044 -0.2920392 -0.5069014 -0.8110265 -0.2696058 -0.7328408 -0.6247056 -0.2818505 -0.5404077 -0.7927924 -0.4360443 -0.5010917 -0.7475108 -0.4556953 -0.5403172 -0.7073889 -0.5725681 -0.4566442 -0.6809124 -0.3638514 -0.5261077 -0.76865 -0.3742192 -0.541814 -0.7525939 -0.4251083 -0.5289803 -0.7344813 -0.3632013 -0.5266975 -0.7685535 -0.3567959 -0.5448253 -0.7588558 -0.3602456 -0.5271862 -0.7696089 -0.3564796 -0.5445142 -0.7592277 -0.3538666 -0.5440285 -0.7607965 -0.3550846 -0.52788 -0.7715295 -0.3551048 -0.5274909 -0.7717863 -0.3488331 -0.5442553 -0.7629557 -0.3993392 -0.5489301 -0.7343051 -0.4060535 -0.5331136 -0.7422334 -0.4440824 -0.5366063 -0.7175267 -0.4057031 -0.5328356 -0.7426245 -0.4421647 -0.5353233 -0.7196661 -0.3997329 -0.5469254 -0.7355857 -0.4028337 -0.532541 -0.7443959 -0.4416186 -0.5349487 -0.7202798 -0.3966088 -0.5471739 -0.7370903 -0.3478304 -0.5282614 -0.7745669 -0.3492448 -0.5428663 -0.7637567 -0.3575774 -0.5071716 -0.7841653 -0.2508006 -0.7355792 -0.629303 -0.3422042 -0.5428618 -0.7669403 -0.4402809 -0.5338771 -0.7218919 -0.3973116 -0.5330905 -0.746966 -0.3913527 -0.5469934 -0.7400279 -0.3977531 -0.5317178 -0.7477089 -0.4395571 -0.5330817 -0.7229201 -0.3917068 -0.5458593 -0.7406777 -0.3900156 -0.5321669 -0.7514561 -0.4382991 -0.5316832 -0.7247115 -0.3840653 -0.5459313 -0.7446159 -0.437558 -0.5301209 -0.7263022 -0.3847985 -0.5439189 -0.7457094 -0.3750659 -0.863832 -0.336333 -0.5635024 -0.7860408 -0.2541751 -0.4363197 -0.5274716 -0.7289712 -0.3862984 -0.5404723 -0.7474378 0.05772411 -0.9832212 0.1730433 0.06353563 -0.9821183 0.1772197 -0.09967339 -0.9108157 0.4005997 0.1437941 -0.9818692 0.123516 0.2517244 -0.9602235 0.120854 0.251244 -0.963461 0.09284061 0.2485228 -0.9647061 0.08705544 -0.02167761 -0.9713682 0.236588 -0.02364027 -0.9471988 0.3197744 -0.2357816 -0.2765675 0.9316208 -0.2149135 -0.5195577 0.8269656 -0.3343228 -0.2676579 0.9036523 0.06425368 -0.9877347 0.1423077 0.06162536 -0.9884324 0.1385776 -0.3383887 -0.2668823 0.9023674 -0.09910625 -0.9427837 0.3183346 -0.09182924 -0.9420529 0.3226511 -0.1983556 -0.6640076 0.7209361 -0.3189418 -0.4502385 0.8340032 -0.2259038 -0.4632106 0.8569734 -0.3251557 -0.4479425 0.8328393 0.421382 -0.9036622 0.07636594 0.3216168 -0.540701 0.7773063 0.5239062 -0.8487788 0.07139259 0.5245519 -0.849645 0.05430376 -0.3030743 -0.5796766 0.7563869 -0.1847133 -0.7903715 0.5841181 -0.2217401 -0.5934606 0.7737156 -0.319576 -0.5747339 0.7533605 -0.02452695 -0.9689561 0.2460131 -0.09190291 -0.9651358 0.245085 -0.02294224 -0.9846081 0.1732642 0.4415204 -0.8943289 0.07235723 0.442091 -0.8952999 0.05471479 0.3369305 -0.9384407 0.07620245 -0.1031108 -0.9631247 0.2485136 -0.2137885 -0.7202667 0.6599321 0.669348 -0.1572144 0.7261247 -0.290714 -0.7036384 0.6483659 0.6640084 -0.1982411 0.7209669 -0.3084834 -0.7010841 0.6428991 0.4072921 -0.6554778 0.6359733 0.1604448 -0.9830528 0.0886833 0.5952174 -0.1715422 0.7850412 0.1610013 -0.9821436 0.09732747 0.5902777 -0.2109786 0.7791407 0.6632962 -0.1945534 0.7226251 0.5909905 -0.2110694 0.7785756 -0.2852827 -0.7802379 0.556635 -0.1969053 -0.7983248 0.5691272 -0.1914909 -0.8555297 0.4810407 -0.1748 -0.9012569 0.3964606 0.6530853 -0.2773885 0.7046526 0.6534534 -0.2758915 0.704899 0.5808142 -0.29762 0.7576789 -0.02533429 -0.9830853 0.1813875 -0.09696918 -0.9787592 0.1806305 -0.02449786 -0.9900208 0.1387761 0.5854071 -0.3007271 0.7529022 -0.3004943 -0.7750038 0.5559428 0.57287 -0.3800181 0.7262274 0.6589733 -0.3478666 0.6668906 0.1607599 -0.9845286 0.06971192 0.5867698 -0.3815015 0.7142533 -0.1063839 -0.9772202 0.1836388 0.6536967 -0.4114672 0.6351184 0.07119613 -0.9926042 0.09832572 0.6395748 -0.448502 0.6243317 0.06202554 -0.9934959 0.09549218 0.5243228 -0.1705015 0.8342751 -0.4407379 -0.2730467 0.8550998 0.5181117 -0.2248029 0.8252418 0.5850307 -0.4736256 0.6583448 -0.4504063 -0.1713752 0.8762218 0.5659352 -0.4886701 0.6640173 -0.6460428 -0.1597295 0.7464016 -0.5505632 -0.1760669 0.8160151 0.6508817 -0.5120857 0.5604652 -0.02561014 -0.9889559 0.1459805 0.5658928 -0.5566846 0.6081674 -0.1032635 -0.9839857 0.1452891 -0.0246582 -0.9951121 0.09562397 0.2707084 -0.6945669 0.6665537 0.4411873 -0.1804491 0.8790858 0.5782542 -0.5573367 0.5958169 -0.2065403 -0.8505121 0.4837048 -0.2788933 -0.8346494 0.4749514 0.5095098 -0.3200489 0.7987293 0.519602 -0.2315868 0.8224241 0.07109147 -0.9949812 0.07041549 0.07030928 -0.995185 0.06829047 -0.2991353 -0.8281555 0.4740006 0.6449441 -0.5541509 0.5262736 0.6305478 -0.5841105 0.5111012 0.5592346 -0.6242199 0.5455329 0.5014633 -0.4084525 0.7626932 -0.1074866 -0.9831228 0.1480414 0.5081894 -0.3682705 0.7785374 0.5765698 -0.6207617 0.5312459 -0.1769581 -0.9529917 0.2459526 -0.192304 -0.8943195 0.403995 -0.190406 -0.9287186 0.3181625 0.4212424 -0.3886187 0.8194696 0.4378985 -0.2446045 0.8651091 0.4341682 -0.2475236 0.8661583 -0.2795239 -0.8740257 0.3974236 -0.296796 -0.8701502 0.3933837 0.4259015 -0.3986991 0.8121865 -0.4453227 -0.2532753 0.8588011 0.6445942 -0.6271858 0.4371913 -0.5451101 -0.2212609 0.80864 -0.4436225 -0.2378731 0.8640691 0.505244 -0.4728644 0.7218918 0.40792 -0.5010347 0.7632597 -0.6360958 -0.2154491 0.7409209 -0.5468423 -0.2208781 0.8075744 0.4963564 -0.5150717 0.6988072 -0.6407438 -0.2012011 0.740922 0.2364652 -0.6570668 0.7157846 0.3548464 -0.9331779 0.05712276 0.3547368 -0.932936 0.06158047 0.5739715 -0.6719962 0.4679507 0.5543262 -0.6876333 0.4689168 0.4223354 -0.5118407 0.7480989 -0.4292442 -0.4272986 0.7957169 -0.4346619 -0.3502815 0.8296818 -0.5340248 -0.3278167 0.7793291 0.4966126 -0.5862223 0.6400932 -0.6327219 -0.2985982 0.7144944 -0.5398779 -0.3257766 0.7761453 0.4944894 -0.5942549 0.6343038 0.2636715 -0.9625163 0.06355738 0.34753 -0.2584533 0.9013461 0.2629789 -0.9602964 0.09312838 0.2482746 -0.9667593 0.06112331 0.3553311 -0.1649406 0.920073 0.5498881 -0.7348612 0.3969913 0.6209397 -0.6895485 0.372769 0.631559 -0.673821 0.3835344 -0.209334 -0.923395 0.3217467 -0.2776347 -0.9071469 0.3162333 -0.3870421 -0.6777905 0.6251388 0.4882627 -0.662604 0.5679398 0.4879578 -0.6635491 0.5670977 -0.4222639 -0.5493855 0.7210193 0.3929731 -0.6370577 0.6631211 0.4172201 -0.6142655 0.6697801 0.393692 -0.6983606 0.5977451 -0.4256868 -0.4480909 0.7861331 -0.5240051 -0.4209178 0.740437 -0.5403885 -0.4149419 0.731986 0.5730885 -0.7242437 0.3834587 -0.6303552 -0.3459118 0.6949802 -0.6170835 -0.3872855 0.6849948 0.148606 -0.6267629 0.7649082 0.263906 -0.1707163 0.9493206 -0.302972 -0.8992592 0.3155009 0.4048569 -0.708415 0.5781342 0.485495 -0.7224739 0.4922663 0.4864413 -0.7199428 0.4950326 -0.4370357 -0.5562331 0.7068272 0.3503295 -0.2714565 0.8964266 0.33542 -0.4158291 0.8453282 -0.02834773 -0.994466 0.1011625 -0.02796357 -0.9972655 0.06840711 0.2566359 -0.2804993 0.9249098 -0.1037753 -0.9894905 0.1006941 -0.5356817 -0.5215353 0.6641131 0.6440683 -0.7077065 0.2903921 -0.62758 -0.4794015 0.6134473 0.552856 -0.770949 0.3162088 -0.5171838 -0.5279369 0.6736493 -0.118678 -0.9876077 0.102696 0.3341186 -0.4670246 0.8186897 -0.02829748 -0.9969677 0.0724895 -0.1171957 -0.990491 0.07206004 0.3228123 -0.5350741 0.7806971 -0.2032417 -0.9622734 0.1808939 0.5722709 -0.7609094 0.3058149 -0.197906 -0.969285 0.1460135 0.3811104 -0.7737358 0.5060511 -0.197625 -0.9484481 0.2477712 0.4078962 -0.7525928 0.516938 0.2602578 -0.2831575 0.9230859 0.2426126 -0.4809998 0.8424834 -0.3072424 -0.9206946 0.2406731 0.4828956 -0.7675806 0.4214639 -0.2868512 -0.9264436 0.243759 0.479251 -0.7758074 0.4104161 -0.5142109 -0.6059753 0.606944 -0.417248 -0.6426247 0.6426022 0.6246371 -0.7453695 0.2329226 -0.3990549 -0.7448253 0.5347808 0.6326704 -0.7333511 0.2488461 -0.3730853 -0.8051043 0.4611014 0.5618716 -0.7833523 0.2658186 -0.6269336 -0.5049315 0.5932946 -0.6061789 -0.5607013 0.5640578 -0.52977 -0.5984144 0.6010356 0.2465937 -0.4903347 0.8359207 -0.1184371 -0.9902275 0.07363522 -0.2132999 -0.9553862 0.2043045 0.5697141 -0.7798849 0.25924 -0.1987383 -0.9747921 0.1014078 0.3262119 -0.5991024 0.7312059 -0.2990509 -0.9331237 0.1996209 0.228036 -0.61734 0.7529217 -0.308271 -0.9299641 0.2003391 0.4046339 -0.8017621 0.4398283 0.3802789 -0.819903 0.4279568 -0.4298551 -0.7043117 0.5649511 -0.5070871 -0.672035 0.5396587 0.2396755 -0.6275737 0.7407476 0.3303247 -0.654202 0.6803715 -0.5280416 -0.6614314 0.5326168 0.3091626 -0.7371404 0.6008682 -0.6193528 -0.6111051 0.4929022 0.170679 -0.9833635 0.06216788 0.2933353 -0.7288823 0.6186153 0.1128 -0.7251847 0.6792521 0.1701944 -0.9809044 0.0941292 0.1597235 -0.9857062 0.05358833 0.4825479 -0.8127319 0.3265185 0.487215 -0.8033402 0.3424412 -0.3715854 -0.875996 0.3074982 0.3816048 -0.8504257 0.3621518 -0.4087827 -0.7685802 0.492119 -0.3952261 -0.8360611 0.3805238 0.1706792 -0.1755339 0.9695651 0.1656376 -0.2894966 0.9427386 -0.6141233 -0.6405007 0.461098 -0.5962503 -0.6751325 0.434375 -0.505086 -0.7260926 0.4665594 -0.5236077 -0.7171984 0.4598494 0.3033326 -0.7966862 0.5227622 -0.02807724 -0.9981868 0.05324327 0.07059478 -0.9960877 0.05315691 0.07554656 -0.9952587 0.06126111 0.07558345 -0.9956709 0.05409723 0.2130532 -0.7568771 0.6178555 -0.4276732 -0.8092426 0.4027682 0.2313203 -0.7418668 0.6293842 -0.4989665 -0.7757415 0.3863388 -0.616706 -0.7041289 0.3519605 -0.5256572 -0.7610855 0.3800441 0.4049053 -0.8475146 0.3431774 -0.2231792 -0.9720895 0.07233971 -0.2294201 -0.9623641 0.1456769 -0.2971614 -0.9440709 0.1429166 -0.0095703 -0.6464406 0.7629044 0.07551276 -0.1776542 0.9811915 0.2238236 -0.8149884 0.5345063 -0.3299007 -0.9332274 0.14231 0.2082113 -0.828063 0.520538 -0.2280153 -0.9679562 0.1052139 0.4898694 -0.8297053 0.2676138 0.49167 -0.8263248 0.2746781 -0.3254286 -0.9399541 0.102871 -0.3278693 -0.939196 0.1020422 0.3217006 -0.7925648 0.5180249 0.2807257 -0.8513185 0.4432266 0.2064208 -0.8679669 0.45169 -0.4078915 -0.8829345 0.2324895 -0.4076122 -0.8542089 0.3227684 0.1679866 -0.2993326 0.9392447 -0.3978886 -0.8968412 0.1932887 -0.5035655 -0.8081426 0.3054952 0.1556705 -0.5000141 0.8519111 -0.6237003 -0.7089895 0.3291381 -0.59463 -0.7517848 0.2850171 0.6572318 -0.7324439 0.1776865 -0.5256794 -0.7954749 0.3014645 -0.5139481 -0.8187742 0.2558639 -0.425809 -0.8636312 0.2698663 0.5534484 -0.8093473 0.1966001 -0.3954908 -0.9079725 0.1384661 0.1566038 -0.5311449 0.8326826 -0.6147267 -0.7526679 0.2358009 0.1453244 -0.6397424 0.7547255 -0.5235915 -0.8130105 0.2546879 0.4109988 -0.8676618 0.2797193 -0.03425234 -0.8903041 0.4540764 0.385038 -0.8825403 0.2699415 -0.03007966 -0.9980282 0.05509108 -0.03006666 -0.997662 0.06137168 -0.1175442 -0.9915561 0.0547719 -0.1257067 -0.990517 0.05544263 -0.2385755 -0.9694991 0.0561546 0.400645 -0.8855022 0.2353075 -0.1256916 -0.9904165 0.05724322 0.4891027 -0.8429571 0.2240574 -0.2237283 -0.9731258 0.0545147 -0.4421119 -0.8753474 0.1957143 -0.4294891 -0.8977178 0.09819364 0.2196657 -0.8735415 0.4343641 -0.6341472 -0.743566 0.2120542 -0.5067094 -0.8412683 0.1884501 -0.5412184 -0.8206583 0.1833102 0.07436591 -0.3028607 0.950129 -0.5976803 -0.7823838 0.1750828 0.07294607 -0.3040596 0.9498562 0.4837073 -0.8514417 0.202668 -0.4382288 -0.8875146 0.1423847 0.5858999 -0.7884041 0.1874577 -0.5343686 -0.8346276 0.1335921 -0.624693 -0.7749748 0.09577411 -0.6289467 -0.7676824 0.1228405 0.2814798 -0.8873953 0.3651009 -0.5371258 -0.8328492 0.1336344 0.2993727 -0.8844941 0.3578355 -0.2387591 -0.9698184 0.0494613 -0.2384245 -0.9686684 0.06953668 0.3190738 -0.8402758 0.4383247 0.6421417 -0.7603003 0.09796679 0.5793468 -0.8030177 0.1397129 -0.4397408 -0.8736665 0.2081705 -0.3420767 -0.9372677 0.06717771 0.6504163 -0.7483834 0.1299264 -0.3425289 -0.9383037 0.04754143 -0.323932 -0.9436331 0.06800454 -0.4309532 -0.8981864 0.08683675 0.5815452 -0.8019663 0.1365841 -0.5291939 -0.8446048 0.08121871 -0.4502299 -0.8906131 0.06404054 -0.4503554 -0.8908205 0.06015628 0.4078299 -0.8854212 0.2229441 -0.6446566 -0.7610037 0.07274127 -0.5503548 -0.8310909 0.07998418 -0.6352935 -0.7510887 0.1796326 -0.5513722 -0.8323757 0.05603057 0.06923508 -0.5365327 0.8410346 0.06738716 -0.5400383 0.8389384 0.1502012 -0.6765209 0.7209432 0.136887 -0.7674846 0.6262822 0.2037495 -0.911614 0.3569959 0.221655 -0.901831 0.3709042 0.06635665 -0.6828103 0.727576 0.06170469 -0.6870194 0.7240144 0.1336673 -0.8391053 0.5272907 0.1409885 -0.8024582 0.579813 0.3079499 -0.9073352 0.2861986 0.2065265 -0.9331735 0.2941666 0.1302009 -0.8878668 0.4412938 0.1350537 -0.8689311 0.4761503 0.05704379 -0.812976 0.5794965 0.06221151 -0.8090099 0.5844936 0.2248575 -0.9335423 0.2791739 -0.02996176 -0.1925941 0.980821 -0.02902579 -0.3047753 0.9519819 -0.2039448 -0.5026301 0.8401009 -0.1252436 -0.1912846 0.9735112 0.05953985 -0.8754292 0.4796652 0.05530923 -0.8787335 0.4740973 0.3258366 -0.904107 0.2764437 0.3170538 -0.9197167 0.2315125 0.2917113 -0.9312072 0.2185354 0.1344687 -0.9111657 0.3894808 0.1306686 -0.9232081 0.3614035 0.5113781 -0.844349 0.1598977 0.5092819 -0.8483384 0.1447544 -0.02680033 -0.5410996 0.8405313 -0.02959597 -0.3025483 0.9526744 -0.1214869 -0.3003679 0.946055 0.5079228 -0.8535786 0.115836 0.2124665 -0.9540568 0.2112665 0.2319696 -0.947012 0.2221674 0.2256399 -0.9569215 0.1827241 0.3155867 -0.9320408 0.1780589 0.05926525 -0.9179159 0.3923239 0.05372768 -0.9206308 0.38672 0.3937036 -0.9048141 0.1622003 0.4248477 -0.8970173 0.1219198 0.4307835 -0.8866808 0.1679962 -0.1237333 -0.2994276 0.946062 0.1343309 -0.9405161 0.3120652 0.1306227 -0.9499067 0.2839279 -0.112626 -0.5312668 0.839685 -0.02452868 -0.6881438 0.7251597 -0.0275821 -0.5345213 0.8447048 0.4267364 -0.8969933 0.1153211 0.231586 -0.9574885 0.1719986 -0.1155664 -0.5285059 0.8410267 0.05918872 -0.9474663 0.3143316 0.05418318 -0.9495261 0.3089731 -0.02646613 -0.6804016 0.7323614 -0.1035532 -0.6769384 0.7287189 -0.02267038 -0.814107 0.5802721 -0.1110734 -0.6733367 0.7309449 0.1394185 -0.9608911 0.2392714 0.05485016 -0.9689171 0.241228 0.1363681 -0.9672458 0.2141008 -0.09612691 -0.8033782 0.587659 -0.02484452 -0.8068972 0.5901693 -0.02197968 -0.8798794 0.4746886 -0.1044613 -0.7998521 0.5910366 0.06119948 -0.9697697 0.2362233 0.6628035 -0.7473293 0.04680246 0.6611343 -0.7458157 0.08161169 0.503643 -0.8594783 0.08741146 0.5731992 -0.8152449 0.08257436 -0.0213502 -0.921761 0.3871701 -0.02379167 -0.8738719 0.4855738 -0.0933398 -0.8702798 0.4836329 -0.1001421 -0.8673164 0.4875797 0.1440441 -0.9738371 0.1757628 0.1439487 -0.9740091 0.1748858 -0.2311972 -0.2934677 0.9275908 -0.2316967 -0.2870034 0.9294868 -0.3417239 -0.1807937 0.9222464 0.3050488 -0.9438565 0.1268074 0.339539 -0.9328954 0.1200816 0.2249699 -0.9656944 0.1297034 0.3445503 -0.9240328 0.1656758 -0.02367877 -0.917024 0.3981284 -0.09073066 -0.9134801 0.3966385 -0.02153062 -0.9507095 0.3093346 0.3386151 -0.9365859 0.09025913 0.1456422 -0.9792212 0.1411176 0.6030277 0.7721118 0.200502 0.4280042 0.889678 0.1590138 0.6595572 0.7436634 0.109312 0.6588943 0.7443328 0.1087514 0.5092489 0.8561254 0.08783477 0.2494894 0.9616876 0.1136312 0.3353059 0.9316754 0.1398241 0.08642482 0.9901247 0.1103804 0.1522647 0.9788093 0.1369224 -0.0862286 0.9898725 0.1127697 -0.03807991 0.9901243 0.1349217 -0.2521872 0.9594964 0.1255723 -0.2367756 0.962234 0.1343248 -0.5626761 0.7875524 0.2513104 -0.6313731 0.7502914 0.1960377 -0.409555 0.8994651 0.152405 -0.6370577 0.7634801 0.1060925 -0.445972 0.8860657 0.1264771 -0.6417912 0.7587752 0.1111941 0.02617746 0.7877405 -0.6154507 0.0261774 0.7877405 -0.6154507 0.0261774 0.7877407 -0.6154506 0.0261774 0.7877413 -0.6154498 0.0261774 0.7877406 -0.6154506 0.02617728 0.787741 -0.6154503 0.02617663 0.7877405 -0.6154507 0.02617728 0.7877404 -0.615451 0.02617651 0.7877405 -0.6154509 0.02617663 0.7877405 -0.6154507 0.02617692 0.7877409 -0.6154503 0.02617651 0.7877399 -0.6154516 0.02617734 0.7877409 -0.6154505 0.02617603 0.7877406 -0.6154506 0.02617752 0.7877407 -0.6154505 0.02617698 0.7877402 -0.6154511 0.0261771 0.7877408 -0.6154505 0.0261774 0.7877406 -0.6154506 0.02617698 0.7877407 -0.6154505 0.02617704 0.7877408 -0.6154505 0.02617663 0.7877407 -0.6154507 0.02617698 0.7877407 -0.6154505 0.02617722 0.7877416 -0.6154494 0.02617788 0.7877398 -0.6154518 0.02617663 0.7877406 -0.6154507 0.02617704 0.7877407 -0.6154505 0.02617722 0.7877408 -0.6154505 0.02617686 0.7877408 -0.6154504 0.02617681 0.7877404 -0.615451 0.02617675 0.7877407 -0.6154505 0.02617776 0.7877396 -0.6154518 0.02617686 0.7877407 -0.6154506 0.02617704 0.7877405 -0.6154509 0.02617716 0.7877408 -0.6154506 0.02617698 0.7877407 -0.6154506 0.02617692 0.7877407 -0.6154506 0.02617663 0.7877408 -0.6154503 0.02617686 0.7877408 -0.6154505 0.02617686 0.7877418 -0.6154491 0.02617681 0.7877406 -0.6154505 0.02617663 0.7877408 -0.6154505 0.02617669 0.7877408 -0.6154505 0.02617675 0.7877419 -0.615449 0.02617675 0.7877418 -0.6154491 0.02617597 0.7877403 -0.615451 0.02617454 0.7877389 -0.615453 0.02617686 0.7877407 -0.6154506 0.02617698 0.7877407 -0.6154505 0.02617698 0.7877408 -0.6154505 0.02617681 0.7877407 -0.6154505 0.02617698 0.7877406 -0.6154507 0.02617722 0.7877405 -0.6154506 0.02617722 0.7877407 -0.6154506 0.02617752 0.7877407 -0.6154506 -0.02617669 0.7877405 -0.6154507 -0.02617686 0.7877416 -0.6154494 -0.02617681 0.7877411 -0.61545 -0.0261771 0.7877406 -0.6154507 -0.02617597 0.7877407 -0.6154505 -0.02617788 0.7877407 -0.6154505 -0.02617686 0.7877405 -0.6154506 -0.02617752 0.7877405 -0.6154507 -0.02617704 0.7877415 -0.6154497 -0.02617681 0.7877403 -0.615451 -0.02617776 0.7877413 -0.6154497 -0.02617669 0.7877409 -0.6154503 -0.02617603 0.787741 -0.6154502 -0.02617776 0.7877414 -0.6154497 -0.02617758 0.7877414 -0.6154496 -0.02617728 0.787741 -0.6154502 -0.02617675 0.787741 -0.6154502 -0.02617758 0.7877397 -0.6154518 -0.02617627 0.7877404 -0.6154509 -0.02617758 0.7877397 -0.6154518 -0.02617758 0.7877407 -0.6154504 -0.02617794 0.7877411 -0.61545 -0.02617847 0.7877414 -0.6154497 -0.02617633 0.787741 -0.6154503 -0.02617669 0.7877408 -0.6154503 -0.026178 0.7877411 -0.6154499 -0.02617806 0.7877409 -0.6154503 -0.02617698 0.7877406 -0.6154506 -0.02617633 0.7877407 -0.6154506 -0.02617758 0.7877408 -0.6154503 -0.02617675 0.7877402 -0.6154512 -0.02617746 0.7877407 -0.6154505 -0.02617764 0.7877402 -0.6154512 -0.02617806 0.7877405 -0.6154508 -0.02617627 0.7877408 -0.6154505 -0.0261774 0.7877405 -0.6154507 -0.02617621 0.7877407 -0.6154506 -0.02617627 0.7877411 -0.61545 -0.02617722 0.7877409 -0.6154503 -0.02617621 0.7877411 -0.6154502 -0.02617675 0.7877407 -0.6154506 -0.02617686 0.7877407 -0.6154505 -0.02617704 0.7877408 -0.6154505 -0.0261771 0.7877408 -0.6154505 -0.02617704 0.7877407 -0.6154504 -0.02617692 0.7877407 -0.6154505 -0.02617698 0.7877407 -0.6154506 -0.02617692 0.7877407 -0.6154506 -0.02617686 0.7877408 -0.6154505 -0.02617686 0.7877419 -0.6154491 -0.02617686 0.7877408 -0.6154505 -0.02617663 0.7877414 -0.6154496 -0.02617722 0.7877406 -0.6154506 -0.02617722 0.7877405 -0.6154507 -0.02617728 0.7877408 -0.6154505 -0.02617782 0.7877405 -0.6154507 0 0 1 0 0 1 0 0 1 0 0 1 0 0 1 0 0 1 0 0 1 0 0 1 0 0 1 0 0 1 0 0 1 0 0 1 0 0 1 0 0 1 0 0 1 0 0 1 0 0 1 0 0 1 0 0 1 0 0 1 0 0 1 0 0 1 0 0 1 0 0 1 0 0 1 0 0 1 0 0 1 0 0 1 0 0 1 0 0 1 0 0 1 0 0 1 0 0 1 0 0 1 0 0 1 0 0 1 0 0 1 0 0 1 0 0 1 0 0 1 0 0 1 0 0 1 0 0 1 0 0 1 0 0 1 0 0 1 0 0 1 0 0 1 0 0 1 0 0 1 0 0 1 0 0 1 0 0 1 0 0 1 0 0 1 0 0 1 0 0 1 0 0 1 0 0 1 0 0 1 0 0 1 0 0 1 0 0 1 0 0 1 0 0 1 0 0 1 0 0 1 0 0 1 0 0 1 0 0 1 0 0 1 0 0 1 0 0 1 0 0 1 0 0 1 0 0 1 0 0 1 0 0 1 0 0 1 0 0 1 0.4257793 0.9048271 0 0.4257793 0.9048271 0 0.6374239 0.7705133 0 0.6374239 0.7705133 0 0.8090171 0.587785 0 0.9921147 -0.1253333 0 0.9921147 -0.1253333 0 0.9297765 -0.3681245 0 0.8090171 0.587785 0 0.8090171 -0.587785 0 0.9297765 -0.3681245 0 0.9297765 0.3681245 0 0.9297765 0.3681245 0 0.9921147 0.1253333 0 0.6374239 -0.7705133 0 0.9921147 0.1253333 0 0.8090171 -0.587785 0 0.6374239 -0.7705133 0 0.4257793 -0.9048271 0 0.4257793 -0.9048271 0 0.1873812 -0.9822873 0 0.1873812 -0.9822873 0 -0.06279057 -0.9980267 0 -0.06279057 -0.9980267 0 -0.3090169 -0.9510565 0 -0.5358267 -0.8443279 0 -0.3090169 -0.9510565 0 -0.7289686 -0.6845473 0 -0.5358267 -0.8443279 0 -0.7289686 -0.6845473 0 -0.8763068 -0.4817532 0 -0.8763068 -0.4817532 0 -0.9685831 -0.24869 0 -0.9685831 -0.24869 0 -1 0 0 -1 0 0 -0.9685831 0.24869 0 -0.9685831 0.24869 0 -0.8763068 0.4817532 0 -0.8763068 0.4817532 0 -0.7289686 0.6845473 0 -0.7289686 0.6845473 0 -0.5358267 0.8443279 0 -0.5358267 0.8443279 0 -0.3090169 0.9510565 0 -0.3090169 0.9510565 0 -0.06279057 0.9980267 0 -0.06279057 0.9980267 0 0.1873812 0.9822873 0 0.1873812 0.9822873 0 0 -1 0 0 -1 0 0 -1 0 0 -1 0 0 -1 0 0 -1 0 0 -1 0 0 -1 0 0 -1 0 0 -1 0 0 -1 0 0 -1 0 0 -1 0 0 -1 0 0 -1 0 0 -1 0 0 -1 0 0 -1 0 0 -1 0 0 -1 0 0 -1 0 0 -1 0 0 -1 0 0 -1 0 0 -1 0 0 -1 0 0 -1 0 0 -1 0 0 -1 0 0 -1 0 0 -1 0 0 -1 0 0 -1 0 0 -1 0 0 -1 0 0 -1 0 0 -1 0 0 -1 0 0 -1 0 0 -1 0 0 -1 0 0 -1 0 0 -1 0 0 -1 0 0 -1 0 0 -1 0 0 -1 0 0 -1 0 0 -1 0 0 -1 0 0 -1 0 0 -1 0 0 -1 0 0 -1 0 0 -1 0 0 -1 0 0 -1 0 0 -1 0 0 -1 0 0 -1 0 0 -1 0 0 -1 0 0 -1 0 0 -1 0 0 -1 0 0 -1 0 0 -1 0 0 -1 0 0 -1 0 0 -1 0 0 -1 0 0 -1 0 0 -1 0 0 -1 0 0 -1 0 0 -1 0 0 -1 0 0 -1 0 0 -1 0 -0.904827 0 -0.4257793 -0.904827 0 -0.4257793 -0.7705134 0 -0.6374239 -0.7705134 0 -0.6374239 0.1253333 0 -0.9921147 -0.5877851 0 -0.8090171 -0.5877851 0 -0.8090171 0.3681246 0 -0.9297766 0.1253333 0 -0.9921147 -0.3681246 0 -0.9297766 -0.3681246 0 -0.9297766 0.5877851 0 -0.8090171 0.3681246 0 -0.9297766 -0.1253333 0 -0.9921147 -0.1253333 0 -0.9921147 0.7705134 0 -0.6374239 0.5877851 0 -0.8090171 0.904827 0 -0.4257793 0.7705134 0 -0.6374239 0.9822874 0 -0.1873812 0.904827 0 -0.4257793 0.9980268 0 0.06279057 0.9822874 0 -0.1873812 0.9510565 0 0.3090169 0.9980268 0 0.06279057 0.844328 0 0.5358268 0.9510565 0 0.3090169 0.6845472 0 0.7289685 0.844328 0 0.5358268 0.4817532 0 0.8763069 0.6845472 0 0.7289685 0.24869 0 0.9685831 0.4817532 0 0.8763069 0.24869 0 0.9685831 0 0 1 0 0 1 -0.24869 0 0.9685831 -0.24869 0 0.9685831 -0.4817532 0 0.8763069 -0.4817532 0 0.8763069 -0.6845472 0 0.7289685 -0.6845472 0 0.7289685 -0.844328 0 0.5358268 -0.844328 0 0.5358268 -0.9510565 0 0.3090169 -0.9510565 0 0.3090169 -0.9980268 0 0.06279057 -0.9980268 0 0.06279057 -0.9822874 0 -0.1873812 -0.9822874 0 -0.1873812 0.02617698 -0.7877408 0.6154505 0.02617627 -0.7877407 0.6154506 0.02617675 -0.7877408 0.6154503 0.02617657 -0.7877393 0.6154523 0.02617675 -0.7877393 0.6154522 0.02617681 -0.7877408 0.6154504 0.0261771 -0.7877408 0.6154504 0.02617704 -0.7877409 0.6154503 0.0261771 -0.7877405 0.6154509 0.02617692 -0.7877408 0.6154503 0.0261777 -0.7877404 0.6154509 0.02617704 -0.7877411 0.6154501 0.02617776 -0.7877404 0.6154509 0.0261774 -0.787741 0.6154501 0.02617692 -0.7877407 0.6154506 0.02617716 -0.7877408 0.6154505 0.02617692 -0.7877407 0.6154506 0.0261774 -0.7877406 0.6154507 0.02616554 -0.7877404 0.6154514 0.02617889 -0.7877414 0.6154496 0.02617758 -0.7877407 0.6154506 0.02617704 -0.7877406 0.6154506 0.02617686 -0.7877412 0.6154499 0.02617669 -0.7877408 0.6154505 0.02618098 -0.7877385 0.6154532 0.02617663 -0.7877404 0.6154509 0.02617621 -0.7877402 0.6154511 0.026178 -0.7877413 0.6154498 0.02617847 -0.7877411 0.6154499 0.0261771 -0.787741 0.6154502 0.02617675 -0.7877407 0.6154505 0.02617764 -0.7877401 0.6154513 0.02617853 -0.7877401 0.6154512 0.02617698 -0.7877407 0.6154505 0.02617681 -0.7877405 0.6154506 0.02617663 -0.7877406 0.6154506 0.02617692 -0.7877408 0.6154505 0.02617639 -0.7877413 0.6154498 0.02617704 -0.7877408 0.6154505 0.02617603 -0.7877412 0.6154499 0.02617692 -0.7877408 0.6154505 0.02619272 -0.7877449 0.6154444 0.02616894 -0.7877383 0.6154539 0.02618491 -0.7877448 0.615445 0.02617675 -0.7877408 0.6154505 0.02617502 -0.7877418 0.6154492 0.0261777 -0.7877396 0.615452 0.02617675 -0.7877407 0.6154505 0.02617454 -0.7877418 0.6154493 0.02617466 -0.787742 0.615449 0.02617681 -0.7877407 0.6154506 0.02617681 -0.7877409 0.6154503 0.02617669 -0.7877411 0.61545 0.02617686 -0.7877407 0.6154505 0.02617681 -0.787741 0.6154503 0.02617686 -0.7877407 0.6154505 0.02617686 -0.7877407 0.6154505 0.02617716 -0.7877407 0.6154506 0.02617669 -0.787741 0.6154502 0.02617722 -0.7877407 0.6154506 0.02617675 -0.787741 0.6154501 0.02617692 -0.7877408 0.6154505 0.02617692 -0.7877408 0.6154505 -0.02617734 -0.7877407 0.6154506 -0.02617698 -0.7877407 0.6154505 -0.02617686 -0.787741 0.6154503 -0.02617663 -0.7877407 0.6154506 -0.02617675 -0.7877413 0.6154499 -0.02618002 -0.7877387 0.615453 -0.02617675 -0.7877404 0.6154509 -0.02617621 -0.7877408 0.6154504 -0.02620404 -0.7877502 0.6154373 -0.02617013 -0.7877378 0.6154546 -0.02617549 -0.787739 0.6154528 -0.02617728 -0.7877409 0.6154503 -0.02617454 -0.7877398 0.6154518 -0.02617591 -0.7877403 0.6154512 -0.02617752 -0.7877407 0.6154506 -0.02617692 -0.7877407 0.6154505 -0.02617704 -0.787741 0.6154502 -0.02617698 -0.7877404 0.6154509 -0.02617508 -0.7877403 0.6154512 -0.02617752 -0.7877403 0.6154511 -0.02617686 -0.7877409 0.6154503 -0.02617764 -0.7877405 0.6154507 -0.0261777 -0.7877408 0.6154504 -0.0261752 -0.7877403 0.6154512 -0.02617758 -0.7877405 0.6154507 -0.02617686 -0.7877405 0.6154509 -0.02617746 -0.7877407 0.6154505 -0.02617591 -0.7877411 0.6154501 -0.02617752 -0.7877405 0.6154508 -0.02617663 -0.7877404 0.615451 -0.02617669 -0.7877407 0.6154505 -0.02617627 -0.7877412 0.6154498 -0.02617669 -0.7877402 0.6154511 -0.02617669 -0.7877408 0.6154505 -0.02617686 -0.7877406 0.6154506 -0.02617722 -0.7877407 0.6154505 -0.02617293 -0.7877389 0.6154531 -0.02618038 -0.7877418 0.6154491 -0.02617645 -0.787741 0.6154501 -0.02617734 -0.7877408 0.6154504 -0.02617734 -0.7877408 0.6154505 -0.02617728 -0.7877408 0.6154505 -0.02618187 -0.7877436 0.6154466 -0.02617675 -0.7877407 0.6154505 -0.02617675 -0.7877407 0.6154505 -0.02617686 -0.7877407 0.6154505 -0.02617681 -0.7877407 0.6154506 -0.02617591 -0.7877413 0.6154498 -0.02617657 -0.7877407 0.6154506 -0.02617728 -0.7877404 0.615451 -0.02617675 -0.7877408 0.6154505 -0.02617657 -0.7877408 0.6154504 -0.02617746 -0.7877404 0.6154511 -0.02617615 -0.7877416 0.6154496 -0.02617645 -0.7877408 0.6154504 -0.0261771 -0.7877402 0.6154512 -0.02617669 -0.7877407 0.6154506 -0.02617651 -0.7877407 0.6154506 -0.02617615 -0.7877409 0.6154503 -0.02617692 -0.7877404 0.6154509 -0.02617698 -0.7877413 0.6154498 -0.02617698 -0.787741 0.6154503 0.6260163 -0.751761 -0.2072659 0.6388199 -0.7359627 -0.2242052 0.6406748 -0.7476662 -0.1747316 0.5269 -0.8498706 -0.009820878 0.5395476 -0.8419551 2.33166e-4 0.3587159 -0.9006634 0.2452107 0.4410279 -0.8880956 0.1295396 0.4516246 -0.881479 0.1379498 0.2986123 -0.8988031 0.3209109 0.370651 -0.8950936 0.2478414 0.3619197 -0.9005416 0.2409132 0.2972833 -0.8930422 0.3377845 0.2375734 -0.8891788 0.3910496 0.3088443 -0.8943744 0.3235887 0.301081 -0.8992131 0.3174367 0.09306883 -0.8426218 0.5304024 0.0990172 -0.838949 0.5351263 0.2179455 -0.8843821 0.4127567 0.2229937 -0.8812425 0.4167559 0.1014752 -0.8401538 0.5327705 0.6054049 -0.7713599 -0.196186 0.5928432 -0.7867927 -0.1717386 0.5859469 -0.794986 -0.1570459 0.5776048 -0.8045421 -0.1381471 0.5595806 -0.823978 -0.08904981 0.5503909 -0.8193447 -0.1604497 0.5113579 -0.8593605 -0.003580272 0.5524046 -0.8295556 -0.08177298 0.5807199 -0.8023228 -0.1379946 0.6067889 -0.7696909 -0.1984518 0.5534386 -0.8289427 -0.08099126 0.5822651 -0.8005465 -0.1417486 0.5120164 -0.8589702 -0.003086388 0.554637 -0.8278124 -0.08428686 0.5133652 -0.8581486 -0.006098091 0.4759608 -0.8748737 0.08976221 0.510309 -0.8520597 0.1165291 0.4297371 -0.8931741 0.1325375 0.6398417 -0.7181215 -0.2736864 0.5856594 -0.7985226 -0.1391576 0.5872958 -0.7967371 -0.1424556 0.5578566 -0.8258933 -0.0818299 0.5598201 -0.8242579 -0.08485525 0.5163487 -0.8563699 -0.003820896 0.5181611 -0.8552582 -0.006516218 0.4337418 -0.8912929 0.1321553 0.3022572 -0.9011535 0.3107458 0.4316819 -0.8920139 0.1340222 0.1520063 -0.9845639 0.08676397 0.2364891 -0.8898404 0.3902012 0.2968637 -0.8998625 0.3195614 0.5897509 0.07504487 -0.8040909 0.7001969 -0.5071845 -0.502482 0.5930006 -0.7932811 -0.1380411 0.6034345 -0.7889593 -0.1158016 0.6117881 -0.7795506 -0.1342245 0.5966222 -0.7890725 -0.1463099 0.5652558 -0.8209636 -0.08065187 0.568794 -0.8176904 -0.08863383 0.5231949 -0.852209 -0.002625703 0.5829258 -0.8088324 -0.07738059 0.4684666 -0.8759436 0.1151599 0.43795 -0.8887435 0.1354063 -0.9190599 -0.1325151 -0.371172 -0.5757586 0.7920371 0.2029268 -0.7073023 0.6839789 0.1785955 -0.9408062 0.07499307 -0.3305447 -0.7138857 0.6819485 0.1591026 -0.9306659 0.02895385 -0.3647226 -0.7025031 0.6894965 0.1763066 -0.9983172 0.05255627 -0.02450525 -0.9309695 -0.02694618 -0.3641014 -0.9982843 0.05310946 -0.02465176 -0.9312373 -0.08013588 -0.3554931 -0.9286374 -0.09480726 -0.3586699 -0.9959374 0.08977085 -0.007068693 -0.9943457 0.1049773 -0.01601028 -0.8765424 0.4764406 0.06839412 -0.8799538 0.4706072 0.06488525 -0.9262379 -0.1963187 -0.32178 -0.9257287 -0.1850005 -0.32985 -0.9275223 0.1686425 -0.33356 -0.9988692 0.04399698 -0.01801681 -0.9267492 0.1774207 -0.331146 -0.9995881 0.02500331 -0.0140919 -0.9469234 0.3211331 0.0144754 -0.9428377 0.3327099 0.01900571 -0.9539428 0.2988658 0.02592784 -0.94243 0.01908534 -0.3338582 -0.9423837 0.01533347 -0.3341827 -0.9800477 0.1980125 -0.01725435 -0.9783723 0.2062694 -0.01551294 -0.9301843 0.2101479 -0.3009902 -0.9304818 0.2151293 -0.2965182 -0.9959679 0.08955061 -0.005357384 -0.9318593 0.2523976 -0.2606411 -0.8831068 0.421192 -0.2066873 -0.997028 0.07701408 0.002013206 -0.9965585 0.04866403 0.06710457 -0.9978013 0.06218671 0.02292358 -0.888257 0.3819566 -0.2551641 -0.9975626 0.06938964 0.007338225 -0.8879577 0.3831504 -0.2544147 -0.9968898 0.07878708 0.001815497 -0.9845668 0.1749949 -0.002220213 -0.9832523 0.1822314 -0.002553761 -0.9265844 -0.143207 -0.3477544 -0.9871838 0.1594257 0.007180273 -0.9406722 -0.1444453 -0.3070362 -0.9135451 0.3384708 -0.2255501 -0.974845 0.2222616 0.01664406 -0.9732528 0.2287051 0.02174669 -0.9137889 0.337975 -0.2253065 -0.937011 0.3450458 0.05434805 -0.939786 0.3384587 0.04741466 -0.9374275 0.06797462 -0.341481 -0.8694015 0.4836915 0.1009138 -0.8678357 0.485805 0.1041862 -0.7579357 0.6232915 -0.1924611 -0.9557431 0.2924239 0.03229969 -0.9390525 -0.1078099 -0.3264315 -0.8366135 0.5320578 0.1303545 -0.8056588 0.5768472 0.1347638 -0.9400282 -0.09816873 -0.3266647 -0.9784713 0.2036643 0.03338831 -0.9794818 0.1991155 0.03111875 -0.8724229 0.4680444 -0.1407576 -0.8609101 0.4927928 0.126448 -0.9093646 0.3743934 -0.1813436 -0.8831319 0.4214044 -0.2061467 -0.8376575 0.5304344 0.1302658 -0.9493541 0.05109524 -0.3100263 -0.9875884 0.1565134 0.01314568 -0.9483389 0.05559813 -0.3123497 -0.9477801 0.3123779 0.06428647 -0.7417886 0.6597121 -0.1205393 -0.950115 0.3062016 0.05934703 -0.7460379 0.6530575 -0.1301671 -0.9104489 0.4076862 0.06982046 -0.9051033 0.4185158 0.07504945 -0.9093789 0.3743684 -0.181324 -0.9333299 -0.1549348 -0.3238679 -0.7133575 0.6739813 0.1920163 -0.9460201 -0.2083011 -0.2483074 -0.9341805 -0.1950934 -0.2987397 -0.9328311 -0.2103292 -0.2925542 -0.998829 -0.04835069 0.001631915 -0.9635862 0.2646624 0.0381512 -0.9594392 0.2789086 0.04106527 -0.6019277 0.7949609 -0.07563227 -0.9919064 0.123269 0.03043568 -0.989737 0.141078 0.02275216 -0.9528022 -0.05474954 -0.2986142 -0.9412887 -0.04703438 -0.3343101 -0.9908501 0.1329456 0.02327275 -0.9415935 -0.0329805 -0.3351327 -0.9309371 0.2507553 -0.2654765 -0.983291 0.1771666 0.04184013 -0.9819303 0.1835412 0.04610592 -0.7979739 0.5814113 0.1587402 -0.7965703 0.5826907 0.1610813 -0.9510806 0.007239103 -0.3088579 -0.7919645 0.5847382 0.175708 -0.8292294 0.5369402 0.1551577 -0.9493077 -0.003726124 -0.3143261 -0.8294841 0.5365732 0.1550651 -0.9452582 -0.1208107 -0.3031367 -0.9465556 -0.1103755 -0.3030672 -0.9240904 0.3743664 0.07685536 -0.9188763 0.3866607 0.07848411 -0.6332373 0.7739303 -0.00653392 -0.9930052 0.1116309 0.03846013 -0.9934552 0.1060462 0.04243797 -0.9922938 0.1187474 0.03538256 -0.9479954 0.1312163 -0.2899775 -0.9846293 0.1456205 0.09643512 -0.950695 0.1742228 -0.2565644 -0.9860405 0.14287 0.08551108 -0.947283 0.1395589 -0.2884067 -0.9792616 0.1827119 0.08753842 -0.9852349 0.1613494 0.05725818 -0.986177 0.1563273 0.05492389 -0.9877632 0.1424886 0.06340926 -0.9519689 0.2087904 -0.2239682 -0.9573333 0.2807223 0.06861364 -0.9503206 0.1699258 -0.2607986 -0.5412918 -0.4633147 -0.7016714 -0.9547209 0.2880373 0.0744484 -0.9019631 0.4196379 0.1018162 -0.9477202 -0.06039571 -0.3133347 -0.5613449 -0.4124053 -0.7175052 -0.6453461 -0.4449374 -0.6209341 -0.9596653 -0.0147106 -0.2807599 -0.7050047 -0.4176593 -0.5731747 -0.8992224 0.4240554 0.1075921 -0.9587052 -0.06865781 -0.27599 -0.6259782 -0.4308335 -0.6500261 -0.9727835 0.2232176 0.06217873 -0.9449693 -0.1562969 -0.2874098 -0.9708281 0.2343323 0.05080634 -0.94307 -0.171192 -0.2851531 -0.9998674 -0.01627451 -6.56192e-4 -0.9661946 0.2517365 0.05564838 -0.4752691 -0.411012 -0.7779386 -0.9562829 0.1170756 -0.2679858 -0.9146203 0.3892479 0.1093426 -0.9165363 0.3853651 0.1070275 -0.6584017 -0.3767051 -0.6516137 -0.9574293 0.1128069 -0.2657138 -0.7253942 -0.3808159 -0.5733956 -0.63832 -0.4183502 -0.6461662 -0.9746177 0.2129536 0.06907278 -0.6486437 -0.3973351 -0.6491425 -0.9769618 0.2009577 0.0718441 -0.8617615 0.490632 0.1290243 -0.6703613 -0.3498772 -0.6543711 -0.9596285 0.1510306 -0.2372822 -0.9595839 0.149595 -0.2383697 -0.8947344 0.4288789 0.1245526 -0.9603924 -0.1236629 -0.2497075 -0.9995671 -0.009246766 0.02793085 -0.9618017 -0.1095417 -0.2508748 -0.9575117 -0.02054977 -0.2876611 -0.9649993 0.2497541 0.07999491 -0.961672 0.2595084 0.0885564 -0.9296253 0.3059423 -0.2054165 -0.6422072 -0.3780026 -0.6668463 -0.929327 0.3074591 -0.2045002 -0.9358977 0.3429695 0.08042073 -0.6773989 -0.300684 -0.6713568 -0.9282136 0.3615047 0.08794265 -0.7235227 -0.3662825 -0.5851086 -0.7065681 0.6753467 0.2113488 -0.7226228 0.6633921 0.194235 -0.9564965 0.04204392 -0.2886983 -0.9562444 0.03138238 -0.290881 -0.6992898 -0.4085172 -0.5866068 -0.7370684 -0.3408024 -0.5835957 -0.9675906 0.2327574 0.09794032 -0.9695379 0.2068774 0.131141 -0.7117218 -0.3872789 -0.5860607 -0.9697226 0.2254469 0.09387046 -0.7728282 -0.37509 -0.5119023 -0.9497436 -0.1905363 -0.2483608 -0.9487686 -0.1721308 -0.26497 -0.7385905 -0.3906749 -0.5494154 -0.7923412 0.5837659 0.1772363 -0.9536548 -0.12417 -0.2740884 -0.9511976 -0.1378688 -0.2760713 -0.7500867 -0.370828 -0.5475915 -0.9779951 0.1919817 0.08166056 -0.973123 0.206391 0.1021495 -0.7506448 -0.3697925 -0.5475271 -0.9661611 0.2120359 0.1468796 -0.7851339 -0.3529702 -0.5088976 -0.9817395 0.1691346 0.08706909 -0.6785912 -0.2650039 -0.6850453 -0.8243005 0.5398126 0.1706788 -0.8729909 0.4678279 -0.1379275 -0.8239966 0.5402472 0.170771 -0.6502076 -0.32855 -0.6850438 -0.9292349 0.3530657 0.1089367 -0.9250601 0.3610094 0.1180512 -0.9649978 -0.0845859 -0.248243 -0.8503882 0.4997529 0.1645806 -0.9536691 -0.07479631 -0.2914118 -0.7978361 -0.184332 -0.574003 -0.9653156 -0.0299279 -0.2593647 -0.8540738 0.4973953 0.1521701 -0.6625604 -0.289495 -0.6908013 -0.8554642 0.4957704 0.1496423 -0.693293 -0.2159756 -0.6875313 -0.9473174 0.3070017 0.09132158 -0.9005089 0.4179228 -0.1201012 -0.8998746 0.4191854 -0.120455 -0.9396769 0.3282186 0.09633231 -0.7106317 -0.3676964 -0.5998349 -0.750942 -0.2938675 -0.5913781 -0.7644546 -0.3446552 -0.5448137 -0.8050827 -0.1385209 -0.5767616 -0.7141619 0.6648766 0.2188878 -0.9511539 0.2075761 -0.2285133 -0.9098477 0.3945819 0.128383 -0.9991491 -0.01325035 0.03905689 -0.8966707 0.4232308 0.1298359 -0.7492338 -0.3523832 -0.5607805 -0.9256098 0.3412592 -0.1636717 -0.9256425 0.3411206 -0.1637765 -0.7979452 -0.3286936 -0.5052168 -0.9172219 0.3835324 -0.1077352 -0.7918719 -0.100708 -0.602326 -0.9413339 0.3160268 0.1183957 -0.9376856 0.3241333 0.1252323 -0.962815 -0.1512801 -0.2238337 -0.9573544 -0.1408584 -0.252253 -0.9551357 0.2788394 0.09982186 -0.9568843 -0.1479457 -0.249969 -0.727237 -0.3186981 -0.6079128 -0.7785454 -0.2991613 -0.5516968 -0.9469504 0.3035211 0.1056394 -0.7586573 -0.2600094 -0.597356 -0.9631047 -0.03623151 -0.2666769 -0.6656503 -0.2430495 -0.7055753 -0.9140633 0.3841106 0.1301819 -0.725103 0.6865881 -0.05312639 -0.9559879 0.2512822 0.1514739 -0.7384093 0.6712698 -0.06440824 -0.9417394 0.3001027 0.1518731 -0.9455023 0.2967698 0.1339891 -0.9496037 0.2870771 0.125855 -0.8932681 0.4256071 0.144674 -0.971096 0.001464068 -0.2386848 -0.8900129 0.4303191 0.1506733 -0.9643577 0.01974457 -0.2638642 -0.7656232 -0.3051992 -0.5662813 -0.9646183 0.01217603 -0.2633692 -0.7842032 0.5866028 0.2022932 -0.7862206 0.5865169 0.194564 -0.7773167 -0.2146947 -0.5913417 -0.7440791 -0.2810304 -0.606109 -0.7864769 -0.2665456 -0.5571423 -0.7873559 0.5854448 0.1931972 -0.8626954 0.4984338 -0.08555924 -0.8615209 0.5009947 -0.08237797 -0.6903848 -0.1846789 -0.6994731 -0.8494507 0.5265824 -0.03383189 -0.8185448 0.5430538 0.1872887 -0.8186472 0.5429107 0.1872558 -0.8889728 0.429835 0.1580163 -0.693509 -0.1630613 -0.7017524 -0.8506959 0.4986019 0.1664714 -0.8908594 0.4488841 -0.06980353 -0.954131 0.2747216 0.1190044 -0.9632251 0.2450135 0.1102986 -0.8905712 0.4494557 -0.06980335 -0.9663214 0.2222738 0.1296818 -0.9603402 0.1864156 -0.2073549 -0.7818133 -0.2690303 -0.5624862 -0.9620884 0.2439827 0.1218943 -0.9459089 0.259126 0.1952186 -0.9565054 0.2585898 0.135014 -0.8015759 -0.04061329 -0.5965121 -0.9610204 0.1838557 -0.2064869 -0.9995516 -0.02060294 0.02173089 -0.9079909 0.3912979 0.1497948 -0.9106312 0.3861742 0.1470383 -0.8102965 -0.285826 -0.5115888 -0.7840878 0.5864624 0.2031456 -0.7706204 -0.3587673 -0.5267165 -0.8157752 0.5442581 0.1956889 -0.594339 0.1240783 -0.7945854 -0.9643748 0.09221017 -0.2479484 -0.9638134 0.1006847 -0.2468328 -0.5708318 0.02743089 -0.8206087 -0.8157788 0.5442526 0.1956888 -0.7267554 -0.04271346 -0.685567 -0.9200504 0.3664888 0.13854 -0.7022268 -0.113148 -0.7029047 -0.9666263 0.1286486 -0.221547 -0.9356097 0.32519 0.1374263 -0.9288393 0.3475188 0.1284065 -0.966892 0.1330611 -0.2177492 -0.7045555 -0.133991 -0.6968845 -0.9503728 0.2759869 0.1436063 -0.7181622 0.6958271 0.00823009 -0.9399909 0.3091912 0.1442844 -0.7252983 0.6884101 -0.00583446 -0.9412798 0.2957175 0.1629217 -0.9189688 0.3568732 0.1677431 -0.9255602 0.3491317 0.1464424 -0.9202692 0.3585246 0.1567317 -0.9375963 0.294058 0.1855885 -0.9684752 -0.1024286 -0.2270773 -0.7863447 -0.3128899 -0.5326931 -0.9370973 0.3132357 0.1540524 -0.8899639 0.4258939 0.1630289 -0.9595233 -0.09330117 -0.2657255 -0.7905979 -0.1656544 -0.5895029 -0.7554766 -0.237194 -0.6107324 -0.8469836 0.5002437 0.1799307 -0.9467526 0.2916266 -0.1364316 -0.8454402 0.5021058 0.1819909 -0.9499037 0.2601339 -0.1732429 -0.9501253 0.258897 -0.17388 -0.8443203 0.5017772 0.1879968 -0.9687296 -0.002336263 -0.248108 -0.9263996 0.34225 0.1569991 -0.9059549 0.3912253 0.1618284 -0.8045481 -0.2239986 -0.5500245 -0.9105262 0.3818405 0.1585555 -0.8739692 0.4316494 0.2232862 -0.8891137 0.4218451 0.1775488 -0.7935113 -0.2266083 -0.5647907 -0.8424946 0.5024149 0.1943762 -0.8440758 0.5015808 0.1896122 -0.9708268 -0.04684346 -0.2351615 -0.8311372 -0.3556143 -0.427492 -0.7819573 0.5871569 0.2092594 -0.8251155 -0.3308775 -0.4579352 -0.9691776 -0.05687588 -0.2397078 -0.7375733 0.6423202 0.2083516 -0.8492091 -0.2834905 -0.4455076 -0.7094562 0.6672643 0.2267822 -0.9201878 0.3488752 0.1775965 -0.4703741 0.1398148 -0.8713209 -0.9200027 0.3507437 0.1748541 -0.8856592 0.4259973 0.184754 -0.9648464 -0.1053797 -0.2407625 -0.8854659 0.4297009 0.176939 -0.8900553 0.4226792 0.1707155 -0.9064685 0.3857921 0.1716951 -0.7757936 0.5871382 0.2311127 -0.9722775 0.07033461 -0.2230011 -0.7120013 -0.06345957 -0.6993046 -0.7827536 0.5859008 0.2098027 -0.7902439 0.5480465 0.2741525 -0.8149611 0.5431601 0.2020283 -0.8135024 0.5452222 0.202353 -0.9715806 0.07671737 -0.2239324 -0.9746214 0.108157 -0.1959975 -0.8130277 -0.2569613 -0.5224528 -0.974466 0.1053628 -0.1982797 -0.8063884 -0.2761917 -0.5229301 -0.9593755 0.2345286 -0.156828 -0.9990452 -0.03251725 0.02917826 -0.5023975 0.2345943 -0.8322032 -0.959231 0.2351013 -0.1568537 -0.7782337 -0.1847577 -0.6001807 -0.6156709 0.7860041 0.05609631 -0.8067511 -0.1214422 -0.5782772 -0.9972068 -0.07463794 -0.002809047 -0.9738463 -0.07071691 -0.2159224 -0.9744451 -0.06545197 -0.214879 -0.8148058 -0.1771117 -0.5520172 -0.8178692 -0.1772002 -0.5474395 -0.9467669 0.2918155 -0.1359273 -0.9175345 0.3834141 -0.1054697 -0.733884 0.01725149 -0.6790558 -0.7552695 0.09542024 -0.6484313 -0.7325066 -0.002248704 -0.6807562 -0.9395717 0.3314293 -0.08578759 -0.4317986 0.4888901 -0.7579818 -0.9681606 0.162463 -0.1904493 -0.4211304 0.3373194 -0.8419411 -0.9675857 0.1669242 -0.1895103 -0.8647274 -0.290677 -0.4095771 -0.8259103 -0.3105747 -0.4705479 -0.9753292 -0.02544146 -0.2192843 -0.853798 -0.2562293 -0.4531838 -0.9803703 -0.03687804 -0.1936857 -0.9757794 -0.01546931 -0.2182093 -0.8250709 -0.06206309 -0.5616103 -0.9781426 -0.07890951 -0.1923809 -0.7923675 -0.1398949 -0.5937871 -0.9700766 -0.111379 -0.2157453 -0.9688197 -0.1381027 -0.2057087 -0.9308062 0.3614581 0.05429416 -0.8337272 -0.1352099 -0.5353665 -0.9562697 0.2661895 -0.121208 -0.956382 0.2657622 -0.1212599 -0.8280516 -0.1352466 -0.5440945 -0.9769551 0.05880308 -0.2051849 -0.9775016 0.05211555 -0.2043884 -0.848618 -0.3041362 -0.4328377 -0.9797372 0.08631616 -0.180733 -0.9799154 0.08931559 -0.1782937 -0.8396518 -0.2780622 -0.4665473 -0.8227855 -0.2180321 -0.5248676 -0.850572 0.5250361 -0.02939981 -0.8681306 -0.2187083 -0.4455512 -0.8242899 -0.2343068 -0.5154089 -0.976107 -0.0853151 -0.199841 -0.7434284 0.08026075 -0.6639822 -0.9083511 0.4141491 -0.05812758 -0.909229 0.4118381 -0.0607621 -0.8985784 0.4384951 -0.01670223 -0.8789572 0.4763854 -0.02216762 -0.7632821 0.1675298 -0.6239666 -0.8804389 0.4736525 -0.02192682 -0.7618555 0.1526235 -0.6295096 -0.971868 -0.1623942 -0.1705896 -0.9689284 -0.1382265 -0.2051128 -0.9802395 -0.09461355 -0.1737205 -0.8639202 -0.267206 -0.426899 -0.9787391 -0.03842562 -0.2014777 -0.8651505 -0.2713717 -0.4217489 -0.9834054 -0.05070012 -0.1741939 -0.06871831 0.546757 -0.8344667 -0.9759628 0.1377582 -0.1688768 -0.9754543 0.1411602 -0.1690051 -0.9789391 -0.09810322 -0.179036 -0.8138763 -0.07840836 -0.5757235 -0.9814109 -0.1046354 -0.1608855 -0.8519527 -0.07829141 -0.5177326 -0.05969709 0.6416597 -0.7646627 -0.9859441 -0.1313022 0.1033146 -0.9666043 0.2135137 -0.141732 -0.9667335 0.2126733 -0.1421136 -0.8391106 0.5437718 0.01433902 -0.8474125 -0.07909995 -0.5250097 -0.8372708 0.5464773 0.01844286 -0.8366683 -0.1894669 -0.5138954 -0.8594812 -0.1311129 -0.4940664 -0.8686148 0.4949991 0.02200847 -0.842058 -0.1712979 -0.5114639 -0.8566814 0.05103111 -0.5133157 -0.8690415 0.4942539 0.02190929 -0.8337064 -0.02748495 -0.5515235 -0.9825884 0.03752666 -0.181967 -0.8364177 -0.01213186 -0.5479583 -0.9828233 0.02958571 -0.182162 -0.9814746 -0.05449914 -0.1836777 -0.8651954 -0.03232741 -0.5003918 -0.98518 0.06297874 -0.1595438 -0.8630663 -0.03128921 -0.5041207 -0.9854297 0.06675189 -0.1564373 -0.9399852 0.3310084 -0.08283233 -0.7723175 0.2141993 -0.5980337 -0.7705665 0.228113 -0.59514 -0.8476045 -0.2419249 -0.47227 -0.7025479 0.7085843 0.06583809 -0.8770971 -0.1792088 -0.4456286 -0.7242074 0.6877977 0.04957842 -0.8457679 -0.1500201 -0.512026 -0.9808375 0.1213914 -0.152387 -0.9812666 0.1179494 -0.1523277 -0.8752928 -0.07880902 -0.4771285 -0.8786358 -0.3030435 -0.3690038 -0.9640218 0.2428854 -0.1080212 -0.8808767 -0.2634913 -0.3932282 -0.9638057 0.2440481 -0.1073269 -0.8723444 -0.2910631 -0.3928072 -0.9747694 0.1861128 -0.1232343 -0.5098084 0.6234455 -0.5927994 -0.9747002 0.1865394 -0.1231366 -0.9919885 -0.07224583 -0.1036304 -0.9867964 -0.07862693 -0.1416006 -0.9848414 -0.06495535 -0.1608362 -0.9847814 -0.07072472 -0.1587562 -0.8700732 -0.2339162 -0.4338845 -0.8788496 -0.2353091 -0.4150336 -0.9868301 0.01201713 -0.1613134 -0.8656793 -0.1980165 -0.4597704 -0.8892189 -0.1433759 -0.4344341 -0.9864124 0.01723885 -0.1633811 -0.8824182 0.02772378 -0.4696484 -0.8679438 0.1073665 -0.4849186 -0.9892939 0.04593443 -0.1385192 -0.8483543 0.03919041 -0.5279762 -0.9891794 0.04403096 -0.139948 -0.9494048 0.3057242 -0.07185548 -0.9504365 0.3025565 -0.07162451 -0.8784577 0.02844554 -0.4769726 -0.9319438 0.3603916 -0.03998345 -0.933001 0.3572768 -0.04315602 -0.7802544 0.3313372 -0.5304893 -0.7830811 0.320969 -0.532694 -0.7038501 0.7010334 0.1146618 -0.7133371 0.6939283 0.09804928 -0.7844015 0.3889294 -0.4831647 -0.9721313 0.2163707 -0.09024643 -0.7843103 0.3834636 -0.4876608 -0.7843644 0.4451664 -0.4319717 -0.9723564 0.2151638 -0.09070652 -0.9894846 -0.005197525 -0.1445449 -0.8640843 0.09654855 -0.4940009 -0.9921796 0.02896177 -0.1214122 -0.989382 0.001469731 -0.1453311 -0.9802835 0.1652799 -0.1082899 -0.9802475 0.1655339 -0.1082279 -0.8771857 0.1532866 -0.4550259 -0.9779402 0.1940518 -0.07731157 -0.8647367 -0.09536194 -0.4930887 -0.9429148 0.3316355 -0.03048771 -0.9435538 0.3297271 -0.03140312 -0.991936 0.02629697 -0.1239822 -0.8931402 0.07983821 -0.4426357 -0.8992407 0.4372663 -0.01282125 -0.892434 0.08088028 -0.4438694 -0.9238163 0.3828186 -0.003659546 -0.8868795 -0.1973524 -0.4177281 -0.9867742 0.09375929 -0.1322345 -0.8859025 -0.1927754 -0.4219173 -0.9992253 -0.03828281 0.009121417 -0.9907827 0.07463431 -0.113045 -0.501706 0.724602 -0.4724859 -0.9864563 0.09759241 -0.1318315 -0.989649 -0.1424696 -0.01724213 -0.7020618 0.6997562 0.1321008 -0.9284104 0.3641565 0.07378435 -0.8850037 -0.03509354 -0.4642595 -0.8819286 -0.05064004 -0.4686549 -0.9021657 0.01955169 -0.4309464 -0.9917922 -0.02111911 -0.1261049 -0.9916218 -0.01611757 -0.1281656 -0.9944046 0.01081699 -0.1050834 -0.8763386 -0.1611572 -0.4539372 -0.9942904 0.009143233 -0.1063156 -0.9025821 -0.09574675 -0.4197358 -0.9936497 0.05679506 -0.09713184 -0.9904494 0.07520067 -0.1155635 -0.8898434 0.455605 0.02455317 -0.8883779 0.4582514 0.02811354 -0.872983 0.1452145 -0.4656323 -0.6045123 0.7135696 -0.3540951 -0.9780025 0.1942777 -0.07594263 -0.8881753 -0.2475861 -0.3870993 -0.8857497 -0.2324945 -0.4017382 -0.9929911 -0.0288152 -0.1146231 -0.9957525 -0.002604067 -0.09203308 -0.9956142 -0.004008591 -0.09346908 -0.9020469 0.1227444 -0.4138179 -0.9002628 0.1247251 -0.4170979 -0.9586942 0.2778655 -0.0607962 -0.8949631 -0.1584144 -0.4170683 -0.9571982 0.2833456 -0.0590505 -0.8985926 -0.1626718 -0.4075161 -0.9931599 -0.04332506 -0.1084269 -0.9922907 -0.06776577 -0.1037646 -0.7828648 0.4437349 -0.4361446 -0.9860619 0.140042 -0.08983337 -0.986062 0.1400415 -0.08983349 -0.9000229 -0.1935533 -0.3905071 -0.895417 -0.2110823 -0.3920111 -0.996441 -0.01389348 -0.08314067 -0.9970284 -0.02148264 -0.07397866 -0.9964986 -0.01299923 -0.0825929 -0.9028389 -0.2515769 -0.3486989 -0.5828763 0.7919993 0.1816383 -0.9139175 -0.2056775 -0.3499309 -0.8973901 -0.2437337 -0.3678108 -0.9131716 -0.1116769 -0.3919768 -0.8273434 0.558357 0.06115859 -0.9127162 -0.05614143 -0.4047189 -0.822968 0.5643345 0.06519436 -0.8928161 -0.1110248 -0.4365236 -0.9933627 0.05674481 -0.1000528 -0.9959622 0.03797197 -0.08134758 -0.8946169 0.007745087 -0.446767 -0.8575687 0.5102468 0.06499457 -0.8556298 0.5134728 0.06514114 -0.8901205 0.2773433 -0.361616 -0.8856683 0.2336707 -0.4012351 -0.8868484 0.2250238 -0.4035643 -0.951018 0.3085855 -0.01843208 -0.9523954 0.3040212 -0.0226742 -0.8897048 0.2726992 -0.3661428 -0.990285 0.1179462 -0.07364976 -0.8914402 0.3205441 -0.3202903 -0.9902637 0.1181281 -0.07364499 -0.7776212 0.523943 -0.3475474 -0.7773554 0.5246263 -0.3471108 -0.9247643 0.3805372 0.001563191 -0.9674931 0.2488684 -0.04496306 -0.9660568 0.2544977 -0.0443297 -0.9075368 -0.1162345 -0.403567 -0.912234 0.1959841 -0.359749 -0.9957585 0.03850877 -0.08355784 -0.9973191 0.02398514 -0.06913185 -0.9105409 0.1983963 -0.3627041 -0.9841478 0.1668987 -0.05998212 -0.9088345 0.05689573 -0.4132586 -0.9838329 0.1691266 -0.05889773 -0.9194353 0.1078106 -0.3781739 -0.9108943 0.06877237 -0.4068682 -0.8128434 0.5726872 0.1063719 -0.9148671 0.2388858 -0.3255027 -0.8146663 0.5707361 0.1028561 -0.914819 0.239204 -0.3254041 -0.8458406 0.5233287 0.1033479 -0.9055765 -0.2186129 -0.3635102 -0.8454366 0.5239531 0.1034885 -0.9057535 -0.06969308 -0.4180354 -0.9257467 -0.006033301 -0.3780959 -0.9372056 0.3486972 0.007477581 -0.9155438 -0.2681411 -0.2997996 -0.9344612 0.3559778 0.007881402 -0.9219555 -0.2136379 -0.3230432 -0.9064276 -0.2499652 -0.3404501 -0.9971617 0.02451413 -0.07118737 -0.9080065 -0.1611022 -0.3867431 -0.9066782 -0.1775006 -0.3826594 -0.9604359 0.2784483 -0.005418181 -0.9989699 -0.04493129 0.006356716 -0.9615761 0.2744128 -0.008308768 -0.5866348 0.7715054 -0.2462499 -0.9933238 0.09899497 -0.05922609 -0.9933605 0.09856826 -0.0593236 -0.9213476 -0.07772541 -0.3808901 -0.9882758 0.1461673 -0.04411268 -0.9206413 -0.07297515 -0.3835287 -0.9885159 0.1444404 -0.04442197 -0.7691321 0.5730059 -0.2830197 -0.9916201 0.1252107 -0.03181147 -0.7546652 0.6244561 -0.2013333 -0.9152461 0.4010506 0.03850769 -0.7705711 0.5696728 -0.2858201 -0.9172461 0.3968983 0.03363513 -0.9156765 0.09975391 -0.3893401 -0.8044992 0.579048 0.1322292 -0.7127833 0.686003 0.1460812 -0.9277161 -0.2231982 -0.2992078 -0.9998235 -0.0163744 -0.009207427 -0.9133301 -0.2276615 -0.3376365 -0.9986478 0.004169285 -0.05181926 -0.9980993 0.01274603 -0.06029301 -0.9980211 0.01442456 -0.06120324 -0.972072 0.2325298 -0.03171628 -0.6321681 0.7600951 -0.1503959 -0.9735921 0.2259673 -0.03251898 -0.8903409 0.318996 -0.3248608 -0.9958538 0.07934826 -0.04448878 -0.9958935 0.07884562 -0.0444917 -0.9191212 -0.186032 -0.347287 -0.9180599 -0.1757518 -0.3553553 -0.9293261 0.3668364 0.04223632 -0.9280743 0.3697991 0.0438928 -0.9188615 -0.01650643 -0.3942351 -0.9352694 -0.0250591 -0.3530484 -0.933915 0.0387156 -0.3553925 -0.9916357 0.125609 -0.0296843 -0.9942982 0.1051629 -0.01766067 -0.9679959 0.2509493 0.002902269 -0.9667337 0.2557071 0.006317079 -0.9163933 0.2792947 -0.2867367 -0.997404 0.06389605 -0.03320604 -0.9154523 0.2809944 -0.2880786 -0.9973649 0.06449919 -0.03321069 -0.920964 -0.1167221 -0.3717545 -0.9800168 -0.1961395 -0.0331133 -0.9338379 -0.1334864 -0.3318558 0.9313353 -0.1314929 -0.3395943 0.9863283 0.1618106 -0.03120774 0.9870646 0.156924 -0.03283911 0.9271918 0.2012709 -0.3159201 0.6965515 0.6966465 0.1717552 0.7130553 0.6839987 0.1539413 0.9271251 0.1960933 -0.3193531 0.9131689 0.3221991 -0.2496199 0.9464678 0.3226987 0.008026003 0.9425988 0.3335728 0.01538646 0.7524157 0.6289088 -0.1958172 0.7491745 0.6347851 -0.1891705 0.9906116 0.1356074 -0.01729625 0.8824412 0.4012698 -0.2455198 0.9901591 0.1387923 -0.01793563 0.875352 0.445191 -0.1885836 0.9108999 0.3523861 -0.2146748 0.9556236 0.2936086 0.02403765 0.9534174 0.3007432 0.02342593 0.9745646 0.2238251 0.01122725 0.931986 0.05319255 -0.3585701 0.9453406 0.04000574 -0.3236213 0.9620652 0.2711873 0.02979856 0.94545 0.1257542 -0.3005166 0.910781 0.3525192 -0.2149611 0.9679678 0.2510647 0.002215027 0.7933782 0.5887399 0.1547141 0.8019609 0.5830459 0.1300628 0.8359691 0.5342497 0.1254309 0.9429821 0.04241633 -0.3301298 0.9836224 0.1802159 -0.00303781 0.9825149 0.186181 0.001013815 0.9991084 -0.04220473 0.001039862 0.5914421 0.8018916 -0.08465278 0.9753113 0.2203868 0.01405429 0.9185532 -0.1964423 -0.3430313 0.9392235 -0.1944053 -0.2829591 0.8678615 0.4874467 0.09598046 0.9426638 -0.1327767 -0.3061949 0.8660885 0.4900792 0.09855473 0.9288949 0.2479329 -0.2751065 0.8366729 0.5331118 0.1255809 0.9297369 0.2433152 -0.2763819 0.8592762 0.4967092 0.1221652 0.9867025 0.1620378 0.01272475 0.9871991 0.1590104 0.01239949 0.7266932 0.6831045 -0.07269865 0.9926211 0.1211642 -0.004769086 0.7446821 0.6518659 -0.1432453 0.9947611 0.1020858 0.005392611 0.7382929 0.6608465 -0.1349278 0.9932222 0.1160815 -0.005887806 0.9305274 -0.1991699 -0.3073274 0.9975242 0.06551039 0.02557021 0.9975283 0.06496691 0.02676981 0.9949893 0.0997051 0.007415413 0.9357931 0.3488793 0.05073916 0.9340378 -0.07457906 -0.3493014 0.947851 0.313811 0.05568653 0.9347684 -0.05318433 -0.3512539 0.9401239 0.3383378 0.04116338 0.9464627 -0.08034604 -0.3126548 0.9069996 0.4151788 0.07055729 0.9339464 -0.1537056 -0.3226745 0.9466494 -0.1559854 -0.2819991 0.9181023 0.3897814 0.07182359 0.9435741 -0.02294749 -0.3303656 0.921449 0.3817257 0.07223099 0.9474831 -0.00655204 -0.3197389 0.9430856 0.1195357 -0.3103236 0.9493978 0.308776 0.05745679 0.6998944 0.6877853 0.1926111 0.714847 0.6769738 0.175215 0.953963 0.1028444 -0.2817403 0.9528177 0.104716 -0.2849088 0.7076562 0.678703 0.1964303 0.9900895 0.1386192 0.02253079 0.9891824 0.1444019 0.02581429 0.9545826 -0.03252482 -0.2961657 0.9783297 0.2052555 0.0272243 0.9554623 -0.08684456 -0.2820459 0.980505 0.1952164 0.02237093 0.9410272 -0.07957953 -0.3288385 0.8755618 0.4453783 -0.1871621 0.993112 0.1095079 0.04167068 0.9915509 0.1248525 0.03519159 0.9047311 0.3935303 -0.1630809 0.9919093 0.1219378 0.03531348 0.8673804 0.4779124 -0.1387474 0.9618062 0.2705606 0.04154366 0.9287971 0.2915899 -0.2287164 0.9682482 0.2454593 0.04738163 0.957063 0.2833909 0.06099182 0.9857046 0.1508008 0.07513678 0.9285317 0.2934278 -0.2274399 0.9539956 -0.03363913 -0.2979275 0.9828798 0.1803569 0.03766697 0.9840378 0.1738845 0.03786689 0.9835103 0.1548972 0.09334999 0.9863852 0.1581138 0.04521429 0.9852142 0.1549116 0.07318067 0.7875245 0.5909199 0.1749826 0.9442273 -0.1592897 -0.288204 0.827995 0.5400444 0.1509186 0.793862 0.5874826 0.1569948 0.9503315 0.2038677 -0.2351765 0.9698737 0.2381668 0.05120176 0.9477441 0.1559065 -0.2783423 0.8284237 0.5393654 0.1509935 0.9479831 0.1626102 -0.2736531 0.9569344 0.1388317 -0.2549553 0.8597275 0.4954286 0.1241739 0.8523233 0.5021489 0.1462588 0.9565821 0.1395387 -0.25589 0.8936454 0.4325107 0.1197181 0.9048903 0.3932709 -0.1628236 0.8971523 0.429561 0.1029332 0.900953 0.4230816 0.09636229 0.5910363 0.8065067 -0.01493543 0.9146924 0.3908827 0.1027061 0.859095 0.5024042 -0.09770238 0.9124504 0.3960722 0.102767 0.867294 0.4788067 -0.1361805 0.8976002 0.4248358 -0.1175945 0.678322 -0.4050998 -0.6130036 0.9557622 0.2846309 0.07418781 0.9632413 0.2568824 0.07859802 0.964529 0.250918 0.08200025 0.6996913 -0.4214482 -0.5768998 0.6442062 -0.4467938 -0.6207847 0.9265894 0.3209586 -0.1960039 0.6224552 -0.4305875 -0.6535624 0.99983 -0.01804143 -0.003809332 0.9717431 0.2272152 0.063941 0.9264128 0.3217924 -0.1954711 0.6993473 -0.3408777 -0.6282641 0.9756942 0.211489 0.0573855 0.9397214 -0.2174817 -0.2638662 0.9400033 -0.1981557 -0.2777197 0.7186669 -0.3871641 -0.5776001 0.9279036 0.3630262 0.0848934 0.6272978 -0.4261434 -0.651843 0.9350823 0.346654 0.07383948 0.8977724 0.4245891 -0.1171702 0.9790907 0.189864 0.07302778 0.6449726 -0.3993074 -0.6515858 0.9823414 0.1688302 0.08063346 0.9768154 0.2013527 0.07272452 0.9524778 0.01508325 -0.3042341 0.9511491 0.2949904 0.09108257 0.9453555 0.3137932 0.08852583 0.7253562 -0.2886651 -0.6249248 0.962314 0.002631604 -0.2719281 0.9407619 0.3272505 0.08873587 0.9532195 0.03137034 -0.3006467 0.9997736 -0.01281237 0.0169909 0.7308093 0.6799467 -0.05991977 0.7348151 -0.2548869 -0.6285535 0.7877979 0.5900205 0.1767772 0.8219076 0.5437266 0.1697914 0.7176166 0.6963175 -0.01298135 0.9539803 -0.1788086 -0.2407262 0.7820298 0.5925997 0.1930156 0.7162674 0.6661248 0.2079399 0.9521973 -0.1608387 -0.2597139 0.656029 -0.3758005 -0.6545227 0.6527264 -0.3602451 -0.6664622 0.9477604 -0.1771489 -0.2652707 0.8221117 0.5434064 0.1698291 0.7196523 -0.3684659 -0.5885009 0.8526598 0.5011023 0.147877 0.6942 -0.4131895 -0.5893732 0.9600313 0.004211843 -0.2798609 0.7287382 -0.3466746 -0.5905568 0.847157 0.5053632 0.164113 0.7050381 -0.3897019 -0.5924981 0.9493753 0.2016999 -0.2408397 0.7644144 -0.386307 -0.5161758 0.9664372 0.2383899 0.09575724 0.9590891 0.1803249 -0.2182455 0.7357654 -0.3942177 -0.5506738 0.9725522 0.2097748 0.1006814 0.7479453 -0.3730901 -0.5489824 0.9709568 0.2231107 0.08639633 0.9078785 0.4002631 0.1246836 0.7463662 -0.3713058 -0.552331 0.6551208 -0.3148878 -0.6867768 0.8940618 0.4298691 0.1259602 0.9583539 0.182022 -0.2200583 0.6721047 -0.2763074 -0.6869712 0.9626441 -0.04208427 -0.2674796 0.9109818 0.3932436 0.1243846 0.9453957 -0.1023169 -0.3094483 0.959577 -0.1110215 -0.2586238 0.66663 -0.329263 -0.6687228 0.7123408 0.6667253 0.2191984 0.9762239 0.1883886 0.1072224 0.9586043 -0.05692404 -0.2789936 0.6610575 -0.2984592 -0.6884222 0.9735124 0.1805882 0.1402199 0.9735666 0.2029818 0.1047209 0.9670407 0.2194556 0.1291185 0.9695256 -0.009226441 -0.2448165 0.9296244 0.3540102 0.1023482 0.9230447 0.3670496 0.1151647 0.7075048 -0.3704921 -0.6018079 0.7449823 -0.301097 -0.5952665 0.8593398 0.5026647 -0.09414523 0.8461 0.5314613 -0.04078984 0.9234969 0.3633658 0.1229581 0.8902044 0.4484531 -0.08016228 0.7591261 -0.3483402 -0.549897 0.9996306 -0.01041787 0.02510535 0.9371314 0.328703 0.1172145 0.9671069 -0.06671452 -0.2454656 0.9405627 0.3191584 0.1161018 0.7470491 -0.3563916 -0.5611619 0.9573273 0.2678442 0.1085543 0.965076 -0.1185996 -0.233586 0.9545017 -0.1112894 -0.2766607 0.9515933 0.2882682 0.1066375 0.6143534 -0.1789622 -0.7684676 0.96627 -0.0689851 -0.2481198 0.9645993 0.2306216 0.1279134 0.9610586 0.2522906 0.1127643 0.9637965 0.2411318 0.1138058 0.7707444 -0.3752811 -0.5148953 0.9615179 0.07789605 -0.2634682 0.961794 0.08948671 -0.258736 0.7778466 -0.3580624 -0.5164745 0.8473623 0.5045829 0.1654486 0.7487304 -0.2708612 -0.6050099 0.9701563 0.06099289 -0.2346842 0.7187775 -0.326076 -0.6140304 0.7826143 0.5914331 0.1942209 0.9493052 0.2474204 -0.1939148 0.8162432 0.5467317 0.1866319 0.7794507 0.5925469 0.2033342 0.9495426 0.2452285 -0.1955296 0.8915857 0.4304953 0.1405306 0.9476335 0.2734163 -0.1650279 0.8870845 0.4374306 0.1474294 0.9046123 0.4009258 0.14469 0.9211928 0.360131 -0.1473417 0.88641 0.435567 0.1567125 0.9209477 0.3609139 -0.1469572 0.7378112 -0.2898677 -0.6095993 0.9079565 0.3934982 0.1441324 0.9146419 0.3903141 -0.1052865 0.6680374 -0.2310699 -0.707342 0.9582709 0.2235762 -0.1781308 0.8423703 0.507919 0.1800848 0.8163396 0.5465877 0.1866326 0.9584488 0.2231065 -0.1777623 0.6826832 -0.2472364 -0.6876175 0.9412578 0.3012965 0.1524931 0.7798639 -0.3544033 -0.5159561 0.9515248 0.2840447 0.1179795 0.9436001 0.302877 0.1337319 0.7799578 -0.3408259 -0.5248843 0.8907176 0.4475528 -0.0794894 0.9347048 0.3285129 0.1356701 0.7797656 -0.2751597 -0.5623635 0.9233137 0.3590878 0.1361899 0.7604647 -0.3104565 -0.5703597 0.7793153 0.5923655 0.204379 0.9690656 0.06223595 -0.2388278 0.7739108 -0.3074507 -0.5536571 0.8130117 0.5481218 0.1964039 0.9647113 0.1139916 -0.2373563 0.9995479 -0.01751607 0.02443778 0.9506586 0.2788405 0.1360008 0.9388044 0.3161274 0.1367837 0.6322972 -0.1096571 -0.7669261 0.9613649 0.2373483 0.1394388 0.9651023 0.1219534 -0.2317435 0.776977 -0.2787408 -0.5644559 0.9599823 0.2306159 0.1589032 0.9529333 0.2619004 0.1527292 0.9538204 0.2666815 0.1382306 0.9578893 0.2530115 0.135769 0.813008 0.5481283 0.196401 0.719568 0.6944216 8.61092e-4 0.6862584 -0.1873161 -0.7028244 0.6904913 -0.166378 -0.703946 0.8864903 0.4332472 0.1625789 0.9032204 0.3985651 0.1591815 0.9247144 0.3481392 0.1539562 0.9726709 0.09528702 -0.211735 0.9728808 0.09401607 -0.2113382 0.9060676 0.3922972 0.1585696 0.6576197 0.06461095 -0.7505742 0.9980346 -0.06263613 -0.001903355 0.8428636 0.5067382 0.1811 0.7062839 0.7065644 0.04392886 0.6368283 -0.03258407 -0.7703168 0.8401693 0.5082433 0.1892201 0.5728767 0.8180956 0.05031782 0.8838469 0.4355067 0.1707296 0.9145873 0.3908838 -0.1036337 0.9170415 0.3614953 0.1683925 0.92555 0.3515058 0.1407156 0.8082616 -0.2663746 -0.5251264 0.9172448 0.3667687 0.1553791 0.7958545 -0.3114013 -0.5192734 0.9079995 0.4129967 -0.07050353 0.7901792 -0.3003961 -0.5342088 0.9338346 0.3232021 0.153275 0.9379124 0.3107976 0.1540301 0.9453416 0.2802296 0.1667351 0.9476049 0.2730334 -0.1658245 0.9346004 0.3150694 0.1650856 0.9458492 0.2864219 0.1527475 0.8400453 0.5080561 0.1902703 0.8725739 0.4376387 0.2169958 0.7981874 -0.2839668 -0.5312811 0.885429 0.429362 0.1779433 0.8214492 -0.3472762 -0.45235 0.8382587 0.5089717 0.1956275 0.8186656 -0.4087337 -0.4033901 0.736449 0.6434985 0.2086925 0.7772352 0.593014 0.210333 0.8242843 -0.330851 -0.4594486 0.7075864 0.6691312 0.227123 0.9567232 0.24936 -0.1500011 0.9018399 0.3963546 0.172011 0.9567354 0.2493265 -0.1499791 0.7623721 -0.2415164 -0.6003819 0.7839905 -0.1686161 -0.5974342 0.8821336 0.4330395 0.185249 0.9649818 -0.01911973 -0.2616192 0.8850515 0.4309161 0.1760547 0.9209389 0.3522934 0.1666162 0.9216662 0.3466699 0.1742168 0.9036596 0.3887769 0.1795881 0.9063097 0.3865398 0.1708503 0.7889167 0.5525762 0.2688307 0.9741492 -0.03432911 -0.2232822 0.7550117 -0.2281367 -0.6147446 0.7782413 0.5914757 0.2109431 0.9765611 0.045569 -0.2103611 0.7727193 0.5924284 0.2278891 0.9572415 -0.1293557 -0.2587581 0.8113816 0.5481566 0.202939 0.8107397 0.5490741 0.2030243 0.7065542 -0.1229562 -0.6968953 0.6984195 -0.1035256 -0.7081615 0.9692656 -0.08795648 -0.2297555 0.9719116 -0.07640969 -0.2225969 0.7232643 -0.03231 -0.6898151 -0.01671683 0.1038534 -0.9944521 0.9720862 -0.03351926 -0.2322172 0.9965537 -0.04567342 0.06924366 0.9785656 -0.0459783 -0.2007369 0.9637322 -0.1345675 -0.2304601 0.002637445 0.232616 -0.9725651 0.974409 -0.09598523 -0.2032582 0.8002682 -0.2325951 -0.5526937 0.8467619 0.5307192 -0.03648841 0.7866555 -0.2343447 -0.571188 0.8784347 0.477024 -0.02829605 0.8344619 0.5510112 0.007741928 0.8059238 -0.1122354 -0.581283 0.7730101 -0.1866401 -0.6063175 0.9736097 -0.09830766 -0.2059606 0.9671499 0.1554437 -0.2011429 0.7137958 -0.05186337 -0.6984309 0.7453152 0.05348217 -0.6645638 0.9666113 0.1618247 -0.1986842 0.8793748 0.4753337 -0.02752971 0.8136088 -0.1805502 -0.5526683 0.8124308 -0.1782376 -0.5551464 0.9744509 0.1350452 -0.1794663 0.1655223 0.3294574 -0.9295483 0.8317692 -0.2943789 -0.4706389 0.9750517 0.1328269 -0.1778519 0.8478941 -0.2625914 -0.4605664 0.8343715 -0.3114501 -0.454778 0.9081399 0.4130952 -0.06807589 0.8848032 -0.2827339 -0.3703847 0.9790812 0.07720375 -0.1882541 0.8435922 -0.3067608 -0.4407381 0.9744497 0.03880327 -0.2212283 0.9816042 0.0201171 -0.1898642 0.8346679 -0.2870993 -0.4700038 0.8594371 -0.2757846 -0.4304774 0.9461035 0.3206768 0.04532891 0.9663493 -0.1827566 -0.1810221 0.8582819 -0.2763925 -0.4323883 0.9671645 -0.1433518 -0.2098642 0.9774741 -0.1052834 -0.1829203 0.9661507 -0.1589155 -0.2032211 0.8208183 -0.2393754 -0.5186105 0.8140731 -0.2279865 -0.5341414 0.9806538 0.0207864 -0.1946433 0.9432293 0.3090051 -0.1217964 0.9376228 0.3373281 -0.08410191 0.9428271 0.3105692 -0.1209289 0.7887988 -0.1299363 -0.6007603 0.8214245 -0.05239903 -0.567905 0.8362707 -0.1244512 -0.5340068 0.9523851 0.2850884 -0.1081083 0.9526217 0.2844223 -0.1077773 0.7554572 0.1370369 -0.640707 0.7283152 0.0377804 -0.6841999 0.9746855 0.1734697 -0.1410545 0.7513017 0.1224449 -0.6485006 0.9665285 0.2007296 -0.1597819 0.9667152 0.1985026 -0.1614263 0.97821 0.07124698 -0.1950101 0.7676986 0.2012863 -0.6083771 0.9810101 0.1134976 -0.1572811 0.9987885 -0.04002791 0.02862179 0.1752639 0.496523 -0.8501456 0.9780054 -0.1197535 -0.1707764 0.9751775 -0.1137333 -0.1899827 0.8261725 -0.1283118 -0.548612 0.975151 -0.05251485 -0.2152273 0.9809774 -0.0657916 -0.1826329 0.8442326 0.01870167 -0.5356506 0.9745886 0.1736734 -0.1414729 0.8514591 -0.06832355 -0.5199513 0.8136337 -0.06769162 -0.5774235 0.9841762 0.05231261 -0.1692946 0.984269 0.05053561 -0.1692951 0.837842 -0.1746325 -0.5172275 0.8330917 -0.18956 -0.5196394 0.8596904 -0.1238283 -0.4955795 -0.6169258 0.4827454 -0.6215781 0.8345425 0.5508119 0.01203918 0.8676066 0.4969953 0.01595044 0.8488674 -0.0708208 -0.5238402 0.8211301 0.5680631 0.05522453 0.7144715 0.6972234 0.05839616 0.7594253 0.1911998 -0.6218649 0.9836149 -0.07650029 -0.1632461 0.9793253 -0.06496345 -0.1915768 0.777746 0.3060334 -0.549049 0.94723 0.3125504 -0.07118707 0.9374279 0.3385813 -0.08118844 0.869439 -0.3220133 -0.3746776 0.8681706 -0.2931874 -0.400401 0.9320157 0.3585391 -0.05288034 0.9475253 0.3117281 -0.07086241 0.8811497 -0.2644843 -0.3919482 0.5449808 0.5881177 -0.5975897 -0.6185812 0.5641919 -0.54685 0.8682627 0.4958292 0.01653534 0.8511227 -0.2284879 -0.4726345 0.9651629 0.2247446 -0.1339798 0.8551707 -0.2456579 -0.4564375 0.9651211 0.2250504 -0.1337672 0.8616198 -0.2432332 -0.445476 0.9733293 0.1980429 -0.1157982 0.8766168 -0.2372505 -0.4186348 0.9733334 0.1980254 -0.1157929 0.8732547 -0.07118779 -0.4820359 0.8448121 -0.1395016 -0.5165577 0.9846357 -8.80764e-4 -0.174619 0.9882754 -0.01457333 -0.151985 0.984924 0.007788598 -0.1728119 0.8731898 -0.002198219 -0.4873754 0.9843788 -0.09144753 -0.1504524 0.9810777 -0.08080548 -0.1759465 0.8326138 0.006570756 -0.5538151 0.8577532 0.08573627 -0.5068616 0.980728 0.1514773 -0.1233986 0.9865397 0.08774334 -0.1379869 0.8695094 0.1360906 -0.4747976 0.9803285 0.1113238 -0.162982 0.8541562 0.07432162 -0.514678 0.8967024 0.4422019 -0.01955294 0.8984479 0.4385362 -0.02184987 0.773705 0.2994193 -0.5583267 0.9875484 -0.01392793 -0.1566982 0.9905736 -0.027561 -0.1341801 0.8717682 -0.1795811 -0.4558187 0.9883424 -0.1127003 -0.1023617 0.890809 -0.1333296 -0.4343761 0.98351 -0.09019392 -0.1567579 0.9880115 0.0363655 -0.1500362 0.8645975 -0.2003288 -0.4608032 0.8841351 -0.1952292 -0.4244888 0.9877011 0.03082269 -0.1532864 0.9860849 0.08889567 -0.1404788 0.8816986 -0.1958667 -0.4292365 0.9986022 -0.04974132 0.01786983 0.5204272 0.6850577 -0.5097563 0.9919175 -0.1260959 -0.01412361 0.8861874 0.05998402 -0.4594277 0.9442468 0.3231126 0.06321585 0.9909996 0.01403939 -0.1331266 0.8662791 -0.002999961 -0.4995512 0.9909757 0.01579666 -0.1331079 0.8928676 -0.009402751 -0.4502212 0.8665714 -0.08449101 -0.4918489 0.9319815 0.3592303 -0.0486238 0.9418856 0.3334338 -0.04090726 0.9427344 0.3311125 -0.04020243 0.8853327 0.05823898 -0.4612962 0.6985174 0.7074061 0.1079356 0.7008013 0.7020992 0.1262307 0.7121077 0.6960994 0.09136849 0.9795458 0.1746762 -0.09989142 0.7797279 0.3596174 -0.5125424 0.7792835 0.3664398 -0.5083691 0.9865278 0.1256598 -0.1047494 0.9806845 0.1504451 -0.1249968 0.6534672 0.6469647 -0.3929596 0.9609289 0.260824 -0.09266281 0.9696189 0.2319478 -0.07771378 0.8810817 0.216839 -0.4203282 0.9615863 0.2577615 -0.09439694 0.8639274 0.1282241 -0.4870195 0.8972895 0.1064366 -0.428419 0.986476 0.1257323 -0.1051504 0.9894487 -0.03042966 -0.1416521 0.8940926 0.1067996 -0.4349623 0.9699998 0.2306815 -0.07672274 0.7789757 0.4362239 -0.4504505 0.7761391 0.502803 -0.3805223 0.9914623 -0.04152917 -0.1236034 0.7807993 0.4312937 -0.4520379 0.9916567 -0.04452162 -0.1209742 0.8868317 0.4615681 0.02201223 0.8844655 -0.2572398 -0.3892922 0.8827716 -0.2345999 -0.4070346 0.8884728 0.458523 0.01930606 0.9017887 -0.08564567 -0.4236058 0.9932163 0.001482427 -0.1162722 0.9929528 -0.002812564 -0.1184767 0.9003576 -0.1510959 -0.4080763 0.8740853 -0.1543115 -0.4606116 0.8552857 0.5147494 0.05932581 0.822397 0.5658208 0.05924534 0.9795506 0.1748902 -0.09946954 0.9762664 0.2067879 -0.064363 0.8918597 -0.1522827 -0.4259065 0.9854851 0.1488628 -0.08160233 0.9946121 -0.0147714 -0.1026089 0.8831464 -0.01958745 -0.4686885 0.9946223 -0.01608091 -0.1023126 0.9044154 0.04861217 -0.4238747 0.9570865 0.2835089 -0.06006783 0.9033658 -0.2506914 -0.3479714 0.9559816 0.2880402 -0.05596339 0.890288 -0.2547827 -0.3774559 0.9901276 0.06719511 -0.1230129 0.9898996 0.07173311 -0.1222828 0.9143705 0.09179407 -0.3943353 0.9013777 0.03879386 -0.4312925 0.99238 -0.04953372 -0.1128205 0.9980236 -0.008786916 -0.06222158 0.9955015 -0.02414292 -0.09161764 0.8783429 0.211502 -0.4286964 0.9919117 -0.06489068 -0.1090891 0.8848212 0.2626296 -0.3848598 0.9083928 0.1810259 -0.376898 0.9656806 0.2561199 -0.04316836 0.7760491 0.5023916 -0.3812484 0.9652369 0.2577722 -0.04325699 0.6360673 0.707816 -0.3072701 0.9855222 0.148754 -0.081353 0.6559242 0.6922714 -0.3008716 0.8566074 0.5124952 0.05976897 0.9002721 -0.1903577 -0.3915022 0.8910318 -0.216628 -0.3989169 0.9933265 0.04857212 -0.1046093 0.9930849 0.05085587 -0.1058108 0.990356 0.1054684 -0.08984076 0.918663 -0.02976059 -0.3939196 0.8935647 -0.1036144 -0.4368138 0.9936773 0.08509957 -0.07323575 0.9106667 -0.1047093 -0.3996524 0.9903054 0.1063709 -0.08933341 0.9091597 -0.1046616 -0.4030814 0.9074199 -0.2120312 -0.3628113 0.9218972 0.3874074 -0.004595279 0.924518 0.381034 -0.008921623 0.9335455 0.3584571 0.001086413 0.9352825 0.3538963 0.001992046 0.9088581 -0.2135825 -0.3582727 0.8871694 0.3155567 -0.3366817 0.8838312 0.2579296 -0.3902754 0.5857154 0.7913461 0.1752389 0.9067722 0.1814662 -0.3805707 0.9936549 0.08514142 -0.07349014 0.911683 0.2239086 -0.3445275 0.9120103 0.2224828 -0.3445848 0.7072227 0.6928696 0.1405981 0.6431407 0.7315871 -0.2261643 0.9986943 -0.05064344 0.006721138 0.9954078 0.03137207 -0.09043806 0.9959331 0.06778454 -0.05935114 0.7708415 0.5440366 -0.3314023 0.9952999 0.03497505 -0.09030359 0.9507487 0.3088667 -0.02604448 0.9529299 0.3015581 -0.03142344 0.7714086 0.5425654 -0.3324933 0.9097929 0.08533567 -0.4061957 0.8115678 0.5761576 0.09695404 0.8088709 0.5792902 0.1007516 0.8012842 0.5846109 0.1271758 0.9763354 0.2076558 -0.06040138 0.9233343 -0.2087848 -0.3222775 0.9823604 0.1811403 -0.04643476 0.908115 -0.2726985 -0.3177462 0.9060919 -0.2493669 -0.3417801 0.972459 0.2308018 -0.03246301 0.9985218 -0.003997445 -0.05420613 0.9986994 -0.004646122 -0.05077254 0.88591 0.3138502 -0.3415574 0.9145837 0.2722768 -0.2990018 0.9968646 0.01844751 -0.07694464 0.996995 0.01656198 -0.07567471 0.9895011 0.1280002 -0.06710761 0.8854639 0.3690788 -0.2823733 0.9071097 -0.173639 -0.3834077 0.9894087 0.1289559 -0.06663852 0.9617227 0.273621 -0.01486039 0.9087642 -0.1499024 -0.3894572 0.9606032 0.277499 -0.01535469 0.9235969 -0.1716393 -0.3427954 0.6079421 0.7757755 -0.1690529 0.928272 0.02307909 -0.3711853 0.9827266 0.179568 -0.04476141 0.9272654 -0.05032569 -0.3710072 0.8452799 0.5253129 0.09771567 0.9080927 -0.04365813 -0.4164872 0.8444048 0.5266399 0.09813791 0.9218647 -0.04841965 -0.3844749 0.9928879 0.1073548 -0.05146342 0.9929534 0.1067804 -0.05139452 0.9959222 0.0675944 -0.05975067 0.9135502 0.2733113 -0.3012091 0.9976161 0.05110555 -0.0463714 0.9952812 0.08893418 -0.03881037 0.9101174 -0.235479 -0.340934 0.9976092 0.05114728 -0.0464738 0.9164382 0.3992013 0.02791565 0.924454 0.009956061 -0.3811634 0.9369173 0.06222814 -0.3439676 0.9136863 0.4050498 0.03334408 0.9366886 0.00159198 -0.3501601 0.9264674 0.374554 0.03697901 0.9278236 0.3711435 0.03736114 0.9786245 0.2051331 -0.0146408 0.9363846 0.001768827 -0.3509712 0.9354327 -0.1718687 -0.3089122 0.9719556 0.2336765 -0.0264132 0.9683754 0.2494136 -0.006463646 0.8781268 0.4746661 0.0598796 0.9147396 -0.1747498 -0.3642993 0.8756193 0.4789273 0.06260621 0.7595418 0.5979701 -0.2559844 0.9061899 0.4179836 0.06410634 0.9788365 0.2042342 -0.01293778 0.7626211 0.5925412 -0.25943 0.9790128 -0.2008779 -0.03437924 0.5773009 0.7914543 0.2008081 0.9229694 0.1628284 -0.3487328 0.923424 0.1551542 -0.3510206 0.9984534 0.04063087 -0.03794735 0.9989151 0.0174936 -0.04315912 0.8824898 0.4015128 -0.2449474 0.8853112 0.3680062 -0.2842455 0.9133762 0.322079 -0.2490159 0.9988905 0.005385637 -0.04678326 0.9249678 -0.2310384 -0.3017545 0.9385209 -0.2289547 -0.2583763 0.9252538 -0.233755 -0.298771 0.9952942 0.08925873 -0.03771269 0.9979652 0.06112742 -0.01813441 0.9172732 -0.1279805 -0.3771351 0.9981546 0.06070351 -0.001608431 0.9980894 0.06139147 0.006961524 0.9238973 -0.1055429 -0.3677969 0.9970982 0.071675 -0.02564942 0.997043 0.07237082 -0.02584087 0.9306268 -0.1294651 -0.3423046 -0.9923921 0.02444416 -0.120666 -0.4848814 0.2929084 -0.824072 -0.03760212 -0.2627348 -0.9641351 -0.2657722 0.7810298 -0.5651173 0.4683862 0.5773202 -0.6688167 0.305408 0.9479809 0.08976709 0.4665478 0.5537797 -0.6896819 0.3173412 0.9479713 0.02539712 0.1149593 0.9909289 -0.06960082 0.2100639 0.1362075 -0.9681532 0.1550083 0.1379746 -0.9782308 0.2673102 0.2410802 -0.9329661 0.2519367 0.2393549 -0.9376765 0.3175417 0.3925048 -0.863196 0.3080129 0.9480483 0.0795775 0.2600612 0.3247166 -0.9093555 -0.4234285 0.5903006 -0.687207 0.311132 0.3191171 -0.8951878 -0.6812431 0.3125667 -0.6619743 -0.4954596 0.4085337 -0.7665638 -0.4955379 0.3764114 -0.7827877 0.3664945 0.4699499 -0.8030124 0.2568194 0.3279588 -0.9091132 -0.3123455 0.7684846 -0.5584548 -0.3102899 0.7699475 -0.5575851 -0.04129153 -0.157516 -0.9866528 -0.1692178 0.8937906 -0.4153357 -0.2045483 0.8876334 -0.4126341 -0.1643766 0.9195683 -0.3568956 -0.1684553 0.8944026 -0.4143271 0.7418215 0.6572002 0.1333745 -0.04068362 -0.1559543 -0.986926 -0.09785079 -0.262976 -0.9598275 -0.03268557 0.9616109 -0.2724632 -0.09220147 -0.261933 -0.9606717 -0.4830542 -0.481749 -0.7311474 -0.03367573 0.9613732 -0.2731803 -0.4550073 -0.4895948 -0.7438181 -0.5310377 -0.4667525 -0.7072065 -0.4151504 -0.4853736 -0.769456 -0.03277903 0.9764627 -0.2131813 0.1489824 0.1433615 -0.9783924 -0.03265017 0.9767109 -0.2120608 -0.2037087 0.8876686 -0.4129736 0.3695626 0.5431519 -0.7539294 0.3931032 0.5371956 -0.7462512 -0.07947707 0.9592922 -0.2710015 -0.4350287 -0.4446462 -0.7829685 -0.5117959 -0.425317 -0.7464385 -0.08189713 0.9588824 -0.2717304 -0.4382039 -0.4356799 -0.7862318 -0.1985855 0.9138268 -0.3542379 -0.1646806 0.919709 -0.3563925 0.05935609 -0.07450664 -0.9954525 -0.07968401 0.9741191 -0.2115243 0.06282782 -0.07038956 -0.995539 0.06408071 0.04329156 -0.9970053 -0.07936489 0.9744053 -0.2103221 -0.2466681 0.8785838 -0.4089566 0.3938413 0.6122575 -0.6855872 0.3922967 0.6020174 -0.6954699 -0.2544324 0.8325983 -0.4919798 -0.2605405 0.827777 -0.4968942 -0.1989672 0.9137982 -0.3540973 -0.09951841 -0.1570239 -0.9825678 -0.100987 -0.1586838 -0.9821513 0.4138488 0.7683994 -0.4881511 -0.3591778 0.6932094 -0.6248615 -0.3771209 0.6763353 -0.6327325 0.2077494 0.2452635 -0.9469351 -0.3041988 0.816057 -0.4914407 -0.2974382 0.8184384 -0.4916188 0.2213556 0.256604 -0.9408273 -0.4016317 0.6685294 -0.6259077 -0.4208986 0.6604325 -0.6218305 -0.6861156 0.3838639 -0.6179757 -0.9915879 0.05514442 -0.1171007 -0.2556993 -0.4030859 -0.8787147 -0.4721885 0.4981949 -0.7272137 -0.2760874 -0.3315092 -0.9021515 -0.4991332 0.4622195 -0.7329524 -0.2743357 -0.3370515 -0.9006311 -0.1309404 -0.2620851 -0.9561203 0.2224189 0.9749106 0.008899867 0.2613037 0.9649136 0.02573168 -0.1387374 -0.2639287 -0.9545122 0.4634955 0.6463058 -0.6061854 0.2558801 0.9647083 0.06215518 0.443638 0.6359896 -0.631429 0.2534963 0.9639653 0.08068776 0.263525 0.4212009 -0.8678389 -0.3545177 0.7488094 -0.5600016 -0.3513861 0.7571542 -0.5506772 0.2984918 0.4164229 -0.858775 -0.4734959 0.5513703 -0.6868715 -0.7567477 0.4037814 -0.5140948 -0.4714696 0.5740111 -0.6694982 0.3480328 0.5571072 -0.7539924 -0.1155411 0.9558801 -0.2700807 -0.3190823 -0.396379 -0.8608543 -0.1120868 0.9566581 -0.2687783 -0.3957788 0.7341216 -0.5517469 -0.3931303 0.7360602 -0.5510572 -0.3036037 -0.3976506 -0.8658515 0.2117423 0.3320388 -0.9191929 0.2187418 0.9757422 0.008901596 0.215501 0.3440172 -0.9138991 0.1850199 0.982712 0.006687998 -0.3248081 -0.3319723 -0.8856039 0.2126374 0.9751178 0.06269353 -0.3248454 -0.3327654 -0.8852924 0.2125238 0.9752956 0.0602678 0.3472095 0.6251262 -0.6990442 0.3486049 0.6317941 -0.6923229 -0.1123761 0.9712916 -0.2096769 0.3007458 0.4824773 -0.8226588 -0.1118612 0.9718189 -0.2074974 0.3036631 0.5010699 -0.8103812 0.3960227 0.9074255 0.1405167 0.4599474 0.8712326 0.1714708 0.4348455 0.7090673 -0.5550973 0.4360278 0.720137 -0.5397058 -0.03139442 0.9897795 -0.139107 0.2509112 0.509506 -0.8230718 0.2464835 0.4260681 -0.8704665 0.2176607 0.4293255 -0.8765293 0.05001056 0.9890285 -0.1390014 0.04813551 0.9963853 -0.06999498 0.4606413 0.8713566 0.1689597 0.2493683 0.5122033 -0.8218657 0.06503552 0.1450425 -0.9872857 -0.2457867 0.8778351 -0.4110893 -0.2393184 0.9052916 -0.3509612 0.06171828 0.0484429 -0.9969173 0.9999368 0.002985 -0.01084548 0.4017971 0.8253797 -0.3966199 -0.1411399 -0.1580588 -0.9772906 0.04848617 0.996069 -0.07413309 -0.1430493 -0.1610366 -0.9765266 -0.2866873 0.8674944 -0.4065266 -0.2880487 0.8669706 -0.4066816 0.1478888 0.26069 -0.9540281 0.1572393 0.2658707 -0.9510987 -0.2396714 0.9055062 -0.3501659 0.1528385 0.3485277 -0.9247533 -0.2789945 0.895582 -0.3465472 -0.04432851 0.04848772 -0.9978397 -0.04326725 -0.07242667 -0.9964348 -0.3451421 0.7995591 -0.49151 -0.3366557 0.8065134 -0.4860029 -0.04104679 -0.07046943 -0.9966691 0.3939295 0.9083177 0.140636 0.1510408 0.3542661 -0.9228663 0.3366278 0.9329477 0.1276333 0.3720926 0.6779505 -0.6339797 0.3894422 0.6803801 -0.6208203 0.3901678 0.9070457 0.1582314 0.3870778 0.9053676 0.1745859 0.3659734 0.7502679 -0.550601 -0.1573062 0.9515491 -0.2642138 0.4009881 -0.1462473 -0.9043341 -0.1623138 0.9499362 -0.2669747 0.3642746 0.7457831 -0.5577738 -0.1969215 -0.2659336 -0.9436637 0.1813084 0.9834035 0.006687164 0.4360694 -0.5193501 -0.7349279 0.3563966 -0.5642015 -0.7447537 0.1542996 0.9880205 -0.002661108 0.4869912 -0.1229059 -0.864716 -0.1865407 -0.2620629 -0.9468503 -0.2404242 -0.2635968 -0.934191 0.3742443 -0.5267842 -0.7631772 0.3775874 0.863951 -0.3331913 0.3704704 -0.5356937 -0.7588043 0.2216741 -0.3660762 -0.9037969 -0.279444 0.8954995 -0.3463979 0.06249952 0.1508827 -0.9865739 0.176272 0.9824738 0.0606085 0.3299567 -0.5288408 -0.7819566 -0.2269319 -0.2654379 -0.9370403 0.1769835 0.9829218 0.05041193 0.3306478 -0.5270031 -0.7829047 0.3269349 -0.53666 -0.777888 -0.2938207 -0.2610291 -0.9195288 -0.3853014 0.7853233 -0.4845719 -0.1003528 -0.07229018 -0.9923223 -0.376493 0.789051 -0.4854395 -0.9979515 0.03465259 -0.0537768 0.3635768 -0.5249059 -0.7696011 -0.4696689 0.6261704 -0.6223517 -0.4474977 0.650819 -0.6133356 -0.105726 -0.0743671 -0.9916106 -0.756456 0.4594155 -0.465523 -0.156794 0.9668337 -0.2016142 0.2796578 -0.5205457 -0.8067365 -0.1577457 0.9657016 -0.2062445 0.2039351 0.4423025 -0.8733722 0.1549459 0.4466112 -0.8812096 -0.1957586 0.9448782 -0.262457 -0.3492881 -0.3921597 -0.8510045 -0.1899268 0.946189 -0.2620196 -0.3641954 -0.3953613 -0.8432385 -0.4114708 -0.3874494 -0.8249695 -0.4380939 0.7182682 -0.5405225 -0.559091 0.651536 -0.5127554 0.3172893 -0.5341542 -0.7835859 0.4245963 0.7708896 -0.4748128 0.3321021 -0.5229744 -0.7849879 -0.4423465 0.7061229 -0.5529195 0.2002547 -0.6391644 -0.7425409 -0.1892139 0.9614874 -0.1993491 0.2348284 -0.5269222 -0.8168284 0.4163807 0.767405 -0.487562 -0.1899979 0.9610985 -0.2004755 0.234831 -0.5269119 -0.8168343 -0.07627165 0.9876036 -0.1371932 0.2796579 -0.5205395 -0.8067404 -0.3725969 -0.3269953 -0.8684731 -0.3707365 -0.3332549 -0.8668885 0.2514958 0.5921882 -0.7655475 0.2856737 0.570124 -0.7702916 -0.034581 0.9898976 -0.137503 0.3245376 -0.3487403 -0.8792358 0.304064 0.5825178 -0.7538025 -0.03339725 0.9966856 -0.07417899 0.2796978 -0.520408 -0.8068115 0.2302669 -0.5248275 -0.8194714 0.3446208 0.6989452 -0.6266675 -0.03351861 0.9968264 -0.07220613 0.2295972 -0.5274453 -0.8179773 0.2301971 -0.5247944 -0.8195121 0.3291106 0.6980439 -0.635941 0.2668021 -0.5397033 -0.7984591 0.2807151 -0.5195105 -0.8070366 0.2075824 0.5281174 -0.8234084 0.3002859 0.94647 0.1184175 0.2058687 0.5179041 -0.8302972 0.3520731 0.9273193 0.1269782 0.2297165 -0.526674 -0.8184405 -0.4636536 -0.3779679 -0.8013523 0.267341 -0.5378693 -0.7995157 -0.3929886 -0.3913875 -0.8320912 -0.4187608 -0.3264849 -0.8473766 0.3477906 0.9255108 0.1499049 0.2730791 -0.5196885 -0.809538 0.1771831 -0.5360338 -0.8253932 0.2852191 0.6466227 -0.7074809 0.3461623 0.9242969 0.1607698 0.2862958 0.6590623 -0.695465 -0.3154978 0.8849489 -0.3425297 -0.4691058 -0.3189809 -0.8235235 -0.4181197 -0.3273534 -0.847358 -0.3242974 0.8563124 -0.4019455 -0.2026591 -0.1659818 -0.96508 -0.3640297 0.8417457 -0.3986811 0.2236518 -0.5249982 -0.8211923 -0.2005257 -0.1597189 -0.9665813 -0.3262393 0.8544472 -0.4043363 0.1261726 0.9907113 0.05070877 0.2232745 -0.5264541 -0.8203625 0.1874631 -0.38108 -0.9053373 0.2365277 0.5966711 -0.7668365 0.1298946 0.9915242 -0.002696931 0.1104515 0.9938569 -0.007004141 -0.3622431 0.8422048 -0.3993384 0.2238538 -0.5240644 -0.8217335 0.7553365 0.6311591 0.1763662 0.3238203 0.7663056 -0.5549019 0.3221459 0.7634913 -0.5597347 0.730892 0.6575769 0.1827282 -0.0425058 0.04604721 -0.9980346 -0.1082511 0.04562324 -0.9930762 0.1959743 -0.5162813 -0.8336952 0.1267596 0.9908653 0.04602324 -0.04499763 0.1510251 -0.9875053 0.6338685 0.7374518 0.2331855 0.2737835 -0.5172422 -0.8108657 0.6368716 0.7383783 0.2217923 0.2238699 -0.5240021 -0.8217689 0.2358845 0.6687435 -0.705082 0.2368747 0.6702043 -0.7033609 -0.2469406 -0.1661413 -0.9546818 0.2590479 -0.5352457 -0.8039939 -0.08115494 0.9940974 -0.07200282 0.1888914 -0.5295259 -0.826996 -0.1075007 0.9849833 -0.1350979 0.1957368 -0.5174311 -0.833038 -0.2435082 -0.1647198 -0.9558091 -0.08406364 0.9872188 -0.1353971 -0.1422392 -0.07417607 -0.9870491 -0.1496181 -0.07790672 -0.9856698 0.1912782 -0.5182424 -0.8335691 -0.08144056 0.9942238 -0.06990289 -0.3158502 0.8851198 -0.3417626 0.1888337 -0.529486 -0.8270348 0.1449144 0.4526411 -0.8798385 0.1474587 0.5342771 -0.8323485 0.2164605 -0.5227538 -0.8245443 -0.3518632 0.8731263 -0.3374062 0.3999621 0.8261126 -0.3969487 -0.3522933 0.8730064 -0.3372672 -0.4195704 0.7722978 -0.4769872 0.3878165 0.8599627 -0.3317567 -0.5486403 0.7046349 -0.4499817 -0.9997405 0.01182901 -0.01947021 0.1583001 -0.3837123 -0.9097834 0.06481295 -0.8575031 -0.51038 0.40134 0.8276431 -0.3923432 -0.4307478 0.7616319 -0.484121 0.1405606 -0.5211843 -0.8417895 -0.2278264 0.9534105 -0.1977465 -0.23569 0.936549 -0.2594729 0.1381221 -0.5224916 -0.8413827 0.1465945 0.5391086 -0.8293805 0.1391431 -0.5156052 -0.8454529 0.3488989 0.7983856 -0.4907647 -0.2280545 0.9397647 -0.254624 0.3563204 0.7988882 -0.4845755 -0.150729 0.9798207 -0.1312716 0.1912059 -0.5182732 -0.8335666 0.3373385 0.8508862 -0.4027349 -0.1184525 0.9841684 -0.1318391 0.18335 -0.5294191 -0.8283105 -0.1038092 0.04303157 -0.9936659 -0.2274994 0.9551861 -0.1893765 -0.1532402 0.04254126 -0.9872729 0.1835203 -0.5284789 -0.8288729 -0.265722 0.9306802 -0.2514485 0.185715 -0.5183855 -0.8347373 0.06417286 0.3580029 -0.9315127 -0.2739566 0.9282289 -0.2516721 0.06603366 0.2752659 -0.9590976 0.1349026 -0.523075 -0.8415426 0.1357644 -0.5173318 -0.8449473 0.06206029 0.2691144 -0.9611066 -0.1149431 0.9909262 -0.06966561 -0.1098204 0.1473132 -0.9829742 -0.1141238 0.9912828 -0.06583327 -0.04305911 0.1482738 -0.9880084 0.1348506 -0.523097 -0.8415372 0.135643 -0.5178198 -0.8446678 -0.2651281 0.9457847 -0.1876125 0.06507188 0.4568117 -0.8871803 -0.2639817 0.9463467 -0.1863912 0.457745 -0.4732086 -0.7526906 0.06342357 0.3642743 -0.9291296 0.4091261 -0.4991621 -0.763841 -0.2762931 -0.2698552 -0.92241 -0.3017293 -0.1639306 -0.9391945 0.250295 0.9629365 0.1005265 0.4333561 -0.4358582 -0.7888156 0.2915007 0.9491774 0.1186994 0.1773263 -0.5268617 -0.8312473 0.1859885 -0.5169383 -0.8355736 0.1953487 0.6025296 -0.7738198 0.2078809 0.6095423 -0.7650122 0.2893888 0.9479715 0.1326807 0.1477915 0.6165759 -0.7732993 0.2866626 0.9457956 0.1526275 0.3883459 0.8594675 -0.3324198 0.1308881 -0.5229254 -0.8422691 0.131565 -0.5184772 -0.8449095 0.1310858 -0.5214744 -0.8431375 0.2703354 0.7173494 -0.6421282 0.2828612 0.7237858 -0.6293836 0.131566 -0.5183144 -0.8450092 0.2078959 0.9731451 0.09883326 0.3565192 -0.4510975 -0.8181718 0.2440375 0.9645271 0.100663 0.1956953 0.6835927 -0.703139 -0.4064729 0.8234977 -0.3957669 0.3356523 -0.5004122 -0.7980759 -0.403634 0.8265373 -0.3923211 0.3802372 -0.4842346 -0.7879952 -0.3921778 0.8579733 -0.3317806 0.1949162 0.6768343 -0.7098613 -0.4579849 0.8009724 -0.3856074 0.3087217 0.8134663 -0.4929133 0.3153539 0.8134765 -0.4886797 0.2402165 0.9613935 0.1342332 0.3574247 -0.4465439 -0.820272 0.2402223 0.9617516 0.1316325 -0.3942553 -0.2604095 -0.881334 -0.3270643 -0.2658786 -0.9068282 -0.3444052 -0.2654415 -0.9005142 0.4539433 0.8696148 0.1941794 0.3354267 0.852374 -0.4011826 0.1269547 -0.5174941 -0.8462166 0.2987654 0.8635807 -0.4061622 0.3261002 0.8818507 -0.3405848 0.5151445 0.827677 0.222659 -0.7844948 -0.2767716 -0.5549463 -0.988231 -0.07803422 -0.1315684 -0.4480945 -0.3738431 -0.8120669 0.3811509 0.9025576 0.2002842 -0.441094 -0.3893873 -0.8085874 -0.04150962 -0.5121152 -0.8579132 0.9993004 0.03462809 -0.01412999 0.5189665 0.8293048 0.2071889 0.05956131 -0.5116469 -0.8571288 0.3496644 0.9083763 -0.2293193 0.5101253 0.8249752 0.2432858 0.2950806 -0.4997147 -0.8143787 -0.146806 0.03787183 -0.9884401 0.2705849 -0.4981888 -0.8237668 0.2235119 0.7357986 -0.6392518 -0.03227114 0.9994091 -0.01183474 0.05475145 0.9984749 -0.007080912 0.3343899 -0.4880408 -0.8062254 0.2341444 0.7350537 -0.636296 0.04662245 0.9988425 -0.011828 0.2658039 0.7869948 -0.5567653 0.05946141 -0.5132758 -0.8561615 0.2646875 0.7813714 -0.5651541 0.05810153 -0.5197044 -0.8523683 0.05336219 0.9977324 0.04101884 0.05800777 -0.5211986 -0.8514617 0.3758398 0.9136468 -0.1548999 0.05330771 0.9975076 0.04622405 0.311544 -0.4539706 -0.8347761 -0.1811842 0.9755939 -0.124052 -0.1659595 0.9782571 -0.1243796 0.3136432 -0.450608 -0.8358111 -0.1553714 0.1432548 -0.9774138 -0.1051024 0.144434 -0.9839168 -0.1604332 0.9848778 -0.06539851 -0.2018423 -0.07747411 -0.9763491 0.05704158 -0.5152395 -0.8551459 -0.442873 0.8363057 -0.323197 -0.2115435 -0.08533298 -0.9736362 -0.3924347 0.8581221 -0.3310914 -0.9999238 0.008416652 -0.009034752 -0.2169018 0.03694939 -0.9754939 0.05658888 -0.5220919 -0.8510098 -0.2947843 -0.1753702 -0.9393335 -0.1604162 0.985388 -0.05724608 -0.1928027 0.9795863 -0.05690157 0.05699104 -0.5160449 -0.8546636 -0.2178331 0.9683913 -0.1215193 0.220159 0.7972553 -0.5620622 -0.2002887 0.9721148 -0.1219726 0.05661267 -0.5217186 -0.8512372 0.4550671 -0.3865795 -0.8021659 0.4367764 -0.3902085 -0.8105329 -0.2992603 0.9227852 -0.2427157 0.2188607 0.7967423 -0.5632953 -0.3095083 0.9179382 -0.2481814 0.2450447 -0.4176298 -0.8749505 0.4663849 -0.3270455 -0.8219042 -0.2447593 -0.08493244 -0.9658568 0.05488818 -0.5219727 -0.8511943 -0.1935187 0.9795609 -0.05487185 -0.257382 -0.08670479 -0.962412 0.4458754 0.8770286 0.1789306 0.0552268 -0.5166826 -0.854394 -0.3524546 -0.174097 -0.9194923 -0.3478441 -0.172698 -0.9215096 0.05495196 -0.5208272 -0.8518916 0.4382187 0.8724997 0.216122 0.05519706 -0.5169957 -0.8542065 0.1389896 0.6213623 -0.7710972 0.1391931 0.6904935 -0.7098197 -0.04101228 -0.5137529 -0.8569574 -0.2964791 0.9389435 -0.1746002 -0.2993899 0.9361268 -0.184478 0.2972255 0.8645688 -0.4051887 -0.04092323 -0.5158444 -0.8557044 0.4419429 0.8745194 0.1997558 0.1385821 0.6936684 -0.7068374 -0.04021614 -0.5168206 -0.8551487 -0.3336679 0.9118571 -0.2391285 0.3266379 0.8814922 -0.3409973 -0.3440018 0.9080258 -0.2390646 0.2891919 0.8928798 -0.3451577 0.1732572 0.9808728 0.08871603 -0.04294794 0.2756136 -0.9603087 -0.04552614 0.2726152 -0.9610455 0.2422218 -0.4922114 -0.836096 -0.04439431 0.3646492 -0.930086 0.2022534 0.9743238 0.09892821 0.2519419 -0.4588274 -0.8520579 0.2545937 -0.4526432 -0.8545737 -0.14855 0.1380731 -0.9792184 0.1990793 0.9709652 0.1326423 0.1999521 0.9722153 0.1217232 0.06084203 0.4627984 -0.8843732 -0.3318435 0.9274128 -0.1725847 -0.3303717 0.9281703 -0.1713317 0.0532276 -0.5160885 -0.8548798 0.3959706 0.8998737 0.1828511 -0.0437442 0.3616867 -0.9312729 -0.04499578 0.4631878 -0.8851172 0.1970513 -0.4971965 -0.8449653 0.2240344 -0.4930425 -0.840665 0.3432641 0.9227179 0.1753892 0.392095 0.8970243 0.2039828 -0.1203001 -0.6421525 -0.7570787 -0.1001194 -0.5137272 -0.8520918 0.06196326 0.5494983 -0.833194 0.06150007 0.5442659 -0.8366555 -0.2196693 0.1357728 -0.9660803 -0.03930276 -0.5164855 -0.8553935 -0.2624533 0.02621316 -0.9645885 -0.2072706 0.02707052 -0.977909 -0.04014259 -0.5185267 -0.8541186 -0.3720274 -0.2713851 -0.8876631 0.3943603 0.8984401 0.1930941 -0.03933769 -0.5156804 -0.8558775 -0.0392633 -0.5170734 -0.8550401 -0.4409271 -0.2634364 -0.858012 0.193394 0.7469484 -0.6361344 -0.03791922 0.9992349 -0.009576678 -0.03917109 -0.5191892 -0.8537612 0.184767 0.7432719 -0.6429682 0.206758 -0.4577172 -0.8647231 -0.03685963 0.9983701 0.04357218 -0.03698486 0.9984724 0.04104924 0.2076405 -0.4568395 -0.8649758 0.2589843 0.8315839 -0.4913201 0.1448807 0.9854345 0.08904123 -0.09840834 -0.5147718 -0.8516606 0.2538546 0.829383 -0.4976763 -0.09967958 -0.5179644 -0.8495745 -0.09822976 -0.5164816 -0.8506454 -0.03796565 -0.5197052 -0.8535016 0.2897067 0.8925935 -0.3454663 0.1238861 0.9887047 0.08435207 -0.03806698 -0.5174098 -0.8548907 0.1424761 0.9821606 0.1227232 -0.1047853 0.2712206 -0.9567964 -0.0381028 -0.5164458 -0.8554717 -0.1110483 0.2678235 -0.957047 -0.03795784 -0.5197308 -0.8534865 -0.1082743 0.359721 -0.9267565 0.1430394 0.9826958 0.1176804 -0.4196742 -0.2672085 -0.8674522 -0.2396927 0.9647115 -0.1089918 0.4394944 -0.3821374 -0.8129057 -0.2319457 0.9712066 -0.05439484 -0.2520276 0.02391946 -0.9674244 -0.2517168 0.9616812 -0.1086637 -0.09230166 0.9956856 -0.009512662 0.1819039 0.8069617 -0.5618932 -0.078251 0.9969084 -0.007102966 -0.09565538 -0.5196642 -0.8489989 0.1809872 0.8039439 -0.5664961 -0.09582436 -0.5177373 -0.8501563 -0.0898962 0.9950016 0.04347878 -0.09587687 -0.5172415 -0.8504521 0.21011 0.8418769 -0.4970886 -0.08958917 0.9949106 0.04611647 -0.09558784 -0.520299 -0.8486177 0.2146147 0.8414571 -0.4958733 0.4663753 -0.3186479 -0.8252015 -0.2309066 0.9721698 -0.03959959 0.4623718 -0.3277469 -0.8238897 0.3681586 0.8990803 -0.2368838 -0.2840488 0.9529442 -0.1058938 0.3772693 0.8978883 -0.226858 -0.2791329 0.9543788 -0.1060469 -0.1405681 -0.5214524 -0.8416223 -0.1391304 -0.5155359 -0.8454973 -0.2678253 0.9626696 -0.03920489 -0.3700989 0.9006978 -0.227531 -0.3713655 0.9002055 -0.2274153 -0.1066829 0.3565819 -0.928153 -0.3831258 0.8934178 -0.2345618 0.1612745 -0.4990501 -0.8514338 0.130252 -0.495624 -0.858715 -0.2688026 0.9624861 -0.03695613 -0.3617336 0.9191726 -0.15579 0.184846 -0.4914097 -0.8510867 -0.9924781 0.1218981 -0.01131689 -0.3695692 0.9137392 -0.1688176 0.3645836 0.9154209 -0.1705388 -0.3650345 0.9179005 -0.1555901 0.3623982 0.9189211 -0.1557295 0.2368278 0.958277 0.1600555 -0.09265887 -0.5206705 -0.8487147 -0.09295654 -0.5179048 -0.8503726 -0.399171 -0.1840984 -0.8982039 -0.09266537 -0.5204579 -0.8488443 -0.3974217 -0.171292 -0.9015071 -0.3190209 0.02278095 -0.9474738 0.3283314 0.9279812 0.1762084 -0.3110014 -0.09987545 -0.9451471 0.2857561 0.945141 0.1582781 -0.2985023 -0.08601272 -0.9505252 0.3281046 0.9277681 0.1777462 -0.03659415 -0.5187628 -0.8541347 -0.442982 -0.1807515 -0.8781206 -0.4484218 -0.1820003 -0.8750964 0.1705514 -0.4565109 -0.8732182 0.1375742 0.7565101 -0.639348 0.3252949 0.9247213 0.1976712 0.1314088 0.7549055 -0.6425337 0.1692191 -0.4601072 -0.8715884 -0.1380861 -0.5225796 -0.8413339 0.2456728 0.878826 -0.4090352 0.2382721 0.9058246 -0.3502973 -0.1301556 0.9914687 -0.007023274 -0.1357503 -0.5172708 -0.8449869 -0.1101028 0.9939166 -0.002659201 0.244795 0.8780801 -0.4111577 -0.1261433 0.9907112 0.05078649 -0.134862 -0.5231913 -0.8414767 -0.1267383 0.9908698 0.04598301 -0.1356074 -0.5179103 -0.844618 -0.3484348 -0.09898012 -0.9320924 -0.3654959 -0.1006222 -0.9253583 0.3315846 -0.3964408 -0.8560878 0.3794261 -0.3892441 -0.8393598 -0.2655812 0.1225221 -0.9562714 0.3605542 -0.3958805 -0.8445587 -0.2094988 0.1247788 -0.9698147 0.2751509 0.9486456 0.1560877 0.3847799 -0.331337 -0.8614872 -0.1482158 0.2663536 -0.9524116 0.2725429 0.9455795 0.1777635 -0.1568773 0.2601848 -0.9527295 0.3859686 -0.3271203 -0.8625663 0.2723879 0.9451138 0.180457 0.05448317 -0.4963248 -0.8664256 0.1294787 0.8152996 -0.5643774 0.1287562 0.8139446 -0.5664945 0.1198139 -0.4597973 -0.879904 0.05227011 0.9954774 0.07932543 0.1145097 -0.4939066 -0.8619418 0.9996168 -0.02265638 -0.01590865 0.2029429 0.8878251 -0.4130144 0.06107896 0.9945319 0.08470976 0.9648189 -0.09441184 -0.2453791 0.2037797 0.8877856 -0.412687 -0.2544605 0.1201993 -0.9595843 0.0602461 0.9917882 0.112812 -0.08963805 -0.5170721 -0.8512353 0.06015509 0.9911376 0.1184381 -0.09278279 -0.5193678 -0.8494989 -0.134816 -0.5231805 -0.8414908 -0.0419895 0.4604696 -0.8866819 -0.3134699 0.9452663 -0.09059864 -0.1097139 0.4579143 -0.8822003 -0.312942 0.9454398 -0.09061437 -0.1315496 -0.5184239 -0.8449446 -0.3023722 0.9524884 -0.03656536 -0.3002699 0.9536713 -0.01868498 -0.130833 -0.5231333 -0.8421487 -0.1528072 0.3484425 -0.9247907 -0.3486818 0.9331419 -0.08756262 -0.1315568 -0.5182138 -0.8450723 -0.333283 0.942646 -0.018462 -0.3490452 0.9330072 -0.08755064 0.1196447 -0.4581626 -0.8807794 -0.1510186 0.3543311 -0.922845 0.05832755 0.6266331 -0.7771286 -0.3345071 0.9422567 -0.01604008 -0.1537458 0.9880872 0.006777524 -0.1856907 0.9825848 0.006787121 0.2686696 -0.4016425 -0.8754999 0.06206542 0.6308513 -0.7734174 -0.04252064 0.5500583 -0.8340431 -0.1827346 0.983159 -0.002552151 0.316374 -0.39594 -0.8620551 -0.04288399 0.6314885 -0.7741985 -0.1963436 -0.5174528 -0.8328815 -0.04278808 0.547545 -0.8356816 -0.1764501 0.9824347 0.06072455 -0.1778646 0.9827592 0.0504828 -0.2004382 -0.6488475 -0.7340446 -0.1965431 -0.5164901 -0.833432 0.3102114 0.9182422 -0.2461713 0.3189207 0.9165687 -0.2412288 0.1974847 0.9691455 0.1475019 0.3384866 -0.3303632 -0.8810715 0.2279096 0.9608254 0.1577082 0.3372713 -0.33327 -0.8804427 0.05842697 0.7028736 -0.7089112 0.05818688 0.6994501 -0.7123088 0.2268393 0.9592472 0.1684898 -0.2364302 -0.5241695 -0.8181363 0.3076311 0.9354504 -0.1740565 -0.1894666 -0.5295954 -0.8268198 0.307833 0.9340916 -0.180864 -0.1917976 -0.5183022 -0.8334126 0.2258583 0.9574738 0.1795328 0.1773935 0.8497749 -0.4964013 -0.1894945 -0.5294656 -0.8268967 -0.1269372 -0.5174456 -0.8462488 0.1738432 0.848519 -0.499794 -0.1310507 -0.5215452 -0.8430993 -0.2195358 0.975562 0.009099245 -0.2133032 0.9751186 0.06037694 -0.223282 0.9747114 0.009097278 0.2387943 0.9054085 -0.3510168 -0.213402 0.9749389 0.06287831 -0.2802198 -0.5206957 -0.8064446 -0.2304102 -0.5277221 -0.8175699 0.197832 0.9140095 -0.354188 -0.2311826 -0.5247147 -0.8192857 -0.2803004 -0.5204284 -0.8065891 -0.3711667 0.004092454 -0.9285572 -0.3038808 0.005131721 -0.9526962 -0.3223484 0.1169894 -0.9393641 -0.2304009 -0.527458 -0.817743 -0.1861964 -0.5188536 -0.8343391 -0.1895459 -0.5289186 -0.8272348 -0.03610169 0.995982 0.08195436 -0.4726671 -0.2602685 -0.84193 -0.04233866 0.9959463 0.0793628 0.2170078 -0.2876919 -0.9328135 -0.2312426 -0.5241786 -0.8196119 -0.04171144 0.9927283 0.1129189 -0.4888353 -0.2679958 -0.8301917 -0.1865683 -0.5169495 -0.8354372 0.9976515 0.06818234 -0.006537556 -0.186231 -0.5185372 -0.8345282 -0.04159969 0.9924282 0.1155672 0.3395301 0.9381287 -0.06807315 -0.1841055 -0.5285826 -0.828677 0.3399907 0.9379626 -0.06806206 0.1617086 0.9720355 0.1702861 -0.1023835 0.4552955 -0.8844341 -0.1551016 0.451958 -0.8784517 -0.2805014 -0.5197682 -0.8069449 -0.2238303 -0.5276289 -0.8194558 0.1632611 0.9753791 0.1482607 -0.224744 -0.5241162 -0.8214575 0.1410934 0.9795287 0.1435838 0.05932974 0.9877301 0.144462 0.198234 0.9138908 -0.3542695 -0.2240698 -0.5265622 -0.8200762 0.4068015 0.9134777 0.00843209 0.4059884 -0.2676317 -0.8738116 0.4625813 -0.2728408 -0.8435499 0.162176 0.9728291 0.1652343 -0.3569478 0.00162959 -0.9341229 -0.3841075 0.9208587 -0.06693792 -0.1043151 0.5422284 -0.8337306 -0.3711527 0.9284375 -0.0157963 0.4895881 -0.2566371 -0.8333312 -0.3957191 0.9159531 -0.06660634 0.220475 -0.4014225 -0.8889605 -0.9793479 0.2012407 0.01949125 -0.3666434 0.9303223 0.008537828 0.2561023 -0.3980326 -0.8808982 -0.103672 0.5449473 -0.8320364 -0.3745102 0.9271838 0.008512377 0.2755879 0.9277554 -0.2516374 0.2835621 0.9262753 -0.2482069 -0.1029653 0.9913262 0.08167344 -0.08772373 0.9925509 0.08454209 0.2731438 -0.3371063 -0.9009727 -0.1014323 0.9881506 0.1151943 0.2748856 -0.3315784 -0.9024931 0.2738568 0.9433606 -0.1872783 -0.1011478 0.9878417 0.1180593 0.2740708 0.944193 -0.1827148 -0.2161679 0.3438737 -0.9137955 -0.2623216 0.9646304 0.02599191 0.2085419 -0.4017546 -0.8916857 -0.2568861 0.9644294 0.06233263 -0.2210357 0.2442844 -0.9441761 -0.2094607 0.2572822 -0.9433622 -0.2544795 0.9636849 0.08094245 -0.1778715 -0.5269113 -0.8310993 -0.3060067 0.9516814 0.0257346 -0.4220991 6.3132e-4 -0.9065495 -0.412667 -0.1156159 -0.9035148 -0.2253035 -0.5218044 -0.8227748 -0.3976683 -0.09963053 -0.912104 -0.2565414 0.9661095 0.02861911 0.0499463 -0.4607383 -0.8861296 0.1638409 0.9198376 -0.3564477 0.1686285 0.8943784 -0.4143087 -0.2969717 0.9515213 0.08009457 0.04779809 -0.4934979 -0.8684326 -0.2958388 0.9516304 0.08293938 0.1680113 0.8939852 -0.4154067 -0.1234763 0.9883202 0.0893138 -0.1451926 0.985823 0.08409583 0.1708582 -0.2074279 -0.9632139 -0.496822 -0.1944801 -0.8457809 -0.9981068 -0.02868306 -0.05440551 -0.4964219 -0.1776351 -0.8497123 0.2240115 -0.3357485 -0.9149273 0.224414 -0.3349624 -0.9151167 0.1237744 0.8569242 -0.5003607 0.1202288 0.9008477 -0.4171552 -0.1424458 0.9821579 0.1227804 0.1263272 0.8574611 -0.4988004 -0.1430221 0.9827112 0.117573 0.04988521 -0.4588592 -0.8871075 0.5154995 0.8275119 0.2224509 -0.2532025 0.2420297 -0.9366483 0.6178641 0.7482888 0.2414704 -0.2680329 0.2378675 -0.9335831 -0.2166984 -0.5250478 -0.8230229 0.618939 0.749094 0.2361624 0.4351018 0.8700935 0.2315681 -0.4421764 -0.1143782 -0.8896054 -0.4625085 -0.115616 -0.8790443 0.06821173 0.9836603 0.166612 0.4848126 -0.1957282 -0.8524361 -0.261292 0.3273797 -0.9080469 0.4977854 -0.1757361 -0.8493095 0.06902873 0.9879186 0.1387513 -0.2123944 0.3318519 -0.9191099 -0.1446806 0.4472875 -0.8826106 0.3881465 -0.2638102 -0.8830326 0.3574902 -0.2669482 -0.8949522 -0.2188867 0.4406753 -0.870571 0.06842464 0.9845781 0.1610096 -0.37463 0.09388351 -0.9224089 -0.3064206 0.09735584 -0.9469045 -0.3457615 0.9379053 0.02797681 -0.2854011 0.9571458 0.04917436 -0.2689067 -0.5366016 -0.7998424 -0.3185686 0.9466467 0.04872387 -0.2742057 -0.5197201 -0.8091366 -0.2575489 0.3247119 -0.9100719 -0.2749171 -0.5172637 -0.8104683 -0.3348942 0.9386827 0.08197909 -0.2685386 -0.5376109 -0.7992881 -0.3307355 0.9379203 0.1044966 -0.1045457 0.6264098 -0.7724512 0.1703392 -0.4045743 -0.898501 -0.3808488 0.9232615 0.05042207 -0.3685815 0.9238563 0.1031372 0.1812266 -0.4008849 -0.8980245 0.1274884 -0.4041019 -0.905786 -0.3547649 0.9335685 0.05090868 -0.04031491 0.6294849 -0.7759662 -0.1465699 0.5391664 -0.8293473 -0.172589 0.9799567 0.0994876 -0.3180493 -0.5282979 -0.7872395 -0.3575223 -0.5334257 -0.7665735 -0.1474294 0.5342127 -0.832395 -0.2039054 0.9749953 0.08835631 -0.3176049 -0.5293731 -0.7866964 -0.3166423 -0.5321521 -0.7852081 -0.3616696 -0.523213 -0.7716497 -0.04038703 0.7018698 -0.7111594 -0.3686138 0.923505 0.1061252 -0.04021269 0.7035069 -0.7095498 -0.1994023 0.9708775 0.1327996 0.416418 -0.174023 -0.8923632 0.05517572 0.7627841 -0.644295 -0.2008315 0.9720293 0.1217612 0.4080899 -0.1833623 -0.8943383 0.05775845 0.7651568 -0.6412481 0.3889936 0.8942396 0.2214037 -0.3594271 0.0916295 -0.9286637 0.5375732 0.8176971 0.2058796 0.1197335 0.9011209 -0.4167074 0.1842321 -0.3344497 -0.9242305 -0.2411029 0.961512 0.1317721 0.1834477 -0.3376355 -0.9232276 0.5088888 -0.1031526 -0.8546295 -0.208291 0.9727768 0.1015886 -0.2452398 0.9644729 0.0982325 0.3405386 -0.2645679 -0.9022401 0.1168913 0.9258971 -0.3592367 -0.241082 0.9611426 0.1344779 0.1642146 0.919592 -0.3569091 0.3223046 0.9215393 0.2165294 0.4819918 0.8522547 0.2033365 -0.03293442 -0.4937946 -0.8689547 0.05407553 0.8211408 -0.568158 0.05437451 0.8227021 -0.5658663 -0.03763216 -0.4951459 -0.8679944 -0.03450256 -0.4591577 -0.8876846 -0.4021035 -0.02024906 -0.9153704 -0.4676803 -0.02079939 -0.8836529 -0.04108762 0.9890652 0.1416399 -0.4254322 0.08787554 -0.9007138 -0.09215617 -0.4934599 -0.8648725 -0.04726004 0.9857883 0.1612075 -0.03433841 -0.4600534 -0.887227 -0.1000543 0.9849113 0.1412051 -0.09827691 0.6245886 -0.7747456 -0.04770851 0.9891532 0.1389247 -0.09801572 0.6989582 -0.708414 -0.09844148 0.6971681 -0.7101168 -0.2601011 -0.5353462 -0.803587 -0.04723507 0.9853506 0.1638697 -0.4505718 -0.02347302 -0.8924316 0.5385273 0.8185842 0.1997712 0.3849589 0.9187026 -0.0882737 0.3606275 0.9326704 0.008589267 0.531607 0.824828 0.1924908 -0.4177538 0.9052747 0.07719767 0.3670417 -0.1714104 -0.9142751 0.2807865 0.9564973 0.0791952 0.3602476 -0.1777454 -0.9157665 0.2905872 0.9524775 -0.09135538 -0.3632689 -0.5192416 -0.7735786 0.234121 0.9383457 -0.2543514 -0.1158924 0.982783 0.1438976 -0.3079518 -0.527658 -0.7916709 0.2278407 0.93834 -0.2600129 -0.1149407 0.9798772 0.1631852 -0.3180319 -0.5282004 -0.7873119 -0.402036 0.9055951 0.1351462 0.5123441 -0.1107205 -0.8516129 -0.411443 0.9054481 0.104299 -0.5148766 0.8411412 0.1654806 0.295376 0.945573 0.136546 0.5215854 -0.102576 -0.8470106 0.3697218 0.928962 -0.01831465 0.1201399 -0.4030474 -0.9072592 0.1294952 -0.337166 -0.9324967 0.2269283 0.9535946 -0.1978914 -0.1148663 0.9793865 0.1661559 0.2266066 0.9553669 -0.189535 0.05317234 -0.4052284 -0.9126679 -0.2954674 0.9501432 0.09963387 0.1892985 0.9460951 -0.2628121 -0.2905218 0.9475933 0.1329063 0.1949697 0.9452153 -0.2618297 -0.2480028 0.9612675 0.1202469 0.1295624 -0.3356563 -0.9330318 -0.2039417 0.4306142 -0.8791923 -0.2877806 0.945418 0.1528624 -0.264693 0.4236807 -0.866275 -0.08047211 -0.4954661 -0.8648917 -0.2082272 0.5279729 -0.8233383 0.4916216 0.8482488 0.1969323 0.4904831 0.8469048 0.2053744 0.4824902 0.8528094 0.1997981 0.1171554 0.9257771 -0.3594598 -0.3413244 0.9326032 0.1172561 0.1891762 0.9614726 -0.1994557 -0.08421438 -0.4587702 -0.8845551 -0.2888976 0.94955 0.1220371 -0.08441686 -0.45973 -0.8840374 -0.3357887 0.9297928 0.1507695 0.9996793 -0.01932191 -0.01636445 0.1886452 0.9613451 -0.2005708 -0.3347622 0.9296611 0.1538332 0.5429903 0.02188116 -0.8394538 -0.3072228 0.2345783 -0.9222728 0.2392612 -0.2646344 -0.9341962 0.2696532 0.9415587 0.2018773 0.2751064 -0.2698237 -0.9227739 -0.3165647 0.3182094 -0.8936048 -0.3225649 0.2110598 -0.9227164 -0.2065045 0.517709 -0.830261 0.4029144 0.8945232 0.1936187 0.2925703 -0.261032 -0.9199267 -0.1144984 -0.4938731 -0.8619626 -0.2175499 -0.1459724 -0.9650721 -0.1302205 -0.4956635 -0.8586969 -0.5104916 -0.1347258 -0.8492628 -0.4950424 -0.1139401 -0.8613656 -0.1635832 0.9760948 0.1431067 -0.5214505 -0.02390187 -0.8529467 -0.1980847 0.9690136 0.1475643 -0.2519627 0.5117095 -0.8213819 -0.1406689 0.9788203 0.1487385 -0.2472344 0.4229739 -0.8717616 0.4304955 -0.103627 -0.8966242 -0.3571535 0.2077934 -0.9106389 -0.1616725 0.9720229 0.170392 -0.1621432 0.9728279 0.1652737 0.4075591 -0.115694 -0.9058203 -0.3773779 0.2023929 -0.903672 -0.2085243 0.6093938 -0.7649554 0.3360529 0.9212161 0.1960341 0.4993566 -0.02088963 -0.8661447 0.2235295 0.9536475 0.2014721 -0.1477648 0.6165186 -0.7733502 -0.1389662 0.6214125 -0.7710609 0.5110104 0.02332776 -0.8592579 0.4321886 -0.02036648 -0.9015533 -0.3216906 0.9357655 0.1444231 -0.3101075 0.2965839 -0.9032559 -0.119792 -0.459827 -0.8798915 -0.320315 0.412884 -0.852599 -0.3856115 0.9150513 0.1182576 -0.1196296 -0.4581455 -0.8807902 -0.3680827 0.289285 -0.8836455 -0.3794435 0.912733 0.1514635 -0.3737686 0.9107372 0.1756552 -0.2502105 0.5093764 -0.8233653 0.2262732 -0.2643725 -0.9375007 0.4090808 0.8888043 0.2065909 0.4027243 0.8942522 0.1952589 -0.1391693 0.6904386 -0.7098777 -0.138556 0.6937097 -0.706802 -0.3585707 0.9220386 0.1458483 -0.3455513 -0.5386935 -0.7683773 -0.4249352 0.8944966 0.138946 -0.4171212 0.8923034 0.1726401 -0.03993856 0.7646425 -0.643216 -0.4169158 0.8917717 0.1758537 -0.03813558 0.7658787 -0.6418531 -0.2285956 0.9606468 0.1578034 0.2935479 -0.1752528 -0.9397425 0.3004572 -0.1638578 -0.9396149 -0.2380555 0.9583947 0.1575092 -0.404365 0.06480497 -0.9122989 0.8699015 0.05762904 -0.4898471 -0.4708377 0.06120795 -0.880094 -0.2275232 0.9590707 0.1685723 0.05054181 0.9065486 -0.4190645 -0.3913029 -0.5284621 -0.7533989 0.05200564 0.8633092 -0.5019887 0.05306798 0.8641604 -0.5004106 0.3605051 -0.1060055 -0.9267141 -0.2265296 0.9572814 0.1797126 0.3358197 0.9207949 0.1983987 0.3804481 -0.09785848 -0.9196102 0.342293 0.9181581 0.1995524 -0.3628752 0.2865967 -0.8866702 0.1600617 0.9679006 0.1937747 0.2462778 -0.164549 -0.9551287 0.2597029 0.9602777 -0.1020833 0.2800247 0.9411144 0.1894465 0.2422636 -0.1661733 -0.9558739 0.30886 0.9509225 -0.01876044 0.3254292 0.9402588 -0.1000467 0.999478 -0.01114171 -0.03032559 -0.4525277 0.05901181 -0.8897957 0.875284 0.09855061 -0.4734613 -0.2735445 0.9452605 0.1779216 -0.2758493 0.9479746 0.1589064 -0.03761321 0.8225899 -0.5673896 -0.2868778 0.9447698 0.1584652 0.3836731 -0.005446135 -0.9234529 -0.03737759 0.8233453 -0.5663087 0.4200476 -0.005936443 -0.9074827 -0.2733839 0.944805 0.1805678 0.3130989 0.9492188 -0.03086942 0.4355045 0.06334763 -0.8979548 0.5009458 0.05958074 -0.8634254 0.4110957 0.8918586 0.1886494 0.3428676 0.9192495 0.193448 -0.03671616 -0.4039277 -0.9140538 -0.09733557 0.7602583 -0.6422873 0.05002456 -0.4036942 -0.9135254 -0.09292465 0.7618653 -0.6410353 0.3464154 0.9182411 0.1919106 0.4098536 0.8932966 0.184503 0.4403433 0.8615973 0.2524835 0.157086 0.9507469 -0.2672159 0.1615882 0.9508714 -0.2640698 0.3467914 0.9189714 0.1876896 -0.4960007 -0.0518884 -0.8667704 0.3478718 0.9183338 0.1888073 -0.9985447 -0.02096045 -0.04969036 0.06749796 0.9792966 0.1908459 -0.163084 -0.4933127 -0.8544275 -0.2556026 -0.05176359 -0.9653952 -0.1842367 -0.4971514 -0.8478782 -0.5242833 0.05482602 -0.8497772 -0.1710993 -0.4564974 -0.8731181 0.2896844 0.9510441 -0.1076941 0.2761793 0.9605981 -0.03124707 0.05392229 -0.3377757 -0.9396808 0.2151997 0.9703785 -0.1097937 0.2005153 0.9614477 0.1881809 0.05407935 -0.3360624 -0.9402859 0.04916667 0.9311104 -0.3614084 0.2846542 0.9372687 0.2012445 0.05033838 0.9067942 -0.4185574 -0.1697658 -0.4600917 -0.8714902 0.2795817 0.940128 0.1949189 0.156733 0.9658537 -0.206304 0.1999288 0.9595544 0.1982016 0.1568611 0.9668138 -0.2016571 -0.3908442 0.903456 0.1760911 0.1970403 -0.2615357 -0.9448673 -0.5633309 0.8105711 0.1601021 -0.4725431 0.8703227 0.1387134 -0.5542479 0.8096172 0.1932075 0.1387621 -0.2638965 -0.9545176 -0.7756714 0.607693 0.1704204 -0.4551401 0.8665277 0.2048835 0.1851577 -0.2664273 -0.9459034 -0.4647204 0.8686062 0.1719247 -0.1982223 -0.4958239 -0.8454978 -0.09163391 0.8188409 -0.5666593 -0.3296044 0.9274836 0.1764515 -0.3294009 0.9272934 0.1778259 -0.208492 -0.4567849 -0.8647997 -0.09105545 0.8196935 -0.5655188 -0.2747507 -0.4880346 -0.8284529 -0.3309276 0.9270259 0.1763804 0.2791166 0.9594526 -0.03930038 -0.2245655 -0.4944052 -0.8397225 -0.207578 -0.4577189 -0.8645257 -0.326563 0.9242333 0.1978618 -0.2524743 0.5940054 -0.7638157 0.3485393 0.9196377 0.181071 0.4223667 0.8950184 0.143347 -0.1959512 0.6023585 -0.7738006 0.3715938 0.004360914 -0.9283852 0.4416354 0.8739489 0.2029076 0.2855558 0.9393901 0.1897475 0.2880325 0.9375201 0.1951751 -0.1954627 0.6835682 -0.7032274 0.1989018 -0.1660088 -0.9658567 -0.1963602 0.6765632 -0.7097218 -0.405657 0.1993389 -0.8920238 -0.4243243 0.1707857 -0.8892588 -0.3833251 0.9066413 0.1762482 0.2030006 -0.1596044 -0.9660835 0.4222342 0.08051723 -0.9029038 -0.4174041 0.2786976 -0.8649286 0.3871175 0.08248692 -0.9183333 -0.380411 0.90416 0.1943761 -0.3796182 0.9038229 0.1974693 -0.3049011 0.500623 -0.8101925 0.2042962 0.9596704 0.1931212 0.05794584 -0.2636845 -0.962867 -0.3728259 0.3830583 -0.8451433 -0.2980325 0.3950232 -0.8689841 0.2041891 0.9593077 0.1950271 0.289841 0.9391763 0.1842282 0.85779 0.5119486 0.04587918 0.2887248 0.9391882 0.1859126 0.1309594 -0.2621096 -0.956111 0.3849518 0.919607 0.07832622 -0.4375714 -0.525553 -0.7296062 0.2893575 0.9380015 0.1908544 -0.4255879 -0.6922177 -0.5828461 0.3144301 0.9373487 0.1500369 0.2943158 -0.09999823 -0.9504624 0.2066108 0.9599329 0.1893165 0.2065475 0.9597133 0.1904953 -0.2377709 0.669984 -0.7032684 -0.2373813 0.5942755 -0.7684313 0.2074608 0.9602032 0.1870017 0.314637 0.005247414 -0.9491975 0.3125202 -0.08556884 -0.9460492 -0.4735406 0.1616277 -0.8658152 0.08478814 0.9789414 0.1857005 -0.4492641 0.1680085 -0.8774594 0.8663177 0.1558731 -0.4745495 0.4878867 0.1238734 -0.8640729 -0.04675757 0.9814048 0.1861678 0.5224286 0.1590254 -0.8377227 -0.1376091 0.7542114 -0.6420506 -0.1313374 0.7571969 -0.6398464 0.5029041 0.1977808 -0.8414096 -0.2367719 0.6684421 -0.7050705 -0.4289564 0.8823391 0.1935821 0.9991275 0.004320263 -0.04154211 -0.368523 0.9075476 0.2013658 -0.4329979 0.8847078 0.172641 0.8709262 0.2024149 -0.4477898 -0.4114263 0.8896555 0.1980945 -0.3053069 0.5820799 -0.7536383 0.2566997 -0.08467829 -0.9627746 -0.4243151 0.8789765 0.2176166 -0.3019706 0.4819732 -0.8225057 0.2434821 -0.08673149 -0.9660196 -0.4579244 0.8668587 0.1971328 -0.4759349 0.8575139 0.1953356 0.1154885 0.9562757 -0.2686992 -0.4720386 0.8555039 0.2128206 0.1121915 0.9562549 -0.2701659 -0.4715852 0.8549392 0.2160702 -0.08990925 -0.4034312 -0.9105821 -0.3487432 0.3839902 -0.8549443 0.2077525 0.9612196 0.1813722 0.2611796 0.9500568 0.1708137 -0.03442585 -0.4047256 -0.9137899 -0.4223363 0.3703874 -0.8273121 0.2574513 0.9391502 0.2274109 -0.4624443 0.2448163 -0.8521797 -0.4084326 0.2530967 -0.8769977 0.202618 0.9632038 0.1765915 0.5109799 0.2871832 -0.8102008 0.08457458 0.9772719 0.1943877 0.08624905 0.976453 0.1977389 0.08635681 0.9773426 0.1932457 -0.0359596 0.8648201 -0.5007926 0.5035122 0.2379167 -0.8305848 -0.03671503 0.8643692 -0.5015158 -0.03722399 -0.3363217 -0.9410113 -0.0349633 0.9073902 -0.4188325 -0.03723239 -0.3371242 -0.9407237 0.1120182 0.9713395 -0.209646 -0.1137372 0.9756093 0.1877507 -0.0585379 0.980341 0.1884275 0.1122653 0.9717683 -0.2075157 0.3740195 0.09423118 -0.9226212 0.04928189 0.9310006 -0.3616756 0.08733183 0.9778152 0.1903957 0.08766043 0.9779145 0.1897336 -0.3532035 0.4724044 -0.8075155 0.08740437 0.9784258 0.1871989 0.1408273 -0.1610319 -0.9768503 0.1434052 -0.1580492 -0.9769623 0.08778691 0.9789885 0.1840519 -0.3553259 0.4690546 -0.8085365 -0.6084625 0.7657446 0.2083473 -0.2399479 -0.5023591 -0.8306987 -0.2557045 -0.4525904 -0.8542699 -0.1295202 0.8138414 -0.5664687 -0.5205088 0.8245189 0.221899 -0.3212209 -0.490477 -0.8100922 -0.5151717 0.822082 0.2424443 -0.643325 0.729847 0.2312059 -0.6033006 0.7641806 0.2281588 -0.2530329 -0.4588047 -0.8517469 -0.1286689 0.8154053 -0.5644098 -0.5238133 0.825576 0.2098665 -0.4560981 0.24224 -0.856326 -0.2845352 -0.497758 -0.8193147 -0.1603734 0.9687343 0.189299 -0.367852 -0.4832766 -0.794436 -0.497442 0.0239641 -0.8671662 -0.5760262 0.02035516 -0.8171777 -0.1422821 0.9714736 0.1897225 -0.08756554 0.8615865 -0.500001 -0.1420604 0.9704504 0.1950513 -0.05964064 0.9790402 0.1947394 -0.08440494 -0.4044246 -0.9106682 -0.08942222 0.8609793 -0.5007178 -0.05840206 0.9787923 0.1963537 -0.03483396 0.9072826 -0.4190762 -0.0340287 0.9315933 -0.3619059 -0.05970549 0.9798145 0.1907849 0.3180122 0.09712529 -0.9430986 0.180329 0.9759386 -0.1225781 0.08874189 0.9793079 0.1818816 0.3058301 0.02322357 -0.9518029 0.08884245 0.9801891 0.1770209 0.2611065 0.02398139 -0.9650121 0.2403337 0.9631174 -0.1210147 0.2288428 0.9726473 -0.03985166 0.08880507 0.9798259 0.1790386 0.4419466 0.1869071 -0.8773533 -0.2252502 0.955222 0.1918674 0.4153735 0.1719328 -0.8932546 0.4281554 0.2503991 -0.8683221 0.2322039 0.9711351 -0.05457079 0.1496266 0.9808389 -0.1247675 -0.2002177 0.9606081 0.1927298 0.199734 0.9720131 -0.1236808 -0.0911951 -0.3360706 -0.9374114 0.191871 0.9798738 -0.05507111 -0.09121054 -0.3369657 -0.9370885 -0.1449172 0.969693 0.1967096 -0.3007265 -0.4534655 -0.8390069 -0.06031024 0.9795153 0.192126 -0.3001404 -0.4526869 -0.8396371 -0.1941776 0.7418035 -0.6418899 -0.1851919 0.7481419 -0.6371716 0.08891594 0.980794 0.1736003 0.2514178 0.02649664 -0.9675159 0.08946508 0.9815886 0.1687596 0.08933609 0.9804373 0.1753906 -0.06067794 0.9813753 0.1822655 0.1930593 0.9795307 -0.05698937 -0.2874699 0.6586661 -0.6953561 -0.06036317 0.9801633 0.1887757 -0.06059694 0.9803798 0.1875728 -0.2868429 0.5696502 -0.7702075 0.4252321 0.2691302 -0.8641451 -0.1450966 0.9705635 0.192233 -0.1467941 0.9712514 0.1874093 0.2150324 0.02706003 -0.9762319 -0.2350805 0.7335804 -0.6376497 -0.1466671 0.9706209 0.1907453 0.2119851 -0.07730621 -0.9742105 -0.1998919 0.9595523 0.1982486 0.2000628 -0.08536285 -0.9760574 -0.2243201 0.7367928 -0.6378222 -0.2041569 0.9593219 0.1949906 -0.1472668 0.9709306 0.1886963 -0.1826679 0.8036538 -0.5663684 0.9671733 0.1224312 -0.2226797 0.9993001 0.01306349 -0.03505432 -0.1813472 0.8070272 -0.5619789 -0.2709466 0.9416646 0.1996383 0.9682254 0.1451528 -0.2036426 -0.08477669 0.9045367 -0.4178832 -0.08511495 0.9043879 -0.4181364 -0.2800677 0.9390838 0.1992075 0.3806073 0.2757005 -0.8826819 -0.3932147 0.3503166 -0.8500944 -0.4685676 0.3352493 -0.8173446 0.3922412 0.2044788 -0.8968474 0.369109 0.1948765 -0.9087253 -0.1263625 0.856625 -0.500226 -0.06128805 0.981148 0.1832823 -0.1236975 0.857761 -0.4989439 0.4849581 0.3317425 -0.809174 -0.1475174 0.9721822 0.1819349 -0.06137269 0.9822253 0.1773887 0.490314 0.3777865 -0.7854104 -0.06142389 0.9828349 0.1739615 -0.09201854 0.9662756 0.2405079 0.4342643 0.3426642 -0.8330641 -0.2863892 0.6461767 -0.7074157 -0.05970609 0.9837825 0.1691367 -0.06136107 0.9820384 0.1784243 -0.5007386 0.1582587 -0.8510082 -0.5144667 0.2322055 -0.8254724 -0.3370405 0.9203366 0.1984548 -0.5203283 0.1203349 -0.8454455 -0.9943457 -0.002964615 -0.1061501 -0.596367 0.1108844 -0.7950164 -0.3263697 0.9240353 0.199102 -0.1274664 -0.4041262 -0.9057783 -0.4012849 0.435683 -0.805699 -0.1201211 -0.4030323 -0.9072684 -0.1295444 -0.3356463 -0.9330379 -0.4003122 0.4592853 -0.7929736 -0.3564013 0.5524525 -0.753508 -0.2065148 0.9597263 0.1904652 -0.1294734 -0.3371599 -0.9325019 -0.2042596 0.9596701 0.1931616 -0.3354358 0.5597057 -0.757768 0.4939247 0.4638826 -0.7354259 -0.4037168 0.5404399 -0.7381988 -0.207428 0.9602164 0.1869707 -0.2065748 0.9599344 0.1893482 0.49052 0.4131775 -0.7672513 -0.03410327 0.9316415 -0.3617751 -0.08279752 0.9289627 -0.3607946 -0.1489928 0.9717562 0.1830057 -0.1491994 0.9728243 0.1770665 0.351704 0.9348766 0.04806375 -0.2077191 0.9612309 0.1813499 0.2642301 0.1200177 -0.9569631 0.4088069 0.9077251 0.09440422 0.4132156 0.9073387 0.07739096 -0.1491742 0.9726627 0.1779726 -0.2860342 0.9382431 0.1946388 0.3083303 0.1179455 -0.9439392 0.2951574 0.9541965 0.0489009 -0.2798717 0.9386425 0.2015491 -0.3370466 0.9203476 0.1983937 -0.4392499 0.3380014 -0.8323548 0.3771525 0.2883715 -0.8801124 -0.4480342 0.4244829 -0.7868161 -0.343533 0.9176815 0.1996141 0.4067779 0.9078797 0.1014215 -0.04002279 -0.2616167 -0.9643417 -0.1683598 0.9740092 0.151529 -0.1493008 0.9733141 0.1742669 0.05462992 -0.2614355 -0.9636738 -0.2097332 0.9604269 0.1832817 -0.221056 0.7962635 -0.5631152 -0.2843134 0.9115429 0.2970783 -0.2196295 0.7973241 -0.5621718 -0.2944613 0.9395828 0.1745757 -0.2100834 0.9616603 0.1762796 -0.3360965 0.6328314 -0.6975411 -0.2102584 0.9622896 0.172598 -0.1970245 0.9687505 0.1506775 -0.2099929 0.9613673 0.1779775 -0.3442401 0.9190178 0.1921068 0.1418771 -0.07789486 -0.9868147 -0.3346461 0.6351358 -0.6961426 0.150012 -0.07416605 -0.9858984 -0.2893189 0.9382683 0.1895973 -0.2859796 0.9381151 0.1953348 0.2538435 0.1231505 -0.9593735 -0.2895927 0.9389232 0.1859011 -0.4449858 0.4221077 -0.7898181 -0.5019878 0.1979748 -0.8419111 -0.3770026 0.9013617 0.2131106 -0.3459787 -0.4464323 -0.8252254 -0.40237 0.8908023 0.2111156 -0.5206917 0.3196423 -0.7916495 -0.3229035 -0.5027534 -0.8018555 -0.6180448 0.176664 -0.7660354 -0.4042735 0.893549 0.1952769 0.2078637 0.03715193 -0.977452 0.0472387 0.9608449 -0.2730302 0.1528639 0.03787165 -0.9875213 -0.3475498 0.9175262 0.1932741 0.04861986 0.9612124 -0.2714901 -0.2937982 0.9379229 0.1843456 0.2178201 0.1245912 -0.9680039 -0.4097576 -0.4866334 -0.7715482 -0.2910168 0.9396412 0.179955 -0.2902258 0.9377317 0.1908617 -0.3480528 0.9185 0.1876617 -0.3666933 -0.4945217 -0.7880256 -0.4255405 0.8798194 0.2117383 -0.1197122 0.9011253 -0.4167038 -0.4653992 0.8603358 0.2079083 -0.3422393 -0.4536044 -0.8228702 -0.1202055 0.9008475 -0.4171622 -0.3888024 -0.4452064 -0.8066128 0.04729408 0.9764088 -0.210687 -0.3497874 0.9191179 0.1813042 0.04719561 0.975899 -0.2130582 -0.3491351 0.9178485 0.1888355 0.05997109 -0.1558026 -0.985966 -0.08297622 0.9290022 -0.3606522 -0.4106439 0.8880694 0.20665 0.05886191 -0.1590914 -0.9855076 -0.4126737 0.8911308 0.1886429 -0.3873414 -0.4463381 -0.8066901 -0.116883 0.9258068 -0.3594722 -0.4660187 0.8610675 0.2034432 -0.4749393 0.856813 0.200759 0.4088339 0.3651388 -0.8363782 0.107311 0.9854174 -0.1320486 0.4150683 0.4326824 -0.800315 -0.5230857 0.8291404 0.1972497 0.3858571 0.3694676 -0.8453448 0.1660383 0.9773795 -0.1309984 -0.5192049 0.825282 0.2221168 -0.4687662 0.8533409 0.228183 -0.4155851 0.887634 0.1984814 0.1599521 0.9849514 -0.06546765 0.159938 0.9854602 -0.05734187 -0.4171281 0.8900184 0.1840415 0.413558 0.4489415 -0.7920993 0.3562602 0.9337612 0.0341863 -0.5200908 0.8240143 0.2247354 -0.5728454 0.7903585 0.2172133 -0.1812272 -0.403868 -0.8966869 -0.5747066 0.7919188 0.2063418 -0.4757295 0.857788 0.194631 -0.2215182 -0.4006854 -0.8890336 0.2646268 0.9637134 0.03506261 0.3413749 0.9341578 0.1039829 -0.1715133 -0.4015805 -0.8996201 -0.4804149 0.855622 0.1926462 -0.4175577 0.8879014 0.1930713 -0.4810447 0.8564181 0.1874678 -0.4826416 0.8552062 0.1888902 -0.4601153 0.8237871 0.3311626 -0.4170222 0.8870577 0.1980432 0.3455088 0.9342187 0.08865123 -0.5303283 0.8212404 0.2105142 -0.1846423 -0.3344193 -0.9241596 -0.5335127 0.8245433 0.1883944 -0.1842214 -0.3376321 -0.9230748 -0.5321997 0.8264648 0.1836283 -0.5709063 0.7728834 0.276979 -0.1742136 0.8502578 -0.4967005 -0.5844408 0.7855998 0.2031301 -0.17812 0.8478295 -0.4994581 -0.6754575 0.7025137 0.2241242 0.6555349 0.5328206 -0.5351414 -0.6622326 0.6940499 0.2823874 -0.2668916 0.7866785 -0.5566918 -0.6246355 0.744719 0.2349982 -0.6317083 0.7496598 0.1973697 0.3130462 0.2965953 -0.902238 0.3031815 0.2130966 -0.9288007 -0.2710495 0.7263059 -0.6316739 -0.284514 0.7140572 -0.6396672 0.3238836 0.2333053 -0.9168794 -0.2154793 0.8408161 -0.4965854 -0.2092002 -0.4024408 -0.891222 -0.2712576 -0.3964805 -0.8770533 -0.210857 0.8421519 -0.496306 -0.3795417 0.5270215 -0.7603924 -0.2253078 -0.3349391 -0.9149056 -0.4498172 0.5077643 -0.7347379 0.1472464 0.04254984 -0.9881842 -0.1171216 0.9258733 -0.3592228 -0.3791533 0.6213598 -0.6856784 -0.3809443 0.6051489 -0.699054 -0.2249144 -0.3357232 -0.914715 0.4169684 0.5173782 -0.7472999 0.1141526 0.9912753 -0.06589734 0.1186661 0.9837287 -0.1348929 0.4672926 0.5025139 -0.7274045 0.04525053 0.9897173 -0.1356908 0.6643446 0.5859922 -0.4639604 -0.3323678 0.7007472 -0.6312567 0.9997963 0.00688523 -0.01897317 -0.3170566 0.706189 -0.6330657 0.3623181 0.3852412 -0.8487136 0.3682242 0.4590659 -0.8084982 -0.4238241 0.5126531 -0.7466993 -0.4251794 0.5918617 -0.6847789 -0.6275303 0.2569902 -0.734957 0.9322289 -0.3084466 -0.1892353 0.9063159 -0.3940013 -0.1528216 0.6436297 0.4563292 0.6144139 0.6513343 0.42962 0.625452 0.900654 -0.3858609 -0.1998341 0.8594021 -0.4852651 -0.1610774 0.6861401 0.4509727 0.5708198 0.7443869 -0.6365717 -0.2016553 0.8577362 -0.4670056 -0.2149288 0.7182265 0.37751 0.5844971 0.7986362 -0.5263652 -0.2917529 0.7976501 -0.5756474 -0.1799567 0.7391828 0.4119007 0.5328662 0.7889963 0.3516501 0.5038127 0.7905149 0.3442612 0.5065279 0.8421534 0.3433997 0.4157575 0.8495532 0.3050161 0.4303771 0.8906072 0.2850597 0.3543441 0.8935588 0.266362 0.361392 0.9244431 0.241491 0.2951053 0.9285566 0.2117109 0.304895 0.9544242 0.1957702 0.2252743 0.9593458 0.1527495 0.2373254 0.9798909 0.1225445 0.1574694 0.9830459 0.06997245 0.1694832 0.9957224 0.05003356 0.07767629 0.9958509 -0.01541799 0.08968514 0.9998062 -0.01963621 -0.001445591 0.9958782 -0.08983093 0.01253497 0.9932972 -0.09636396 -0.06383275 0.9867091 -0.1542293 -0.05117088 0.9760187 -0.1870279 -0.1113907 0.9798905 -0.1576157 -0.1223592 0.9583657 -0.2535748 -0.1312822 0.9631776 -0.2269406 -0.1441765 0.9363434 -0.3211709 -0.1418112 0.9514406 -0.2552732 -0.1720355 -0.7465013 -0.6342631 -0.201112 -0.7451558 -0.6388795 -0.1912481 -0.9303011 0.1993418 0.3079004 -0.9534142 0.2100242 0.2165436 -0.811012 -0.5404002 -0.224114 -0.8125269 0.3629804 0.4561198 -0.8508438 0.2985186 0.4323788 -0.8082144 -0.5674231 -0.157545 -0.9209967 0.2588082 0.2911757 -0.8701657 -0.4421106 -0.2176003 -0.8941728 0.2508737 0.3708332 -0.8564914 0.3132688 0.4102256 -0.8768807 -0.4505413 -0.1676092 -0.8906887 0.2722525 0.3640773 -0.9097083 -0.3659228 -0.1962936 -0.9122453 -0.3758931 -0.1628274 -0.9360266 -0.3031559 -0.1787476 -0.9363572 -0.3186595 -0.1472795 -0.9537813 -0.248485 -0.1689866 -0.9560872 -0.2617172 -0.131914 -0.965391 -0.2135335 -0.1497446 -0.9722288 -0.2084954 -0.1063045 -0.9800356 -0.157324 -0.1215708 -0.9850914 -0.1638697 -0.05236124 -0.9927989 -0.09987854 -0.06614124 -0.9955632 -0.09384733 0.006825983 -0.9997142 -0.02327704 -0.005468726 -0.9963953 -0.02451395 0.08121323 -0.9962329 0.05034214 0.07060956 -0.6533678 0.4276079 0.6247096 -0.6464248 0.4549739 0.6124817 -0.9849748 0.05498921 0.1637096 -0.697848 0.4480233 0.5588231 -0.9805459 0.1268436 0.1498009 -0.7252762 0.3673048 0.5822899 -0.9620613 0.1412212 0.2334408 -0.7580646 0.4114304 0.5060268 -0.7965234 0.3323808 0.5050479 -0.6406752 -0.7476573 -0.174768 -0.6388213 -0.7359613 -0.2242063 -0.6260002 -0.7517737 -0.2072682 -0.4291715 0.5354233 0.7274159 -0.4089687 0.4742183 0.7796548 -0.3504971 0.570599 0.7426767 -0.3002874 0.4665229 0.8319758 -0.2329167 0.6689566 0.7058661 -0.2067621 0.5240746 0.8261933 -0.1141708 0.5149971 0.8495547 -0.07377177 0.7203871 0.6896378 -0.01924043 0.4338509 0.9007792 0.07542937 0.6589266 0.7484158 0.07670921 0.6503225 0.7557754 0.1640271 0.4621599 0.8714948 0.2502675 0.5844998 0.771833 0.233187 0.6620135 0.7122934 0.3506953 0.5559114 0.7536414 0.3322318 0.500607 0.7993839 0.4291775 0.5048419 0.7489603 0.4216225 0.537489 0.7303013 2.24581e-5 -0.7879964 0.6156799 5.38706e-7 -0.7880107 0.6156616 9.24002e-7 -0.7880104 0.615662 2.24513e-6 -0.7880095 0.6156631 5.09077e-7 -0.7880104 0.615662 -2.72504e-6 -0.7880115 0.6156605 -2.83294e-6 -0.7880119 0.6156601 -8.46032e-6 -0.7880134 0.6156582 -1.28733e-6 -0.7880111 0.6156611 -1.24997e-6 -0.7880111 0.6156611 -1.33439e-6 -0.788011 0.6156611 -2.31332e-6 -0.7880113 0.6156608 -9.97793e-7 -0.788011 0.6156613 6.3301e-6 -0.7880097 0.6156628 6.9212e-7 -0.7880107 0.6156616 0 -0.7880108 0.6156615 0 -0.7880105 0.6156617 0 -0.7880107 0.6156615 4.22964e-7 -0.7880107 0.6156616 3.55075e-6 -0.7880106 0.6156617 -5.03602e-7 -0.7880108 0.6156615 -1.2459e-6 -0.7880107 0.6156615 5.24513e-6 -0.788011 0.6156612 1.1536e-6 -0.7880109 0.6156613 2.83887e-6 -0.7880113 0.6156608 -1.5547e-5 -0.7880088 0.6156641 -1.76605e-6 -0.7880103 0.615662 -1.37315e-6 -0.7880103 0.615662 -8.42663e-6 -0.7880088 0.615664 6.7934e-5 -0.7880516 0.6156092 -5.64612e-6 -0.7880094 0.6156633 -2.58187e-5 -0.7880029 0.6156716 -1.12656e-5 -0.7880057 0.6156679 1.03278e-6 -0.7880109 0.6156614 -8.11977e-6 -0.788008 0.615665 1.29179e-5 -0.7880165 0.6156542 1.0149e-6 -0.7880108 0.6156613 -2.81479e-5 -0.7879994 0.6156761 -5.57482e-7 -0.7880109 0.6156613 1.43353e-5 -0.7880158 0.615655 -4.67897e-6 -0.7880083 0.6156647 8.65665e-6 -0.788014 0.6156573 -2.84475e-6 -0.7880097 0.6156628 -1.54474e-5 -0.7880024 0.6156721 -1.34127e-5 -0.7880038 0.6156705 -5.25769e-6 -0.7880094 0.6156632 -2.57639e-5 -0.7879948 0.615682 -1.4123e-5 -0.7880015 0.6156733 -5.61236e-6 -0.7880094 0.6156634 -1.72913e-5 -0.7879985 0.6156772 1.20156e-6 -0.7880113 0.6156607 2.28052e-6 -0.7880129 0.6156587 -7.59371e-6 -0.7880092 0.6156635 1.27437e-6 -0.7880125 0.6156594 -4.88517e-6 -0.7880041 0.61567 0 -0.7880107 0.6156616 -1.62628e-6 -0.7880063 0.6156672 2.14817e-7 -0.7880108 0.6156614 1.74831e-7 -0.7880123 0.6156596 1.1311e-5 -0.7880329 0.6156331 1.1979e-6 -0.7880131 0.6156585 0 -0.7880108 0.6156615 -2.60197e-6 -0.788004 0.6156702 4.71779e-6 -0.7880253 0.6156429 4.79055e-7 -0.7880108 0.6156615 -6.98296e-7 -0.7880063 0.6156672 -3.84574e-7 -0.7880107 0.6156616 -1.49297e-6 -0.7879998 0.6156756 -1.10311e-6 -0.7880021 0.6156726 -1.10729e-6 -0.7880108 0.6156616 2.16071e-7 -0.7880025 0.6156721 2.94692e-7 -0.7880108 0.6156615 0 -0.7880181 0.6156521 7.21588e-7 -0.7879966 0.6156796 4.05278e-7 -0.7880108 0.6156615 -6.35998e-7 -0.7880117 0.6156603 -5.56058e-6 -0.7880111 0.6156611 -7.86097e-6 -0.7880117 0.6156603 2.92742e-6 -0.7879993 0.6156761 3.75967e-6 -0.7879958 0.6156807 -8.67504e-6 -0.7880122 0.6156598 2.8588e-6 -0.7880046 0.6156694 -1.07805e-5 -0.7880129 0.6156588 7.27232e-6 -0.7879946 0.6156821 3.54717e-6 -0.7880034 0.6156709 4.65722e-6 -0.7880033 0.615671 2.14963e-6 -0.788007 0.6156663 1.94132e-6 -0.7880101 0.6156624 1.71536e-6 -0.7880098 0.6156627 -2.37776e-6 -0.7880144 0.6156567 2.14036e-6 -0.788008 0.615665 2.11904e-6 -0.7880103 0.6156621 -8.12932e-6 -0.7880176 0.6156528 -6.55209e-6 -0.7880144 0.6156568 1.32177e-6 -0.7880098 0.6156626 7.84457e-5 -0.7879583 0.6157287 0 -0.7880108 0.6156615 -3.93665e-5 -0.7879994 0.6156761 2.27077e-5 -0.7880184 0.6156517 1.42641e-6 -0.7880125 0.6156592 -5.31151e-5 -0.7880479 0.6156141 -1.08303e-5 -0.7880167 0.6156538 -1.0158e-5 -0.7880166 0.6156541 -3.93692e-5 -0.7880303 0.6156364 -4.38683e-5 -0.7880306 0.6156361 0 -0.78801 0.6156626 -1.62755e-5 -0.7880159 0.6156549 -1.40725e-5 -0.7880144 0.6156568 -1.671e-4 -0.7880483 0.6156134 -3.22419e-5 -0.7880147 0.6156564 0 -0.7880109 0.6156613 3.88287e-6 -0.7880108 0.6156615 0 -0.7880106 0.6156617 3.22425e-6 -0.7880114 0.6156606 -6.04344e-6 -0.7880096 0.6156629 -3.87121e-6 -0.7880101 0.6156623 0.7043872 -0.6781635 -0.2096017 0.699182 -0.6826691 -0.2123851 0.609366 0.4721326 0.636996 0.5499057 0.4853467 0.679737 0.5698604 0.4831154 0.6647245 0.509898 0.5102983 0.6925313 -0.4905866 0.5168264 0.7015805 -0.5499058 0.4853662 0.6797229 -0.5326684 0.4965681 0.6853354 -0.5915312 0.4798024 0.6479818 -0.6991814 -0.6826694 -0.2123863 -0.70439 -0.6781609 -0.2096009 -0.6534265 -0.7469929 -0.1226185 -0.6439797 -0.760773 -0.0807138 -0.3295673 -0.8803164 0.341216 -0.51231 -0.8513816 0.1126406 -0.5002503 -0.8541001 0.1423465 -0.1134923 -0.8368901 0.535476 -0.313758 -0.8819454 0.3517502 -0.1078069 -0.835951 0.5381111 -0.4130031 -0.7562565 0.5074492 -0.06084036 -0.7934693 0.6055618 -0.0021106 -0.7901673 0.6128876 -0.1232038 -0.7939193 0.5954099 -0.2991307 -0.7803122 0.5492119 -0.9023531 -0.423698 0.0789864 -0.9536499 -0.2977519 -0.04353839 -0.915476 -0.3981876 0.05788028 -0.8501796 -0.5017701 0.1594411 -0.7457071 -0.606848 0.2750571 -0.5683687 -0.7150791 0.4069631 -0.409289 -0.7687597 0.4914173 -0.5655567 -0.7162828 0.4087598 -0.08306002 -0.7209969 0.6879423 -0.4071566 -0.7692875 0.4923618 -0.2964555 -0.7893683 0.5375981 -0.2948906 -0.7895542 0.5381855 -0.01671409 -0.7884995 0.6148083 -0.120862 -0.7976168 0.5909312 -0.9403538 -0.3327651 -0.07072567 -0.9584483 -0.2850641 -0.0107423 -0.8999477 -0.4267874 0.08914405 -0.8440998 -0.5124008 0.157927 -0.73641 -0.623589 0.2623682 -0.5608069 -0.726731 0.3966835 -0.561834 -0.7263367 0.3959513 -0.4045063 -0.7764787 0.4831725 -0.2929794 -0.7947597 0.5315263 -0.4037228 -0.7766362 0.4835744 -0.01455795 -0.7943888 0.6072351 -0.1200853 -0.7997494 0.5882009 -0.2923923 -0.7948339 0.5317386 -0.9356942 -0.348114 -0.0573849 -0.8867657 -0.4597937 0.04729074 -0.8795881 -0.4720303 0.05926239 -0.8339824 -0.5371417 0.1263021 -0.7300178 -0.6389624 0.2424892 -0.8257153 -0.5472081 0.136958 -0.7210729 -0.6458631 0.2508286 -0.555979 -0.738552 0.3813505 -0.4003171 -0.7851164 0.472587 -0.5480481 -0.7416722 0.3867374 -0.3941763 -0.7863622 0.4756674 -0.2899519 -0.8009776 0.5237966 -0.2854351 -0.8013759 0.5256649 -0.06875789 -0.7978094 0.5989761 -0.07782799 -0.7987038 0.5966699 -0.5428803 -0.7522897 0.3732845 -0.8953869 -0.4441803 -0.03140252 -0.8666852 -0.4981836 0.0258823 -0.9176787 -0.3837384 -0.1030086 -0.8156527 -0.5678521 0.1107004 -0.7142981 -0.6598915 0.2330698 -0.3904502 -0.7939662 0.4660111 -0.5397067 -0.7535617 0.3753151 -0.2827321 -0.8068775 0.5186629 -0.3880797 -0.7944163 0.4672226 -0.2810003 -0.8070082 0.5194001 -0.02186942 -0.7892695 0.6136574 -0.1150906 -0.8043188 0.5829455 -0.9122372 -0.4041926 -0.06672012 -0.8513669 -0.5225852 0.04559725 -0.7960658 -0.5929597 0.1211529 -0.5069479 -0.1190773 0.8537122 -0.5969796 0.1144235 0.7940545 -0.6522105 0.3377708 0.6786254 -0.535021 -0.762492 0.3638111 -0.6317383 0.2454375 0.7353007 -0.6920957 -0.6830614 0.2333038 -0.3881543 -0.3471952 0.853693 -0.38817 -0.3471704 0.853696 -0.2430515 -0.5520675 0.7975885 -0.5245842 -0.7662587 0.3710243 -0.2798722 -0.5064136 0.8156082 -0.384684 -0.8009214 0.4588497 -0.08307284 -0.720986 0.6879521 -0.278563 -0.8116946 0.5133756 -0.2026904 -0.6006268 0.7734106 -0.6312126 0.3488413 0.6927341 -0.3771336 -0.8020567 0.4631148 -0.02004861 -0.7930155 0.6088715 -0.05810886 -0.7993063 0.5981078 -0.1140921 -0.8062461 0.5804741 -0.2730838 -0.8119564 0.5158994 -0.8907427 -0.440259 -0.1129132 -0.8352645 -0.5497414 0.01084595 -0.7830863 -0.6149066 0.09309059 -0.682892 -0.6986609 0.2133814 -0.6178372 0.1732349 0.7669855 -0.5176923 -0.7779278 0.3561223 -0.5928059 0.05155545 0.8036934 -0.8535661 -0.5206176 -0.01955729 -0.3721185 -0.8105348 0.4522845 -0.5089954 -0.7808209 0.3622739 -0.5307176 -0.1321284 0.8371863 -0.2694703 -0.8180676 0.5080858 -0.3656449 -0.811403 0.4559921 -0.4063372 -0.3571959 0.841012 -0.2648063 -0.8181739 0.5103619 -0.4063487 -0.3571755 0.8410151 -0.02457809 -0.7920505 0.6099607 -0.292955 -0.5136441 0.806441 -0.1084865 -0.8082498 0.5787597 -0.2929764 -0.5136165 0.8064509 -0.8873211 -0.4553783 -0.07274574 -0.2121614 -0.6058626 0.7667582 -0.06485319 -0.7431896 0.6659303 -0.08695286 -0.7231276 0.6852195 -0.2121639 -0.6058596 0.7667598 -0.6749677 0.1399801 0.7244475 -0.6336728 0.02771621 0.7731045 -0.7200676 0.309984 0.620816 -0.5535473 -0.1454491 0.8200182 -0.8206666 -0.5704483 0.03309047 -0.7175837 0.2989702 0.6290393 -0.4239697 -0.367197 0.8278986 -0.7634117 -0.6372424 0.1054741 -0.4238481 -0.3673632 0.8278871 -0.3056697 -0.5208889 0.79702 -0.3056044 -0.5209612 0.7969977 -0.2213814 -0.611114 0.7599539 -0.2213122 -0.6111807 0.7599205 -0.6595074 -0.7202457 0.2151653 -0.09073811 -0.7252856 0.6824422 0.06790673 -0.8195345 0.5689919 -0.5034341 -0.7893439 0.3514121 -0.3616759 -0.8174593 0.4482753 -0.7195441 0.2991823 0.6266947 -0.498344 -0.7907087 0.3555741 -0.3577145 -0.8179306 0.4505885 -0.0583238 -0.8028075 0.593379 -0.6932945 0.1295662 0.7089114 -0.2618944 -0.8226007 0.504717 -0.02222067 -0.7960772 0.6047871 -0.1072931 -0.8100556 0.576453 -0.2590078 -0.8225466 0.5062924 -0.6597055 0.01230883 0.7514235 -0.8459362 -0.5256242 -0.09006166 -0.8601663 -0.4947438 -0.1238645 -0.585242 -0.1647015 0.7939554 -0.4479053 -0.3826298 0.8080689 -0.7998624 -0.6001584 -0.005478858 -0.7815671 -0.6233566 0.02407169 -0.4482192 -0.3821814 0.8081069 -0.3229345 -0.5320132 0.7827357 -0.7463684 -0.6613959 0.07409214 -0.2338875 -0.6191732 0.7496141 -0.3232031 -0.5317187 0.782825 -0.05064469 -0.7600945 0.647836 -0.7268565 -0.6794278 0.100287 0.05599039 -0.8220307 0.5666839 -0.6471136 -0.7376953 0.1924828 -0.2340575 -0.6190158 0.749691 -0.0958662 -0.7285914 0.6782067 -0.7805098 0.201663 0.5917232 -0.7042475 -0.02031624 0.7096638 -0.6278776 -0.7485714 0.2130974 -0.7480773 0.08944958 0.6575555 -0.6171731 -0.1880866 0.7640162 -0.4888712 -0.8040986 0.3382755 -0.7915243 0.2464752 0.5592311 -0.4729065 -0.8080497 0.3513048 -0.4726763 -0.4000933 0.7851766 -0.3509876 -0.8274376 0.4383546 -0.4732249 -0.3994477 0.7851749 -0.339213 -0.8282034 0.4461095 -0.0810042 -0.8081006 0.5834482 -0.2541054 -0.8294717 0.4974004 -0.3408419 -0.5446373 0.7662878 -0.2456831 -0.8291088 0.5022135 -0.741373 -0.670071 -0.03702807 -0.3411936 -0.5443063 0.7663664 -0.7632317 -0.642906 -0.06441551 -0.7782529 -0.59911 -0.1881213 -0.7004351 -0.7112423 0.05937343 -0.246832 -0.6283712 0.7377153 -0.2470966 -0.62816 0.7378063 -0.6155309 -0.7639119 0.1938049 -0.4636754 -0.819383 0.3370704 0.03787624 -0.8011683 0.5972393 -0.4619683 -0.8199077 0.338137 -0.1013009 -0.7323006 0.6734047 -0.3325399 -0.8363025 0.4359074 -0.3314334 -0.8364025 0.436558 -0.7837177 0.2569277 0.5654863 -0.2400494 -0.8348954 0.4953038 -0.7578499 0.08535784 0.6468211 -0.2408026 -0.8349878 0.4947822 -0.0982725 -0.8143284 0.5720242 -0.01534605 -0.7811136 0.6242004 -0.7224369 -0.03172397 0.6907088 -0.7811638 -0.6168457 -0.09635668 -0.4913967 -0.4146034 0.7659199 -0.7142346 -0.6997552 0.01454651 -0.6421369 -0.2057909 0.7384513 -0.354279 -0.555233 0.7524645 -0.6605094 -0.7455694 0.08862036 -0.4917734 -0.4141268 0.765936 -0.2565692 -0.636069 0.7277283 -0.3545305 -0.5549963 0.7525206 -0.05904316 -0.7626405 0.6441223 0.0305773 -0.8073915 0.5892232 -0.5668711 -0.7993975 0.1990495 -0.1051825 -0.7355399 0.6692665 -0.4480038 -0.8358705 0.317196 -0.321398 -0.847976 0.4214736 -0.2567382 -0.6359354 0.7277855 -0.8306369 0.1426482 0.5382321 -0.8437367 0.2027631 0.4969863 -0.8028637 0.04428803 0.5945154 -0.7590667 -0.06523162 0.6477367 -0.4251438 -0.8399864 0.3371582 -0.2327554 -0.843351 0.4843388 -0.304805 -0.8479165 0.4337412 -0.6692913 -0.2305454 0.7063271 -0.07699489 -0.8129844 0.5771726 -0.09528779 -0.8178082 0.5675473 -0.6708977 -0.2281096 0.7055935 -0.007158398 -0.7913074 0.6113766 -0.8856152 0.1609244 0.4356478 -0.2207767 -0.842023 0.4921941 -0.8085034 0.2424027 0.5362492 -0.5418429 -0.8282343 0.1429482 -0.6925671 -0.7165744 -0.082897 -0.7156545 -0.6766076 -0.173323 -0.6791092 -0.73351 -0.02781736 -0.5127137 -0.4329923 0.7413787 -0.6369485 -0.7685588 0.06011658 -0.5472933 -0.8183135 0.1755939 -0.513979 -0.4316634 0.7412774 -0.7150128 -0.6879088 -0.1246522 -0.530221 -0.8330383 0.1578382 -0.8104756 0.04188668 0.5842729 -0.5461546 -0.8189057 0.1763766 -0.3448237 -0.8681311 0.3569942 -0.3697065 -0.5685824 0.7348682 -0.3976736 -0.8648865 0.3063121 -0.3705113 -0.5679256 0.7349706 -0.4101756 -0.8542485 0.3193988 -0.6880576 -0.2466405 0.6824552 -0.2940829 -0.8580262 0.4210774 -0.4096093 -0.8541864 0.3202903 -0.2849516 -0.8657246 0.4114894 -0.7801973 -0.08270579 0.6200419 -0.2129845 -0.849319 0.4830061 -0.2683013 -0.6454139 0.715161 -0.2934456 -0.8580543 0.4214648 -0.1182038 -0.8330944 0.5403532 -0.2677653 -0.6457778 0.7150334 -0.206396 -0.854834 0.4760876 -0.2125064 -0.8492886 0.4832699 0 -0.7920102 0.6105079 0 -0.7570474 0.65336 -0.08454567 -0.8217938 0.5634775 -0.08708941 -0.8194705 0.5664659 -0.5271016 -0.4457992 0.7234826 -0.688103 -0.2465034 0.682459 -0.1099379 -0.7394723 0.6641494 0.03960132 -0.7996784 0.5991212 -0.527156 -0.445697 0.7235059 -0.3800181 -0.5780372 0.7221214 -0.3799719 -0.5780632 0.7221248 -0.2751624 -0.6527384 0.7058457 -0.1127626 -0.7424648 0.6603261 -9.47594e-4 -0.8327781 0.5536061 -0.2751744 -0.6527328 0.7058463 -0.8453962 0.002263903 0.5341349 -0.8859869 0.1635476 0.4339116 -0.8003686 -0.1058832 0.5900838 -0.846201 0.004611134 0.532844 -0.8013642 -0.1037791 0.5891055 -0.7060851 -0.2667312 0.6559712 -0.5411803 -0.4610407 0.7032534 -0.7072273 -0.2650402 0.655426 -0.3902574 -0.5890561 0.7076102 -0.5422086 -0.46001 0.7031362 -0.3910818 -0.5884422 0.7076658 -0.2826499 -0.6607174 0.6953859 -0.06706458 -0.765722 0.6396656 -0.1036481 -0.7508299 0.6523124 -0.2832539 -0.6603481 0.695491 -0.9264594 0.1066781 0.3609606 -0.8775421 -0.03835713 0.4779629 -0.8269719 -0.1386124 0.5448891 -0.9092874 0.05158126 0.4129597 -0.7255464 -0.2899193 0.6241227 -0.5561273 -0.4791193 0.6790928 -0.4010558 -0.6022099 0.690288 -0.5559521 -0.4792674 0.6791319 -0.4008799 -0.6023356 0.6902804 -0.2904621 -0.6703102 0.6828733 -0.290277 -0.6704077 0.6828564 0.01017785 -0.7850638 0.6193314 -0.1189793 -0.7497323 0.6509572 -0.9197285 0.1150723 0.3753103 -0.8808749 -0.04649972 0.4710595 -0.8353294 -0.1547837 0.52751 -0.7379572 -0.312862 0.5979434 -0.5667192 -0.4952787 0.6584286 -0.4086571 -0.61387 0.6753984 -0.5649709 -0.4967533 0.6588202 -0.295922 -0.6787722 0.6720852 -0.4070763 -0.6149013 0.6754149 -0.06289976 -0.7726444 0.6317153 0.00582385 -0.7915219 0.6111131 -0.1212939 -0.7531655 0.6465521 -0.2946433 -0.6794391 0.6719731 -0.94479 0.01330357 0.3274064 -0.9546214 0.05171984 0.2932966 -0.9076314 -0.09479933 0.4089235 -0.8571036 -0.1941112 0.4771733 -0.5767134 -0.5184152 0.6313853 -0.7534883 -0.3410897 0.5620616 -0.4154469 -0.6305061 0.6556416 -0.5751605 -0.5197473 0.6317067 -0.300665 -0.6907263 0.6576457 -0.4142667 -0.6312226 0.655699 -0.2997876 -0.6911467 0.6576045 -0.02584028 -0.780128 0.6250861 -0.1227756 -0.7580941 0.6404838 -0.9500887 0.04744863 0.3083506 -0.9087256 -0.1134561 0.4016783 -0.8611146 -0.2191287 0.4587638 -0.7601146 -0.3702194 0.534007 -0.5815666 -0.5394647 0.6088991 -0.5834758 -0.5380778 0.6082996 -0.4190189 -0.6450645 0.6389952 -0.4202153 -0.6444324 0.6388475 -0.3033919 -0.7009797 0.6454306 -0.06235098 -0.778344 0.6247344 -0.02803963 -0.7859244 0.6176865 -0.3040688 -0.7007028 0.6454129 -0.1245172 -0.7620028 0.6354898 -0.9284865 -0.1682247 0.331079 -0.8772631 -0.2639765 0.4009062 -0.9611617 -0.07970482 0.264226 -0.97599 -0.02385681 0.2165049 -0.7718232 -0.4027271 0.4920364 -0.5905947 -0.5644201 0.576739 -0.4255205 -0.6630165 0.6159069 -0.5869672 -0.5669024 0.5780061 -0.4230561 -0.6642613 0.6162632 -0.3081083 -0.7140036 0.6287037 -0.3064695 -0.7146027 0.6288238 -0.01370149 -0.7844539 0.6200357 -0.1256197 -0.7675274 0.6285868 -0.9703145 -0.02724725 0.2403067 -0.9259784 -0.1898131 0.3263971 -0.8761842 -0.2939577 0.3819558 -0.7723148 -0.4379289 0.4601609 -0.5919492 -0.5887368 0.5504407 -0.5905145 -0.589594 0.5510641 -0.4265745 -0.6799216 0.5964402 -0.3089942 -0.7259304 0.614449 -0.4256452 -0.6803135 0.5966572 -0.07460671 -0.7827571 0.6178392 -0.01515948 -0.7921074 0.6101934 -0.1266459 -0.7721579 0.6226821 -0.3082739 -0.7261888 0.6145055 -0.9843448 -0.1038657 0.1423978 -0.9833458 -0.1082485 0.145991 -0.935391 -0.2466527 0.2533893 -0.8834043 -0.3397525 0.322746 -0.8779783 -0.3478354 0.3288838 -0.7715038 -0.4759989 0.4221456 -0.7772951 -0.4703378 0.4178453 -0.5945207 -0.6143879 0.5187222 -0.9818192 -0.1208437 0.1463829 -0.8788931 -0.3770743 0.2921675 -0.9315729 -0.2878051 0.2221263 -0.5897069 -0.6174156 0.5206186 -0.8786634 -0.3774834 0.2923298 -0.4286275 -0.6982463 0.5733504 -0.4252009 -0.6996052 0.5742445 -0.3081041 -0.7398514 0.5980735 -0.3104646 -0.7391865 0.5976749 -0.7721202 -0.5018972 0.3897815 -0.5899612 -0.6370514 0.496096 -0.7718645 -0.5020193 0.3901306 0 -0.7863379 0.6177967 -0.1263813 -0.7776768 0.61583 -0.5897741 -0.637229 0.4960904 -0.4252742 -0.7137815 0.556469 -0.4251248 -0.7138631 0.5564786 -0.3081173 -0.7501036 0.5851568 0 -0.8250038 0.5651271 -0.1263688 -0.7818531 0.6105216 -0.3080614 -0.7501093 0.5851789 -0.9792084 -0.1862854 0.0803048 -0.9813508 -0.1777482 0.07318693 -0.9304571 -0.3163059 0.1849331 -0.9266803 -0.3236609 0.1910688 -0.8777081 -0.4043095 0.2572201 -0.8731919 -0.4105994 0.262572 -0.7711728 -0.5256633 0.3591248 -0.7661458 -0.5301909 0.3632057 -0.5846358 -0.6577429 0.4749477 -0.589397 -0.6552383 0.4725188 -0.4211748 -0.728125 0.5407825 -0.4249216 -0.7268904 0.5395108 -0.06565374 -0.7890653 0.610791 -0.3051165 -0.7602038 0.57358 -0.1147779 -0.7864944 0.6068383 -0.3079376 -0.759595 0.5728786 -0.8673478 -0.450097 0.2124158 -0.5812353 -0.6802505 0.44657 -0.7618596 -0.559787 0.3258965 -0.9555655 -0.2901725 0.05190974 -0.9691851 -0.246312 0.003275334 -0.9194199 -0.3708996 0.1307691 -0.5796671 -0.6810889 0.4473299 -0.4186541 -0.7443228 0.5203003 -0.3032673 -0.7718986 0.5587498 -0.4174377 -0.7446631 0.5207905 -0.3023069 -0.7720888 0.5590077 -0.003341495 -0.7843343 0.6203294 -0.1239062 -0.7906364 0.5996177 -0.9688 -0.2469829 0.02063983 -0.9139971 -0.3849589 0.128125 -0.8597086 -0.470151 0.1996477 -0.7525901 -0.5840125 0.3041999 -0.5735858 -0.6976544 0.4292758 -0.5763374 -0.6963995 0.4276246 -0.4150522 -0.7557201 0.5065756 -0.300592 -0.780073 0.5487538 -0.1014909 -0.8401606 0.5327566 -0.5997903 -0.7912788 -0.1188681 -0.4689516 -0.8756279 0.1155856 -0.439056 -0.8847294 0.1564725 -0.3833051 -0.8941245 0.231557 -0.2968096 -0.8933563 0.3373701 -0.3005665 -0.8938444 0.3327189 -0.09498518 -0.8415002 0.5318414 -0.09906834 -0.838973 0.5350793 -0.2030287 -0.8803721 0.4286308 -0.20776 -0.8774331 0.4323737 -0.7083402 -0.3728375 -0.5993717 -0.6002302 -0.7907838 -0.1199359 -0.5835177 -0.8066442 -0.09397935 -0.540942 -0.840617 -0.02729314 -0.4925002 -0.8688867 0.04979354 -0.4288114 -0.8911316 0.1483417 -0.4259011 -0.8916729 0.1533874 -0.2867529 -0.9005576 0.326755 -0.3745281 -0.8996009 0.2246042 -0.2908864 -0.8980621 0.3299538 -0.2936829 -0.8981359 0.3272648 -0.3677258 -0.9020749 0.2259171 -0.3714616 -0.899813 0.2288073 -0.5171507 -0.8555813 0.02314704 -0.6243217 -0.746212 -0.2310631 -0.5321916 -0.8370682 -0.1268422 -0.5694711 -0.815288 -0.1049202 -0.5675761 -0.8171744 -0.1004164 -0.5327993 -0.8455741 -0.03360569 -0.5169316 -0.8551017 -0.03978359 -0.5308707 -0.8469489 -0.02921783 -0.417133 -0.8961684 0.1512687 -0.4826357 -0.8745365 0.04742175 -0.4192165 -0.8949259 0.1528563 -0.4875593 -0.8718789 0.04596793 -0.4216283 -0.8942625 0.1500806 -0.4856416 -0.8727433 0.04971343 -0.6333479 -0.7674797 -0.09922426 -0.5899391 -0.8028893 -0.08567798 -0.5625053 -0.8199006 -0.1065404 -0.5785253 -0.8031327 -0.1424307 -0.5963785 -0.7855979 -0.164829 -0.608178 -0.7735112 -0.1783249 -0.6299359 -0.7505924 -0.1994786 -0.541824 -0.8383561 -0.05988007 -0.5951578 -0.7846847 -0.1733698 -0.5437896 0.3840563 0.7461859 -0.5042174 0.1542317 0.8496925 -0.543628 0.3892739 0.7435956 -0.4316912 -0.08604806 0.8979078 -0.5047246 0.1588552 0.8485388 -0.4325338 -0.08239507 0.897845 -0.3303964 -0.3211491 0.8875254 -0.3318696 -0.3189125 0.8877823 -0.2075701 -0.5357371 0.8184745 -0.2085453 -0.534604 0.8189673 -0.07081156 -0.7152994 0.6952213 -0.07114875 -0.7150141 0.6954801 0.643973 -0.7607804 -0.08069729 0.5002599 -0.854096 0.1423377 0.6534214 -0.7469992 -0.1226077 0.5123069 -0.8513805 0.1126629 0.3137508 -0.8819455 0.3517564 0.3296013 -0.880312 0.3411946 0.1077843 -0.8359487 0.5381193 0.1134908 -0.8368913 0.5354744 -0.102406 0.4174237 0.9029232 0.1261112 -0.05350303 0.9905723 0.09618306 -0.2927957 0.9513251 0.2294329 -0.2964192 0.9270902 0.1251264 -0.06419152 0.990062 0.2290078 -0.2981554 0.9266384 0.06027114 -0.5149559 0.8550952 0.09504419 -0.2998724 0.9492329 -0.1186208 0.1834416 0.9758474 0.05952942 -0.5186161 0.8529324 -0.0858618 -0.2983317 0.9505924 0.009867131 -0.747247 0.6644731 0.03473395 -0.7290858 0.6835405 0.0186932 -0.7149477 0.6989281 0.1436058 -0.5205318 0.8416793 0.06893891 0.413181 0.9080357 0.1439108 -0.5196127 0.8421949 -0.1129881 -0.05915993 0.9918335 0.07302564 0.3816471 0.9214189 -0.008942961 -0.7841098 0.6205577 0.08365517 0.1805799 0.9799963 0.04912859 -0.7094268 0.7030647 0.3252632 0.3855704 0.8634462 0.08116686 -0.06086963 0.9948402 0.06181818 -0.2974233 0.9527423 0.312318 0.1986401 0.9289778 -0.08597928 -0.2965143 0.9511503 -0.05376684 -0.5177811 0.8538219 0.2727459 -0.04981815 0.9607955 -0.01371616 -0.743039 0.6691076 0.03871011 -0.5170871 0.855057 0.3245337 0.4363739 0.8391995 -0.007528185 -0.7887924 0.6146137 0.06158459 -0.2990154 0.952259 -0.01836162 -0.7076811 0.7062934 -0.0538575 -0.5167949 0.8544135 -0.210974 0.4064144 0.8889979 -0.1544669 -0.06333255 0.985966 0.03856617 -0.5178928 0.8545758 0.2083514 -0.2930486 0.9331196 -0.1861624 0.1764734 0.9665406 -0.1913049 0.2423442 0.9511423 0.2069544 -0.2981939 0.9317995 -0.1177131 -0.2996298 0.9467658 0.006271779 -0.7884528 0.6150634 0.01318889 -0.70762 0.7064701 0.129724 -0.5199673 0.8442782 -0.07374477 -0.5187362 0.8517479 0.07508015 0.4047703 0.9113309 0.1306383 -0.5174053 0.84571 -0.119019 -0.291371 0.9491773 0.04428416 -0.709215 0.7035999 -0.02007287 -0.8295593 0.5580578 -0.05681484 0.4425015 0.8949662 0.3311364 0.4142537 0.8477869 0.05919229 0.1746658 0.9828469 -0.07459795 -0.5145732 0.8541954 0.03471845 -0.297423 0.9541144 0.2878842 0.1854614 0.9395354 0.04546374 -0.06438493 0.996889 -0.1602852 0.197804 0.9670482 -4.51739e-4 -0.7809045 0.6246502 0.02174013 -0.5168936 0.8557736 -0.0255047 -0.7070114 0.7067421 0.1816335 -0.2929131 0.9387285 0.03455907 -0.2995067 0.9534681 0.2366139 -0.05656141 0.9699559 -0.1449168 -0.2955293 0.9442784 0.1804634 -0.296666 0.9377751 -0.002807617 -0.7877567 0.6159802 0.007425785 -0.707283 0.7068915 0.1138151 -0.5167567 0.8485332 -0.1900912 -0.05530816 0.9802073 0.02164173 -0.5179446 0.8551403 0.001832246 -0.7528895 0.6581444 -0.01912266 0.4089105 0.9123741 -0.01891183 0.4064393 0.9134821 0.1130992 -0.5185659 0.8475246 -0.144881 -0.2948869 0.9444847 -0.006281256 0.1758228 0.9844018 0.03884363 -0.7081338 0.7050091 -0.03114604 -0.8280354 0.5598101 -0.09079784 -0.5171788 0.8510475 1.53142e-4 -0.06360405 0.9979752 0.01710069 -0.7487605 0.6626201 -0.03120827 -0.7224473 0.6907213 0.1934294 -0.04831141 0.979924 -0.03212898 -0.783006 0.6211838 -0.09078884 -0.5168777 0.8512313 -0.03100806 -0.707884 0.7056478 -0.2937213 0.3673697 0.8824779 0.227114 0.197252 0.9536828 -0.2983999 0.4112007 0.8613196 0.2397635 0.3390458 0.909704 -0.2709496 0.1801685 0.9455822 0.2423418 0.4319218 0.8687427 1.16032e-4 -0.2989246 0.9542768 -0.2304491 -0.06180322 0.9711197 1.16439e-4 -0.2989389 0.9542722 0.1909988 -0.06163609 0.9796532 7.24378e-5 -0.5175815 0.855634 -0.4059562 0.4303846 0.8062063 7.27705e-5 -0.517592 0.8556276 0.3101449 0.3996282 0.8626166 -0.4047209 0.4107083 0.8170188 0.003257691 -0.7860939 0.6180984 -0.2196181 0.4535259 0.8637605 2.44791e-5 -0.7074452 0.7067683 0.09242343 -0.5147555 0.8523408 -0.1756798 -0.2997174 0.9377133 -0.2335725 -0.04456526 0.9713175 0.1473494 -0.2904407 0.94548 -0.01917719 0.4084021 0.9126007 0.1456569 -0.2990095 0.9430681 -0.3763026 0.1965223 0.9054144 -0.2742868 -0.05418741 0.96012 0.1882477 0.1841057 0.9647113 -0.3734149 0.1787671 0.9102766 -0.3215999 0.1919608 0.9272133 -0.1783614 -0.288752 0.9406432 -0.1101062 -0.5198845 0.8471108 0.09117364 -0.5189198 0.8499469 -0.03290879 0.1772568 0.9836143 -0.2466279 -0.2941852 0.9233795 -0.0355429 -0.06278264 0.9973942 -0.3219885 -0.05034548 0.945404 0.1597403 -0.05746358 0.9854851 -0.2741637 -0.05370593 0.9601823 0.1598869 -0.0579766 0.9854313 -0.3184764 -0.06429392 0.9457479 -0.03818106 -0.707535 0.705646 -0.1117986 -0.5145598 0.8501348 0.001277863 -0.7907829 0.6120954 0.03117227 -0.7083361 0.7051867 0.3373734 -0.05526322 0.9397473 0.3890602 0.1926034 0.9008529 0.4099735 0.429195 0.8048064 -0.1548355 -0.5188128 0.8407492 0.4060667 0.3220608 0.8552115 -0.02697885 -0.2994198 0.95374 -0.02706247 -0.298386 0.9540615 -0.2432239 -0.3032838 0.9213365 0.121744 -0.296249 0.9473199 -0.2092705 -0.2959217 0.9320066 0.1216449 -0.2958737 0.9474499 -0.2095009 -0.2956843 0.9320301 0.2581948 -0.2980305 0.9189741 -0.05279153 -0.7094838 0.7027417 -0.01694208 -0.5173894 0.8555824 -0.1526028 -0.5234085 0.8383054 -0.005247175 -0.7478311 0.6638683 0.2563136 -0.3033699 0.9177528 -0.01689332 -0.5178936 0.8552782 0.162058 -0.5212522 0.8378744 -0.1313393 -0.5187903 0.8447524 -0.004677474 -0.7892789 0.614017 -0.04679292 -0.7187247 0.6937184 -0.005777299 -0.7075458 0.7066438 -0.04479539 -0.7089869 0.7037976 -0.1311703 -0.5189343 0.8446902 0.07622134 -0.5169748 0.8526003 0.160834 -0.5238892 0.8364643 -0.1104161 0.3634703 0.9250393 -0.06262463 -0.786229 0.6147539 0.00110352 -0.7865859 0.61748 0.07626062 -0.5171213 0.8525081 0.05524623 -0.7103078 0.7017199 -0.1143074 0.4043789 0.9074202 0.02606052 -0.7076621 0.7060702 0.0548942 -0.7108772 0.7011706 -0.07681542 -0.06448352 0.9949579 -0.09577053 0.174585 0.9799735 0.4369768 0.4056951 0.8027845 -0.0588153 -0.2959648 0.9533863 0.161994 0.4062416 0.8992918 -0.05840837 -0.2996453 0.9522611 0.1623192 0.4214293 0.8922163 0.3706182 0.1834238 0.9104931 -0.03657639 -0.5181748 0.8544923 -0.03683418 -0.5162974 0.8556169 0.2995668 -0.05662298 0.9523936 0.00258553 -0.7877926 0.6159352 -0.01258093 -0.7071815 0.7069203 0.1486455 0.189175 0.9706273 0.147844 0.1756055 0.9732959 0.5896037 -0.5583567 0.5836141 0.4224248 -0.66006 0.6211907 0.4250762 -0.6586885 0.6208379 0.002074778 -0.7854933 0.6188666 0.305984 -0.7116376 0.6324126 0.1273887 -0.7658874 0.630229 0.3078613 -0.7108953 0.6323364 0.06341475 -0.7775115 0.6256632 0.9399678 0.01098847 0.3410861 0.9468981 0.05422681 0.3169282 0.858532 -0.2121347 0.4668207 0.9058052 -0.1064682 0.4100993 0.7581179 -0.363725 0.5412592 0.5804151 -0.5344505 0.614395 0.5824967 -0.5327435 0.6139072 0.4200177 -0.6404979 0.6429212 0.418421 -0.6414161 0.6430469 0.303029 -0.6983612 0.6484328 0.3042176 -0.6978614 0.6484143 0.003630161 -0.7905705 0.6123603 0.1266428 -0.7603564 0.6370398 0.9518504 0.05533534 0.3015277 0.9045526 -0.09032529 0.4166845 0.8541278 -0.189207 0.4844239 0.751073 -0.3359501 0.5683547 0.5740894 -0.5152346 0.6363605 0.5754783 -0.5140237 0.6360852 0.4139397 -0.6278494 0.6591351 0.2998009 -0.688672 0.6601896 0.4149699 -0.627213 0.6590932 0.0618419 -0.7723149 0.6322225 6.41682e-4 -0.7843642 0.6203002 0.1248066 -0.7565362 0.6419317 0.3005452 -0.6883326 0.6602051 0.889033 -0.009412229 0.4577464 0.8768693 -0.04155194 0.4789297 0.915919 0.1191928 0.3832564 0.8314891 -0.1494195 0.5350697 0.734781 -0.3072808 0.6047109 0.5631011 -0.4920859 0.663904 0.5643712 -0.4909307 0.6636807 0.4070222 -0.610762 0.6791927 0.4060765 -0.6113883 0.6791953 0.2941115 -0.6768652 0.6747977 0.2948094 -0.6765065 0.6748529 0.002580225 -0.7891988 0.6141324 0.1227588 -0.7515729 0.648127 0.8850587 0.164666 0.4353806 0.9371604 0.08873748 0.3374257 0.8821311 -0.04529756 0.4688206 0.8279355 -0.139847 0.5431075 0.7225598 -0.285838 0.6294474 0.5538495 -0.4759615 0.6831628 0.5538575 -0.4759551 0.6831608 0.3993842 -0.5999535 0.6932157 0.3993873 -0.5999515 0.6932157 0.2892547 -0.6686629 0.6849976 0.2892757 -0.6686523 0.6849991 -0.001914739 -0.7787135 0.6273769 0.1204422 -0.7483015 0.6523333 0.8845852 0.1617879 0.437417 0.689433 -0.7192046 -0.08617955 0.5370012 -0.8322278 0.137937 0.8452661 0.005659699 0.5343157 0.6980178 -0.7089087 -0.101092 0.8005278 -0.1027065 0.5904293 0.8443715 0.003045976 0.5357494 0.3415288 -0.8708472 0.3535295 0.3865466 -0.8685542 0.3101539 0.7064374 -0.264196 0.6566177 0.276843 -0.8673411 0.4136152 0.1169626 -0.8340998 0.5390709 0.7994167 -0.1049807 0.5915336 0.2005727 -0.8555805 0.4772344 0.5416172 -0.4593303 0.7040358 0.08343237 -0.8223233 0.5628706 0.7051953 -0.2659423 0.6572474 -2.07782e-4 -0.7879142 0.615785 0.3906167 -0.5879684 0.7083162 0.5405293 -0.4603689 0.7041934 0.7184814 -0.677461 -0.1575789 0.2829446 -0.659985 0.6959614 0.3897815 -0.5885748 0.7082726 0.08181744 -0.7594077 0.6454502 0.08117145 -0.7596482 0.6452487 0.2823377 -0.6603461 0.6958652 0.8143948 0.08561807 0.5739606 0.6634392 -0.7474967 -0.03312194 0.7666595 -0.06855827 0.6383831 0.6860803 -0.2445522 0.685192 0.5257748 -0.44404 0.7255268 0.8157057 0.2339997 0.5290257 0.7990277 0.05265241 0.5989845 0.6169469 -0.7854889 0.04882401 0.3790721 -0.576783 0.7236198 0.5254575 -0.4443187 0.7255862 0.2745572 -0.6517945 0.7069528 0.5328642 -0.8291404 0.1690621 0.3789559 -0.5768669 0.7236139 0.2827191 -0.8623626 0.4200006 0.1143615 -0.7412194 0.6614494 0.274409 -0.6518828 0.7069289 0.8453532 0.2005801 0.4951217 0.3945466 -0.8617755 0.3188667 0.3994309 -0.8611572 0.314425 0.2048045 -0.8519962 0.4818274 0.8024465 0.04419392 0.5950854 0.2861065 -0.8626819 0.4170408 0.2072365 -0.8524837 0.4799214 0.08523976 -0.8207942 0.5648283 0.002573728 -0.7855912 0.6187404 0.05740416 -0.8099431 0.5836924 0.7573485 -0.06389015 0.6498779 0.8160816 -0.5299288 -0.2306215 0.6908816 -0.7229658 -0.001757383 0.5456044 -0.8176742 0.1836429 0.637465 -0.7670795 0.07230168 0.7586349 -0.6418384 -0.1118774 0.4187474 -0.8512777 0.316191 0.6656754 -0.2273789 0.7107568 0.4088251 -0.8527219 0.3251574 0.5111951 -0.4291349 0.7446629 0.3001886 -0.8568268 0.4192072 0.5099952 -0.4304924 0.7447022 0.292959 -0.8565438 0.424862 0.3687152 -0.5659189 0.7374178 0.2174442 -0.8488105 0.4819115 0.3677842 -0.5667151 0.7372712 0.2122005 -0.8480442 0.4855841 0.05597537 -0.7634466 0.6434408 0.09048056 -0.8199414 0.5652517 0.1112908 -0.7379267 0.6656414 -0.002227902 -0.7889175 0.6144951 0.2670128 -0.6439648 0.7169473 0.2663462 -0.644439 0.7167693 0.78864 -0.5971394 -0.1465314 0.7802216 0.2405512 0.577399 0.7811614 0.2579706 0.5685403 0.7539578 0.08776634 0.6510335 0.7180761 -0.02857989 0.6953776 0.6376302 -0.2022333 0.7433232 0.7298692 -0.683149 -0.02446192 0.4884057 -0.411246 0.7696341 0.3521868 -0.5528491 0.7551968 0.4879137 -0.4118688 0.7696131 0.2550359 -0.6343888 0.7297312 0.6794339 -0.7315347 0.05680382 0.3517854 -0.5532035 0.7551244 0.4316095 -0.8385742 0.3324252 0.2547863 -0.6345734 0.7296579 0.587605 -0.7896007 0.1767795 0.006393909 -0.7894495 0.6137821 0.1060652 -0.7340028 0.670813 0.7830395 0.2530482 0.5681689 0.4420427 -0.8368983 0.3227995 0.3094105 -0.8477275 0.4308401 0.739896 0.09558618 0.6658959 0.3170882 -0.8478406 0.4249958 0.2241265 -0.8422225 0.4903351 4.43526e-4 -0.7863026 0.6178414 0.04322713 -0.8017303 0.5961207 0.6964701 -0.01454305 0.7174385 0.2297073 -0.8429013 0.4865717 0.09326219 -0.8172009 0.5687572 0.8625171 -0.4766884 -0.1698009 0.6054859 -0.7697559 0.2021449 0.4556546 -0.8217967 0.3420951 0.826128 -0.5556865 -0.09340828 0.7035358 -0.70481 0.0909956 0.7589343 -0.6509514 0.0167635 0.4674443 -0.8193456 0.3319168 0.6102953 -0.1830042 0.7707459 0.3268008 -0.8370767 0.4387525 0.4678625 -0.3955933 0.7903231 0.33529 -0.8368258 0.4327855 0.467399 -0.3962107 0.790288 0.337359 -0.5414803 0.7700572 0.2367063 -0.83515 0.4964823 0.2443466 -0.6260887 0.740478 0.2427973 -0.8355421 0.492868 0.001063227 -0.7898848 0.6132544 0.3370155 -0.5418285 0.7699626 0.1009823 -0.8151343 0.5704022 0.2440726 -0.6263104 0.740381 0.04730308 -0.7611407 0.6468597 -1.06144e-4 -0.7848063 0.6197411 0.8502532 -0.5100091 -0.130231 0.1017183 -0.730472 0.6753252 0.7067795 0.2715523 0.6532397 0.709246 0.3055148 0.6353194 0.682865 0.1361163 0.7177519 0.6495329 0.01881754 0.7601007 0.5759925 -0.1586133 0.8019192 0.4411294 -0.3775222 0.8141756 0.3180788 -0.528353 0.7871906 0.7931344 -0.6090205 -0.005653917 0.4408113 -0.3779398 0.8141542 0.3177964 -0.528652 0.787104 0.2303619 -0.6165525 0.7528588 0.7413966 -0.6666376 0.07697606 0.230247 -0.616661 0.7528052 0.004366397 -0.78873 0.6147242 0.09585106 -0.7265139 0.6804338 0.6441526 -0.7388398 0.1979475 0.4778406 -0.8063011 0.3486359 0.6444826 0.3417528 0.6839936 0.6444966 0.3418573 0.6839281 0.4863088 -0.8039709 0.3422492 0.3427801 -0.8274685 0.4447445 0.7150064 0.3006496 0.63117 0.3489874 -0.8269619 0.4408422 0.0510292 -0.800168 0.5976012 0.003602445 -0.7867615 0.6172466 0.2482082 -0.8288106 0.5014635 0.1032562 -0.8123255 0.5739908 0.6694444 0.143373 0.7288954 0.5975081 0.1141527 0.7936959 0.2525898 -0.8289306 0.4990717 0.6141867 0.1751042 0.7694889 0.8513162 -0.5241751 -0.02238655 0.8801335 -0.4686047 -0.07599109 0.8158944 -0.577096 0.03572869 0.7600451 -0.6403544 0.110805 0.6577748 -0.719614 0.222459 0.5809504 0.05810028 0.8118626 0.496576 -0.7896197 0.3604343 0.6267977 0.0318765 0.7785297 0.5115058 -0.7850019 0.3494765 0.3676648 -0.8153306 0.4472791 0.4179404 -0.3637883 0.8324565 0.3564717 -0.8166195 0.453939 0.5119615 -0.1214869 0.8503743 0.5457867 -0.1408569 0.8260002 0.2580432 -0.8214581 0.5085474 0.5119158 -0.1215853 0.8503878 0.391986 -0.3490902 0.8511657 0.2663002 -0.8214174 0.5043389 0.002027928 -0.7896275 0.6135831 0.3012863 -0.518451 0.8002719 0.1108407 -0.8100765 0.5757521 0.4178928 -0.3638526 0.8324524 0.8814788 -0.4534848 -0.1317064 0.3920569 -0.3489707 0.8511821 0.2456098 -0.5533195 0.7959355 0.2826666 -0.5077482 0.8138129 0.8327489 -0.5536324 0.004524707 0.3012599 -0.5184813 0.8002622 -0.003174543 -0.7840887 0.6206408 0.2182742 -0.6092631 0.7623351 0.2181888 -0.6093528 0.7622878 0.09086233 -0.7234284 0.6843942 0.08387595 -0.7214154 0.6874043 0.7837453 -0.6140459 0.09322512 0.04722797 -0.7532469 0.6560401 0.2047327 -0.6015852 0.7721268 0.6863324 -0.6933332 0.2196289 0.520321 -0.7739687 0.3608859 0.5177437 -0.7749327 0.36252 0.3739906 -0.8077269 0.4557503 0.3721616 -0.808021 0.4567252 0.2695518 -0.816109 0.511183 0.00584048 -0.7833395 0.6215668 0.1121975 -0.8078503 0.5786101 0.2708858 -0.8160449 0.5105797 0.9224956 -0.3743137 -0.09429377 0.9123656 -0.4037703 -0.06751835 0.8530055 -0.5196821 0.04808622 0.8674168 -0.4969801 0.02447026 0.798383 -0.5890002 0.1251533 0.8144534 -0.570769 0.1043472 0.7114796 -0.6665586 0.2224777 0.6948737 -0.6784603 0.2384158 0.5408316 -0.7576989 0.3652307 0.5267568 -0.7628583 0.3749326 0.3890564 -0.7979822 0.4602821 0.3786678 -0.7997111 0.4659109 0.0777381 -0.8011572 0.5933835 0.274282 -0.8102464 0.517948 0.2817314 -0.8098476 0.5145622 0.07692736 -0.8010399 0.5936475 0.9013044 -0.432262 0.02828377 0.9434404 -0.3294321 -0.03734517 0.8824442 -0.466053 0.06392908 0.7186282 -0.6523486 0.2408625 0.8258911 -0.5476827 0.1339672 0.5462549 -0.7468029 0.3793297 0.3929362 -0.7901268 0.4704261 0.5480008 -0.7461926 0.3780105 0.3942938 -0.7898995 0.4696713 0.2845196 -0.804172 0.5218774 0.2855511 -0.8040764 0.5214612 -4.65886e-4 -0.7927847 0.6095016 0.1188697 -0.8034864 0.583335 0.9409156 -0.3309453 -0.07178503 0.8886967 -0.4558119 0.0495333 0.8365109 -0.5322721 0.1301382 0.55224 -0.7370601 0.3895812 0.732957 -0.6336129 0.247606 0.3973489 -0.7833634 0.4779703 0.5583691 -0.7346065 0.3854574 0.2877585 -0.7993711 0.5274476 0.40207 -0.7824092 0.4755793 0.07477355 -0.7975052 0.5986605 0.002121269 -0.7873196 0.6165414 0.1197891 -0.8015345 0.5858267 0.2912293 -0.7990644 0.5260054 0.922623 -0.3817476 0.05509555 0.959222 -0.2824465 -0.01082092 0.7396094 -0.6168368 0.2692402 0.9019936 -0.4216437 0.09286558 0.8467899 -0.5061958 0.1634404 0.5633521 -0.7217997 0.4020445 0.4055914 -0.7731953 0.4875085 0.564691 -0.7212609 0.4011319 0.2937477 -0.7923812 0.534644 0.4065688 -0.7729854 0.487027 0.2944852 -0.7923061 0.5343495 9.38425e-4 -0.7918228 0.6107501 0.1226165 -0.7988505 0.5888999 0.9556519 -0.2920034 -0.03825306 0.9048356 -0.4170461 0.08570337 0.8527737 -0.494944 0.1667554 0.7482317 -0.6003019 0.2824658 0.570343 -0.7101666 0.4127619 0.5681646 -0.7111906 0.4140012 0.4090496 -0.7657272 0.4963266 0.4106862 -0.7653371 0.4955765 0.2962691 -0.7870514 0.5410864 0.2974693 -0.7869011 0.5406464 0.06490635 -0.7930377 0.6057049 0.002788424 -0.7860245 0.6181891 0.1233482 -0.796666 0.5916997 0.915951 -0.377674 0.1356321 0.5751585 -0.6931042 0.4345105 0.8617242 -0.463225 0.2070124 0.7545558 -0.5778847 0.310958 0.9402074 -0.3277344 0.09273749 0.9704653 -0.2395951 0.02812957 0.4141488 -0.7530497 0.5112698 0.5782115 -0.6916853 0.4327156 0.2999694 -0.7780082 0.552016 0.4164743 -0.752422 0.5103042 0.3016006 -0.7777532 0.5514861 0.001257777 -0.7899456 0.6131758 0.1255751 -0.7929705 0.5961783 0.9674885 -0.2528224 -0.006842195 0.9194732 -0.3714343 0.1288627 0.868057 -0.4476317 0.2147159 0.5810859 -0.6768813 0.4518527 0.7629724 -0.5546267 0.3320581 0.4185116 -0.7417653 0.5240536 0.582071 -0.6764388 0.4512471 0.3030684 -0.770026 0.5614352 0.4192273 -0.7415682 0.5237606 0.004309177 -0.7820148 0.623245 0.1261768 -0.7897511 0.6003103 0.3036317 -0.7699332 0.561258 0.07724118 -0.7881649 0.610598 0.9822729 -0.1709725 0.07686489 0.9797189 -0.1814929 0.0849182 0.927277 -0.3191984 0.1956266 0.9315745 -0.3106626 0.1888325 0.8737969 -0.4064881 0.2669205 0.8789004 -0.3992189 0.2610716 0.7666841 -0.5267511 0.3670545 0.5850753 -0.655111 0.478034 0.7721719 -0.5215852 0.362904 0.5898813 -0.6525588 0.4756124 0.4214678 -0.7262697 0.5430443 0.4250628 -0.7250689 0.5418455 0.3052822 -0.7588964 0.5752209 0.1035469 -0.7866606 0.6086404 0.3078861 -0.7582923 0.5746294 0.9290611 -0.2525922 0.2702642 0.9264437 -0.2143108 0.309472 0.9620949 -0.01381516 0.2723649 0.8778722 -0.3371613 0.3400923 0.772534 -0.4958953 0.3965843 0.5899704 -0.6328507 0.5014328 0.5903381 -0.6325588 0.5013684 0.4250326 -0.7108295 0.5604183 0.4253208 -0.7106927 0.5603734 0.3078261 -0.7479667 0.5880383 0.3080404 -0.7478925 0.5880204 0.001187741 -0.8088875 0.5879623 0.128234 -0.7807478 0.6115464 0.9847604 -0.1019189 0.1409237 0.9358412 -0.2420814 0.2561209 0.8838545 -0.3332506 0.3282458 0.5896236 -0.6119437 0.5271328 0.7774733 -0.4627295 0.4259304 0.5946656 -0.6088941 0.5249961 0.4249045 -0.695909 0.5789359 0.307774 -0.737192 0.6015174 0.4287092 -0.6943053 0.5780559 0.3104931 -0.7364016 0.6010879 0.07219874 -0.7823269 0.6186696 9.05758e-4 -0.7863067 0.6178357 0.1281368 -0.7763141 0.6171851 0.9599587 -0.06748145 0.2718923 0.968434 -0.01779234 0.2486343 0.7715576 -0.429516 0.4692706 0.9245589 -0.1803016 0.3356815 0.8751506 -0.2845178 0.3913581 0.5899433 -0.5834993 0.5581179 0.4252066 -0.675961 0.6018939 0.5914782 -0.5823667 0.5576761 0.4263119 -0.675481 0.6016508 0.3079214 -0.7230896 0.6183249 0.3087748 -0.7227755 0.6182668 0.003775715 -0.793213 0.6089325 0.128545 -0.7705194 0.6243205 0.9736822 -0.01553815 0.2273799 0.9261712 -0.1597771 0.341582 0.875131 -0.2556166 0.4108601 0.7700908 -0.3950463 0.5008978 0.5860315 -0.5610308 0.5846464 0.5436237 0.3892858 0.7435926 0.5437867 0.384024 0.7462048 0.5047198 0.1588573 0.8485413 0.5042125 0.1542335 0.8496952 0.4325309 -0.08240753 0.8978452 0.3318715 -0.3189131 0.8877814 0.4317001 -0.08601045 0.8979071 0.2085525 -0.5345979 0.8189695 0.3303929 -0.3211578 0.8875237 0.07113873 -0.7150247 0.6954704 0.2075564 -0.5357551 0.8184661 0.07080107 -0.7153103 0.6952111</float_array>
          <technique_common>
            <accessor source="#link_6-mesh-normals-array" count="7922" stride="3">
              <param name="X" type="float"/>
              <param name="Y" type="float"/>
              <param name="Z" type="float"/>
            </accessor>
          </technique_common>
        </source>
        <vertices id="link_6-mesh-vertices">
          <input semantic="POSITION" source="#link_6-mesh-positions"/>
        </vertices>
        <triangles material="Material_001-material" count="5191">
          <input semantic="VERTEX" source="#link_6-mesh-vertices" offset="0"/>
          <input semantic="NORMAL" source="#link_6-mesh-normals" offset="1"/>
          <p>0 0 1 0 2 0 0 1 3 1 1 1 4 2 5 2 3 2 4 3 3 3 0 3 6 4 7 4 5 4 6 5 5 5 4 5 8 6 9 6 7 6 8 7 7 7 6 7 10 8 9 8 8 8 11 9 10 9 8 9 12 10 10 10 11 10 13 11 12 11 11 11 14 12 12 12 13 12 15 13 14 13 13 13 16 14 14 14 15 14 17 15 16 15 15 15 18 16 19 16 20 16 21 17 16 17 17 17 22 18 23 18 24 18 25 19 18 19 26 19 27 20 28 20 29 20 25 21 19 21 18 21 27 22 29 22 30 22 27 23 30 23 31 23 32 24 23 24 22 24 33 25 34 25 35 25 36 26 23 26 32 26 33 27 37 27 34 27 38 28 39 28 28 28 40 29 23 29 36 29 38 30 28 30 27 30 41 31 25 31 26 31 42 32 23 32 40 32 43 33 35 33 44 33 43 34 44 34 39 34 45 35 21 35 23 35 43 36 33 36 35 36 43 37 39 37 38 37 46 38 25 38 41 38 45 39 23 39 42 39 47 40 16 40 21 40 48 41 21 41 45 41 49 42 21 42 48 42 50 43 21 43 49 43 47 44 50 44 51 44 52 45 46 45 41 45 47 46 21 46 50 46 53 47 47 47 51 47 54 48 47 48 53 48 55 49 54 49 53 49 56 50 55 50 57 50 56 51 54 51 55 51 58 52 56 52 57 52 59 53 56 53 58 53 60 54 59 54 58 54 61 55 62 55 63 55 64 56 52 56 65 56 64 57 46 57 52 57 66 58 59 58 60 58 66 59 60 59 67 59 68 60 66 60 67 60 69 61 66 61 68 61 70 62 64 62 65 62 71 63 72 63 61 63 71 64 61 64 63 64 73 65 69 65 68 65 74 66 69 66 73 66 75 67 74 67 73 67 31 68 72 68 71 68 31 69 30 69 76 69 31 70 76 70 72 70 37 71 70 71 77 71 37 72 64 72 70 72 19 73 75 73 20 73 19 74 74 74 75 74 34 75 37 75 77 75 78 76 79 76 80 76 81 77 82 77 83 77 84 78 85 78 86 78 84 79 86 79 87 79 84 80 87 80 88 80 89 81 82 81 81 81 84 82 88 82 90 82 84 83 90 83 91 83 84 84 91 84 92 84 84 85 92 85 93 85 84 86 93 86 94 86 95 87 89 87 81 87 96 88 79 88 78 88 97 89 98 89 99 89 100 90 89 90 95 90 96 91 78 91 101 91 97 92 102 92 98 92 103 93 99 93 104 93 105 94 100 94 95 94 103 95 104 95 106 95 103 96 97 96 99 96 107 97 100 97 105 97 108 98 96 98 101 98 109 99 107 99 105 99 108 100 101 100 110 100 111 101 109 101 112 101 113 102 106 102 114 102 113 103 114 103 115 103 116 104 108 104 110 104 113 105 115 105 85 105 111 106 107 106 109 106 113 107 103 107 106 107 117 108 111 108 112 108 113 109 85 109 84 109 1 110 113 110 2 110 118 111 108 111 116 111 118 112 116 112 119 112 120 113 111 113 117 113 1 114 103 114 113 114 121 115 118 115 119 115 122 116 120 116 117 116 123 117 118 117 121 117 123 118 121 118 124 118 125 119 122 119 126 119 125 120 120 120 122 120 127 121 125 121 126 121 102 122 123 122 124 122 102 123 124 123 128 123 102 124 128 124 98 124 129 125 125 125 127 125 130 126 129 126 127 126 131 127 129 127 130 127 132 128 131 128 130 128 133 129 131 129 132 129 133 130 132 130 134 130 135 131 133 131 134 131 136 132 133 132 135 132 137 133 136 133 135 133 79 134 136 134 137 134 79 135 137 135 80 135 138 136 83 136 82 136 139 137 138 137 82 137 140 138 138 138 139 138 141 139 142 139 140 139 141 140 140 140 139 140 143 141 142 141 141 141 144 142 145 142 143 142 144 143 146 143 145 143 144 144 143 144 141 144 147 145 146 145 144 145 148 146 149 146 147 146 148 147 147 147 144 147 150 148 149 148 148 148 151 149 150 149 148 149 152 150 153 150 151 150 152 151 151 151 148 151 154 152 153 152 152 152 155 153 154 153 152 153 156 154 157 154 155 154 156 155 155 155 152 155 158 156 159 156 157 156 158 157 157 157 156 157 63 158 62 158 159 158 63 159 159 159 158 159 160 160 161 160 162 160 163 161 164 161 165 161 166 162 163 162 165 162 167 163 168 163 169 163 168 164 170 164 169 164 171 165 172 165 173 165 174 166 175 166 176 166 177 167 178 167 179 167 172 168 177 168 179 168 173 169 172 169 179 169 180 170 181 170 182 170 183 171 184 171 185 171 186 172 187 172 182 172 187 173 180 173 182 173 188 174 189 174 185 174 184 175 188 175 185 175 189 176 190 176 185 176 171 177 173 177 191 177 192 178 193 178 185 178 164 179 171 179 191 179 190 180 192 180 185 180 165 181 164 181 191 181 194 182 195 182 196 182 174 183 176 183 197 183 162 184 174 184 197 184 195 185 198 185 196 185 193 186 199 186 200 186 183 187 185 187 200 187 185 188 193 188 200 188 179 189 178 189 201 189 175 190 202 190 203 190 191 191 173 191 201 191 173 192 179 192 201 192 176 193 175 193 203 193 204 194 166 194 205 194 198 195 204 195 205 195 206 196 207 196 208 196 209 197 206 197 208 197 182 198 181 198 210 198 211 199 212 199 213 199 212 200 214 200 213 200 196 201 198 201 215 201 203 202 202 202 216 202 205 203 166 203 217 203 202 204 218 204 216 204 166 205 165 205 217 205 219 206 220 206 221 206 208 207 207 207 221 207 222 208 194 208 223 208 207 209 219 209 221 209 194 210 196 210 223 210 224 211 225 211 226 211 191 212 201 212 227 212 217 213 165 213 227 213 218 214 224 214 226 214 216 215 218 215 226 215 165 216 191 216 227 216 197 217 176 217 228 217 227 218 201 218 229 218 201 219 178 219 229 219 176 220 203 220 228 220 170 221 230 221 231 221 223 222 196 222 232 222 196 223 215 223 232 223 182 224 210 224 233 224 169 225 170 225 231 225 186 226 182 226 233 226 222 227 223 227 234 227 223 228 232 228 234 228 181 229 222 229 234 229 228 230 203 230 235 230 210 231 181 231 234 231 203 232 216 232 235 232 213 233 214 233 236 233 198 234 205 234 237 234 215 235 198 235 237 235 214 236 209 236 236 236 233 237 210 237 238 237 216 238 226 238 239 238 235 239 216 239 239 239 234 240 232 240 240 240 239 241 226 241 241 241 242 242 186 242 243 242 211 243 213 243 244 243 245 244 211 244 244 244 213 245 236 245 244 245 233 246 238 246 246 246 186 247 233 247 246 247 231 248 230 248 247 248 186 249 246 249 248 249 230 250 249 250 247 250 243 251 186 251 248 251 217 252 227 252 250 252 205 253 217 253 251 253 237 254 205 254 251 254 244 255 236 255 252 255 227 256 229 256 253 256 229 257 178 257 253 257 178 258 254 258 253 258 225 259 255 259 256 259 250 260 227 260 253 260 226 261 225 261 256 261 241 262 226 262 256 262 257 263 183 263 258 263 200 264 199 264 258 264 183 265 200 265 258 265 199 266 259 266 258 266 246 267 238 267 260 267 210 268 234 268 261 268 256 269 255 269 262 269 234 270 240 270 261 270 232 271 215 271 263 271 215 272 237 272 263 272 247 273 249 273 264 273 249 274 265 274 264 274 248 275 246 275 266 275 246 276 260 276 266 276 261 277 240 277 267 277 241 278 256 278 268 278 256 279 262 279 268 279 245 280 244 280 269 280 270 281 242 281 271 281 236 282 209 282 272 282 209 283 208 283 272 283 252 284 236 284 272 284 266 285 260 285 273 285 274 286 245 286 275 286 237 287 251 287 276 287 263 288 237 288 276 288 255 289 274 289 275 289 208 290 221 290 277 290 221 291 220 291 277 291 272 292 208 292 277 292 271 293 242 293 278 293 268 294 262 294 279 294 240 295 232 295 280 295 232 296 263 296 280 296 244 297 252 297 281 297 269 298 244 298 281 298 217 299 250 299 282 299 251 300 217 300 282 300 245 301 269 301 283 301 275 302 245 302 283 302 242 303 243 303 284 303 278 304 242 304 284 304 282 305 250 305 285 305 253 306 254 306 285 306 250 307 253 307 285 307 284 308 243 308 286 308 265 309 287 309 288 309 264 310 265 310 288 310 243 311 248 311 286 311 272 312 277 312 289 312 252 313 272 313 289 313 277 314 220 314 290 314 263 315 276 315 291 315 289 316 277 316 290 316 280 317 263 317 291 317 288 318 287 318 292 318 210 319 261 319 293 319 238 320 210 320 293 320 260 321 238 321 293 321 294 322 270 322 295 322 287 323 296 323 292 323 257 324 258 324 297 324 259 325 298 325 297 325 258 326 259 326 297 326 267 327 240 327 299 327 240 328 280 328 299 328 292 329 296 329 300 329 301 330 302 330 303 330 304 331 294 331 305 331 306 332 307 332 308 332 296 333 160 333 300 333 307 334 301 334 308 334 301 335 303 335 308 335 293 336 261 336 309 336 160 337 162 337 310 337 261 338 267 338 309 338 302 339 311 339 312 339 294 340 295 340 313 340 303 341 302 341 312 341 300 342 160 342 310 342 305 343 294 343 313 343 297 344 298 344 314 344 308 345 303 345 315 345 299 346 280 346 316 346 298 347 167 347 314 347 280 348 291 348 316 348 257 349 297 349 314 349 167 350 169 350 317 350 315 351 303 351 318 351 314 352 167 352 317 352 313 353 295 353 319 353 257 354 314 354 317 354 318 355 303 355 320 355 162 356 197 356 321 356 286 357 248 357 322 357 312 358 311 358 323 358 248 359 266 359 322 359 310 360 162 360 321 360 320 361 303 361 324 361 325 362 306 362 326 362 308 363 315 363 326 363 315 364 318 364 326 364 319 365 295 365 327 365 317 366 169 366 328 366 169 367 231 367 328 367 257 368 317 368 328 368 306 369 308 369 326 369 295 370 270 370 327 370 252 371 289 371 329 371 325 372 326 372 330 372 260 373 293 373 331 373 326 374 318 374 330 374 281 375 252 375 329 375 318 376 320 376 330 376 329 377 289 377 332 377 289 378 290 378 332 378 323 379 311 379 333 379 320 380 324 380 334 380 251 381 282 381 335 381 330 382 320 382 334 382 276 383 251 383 335 383 197 384 228 384 336 384 325 385 330 385 334 385 321 386 197 386 336 386 282 387 285 387 335 387 334 388 324 388 337 388 325 389 334 389 337 389 335 390 285 390 338 390 285 391 254 391 338 391 333 392 311 392 339 392 322 393 266 393 340 393 339 394 311 394 341 394 336 395 228 395 342 395 266 396 273 396 340 396 293 397 309 397 343 397 228 398 235 398 342 398 341 399 311 399 344 399 303 400 312 400 345 400 331 401 293 401 343 401 231 402 247 402 346 402 324 403 303 403 345 403 328 404 231 404 346 404 312 405 323 405 345 405 257 406 328 406 346 406 255 407 275 407 347 407 327 408 270 408 348 408 279 409 262 409 347 409 262 410 255 410 347 410 324 411 345 411 349 411 337 412 324 412 349 412 319 413 327 413 350 413 311 414 351 414 352 414 327 415 348 415 350 415 344 416 311 416 352 416 353 417 325 417 354 417 276 418 335 418 355 418 342 419 235 419 356 419 325 420 337 420 354 420 337 421 349 421 354 421 235 422 239 422 356 422 291 423 276 423 355 423 332 424 290 424 220 424 355 425 335 425 357 425 352 426 351 426 358 426 239 427 241 427 359 427 335 428 338 428 357 428 349 429 345 429 360 429 270 430 271 430 361 430 356 431 239 431 359 431 345 432 323 432 360 432 348 433 270 433 361 433 241 434 268 434 362 434 359 435 241 435 362 435 275 436 283 436 363 436 350 437 348 437 364 437 347 438 275 438 363 438 348 439 361 439 364 439 279 440 347 440 365 440 271 441 278 441 366 441 360 442 323 442 367 442 323 443 333 443 367 443 347 444 363 444 365 444 361 445 271 445 366 445 283 446 269 446 368 446 360 447 367 447 369 447 349 448 360 448 369 448 267 449 299 449 370 449 309 450 267 450 370 450 363 451 283 451 368 451 333 452 339 452 371 452 299 453 316 453 370 453 257 454 346 454 372 454 373 455 257 455 372 455 339 456 341 456 371 456 247 457 264 457 372 457 346 458 247 458 372 458 366 459 278 459 374 459 367 460 333 460 371 460 365 461 363 461 375 461 358 462 351 462 376 462 269 463 281 463 377 463 278 464 284 464 374 464 281 465 329 465 377 465 369 466 367 466 378 466 367 467 371 467 378 467 364 468 361 468 379 468 368 469 269 469 377 469 361 470 366 470 379 470 373 471 372 471 380 471 371 472 341 472 381 472 372 473 264 473 380 473 341 474 344 474 381 474 264 475 288 475 380 475 268 476 279 476 382 476 362 477 268 477 382 477 376 478 351 478 383 478 374 479 284 479 384 479 284 480 286 480 384 480 304 481 305 481 385 481 382 482 279 482 386 482 371 483 381 483 387 483 279 484 365 484 386 484 378 485 371 485 387 485 288 486 292 486 388 486 354 487 349 487 389 487 349 488 369 488 389 488 260 489 331 489 390 489 373 490 380 490 388 490 380 491 288 491 388 491 329 492 332 492 391 492 377 493 329 493 391 493 383 494 351 494 392 494 273 495 260 495 390 495 292 496 300 496 393 496 366 497 374 497 394 497 379 498 366 498 394 498 392 499 351 499 395 499 388 500 292 500 393 500 373 501 388 501 393 501 387 502 381 502 396 502 373 503 393 503 397 503 370 504 316 504 398 504 291 505 355 505 399 505 369 506 378 506 400 506 300 507 310 507 397 507 393 508 300 508 397 508 389 509 369 509 400 509 316 510 291 510 399 510 391 511 332 511 401 511 398 512 316 512 399 512 220 513 402 513 401 513 332 514 220 514 401 514 381 515 344 515 403 515 373 516 397 516 404 516 397 517 310 517 404 517 396 518 381 518 403 518 374 519 384 519 405 519 310 520 321 520 404 520 394 521 374 521 405 521 305 522 313 522 406 522 385 523 305 523 406 523 395 524 351 524 407 524 363 525 368 525 408 525 375 526 363 526 408 526 378 527 387 527 409 527 404 528 321 528 410 528 373 529 404 529 410 529 400 530 378 530 409 530 390 531 331 531 411 531 321 532 336 532 410 532 331 533 343 533 411 533 387 534 396 534 412 534 377 535 391 535 413 535 409 536 387 536 412 536 396 537 403 537 414 537 408 538 368 538 413 538 405 539 384 539 415 539 416 540 304 540 417 540 368 541 377 541 413 541 375 542 408 542 418 542 353 543 354 543 419 543 408 544 413 544 418 544 354 545 389 545 419 545 389 546 400 546 419 546 336 547 342 547 420 547 373 548 410 548 420 548 407 549 351 549 421 549 410 550 336 550 420 550 344 551 352 551 422 551 313 552 319 552 423 552 352 553 358 553 422 553 418 554 413 554 424 554 420 555 342 555 425 555 406 556 313 556 423 556 373 557 420 557 425 557 426 558 373 558 425 558 403 559 344 559 422 559 342 560 356 560 425 560 414 561 403 561 422 561 399 562 355 562 427 562 355 563 357 563 427 563 357 564 254 564 427 564 426 565 425 565 428 565 429 566 353 566 430 566 425 567 356 567 428 567 353 568 419 568 430 568 356 569 359 569 428 569 431 570 432 570 433 570 432 571 416 571 433 571 426 572 428 572 434 572 419 573 400 573 435 573 428 574 359 574 434 574 416 575 417 575 433 575 359 576 362 576 434 576 423 577 319 577 436 577 426 578 434 578 437 578 434 579 362 579 437 579 421 580 351 580 438 580 362 581 382 581 437 581 319 582 350 582 436 582 438 583 351 583 439 583 351 584 440 584 439 584 365 585 375 585 441 585 442 586 443 586 444 586 386 587 365 587 441 587 414 588 422 588 445 588 375 589 418 589 446 589 441 590 375 590 446 590 431 591 433 591 447 591 435 592 400 592 448 592 413 593 391 593 449 593 400 594 409 594 448 594 424 595 413 595 449 595 391 596 401 596 450 596 401 597 402 597 450 597 447 598 433 598 451 598 396 599 414 599 452 599 412 600 396 600 452 600 449 601 391 601 450 601 430 602 419 602 453 602 429 603 430 603 453 603 436 604 350 604 454 604 350 605 364 605 454 605 419 606 435 606 453 606 439 607 440 607 455 607 424 608 449 608 456 608 449 609 450 609 456 609 457 610 442 610 458 610 426 611 437 611 459 611 412 612 452 612 460 612 437 613 382 613 459 613 442 614 444 614 458 614 448 615 409 615 460 615 382 616 386 616 459 616 409 617 412 617 460 617 456 618 450 618 461 618 462 619 426 619 463 619 386 620 441 620 463 620 459 621 386 621 463 621 426 622 459 622 463 622 417 623 304 623 464 623 461 624 450 624 402 624 286 625 322 625 465 625 418 626 424 626 466 626 422 627 358 627 467 627 445 628 422 628 467 628 384 629 286 629 465 629 446 630 418 630 466 630 415 631 384 631 465 631 455 632 440 632 468 632 433 633 417 633 469 633 417 634 464 634 469 634 435 635 448 635 470 635 429 636 453 636 470 636 453 637 435 637 470 637 466 638 424 638 471 638 357 639 338 639 254 639 424 640 456 640 471 640 309 641 370 641 472 641 470 642 448 642 473 642 343 643 309 643 472 643 441 644 446 644 474 644 448 645 460 645 473 645 463 646 441 646 474 646 429 647 470 647 473 647 462 648 463 648 474 648 475 649 462 649 476 649 452 650 414 650 477 650 446 651 466 651 476 651 474 652 446 652 476 652 454 653 364 653 478 653 462 654 474 654 476 654 414 655 445 655 477 655 364 656 379 656 478 656 456 657 461 657 479 657 445 658 467 658 480 658 465 659 322 659 481 659 471 660 456 660 479 660 402 661 482 661 483 661 452 662 477 662 484 662 322 663 340 663 481 663 461 664 402 664 483 664 460 665 452 665 484 665 479 666 461 666 483 666 466 667 471 667 485 667 476 668 466 668 485 668 475 669 476 669 485 669 415 670 465 670 486 670 487 671 475 671 488 671 465 672 481 672 486 672 475 673 485 673 488 673 471 674 479 674 488 674 485 675 471 675 488 675 487 676 488 676 489 676 358 677 376 677 490 677 451 678 433 678 491 678 480 679 467 679 490 679 479 680 483 680 489 680 488 681 479 681 489 681 376 682 383 682 490 682 482 683 487 683 492 683 487 684 489 684 492 684 483 685 482 685 492 685 467 686 358 686 490 686 489 687 483 687 492 687 370 688 398 688 493 688 472 689 370 689 493 689 473 690 460 690 494 690 460 691 484 691 494 691 478 692 379 692 495 692 379 693 394 693 495 693 443 694 432 694 496 694 490 695 383 695 497 695 383 696 392 696 497 696 399 697 427 697 498 697 468 698 440 698 499 698 493 699 398 699 498 699 398 700 399 700 498 700 477 701 445 701 500 701 445 702 480 702 500 702 486 703 481 703 501 703 340 704 273 704 502 704 468 705 499 705 503 705 273 706 390 706 502 706 411 707 343 707 504 707 343 708 472 708 504 708 497 709 392 709 505 709 484 710 477 710 506 710 469 711 464 711 507 711 254 712 508 712 509 712 427 713 254 713 509 713 477 714 500 714 506 714 480 715 490 715 510 715 498 716 427 716 509 716 394 717 405 717 511 717 490 718 497 718 510 718 495 719 394 719 511 719 304 720 385 720 512 720 464 721 304 721 512 721 505 722 392 722 513 722 392 723 395 723 513 723 507 724 464 724 512 724 499 725 440 725 514 725 511 726 405 726 515 726 503 727 499 727 514 727 405 728 415 728 515 728 503 729 514 729 516 729 497 730 505 730 517 730 510 731 497 731 517 731 502 732 390 732 518 732 390 733 411 733 518 733 494 734 484 734 519 734 515 735 415 735 520 735 484 736 506 736 519 736 415 737 486 737 520 737 521 738 429 738 522 738 494 739 519 739 522 739 504 740 472 740 523 740 473 741 494 741 522 741 472 742 493 742 523 742 429 743 473 743 522 743 433 744 469 744 524 744 517 745 505 745 525 745 505 746 513 746 525 746 491 747 433 747 524 747 385 748 406 748 526 748 513 749 395 749 527 749 395 750 407 750 527 750 512 751 385 751 526 751 406 752 423 752 528 752 525 753 513 753 529 753 513 754 527 754 529 754 500 755 480 755 530 755 526 756 406 756 528 756 480 757 510 757 530 757 500 758 530 758 531 758 444 759 443 759 532 759 458 760 444 760 532 760 506 761 500 761 531 761 407 762 421 762 533 762 527 763 407 763 533 763 421 764 438 764 533 764 423 765 436 765 534 765 528 766 423 766 534 766 532 767 443 767 535 767 530 768 510 768 536 768 510 769 517 769 536 769 529 770 527 770 537 770 535 771 443 771 538 771 522 772 519 772 539 772 521 773 522 773 539 773 519 774 506 774 540 774 538 775 443 775 541 775 506 776 531 776 540 776 443 777 496 777 541 777 539 778 519 778 540 778 512 779 526 779 542 779 517 780 525 780 543 780 536 781 517 781 543 781 507 782 512 782 542 782 532 783 535 783 544 783 458 784 532 784 544 784 543 785 525 785 545 785 525 786 529 786 545 786 438 787 439 787 546 787 533 788 438 788 546 788 469 789 507 789 547 789 524 790 469 790 547 790 535 791 538 791 548 791 544 792 535 792 548 792 533 793 546 793 549 793 537 794 527 794 549 794 527 795 533 795 549 795 436 796 454 796 550 796 546 797 439 797 551 797 534 798 436 798 550 798 526 799 528 799 552 799 531 800 530 800 553 800 542 801 526 801 552 801 530 802 536 802 553 802 548 803 538 803 554 803 538 804 541 804 554 804 439 805 455 805 555 805 551 806 439 806 555 806 518 807 411 807 556 807 411 808 504 808 556 808 552 809 528 809 557 809 555 810 455 810 558 810 455 811 468 811 558 811 528 812 534 812 557 812 468 813 503 813 558 813 554 814 541 814 559 814 529 815 537 815 560 815 545 816 529 816 560 816 432 817 431 817 561 817 496 818 432 818 561 818 549 819 546 819 562 819 546 820 551 820 562 820 521 821 539 821 563 821 493 822 498 822 564 822 539 823 540 823 563 823 534 824 550 824 565 824 536 825 543 825 566 825 553 826 536 826 566 826 557 827 534 827 565 827 540 828 531 828 567 828 550 829 454 829 568 829 531 830 553 830 567 830 454 831 478 831 568 831 563 832 540 832 567 832 551 833 555 833 569 833 486 834 501 834 570 834 562 835 551 835 569 835 543 836 545 836 571 836 520 837 486 837 570 837 566 838 543 838 571 838 564 839 498 839 572 839 509 840 508 840 572 840 498 841 509 841 572 841 504 842 523 842 573 842 556 843 504 843 573 843 560 844 537 844 574 844 537 845 549 845 574 845 571 846 545 846 575 846 561 847 431 847 576 847 555 848 558 848 577 848 569 849 555 849 577 849 570 850 501 850 578 850 577 851 558 851 579 851 478 852 495 852 580 852 553 853 566 853 581 853 567 854 553 854 581 854 568 855 478 855 580 855 566 856 571 856 582 856 581 857 566 857 582 857 550 858 568 858 583 858 565 859 550 859 583 859 523 860 493 860 584 860 574 861 549 861 585 861 573 862 523 862 584 862 493 863 564 863 584 863 564 864 572 864 584 864 549 865 562 865 585 865 507 866 542 866 586 866 547 867 507 867 586 867 582 868 571 868 587 868 571 869 575 869 587 869 545 870 560 870 588 870 431 871 447 871 589 871 575 872 545 872 588 872 447 873 451 873 589 873 576 874 431 874 589 874 563 875 567 875 590 875 567 876 581 876 590 876 562 877 569 877 591 877 585 878 562 878 591 878 495 879 511 879 592 879 580 880 495 880 592 880 584 881 572 881 593 881 569 882 577 882 594 882 591 883 569 883 594 883 589 884 451 884 595 884 594 885 577 885 596 885 577 886 579 886 596 886 511 887 515 887 597 887 592 888 511 888 597 888 558 889 503 889 598 889 579 890 558 890 598 890 515 891 520 891 599 891 440 892 600 892 601 892 514 893 440 893 601 893 516 894 514 894 601 894 597 895 515 895 599 895 590 896 581 896 602 896 581 897 582 897 602 897 568 898 580 898 603 898 575 899 588 899 604 899 583 900 568 900 603 900 542 901 552 901 605 901 587 902 575 902 604 902 516 903 601 903 606 903 586 904 542 904 605 904 588 905 560 905 607 905 481 906 340 906 608 906 340 907 502 907 608 907 560 908 574 908 607 908 501 909 481 909 608 909 574 910 585 910 607 910 582 911 587 911 609 911 602 912 582 912 609 912 552 913 557 913 610 913 605 914 552 914 610 914 609 915 587 915 611 915 587 916 604 916 611 916 496 917 561 917 612 917 613 918 521 918 614 918 541 919 496 919 612 919 559 920 541 920 612 920 521 921 563 921 614 921 598 922 503 922 615 922 610 923 557 923 616 923 503 924 516 924 615 924 557 925 565 925 616 925 603 926 580 926 617 926 601 927 600 927 618 927 580 928 592 928 617 928 502 929 518 929 619 929 601 930 618 930 620 930 606 931 601 931 620 931 607 932 585 932 621 932 585 933 591 933 621 933 608 934 502 934 619 934 501 935 608 935 622 935 608 936 619 936 622 936 578 937 501 937 622 937 588 938 607 938 623 938 617 939 592 939 624 939 592 940 597 940 624 940 604 941 588 941 623 941 596 942 579 942 625 942 559 943 612 943 626 943 579 944 598 944 625 944 598 945 615 945 625 945 491 946 524 946 627 946 595 947 451 947 627 947 621 948 591 948 628 948 451 949 491 949 627 949 597 950 599 950 629 950 611 951 604 951 630 951 604 952 623 952 630 952 624 953 597 953 629 953 607 954 621 954 631 954 623 955 607 955 631 955 616 956 565 956 632 956 625 957 615 957 633 957 565 958 583 958 632 958 629 959 599 959 634 959 591 960 594 960 635 960 619 961 518 961 636 961 628 962 591 962 635 962 518 963 556 963 636 963 594 964 596 964 635 964 622 965 619 965 637 965 635 966 596 966 638 966 584 967 593 967 639 967 573 968 584 968 639 968 184 969 457 969 188 969 631 970 621 970 640 970 621 971 628 971 640 971 458 972 544 972 188 972 457 973 458 973 188 973 563 974 590 974 641 974 590 975 602 975 641 975 614 976 563 976 641 976 593 977 508 977 642 977 639 978 593 978 642 978 613 979 614 979 641 979 623 980 631 980 643 980 630 981 623 981 643 981 583 982 603 982 644 982 632 983 583 983 644 983 628 984 635 984 645 984 640 985 628 985 645 985 636 986 556 986 646 986 556 987 573 987 646 987 596 988 625 988 647 988 520 989 570 989 648 989 638 990 596 990 647 990 599 991 520 991 648 991 634 992 599 992 648 992 635 993 638 993 649 993 645 994 635 994 649 994 627 995 524 995 650 995 602 996 609 996 651 996 641 997 602 997 651 997 613 998 641 998 651 998 524 999 547 999 650 999 643 1000 631 1000 652 1000 631 1001 640 1001 652 1001 603 1002 617 1002 653 1002 644 1003 603 1003 653 1003 647 1004 625 1004 654 1004 625 1005 633 1005 654 1005 648 1006 570 1006 655 1006 570 1007 578 1007 655 1007 651 1008 609 1008 656 1008 626 1009 612 1009 657 1009 612 1010 561 1010 657 1010 652 1011 640 1011 658 1011 640 1012 645 1012 658 1012 593 1013 572 1013 508 1013 609 1014 611 1014 659 1014 656 1015 609 1015 659 1015 617 1016 624 1016 660 1016 653 1017 617 1017 660 1017 660 1018 624 1018 661 1018 658 1019 645 1019 662 1019 624 1020 629 1020 661 1020 645 1021 649 1021 662 1021 661 1022 629 1022 663 1022 662 1023 649 1023 664 1023 629 1024 634 1024 663 1024 647 1025 654 1025 665 1025 638 1026 647 1026 665 1026 657 1027 561 1027 666 1027 649 1028 638 1028 665 1028 561 1029 576 1029 666 1029 611 1030 630 1030 667 1030 659 1031 611 1031 667 1031 665 1032 654 1032 668 1032 664 1033 649 1033 669 1033 649 1034 665 1034 669 1034 650 1035 547 1035 670 1035 634 1036 648 1036 671 1036 648 1037 655 1037 671 1037 667 1038 630 1038 672 1038 626 1039 657 1039 673 1039 630 1040 643 1040 672 1040 657 1041 666 1041 673 1041 576 1042 589 1042 674 1042 665 1043 668 1043 675 1043 669 1044 665 1044 675 1044 666 1045 576 1045 674 1045 589 1046 595 1046 674 1046 671 1047 655 1047 676 1047 672 1048 643 1048 677 1048 652 1049 658 1049 677 1049 643 1050 652 1050 677 1050 678 1051 613 1051 679 1051 651 1052 656 1052 679 1052 578 1053 622 1053 680 1053 622 1054 637 1054 680 1054 673 1055 666 1055 681 1055 613 1056 651 1056 679 1056 666 1057 674 1057 681 1057 595 1058 627 1058 682 1058 677 1059 658 1059 683 1059 674 1060 595 1060 682 1060 633 1061 615 1061 684 1061 680 1062 637 1062 685 1062 615 1063 516 1063 684 1063 606 1064 620 1064 684 1064 516 1065 606 1065 684 1065 664 1066 669 1066 686 1066 681 1067 674 1067 687 1067 674 1068 682 1068 687 1068 669 1069 675 1069 686 1069 573 1070 639 1070 688 1070 600 1071 689 1071 690 1071 646 1072 573 1072 688 1072 618 1073 600 1073 690 1073 586 1074 605 1074 691 1074 620 1075 618 1075 690 1075 670 1076 547 1076 691 1076 656 1077 659 1077 692 1077 679 1078 656 1078 692 1078 678 1079 679 1079 692 1079 547 1080 586 1080 691 1080 620 1081 690 1081 693 1081 662 1082 664 1082 694 1082 544 1083 548 1083 189 1083 188 1084 544 1084 189 1084 683 1085 658 1085 694 1085 658 1086 662 1086 694 1086 659 1087 667 1087 695 1087 642 1088 508 1088 696 1088 508 1089 219 1089 696 1089 688 1090 639 1090 696 1090 692 1091 659 1091 695 1091 639 1092 642 1092 696 1092 678 1093 692 1093 695 1093 687 1094 682 1094 168 1094 694 1095 664 1095 697 1095 664 1096 686 1096 697 1096 686 1097 675 1097 698 1097 548 1098 554 1098 190 1098 684 1099 620 1099 699 1099 189 1100 548 1100 190 1100 620 1101 693 1101 699 1101 690 1102 689 1102 700 1102 190 1103 554 1103 192 1103 693 1104 690 1104 701 1104 554 1105 559 1105 192 1105 663 1106 634 1106 702 1106 690 1107 700 1107 701 1107 634 1108 671 1108 702 1108 682 1109 627 1109 703 1109 627 1110 650 1110 703 1110 633 1111 684 1111 704 1111 684 1112 699 1112 704 1112 168 1113 682 1113 703 1113 678 1114 695 1114 705 1114 695 1115 667 1115 705 1115 605 1116 610 1116 706 1116 691 1117 605 1117 706 1117 704 1118 699 1118 707 1118 667 1119 672 1119 708 1119 672 1120 677 1120 708 1120 705 1121 667 1121 708 1121 559 1122 626 1122 193 1122 654 1123 633 1123 709 1123 192 1124 559 1124 193 1124 633 1125 704 1125 709 1125 619 1126 636 1126 710 1126 637 1127 619 1127 710 1127 708 1128 677 1128 711 1128 677 1129 683 1129 711 1129 610 1130 616 1130 712 1130 697 1131 686 1131 713 1131 686 1132 698 1132 713 1132 706 1133 610 1133 712 1133 709 1134 704 1134 714 1134 702 1135 671 1135 715 1135 671 1136 676 1136 715 1136 704 1137 707 1137 714 1137 616 1138 632 1138 716 1138 711 1139 683 1139 717 1139 713 1140 698 1140 718 1140 712 1141 616 1141 716 1141 683 1142 694 1142 719 1142 710 1143 636 1143 720 1143 694 1144 697 1144 719 1144 717 1145 683 1145 719 1145 636 1146 646 1146 720 1146 689 1147 721 1147 722 1147 168 1148 703 1148 170 1148 685 1149 637 1149 723 1149 637 1150 710 1150 723 1150 719 1151 697 1151 724 1151 697 1152 713 1152 724 1152 710 1153 720 1153 723 1153 650 1154 670 1154 725 1154 721 1155 726 1155 727 1155 703 1156 650 1156 725 1156 722 1157 721 1157 727 1157 689 1158 722 1158 728 1158 700 1159 689 1159 728 1159 170 1160 703 1160 725 1160 700 1161 728 1161 729 1161 701 1162 700 1162 729 1162 654 1163 709 1163 730 1163 668 1164 654 1164 730 1164 716 1165 632 1165 731 1165 709 1166 714 1166 730 1166 727 1167 726 1167 732 1167 722 1168 727 1168 732 1168 723 1169 720 1169 733 1169 728 1170 722 1170 732 1170 732 1171 726 1171 734 1171 729 1172 728 1172 734 1172 170 1173 725 1173 230 1173 731 1174 632 1174 735 1174 728 1175 732 1175 734 1175 730 1176 714 1176 736 1176 698 1177 675 1177 737 1177 632 1178 644 1178 735 1178 668 1179 730 1179 737 1179 675 1180 668 1180 737 1180 644 1181 653 1181 735 1181 676 1182 655 1182 738 1182 578 1183 680 1183 738 1183 655 1184 578 1184 738 1184 678 1185 705 1185 739 1185 705 1186 708 1186 739 1186 730 1187 736 1187 740 1187 737 1188 730 1188 740 1188 230 1189 725 1189 741 1189 711 1190 717 1190 742 1190 725 1191 670 1191 741 1191 739 1192 708 1192 742 1192 653 1193 660 1193 175 1193 708 1194 711 1194 742 1194 678 1195 739 1195 743 1195 744 1196 678 1196 743 1196 735 1197 653 1197 175 1197 738 1198 680 1198 212 1198 742 1199 717 1199 745 1199 680 1200 685 1200 212 1200 713 1201 718 1201 746 1201 724 1202 713 1202 746 1202 626 1203 673 1203 199 1203 193 1204 626 1204 199 1204 699 1205 693 1205 747 1205 707 1206 699 1206 747 1206 737 1207 740 1207 748 1207 698 1208 737 1208 748 1208 175 1209 660 1209 202 1209 718 1210 698 1210 748 1210 202 1211 660 1211 218 1211 717 1212 719 1212 749 1212 660 1213 661 1213 218 1213 745 1214 717 1214 749 1214 749 1215 719 1215 750 1215 230 1216 741 1216 249 1216 719 1217 724 1217 750 1217 724 1218 746 1218 750 1218 743 1219 739 1219 751 1219 739 1220 742 1220 751 1220 744 1221 743 1221 751 1221 661 1222 663 1222 224 1222 218 1223 661 1223 224 1223 746 1224 718 1224 752 1224 663 1225 702 1225 224 1225 738 1226 212 1226 753 1226 748 1227 740 1227 754 1227 676 1228 738 1228 753 1228 733 1229 720 1229 755 1229 744 1230 751 1230 756 1230 751 1231 742 1231 756 1231 646 1232 688 1232 755 1232 742 1233 745 1233 756 1233 720 1234 646 1234 755 1234 701 1235 729 1235 757 1235 755 1236 688 1236 758 1236 696 1237 219 1237 758 1237 688 1238 696 1238 758 1238 747 1239 693 1239 757 1239 693 1240 701 1240 757 1240 741 1241 670 1241 759 1241 714 1242 707 1242 760 1242 707 1243 747 1243 760 1243 691 1244 706 1244 759 1244 745 1245 749 1245 761 1245 249 1246 741 1246 759 1246 670 1247 691 1247 759 1247 756 1248 745 1248 761 1248 753 1249 212 1249 211 1249 749 1250 750 1250 762 1250 723 1251 733 1251 214 1251 761 1252 749 1252 762 1252 212 1253 685 1253 214 1253 747 1254 757 1254 763 1254 760 1255 747 1255 763 1255 685 1256 723 1256 214 1256 736 1257 714 1257 764 1257 755 1258 758 1258 206 1258 714 1259 760 1259 764 1259 733 1260 755 1260 206 1260 759 1261 706 1261 765 1261 750 1262 746 1262 766 1262 746 1263 752 1263 766 1263 762 1264 750 1264 766 1264 767 1265 744 1265 768 1265 706 1266 712 1266 765 1266 744 1267 756 1267 768 1267 752 1268 718 1268 769 1268 758 1269 219 1269 207 1269 206 1270 758 1270 207 1270 718 1271 748 1271 769 1271 748 1272 754 1272 769 1272 760 1273 763 1273 770 1273 764 1274 760 1274 770 1274 765 1275 712 1275 771 1275 761 1276 762 1276 772 1276 214 1277 733 1277 209 1277 767 1278 768 1278 772 1278 768 1279 756 1279 772 1279 756 1280 761 1280 772 1280 733 1281 206 1281 209 1281 772 1282 762 1282 773 1282 759 1283 765 1283 265 1283 767 1284 772 1284 773 1284 249 1285 759 1285 265 1285 766 1286 752 1286 194 1286 769 1287 754 1287 204 1287 771 1288 712 1288 774 1288 716 1289 731 1289 774 1289 712 1290 716 1290 774 1290 762 1291 766 1291 775 1291 773 1292 762 1292 775 1292 765 1293 771 1293 287 1293 265 1294 765 1294 287 1294 763 1295 757 1295 776 1295 757 1296 729 1296 776 1296 673 1297 681 1297 259 1297 729 1298 734 1298 776 1298 199 1299 673 1299 259 1299 736 1300 764 1300 777 1300 740 1301 736 1301 777 1301 676 1302 753 1302 274 1302 715 1303 676 1303 274 1303 224 1304 702 1304 225 1304 766 1305 194 1305 222 1305 775 1306 766 1306 222 1306 702 1307 715 1307 225 1307 726 1308 178 1308 778 1308 776 1309 734 1309 778 1309 734 1310 726 1310 778 1310 771 1311 774 1311 296 1311 740 1312 777 1312 163 1312 287 1313 771 1313 296 1313 754 1314 740 1314 163 1314 763 1315 776 1315 779 1315 296 1316 774 1316 160 1316 776 1317 778 1317 779 1317 764 1318 770 1318 171 1318 777 1319 764 1319 171 1319 160 1320 774 1320 161 1320 774 1321 731 1321 161 1321 778 1322 178 1322 780 1322 779 1323 778 1323 780 1323 259 1324 681 1324 298 1324 163 1325 777 1325 164 1325 681 1326 687 1326 298 1326 777 1327 171 1327 164 1327 773 1328 775 1328 180 1328 753 1329 211 1329 245 1329 775 1330 222 1330 180 1330 752 1331 769 1331 195 1331 769 1332 204 1332 195 1332 274 1333 753 1333 245 1333 194 1334 752 1334 195 1334 186 1335 767 1335 187 1335 715 1336 274 1336 255 1336 767 1337 773 1337 187 1337 225 1338 715 1338 255 1338 773 1339 180 1339 187 1339 735 1340 175 1340 174 1340 180 1341 222 1341 181 1341 731 1342 735 1342 174 1342 161 1343 731 1343 174 1343 754 1344 163 1344 166 1344 204 1345 754 1345 166 1345 770 1346 763 1346 172 1346 687 1347 168 1347 167 1347 763 1348 779 1348 172 1348 298 1349 687 1349 167 1349 171 1350 770 1350 172 1350 780 1351 178 1351 177 1351 779 1352 780 1352 177 1352 161 1353 174 1353 162 1353 172 1354 779 1354 177 1354 195 1355 204 1355 198 1355 781 1356 782 1356 783 1356 781 1357 784 1357 782 1357 785 1358 786 1358 787 1358 788 1359 789 1359 790 1359 791 1360 786 1360 785 1360 788 1361 792 1361 789 1361 788 1362 790 1362 793 1362 791 1363 794 1363 786 1363 795 1364 796 1364 797 1364 798 1365 793 1365 799 1365 798 1366 788 1366 793 1366 795 1367 800 1367 796 1367 801 1368 802 1368 803 1368 804 1369 805 1369 784 1369 801 1370 806 1370 802 1370 801 1371 807 1371 808 1371 801 1372 808 1372 806 1372 804 1373 784 1373 781 1373 809 1374 794 1374 791 1374 809 1375 810 1375 794 1375 804 1376 781 1376 811 1376 812 1377 799 1377 813 1377 814 1378 797 1378 815 1378 814 1379 795 1379 797 1379 816 1380 817 1380 805 1380 818 1381 807 1381 801 1381 818 1382 801 1382 803 1382 816 1383 805 1383 804 1383 819 1384 820 1384 821 1384 822 1385 823 1385 817 1385 822 1386 817 1386 816 1386 819 1387 824 1387 820 1387 825 1388 826 1388 823 1388 827 1389 795 1389 814 1389 827 1390 800 1390 795 1390 825 1391 823 1391 822 1391 828 1392 829 1392 830 1392 831 1393 824 1393 819 1393 828 1394 830 1394 792 1394 831 1395 832 1395 824 1395 833 1396 810 1396 809 1396 834 1397 829 1397 828 1397 834 1398 835 1398 836 1398 834 1399 836 1399 829 1399 837 1400 814 1400 815 1400 838 1401 798 1401 799 1401 838 1402 799 1402 812 1402 837 1403 815 1403 839 1403 840 1404 832 1404 831 1404 841 1405 813 1405 842 1405 840 1406 843 1406 832 1406 841 1407 842 1407 844 1407 841 1408 812 1408 813 1408 845 1409 843 1409 840 1409 846 1410 847 1410 826 1410 846 1411 826 1411 825 1411 845 1412 785 1412 843 1412 848 1413 849 1413 850 1413 851 1414 792 1414 788 1414 851 1415 828 1415 792 1415 851 1416 834 1416 828 1416 852 1417 834 1417 851 1417 852 1418 835 1418 834 1418 848 1419 850 1419 853 1419 854 1420 855 1420 849 1420 856 1421 788 1421 798 1421 856 1422 851 1422 788 1422 857 1423 812 1423 841 1423 854 1424 849 1424 848 1424 858 1425 835 1425 852 1425 858 1426 851 1426 856 1426 859 1427 791 1427 785 1427 858 1428 852 1428 851 1428 860 1429 804 1429 811 1429 860 1430 816 1430 804 1430 859 1431 785 1431 845 1431 861 1432 809 1432 791 1432 861 1433 833 1433 809 1433 862 1434 856 1434 798 1434 862 1435 858 1435 856 1435 862 1436 798 1436 838 1436 861 1437 791 1437 859 1437 863 1438 816 1438 860 1438 863 1439 822 1439 816 1439 864 1440 865 1440 807 1440 864 1441 818 1441 803 1441 864 1442 803 1442 866 1442 864 1443 807 1443 818 1443 867 1444 810 1444 833 1444 868 1445 812 1445 857 1445 868 1446 838 1446 812 1446 869 1447 822 1447 863 1447 867 1448 870 1448 810 1448 867 1449 839 1449 870 1449 869 1450 825 1450 822 1450 871 1451 833 1451 861 1451 872 1452 835 1452 858 1452 872 1453 858 1453 862 1453 873 1454 846 1454 825 1454 874 1455 837 1455 839 1455 874 1456 839 1456 867 1456 873 1457 825 1457 869 1457 875 1458 844 1458 847 1458 875 1459 841 1459 844 1459 876 1460 862 1460 838 1460 876 1461 838 1461 868 1461 877 1462 878 1462 855 1462 876 1463 872 1463 862 1463 877 1464 855 1464 854 1464 879 1465 814 1465 837 1465 880 1466 875 1466 847 1466 880 1467 847 1467 846 1467 881 1468 846 1468 873 1468 882 1469 883 1469 878 1469 882 1470 878 1470 877 1470 884 1471 857 1471 841 1471 884 1472 841 1472 875 1472 885 1473 886 1473 800 1473 887 1474 835 1474 872 1474 885 1475 814 1475 879 1475 885 1476 827 1476 814 1476 887 1477 872 1477 876 1477 885 1478 800 1478 827 1478 888 1479 863 1479 860 1479 888 1480 811 1480 889 1480 888 1481 860 1481 811 1481 890 1482 883 1482 882 1482 891 1483 875 1483 880 1483 890 1484 892 1484 883 1484 891 1485 884 1485 875 1485 893 1486 894 1486 865 1486 893 1487 865 1487 864 1487 895 1488 869 1488 863 1488 893 1489 896 1489 894 1489 895 1490 863 1490 888 1490 893 1491 864 1491 866 1491 897 1492 896 1492 893 1492 898 1493 868 1493 857 1493 897 1494 853 1494 896 1494 898 1495 857 1495 884 1495 897 1496 893 1496 866 1496 899 1497 848 1497 853 1497 899 1498 897 1498 866 1498 899 1499 853 1499 897 1499 900 1500 889 1500 901 1500 900 1501 895 1501 888 1501 900 1502 888 1502 889 1502 902 1503 873 1503 869 1503 903 1504 904 1504 892 1504 902 1505 869 1505 895 1505 902 1506 881 1506 873 1506 903 1507 892 1507 890 1507 905 1508 876 1508 868 1508 905 1509 868 1509 898 1509 906 1510 867 1510 833 1510 906 1511 874 1511 867 1511 906 1512 833 1512 871 1512 907 1513 895 1513 900 1513 907 1514 902 1514 895 1514 908 1515 887 1515 876 1515 908 1516 876 1516 905 1516 909 1517 821 1517 904 1517 909 1518 904 1518 903 1518 910 1519 881 1519 902 1519 910 1520 902 1520 907 1520 911 1521 837 1521 874 1521 911 1522 879 1522 837 1522 912 1523 910 1523 907 1523 913 1524 911 1524 874 1524 913 1525 874 1525 906 1525 914 1526 846 1526 881 1526 914 1527 880 1527 846 1527 915 1528 819 1528 821 1528 916 1529 898 1529 884 1529 915 1530 821 1530 909 1530 917 1531 831 1531 819 1531 918 1532 880 1532 914 1532 918 1533 891 1533 880 1533 917 1534 819 1534 915 1534 919 1535 916 1535 884 1535 920 1536 921 1536 922 1536 919 1537 884 1537 891 1537 920 1538 922 1538 923 1538 924 1539 906 1539 871 1539 925 1540 898 1540 916 1540 926 1541 921 1541 920 1541 925 1542 905 1542 898 1542 927 1543 920 1543 923 1543 927 1544 923 1544 928 1544 929 1545 831 1545 917 1545 930 1546 905 1546 925 1546 930 1547 908 1547 905 1547 929 1548 840 1548 831 1548 927 1549 926 1549 920 1549 931 1550 900 1550 901 1550 932 1551 921 1551 926 1551 931 1552 907 1552 900 1552 933 1553 840 1553 929 1553 934 1554 932 1554 926 1554 935 1555 907 1555 931 1555 933 1556 845 1556 840 1556 934 1557 926 1557 927 1557 935 1558 912 1558 907 1558 936 1559 848 1559 899 1559 936 1560 866 1560 937 1560 938 1561 921 1561 932 1561 939 1562 921 1562 938 1562 936 1563 899 1563 866 1563 940 1564 914 1564 881 1564 940 1565 881 1565 910 1565 941 1566 936 1566 937 1566 941 1567 854 1567 848 1567 940 1568 918 1568 914 1568 941 1569 848 1569 936 1569 942 1570 930 1570 925 1570 943 1571 921 1571 939 1571 944 1572 845 1572 933 1572 942 1573 916 1573 919 1573 945 1574 928 1574 946 1574 944 1575 859 1575 845 1575 942 1576 925 1576 916 1576 945 1577 946 1577 947 1577 945 1578 927 1578 928 1578 948 1579 918 1579 940 1579 949 1580 913 1580 906 1580 950 1581 938 1581 932 1581 951 1582 930 1582 942 1582 949 1583 906 1583 924 1583 950 1584 932 1584 934 1584 952 1585 859 1585 944 1585 953 1586 945 1586 947 1586 953 1587 927 1587 945 1587 954 1588 918 1588 948 1588 954 1589 891 1589 918 1589 952 1590 861 1590 859 1590 953 1591 934 1591 927 1591 954 1592 919 1592 891 1592 955 1593 919 1593 954 1593 956 1594 879 1594 911 1594 955 1595 942 1595 919 1595 957 1596 939 1596 938 1596 956 1597 885 1597 879 1597 957 1598 938 1598 950 1598 958 1599 886 1599 885 1599 959 1600 939 1600 957 1600 958 1601 885 1601 956 1601 960 1602 911 1602 913 1602 961 1603 901 1603 962 1603 960 1604 956 1604 911 1604 963 1605 964 1605 921 1605 965 1606 951 1606 942 1606 965 1607 942 1607 955 1607 963 1608 921 1608 943 1608 966 1609 943 1609 939 1609 967 1610 931 1610 901 1610 968 1611 871 1611 861 1611 966 1612 939 1612 959 1612 967 1613 901 1613 961 1613 968 1614 861 1614 952 1614 969 1615 941 1615 937 1615 969 1616 854 1616 941 1616 970 1617 940 1617 910 1617 969 1618 877 1618 854 1618 971 1619 950 1619 934 1619 970 1620 910 1620 912 1620 969 1621 882 1621 877 1621 971 1622 934 1622 953 1622 972 1623 950 1623 971 1623 972 1624 957 1624 950 1624 973 1625 931 1625 967 1625 974 1626 882 1626 969 1626 973 1627 935 1627 931 1627 974 1628 969 1628 937 1628 975 1629 959 1629 957 1629 976 1630 970 1630 912 1630 977 1631 974 1631 937 1631 975 1632 957 1632 972 1632 977 1633 882 1633 974 1633 977 1634 890 1634 882 1634 978 1635 948 1635 940 1635 979 1636 963 1636 943 1636 978 1637 940 1637 970 1637 980 1638 960 1638 913 1638 979 1639 943 1639 966 1639 978 1640 970 1640 976 1640 980 1641 913 1641 949 1641 981 1642 963 1642 979 1642 981 1643 964 1643 963 1643 982 1644 958 1644 956 1644 983 1645 935 1645 973 1645 982 1646 956 1646 960 1646 984 1647 971 1647 953 1647 982 1648 960 1648 980 1648 984 1649 972 1649 971 1649 985 1650 886 1650 958 1650 986 1651 978 1651 976 1651 985 1652 958 1652 982 1652 989 1654 972 1654 984 1654 990 1655 903 1655 890 1655 989 1656 975 1656 972 1656 990 1657 909 1657 903 1657 991 1658 959 1658 975 1658 990 1659 977 1659 937 1659 990 1660 890 1660 977 1660 992 1661 954 1661 948 1661 991 1662 966 1662 959 1662 993 1663 937 1663 994 1663 993 1664 990 1664 937 1664 995 1665 964 1665 981 1665 993 1666 909 1666 990 1666 996 1667 955 1667 954 1667 996 1668 954 1668 992 1668 997 1669 964 1669 995 1669 998 1670 982 1670 980 1670 999 1671 947 1671 1000 1671 999 1672 984 1672 953 1672 1001 1673 988 1673 987 1673 999 1674 953 1674 947 1674 1002 1675 993 1675 994 1675 1002 1676 909 1676 993 1676 1003 1677 962 1677 988 1677 1002 1678 915 1678 909 1678 1003 1679 961 1679 962 1679 1004 1680 975 1680 989 1680 1004 1681 991 1681 975 1681 1005 1682 886 1682 985 1682 1006 1683 999 1683 1000 1683 1005 1684 985 1684 982 1684 1005 1685 982 1685 998 1685 1006 1686 989 1686 984 1686 1007 1687 915 1687 1002 1687 1006 1688 984 1688 999 1688 1007 1689 917 1689 915 1689 1006 1690 1004 1690 989 1690 1008 1691 967 1691 961 1691 1007 1692 1002 1692 994 1692 1008 1693 961 1693 1003 1693 1009 1694 991 1694 1004 1694 1010 1695 871 1695 968 1695 1011 1696 1006 1696 1000 1696 1010 1697 924 1697 871 1697 1011 1698 1004 1698 1006 1698 1012 1699 965 1699 955 1699 1011 1700 1009 1700 1004 1700 1013 1701 1000 1701 1014 1701 1012 1702 1015 1702 965 1702 1012 1703 955 1703 996 1703 1013 1704 1011 1704 1000 1704 1013 1705 1009 1705 1011 1705 1016 1706 973 1706 967 1706 1017 1707 966 1707 991 1707 1016 1708 967 1708 1008 1708 1018 1709 917 1709 1007 1709 1018 1710 929 1710 917 1710 1018 1711 1007 1711 994 1711 1017 1712 979 1712 966 1712 1019 1713 1018 1713 994 1713 1019 1714 933 1714 929 1714 1020 1715 981 1715 979 1715 1021 1716 1003 1716 988 1716 1019 1717 929 1717 1018 1717 1020 1718 995 1718 981 1718 1022 1719 933 1719 1019 1719 1021 1720 988 1720 1001 1720 1022 1721 944 1721 933 1721 1021 1722 1008 1722 1003 1722 1022 1723 1019 1723 994 1723 1023 1724 983 1724 973 1724 1023 1725 973 1725 1016 1725 1024 1726 949 1726 924 1726 1024 1727 924 1727 1010 1727 1025 1728 995 1728 1020 1728 1026 1729 944 1729 1022 1729 1026 1730 1022 1730 994 1730 1027 1731 997 1731 995 1731 1028 1732 1008 1732 1021 1732 1026 1733 968 1733 952 1733 1026 1734 952 1734 944 1734 1027 1735 995 1735 1025 1735 1029 1736 968 1736 1026 1736 1030 1737 1017 1737 991 1737 1029 1738 994 1738 1031 1738 1030 1739 991 1739 1009 1739 1029 1740 1010 1740 968 1740 1029 1741 1026 1741 994 1741 1032 1742 980 1742 949 1742 1033 1743 1016 1743 1008 1743 1034 1744 1035 1744 964 1744 1034 1745 964 1745 997 1745 1034 1746 997 1746 1027 1746 1033 1747 1008 1747 1028 1747 1036 1748 1035 1748 1034 1748 1032 1749 949 1749 1024 1749 1037 1750 1016 1750 1033 1750 1038 1751 980 1751 1032 1751 1039 1752 1030 1752 1009 1752 1037 1753 1023 1753 1016 1753 1039 1754 1009 1754 1013 1754 1038 1755 998 1755 980 1755 1040 1756 1041 1756 886 1756 1042 1757 1039 1757 1013 1757 1043 1758 983 1758 1023 1758 1040 1759 998 1759 1038 1759 1042 1760 1013 1760 1014 1760 1040 1761 1005 1761 998 1761 1043 1762 1023 1762 1037 1762 1040 1763 886 1763 1005 1763 1044 1764 1020 1764 979 1764 1045 1765 1029 1765 1031 1765 1044 1766 1017 1766 1030 1766 1046 1767 978 1767 986 1767 1045 1768 1010 1768 1029 1768 1046 1769 992 1769 948 1769 1044 1770 979 1770 1017 1770 1047 1771 1024 1771 1010 1771 1046 1772 948 1772 978 1772 1047 1773 1045 1773 1031 1773 1048 1774 986 1774 976 1774 1047 1775 1010 1775 1045 1775 1048 1776 976 1776 1049 1776 1050 1777 1024 1777 1047 1777 1051 1778 1025 1778 1020 1778 1050 1779 1047 1779 1031 1779 1050 1780 1038 1780 1032 1780 1051 1781 1020 1781 1044 1781 1050 1782 1031 1782 1052 1782 1053 1783 1046 1783 986 1783 1050 1784 1032 1784 1024 1784 1054 1785 1043 1785 1037 1785 1055 1786 1050 1786 1052 1786 1056 1787 1027 1787 1025 1787 1055 1788 1038 1788 1050 1788 1056 1789 1025 1789 1051 1789 1057 1790 1040 1790 1038 1790 1057 1791 1041 1791 1040 1791 1057 1792 1038 1792 1055 1792 1058 1793 987 1793 1059 1793 1057 1794 1052 1794 1041 1794 1057 1795 1055 1795 1052 1795 1060 1796 908 1796 930 1796 1060 1797 1015 1797 835 1797 1061 1798 1044 1798 1030 1798 1060 1799 835 1799 887 1799 1060 1800 965 1800 1015 1800 1061 1801 1051 1801 1044 1801 1060 1802 951 1802 965 1802 1060 1803 887 1803 908 1803 1060 1804 930 1804 951 1804 1062 1805 992 1805 1046 1805 1063 1806 1064 1806 1065 1806 1063 1807 1065 1807 1049 1807 1062 1808 996 1808 992 1808 1063 1809 976 1809 912 1809 1066 1810 1035 1810 1036 1810 1063 1811 912 1811 935 1811 1063 1812 935 1812 983 1812 1062 1813 1012 1813 996 1813 1063 1814 1049 1814 976 1814 1067 1815 1012 1815 1062 1815 1063 1816 1043 1816 1064 1816 1063 1817 983 1817 1043 1817 1068 1818 1069 1818 1015 1818 1070 1819 1034 1819 1027 1819 1068 1820 1012 1820 1067 1820 1070 1821 1036 1821 1034 1821 1068 1822 1067 1822 1071 1822 1068 1823 1072 1823 1069 1823 1073 1824 1035 1824 1066 1824 1068 1825 1071 1825 1072 1825 1068 1826 1015 1826 1012 1826 1074 1827 1075 1827 1069 1827 1076 1828 987 1828 1058 1828 1074 1829 1077 1829 1075 1829 1074 1830 1078 1830 1079 1830 1074 1831 1069 1831 1078 1831 1080 1832 1036 1832 1070 1832 1074 1833 1079 1833 1077 1833 1081 1834 987 1834 1076 1834 1081 1835 1001 1835 987 1835 1082 1836 1056 1836 1051 1836 1082 1837 1051 1837 1061 1837 1083 1838 1056 1838 1082 1838 1065 1839 1048 1839 1049 1839 1084 1840 1061 1840 1030 1840 1084 1841 1030 1841 1039 1841 1084 1842 1082 1842 1061 1842 1084 1843 1039 1843 1042 1843 1085 1844 1059 1844 1086 1844 1087 1845 1035 1845 1073 1845 1088 1846 1082 1846 1084 1846 1089 1847 1001 1847 1081 1847 1090 1848 1042 1848 1014 1848 1090 1849 1084 1849 1042 1849 1089 1850 1021 1850 1001 1850 1090 1851 1088 1851 1084 1851 1091 1852 1083 1852 1082 1852 1092 1853 1046 1853 1053 1853 1091 1854 1082 1854 1088 1854 1092 1855 1062 1855 1046 1855 1093 1856 1053 1856 986 1856 1094 1857 1088 1857 1090 1857 1094 1858 1091 1858 1088 1858 1093 1859 986 1859 1048 1859 1095 1860 1091 1860 1094 1860 1096 1861 1021 1861 1089 1861 1096 1862 1028 1862 1021 1862 1097 1863 1035 1863 1087 1863 1098 1864 1090 1864 1014 1864 1098 1865 1014 1865 1099 1865 1098 1866 1094 1866 1090 1866 1100 1867 1028 1867 1096 1867 1101 1868 1066 1868 1036 1868 1100 1869 1033 1869 1028 1869 1101 1870 1036 1870 1080 1870 1102 1871 1093 1871 1048 1871 1102 1872 1048 1872 1065 1872 1103 1873 1035 1873 1097 1873 1071 1874 1067 1874 1062 1874 1071 1875 1062 1875 1092 1875 1104 1876 1027 1876 1056 1876 1104 1877 1070 1877 1027 1877 1105 1878 1053 1878 1093 1878 1104 1879 1056 1879 1083 1879 1105 1880 1071 1880 1092 1880 1105 1881 1092 1881 1053 1881 1106 1882 1073 1882 1066 1882 1072 1883 1071 1883 1105 1883 1106 1884 1066 1884 1101 1884 1107 1885 1033 1885 1100 1885 1107 1886 1037 1886 1033 1886 1108 1887 1080 1887 1070 1887 1109 1888 1086 1888 1110 1888 1108 1889 1070 1889 1104 1889 1111 1890 1059 1890 1085 1890 1112 1891 1098 1891 1099 1891 1112 1892 1094 1892 1098 1892 1113 1893 1112 1893 1099 1893 1113 1894 1095 1894 1094 1894 1113 1895 1094 1895 1112 1895 1114 1896 1110 1896 1115 1896 1116 1897 1087 1897 1073 1897 1117 1898 1115 1898 1118 1898 1116 1899 1073 1899 1106 1899 1119 1900 1118 1900 1120 1900 1121 1901 1104 1901 1083 1901 1121 1902 1108 1902 1104 1902 1122 1903 1037 1903 1107 1903 1122 1904 1054 1904 1037 1904 1123 1905 1108 1905 1121 1905 1124 1906 1058 1906 1059 1906 1124 1907 1059 1907 1111 1907 1125 1908 1083 1908 1091 1908 1125 1909 1091 1909 1095 1909 1064 1910 1102 1910 1065 1910 1125 1911 1121 1911 1083 1911 1125 1912 1123 1912 1121 1912 1064 1913 1043 1913 1054 1913 1126 1914 1123 1914 1125 1914 1127 1915 1126 1915 1125 1915 1128 1916 1086 1916 1109 1916 1127 1917 1125 1917 1095 1917 1129 1918 1086 1918 1128 1918 1130 1919 1126 1919 1127 1919 1131 1920 1087 1920 1116 1920 1131 1921 1097 1921 1087 1921 1132 1922 1064 1922 1054 1922 1133 1923 1119 1923 1120 1923 1134 1924 1101 1924 1080 1924 1135 1925 1086 1925 1129 1925 1134 1926 1080 1926 1108 1926 1135 1927 1085 1927 1086 1927 1136 1928 1058 1928 1124 1928 1137 1929 1138 1929 1035 1929 1137 1930 1139 1930 1140 1930 1137 1931 1140 1931 1141 1931 1137 1932 1141 1932 1142 1932 1137 1933 1035 1933 1103 1933 1136 1934 1076 1934 1058 1934 1137 1935 1103 1935 1143 1935 1137 1936 1143 1936 1139 1936 1144 1937 1102 1937 1064 1937 1145 1938 1097 1938 1131 1938 1144 1939 1064 1939 1132 1939 1145 1940 1103 1940 1097 1940 1146 1941 1105 1941 1093 1941 1147 1942 1129 1942 1128 1942 1148 1943 1106 1943 1101 1943 1147 1944 1128 1944 1109 1944 1148 1945 1101 1945 1134 1945 1149 1946 1081 1946 1076 1946 1150 1947 1137 1947 1142 1947 1149 1948 1076 1948 1136 1948 1151 1949 1146 1949 1093 1949 1152 1950 1106 1950 1148 1950 1151 1951 1102 1951 1144 1951 1152 1952 1116 1952 1106 1952 1151 1953 1093 1953 1102 1953 1153 1954 1135 1954 1129 1954 1154 1955 1134 1955 1108 1955 1154 1956 1148 1956 1134 1956 1153 1957 1129 1957 1147 1957 1154 1958 1108 1958 1123 1958 1155 1959 1137 1959 1150 1959 1078 1960 1105 1960 1146 1960 1155 1961 1138 1961 1137 1961 1078 1962 1069 1962 1072 1962 1156 1963 1127 1963 1095 1963 1078 1964 1072 1964 1105 1964 1156 1965 1130 1965 1127 1965 1157 1966 1119 1966 1133 1966 1156 1967 1095 1967 1113 1967 1158 1968 1135 1968 1153 1968 1159 1969 1152 1969 1148 1969 1159 1970 1148 1970 1154 1970 1160 1971 1130 1971 1156 1971 1161 1972 1144 1972 1132 1972 1162 1973 1155 1973 1150 1973 1163 1974 1115 1974 1117 1974 1164 1975 1103 1975 1145 1975 1165 1976 1081 1976 1149 1976 1165 1977 1089 1977 1081 1977 1164 1978 1143 1978 1103 1978 1166 1979 1152 1979 1159 1979 1167 1980 1096 1980 1089 1980 1168 1981 1123 1981 1126 1981 1167 1982 1089 1982 1165 1982 1168 1983 1154 1983 1123 1983 1168 1984 1159 1984 1154 1984 1169 1985 1118 1985 1119 1985 1170 1986 1143 1986 1164 1986 1171 1987 1118 1987 1169 1987 1172 1988 1096 1988 1167 1988 1170 1989 1139 1989 1143 1989 1172 1990 1100 1990 1096 1990 1173 1991 1159 1991 1168 1991 1174 1992 1126 1992 1130 1992 1175 1993 1110 1993 1114 1993 1174 1994 1168 1994 1126 1994 1174 1995 1173 1995 1168 1995 1176 1996 1159 1996 1173 1996 1176 1997 1166 1997 1159 1997 1177 1998 1109 1998 1110 1998 1177 1999 1110 1999 1175 1999 1178 2000 1176 2000 1173 2000 1178 2001 1173 2001 1174 2001 1179 2002 1140 2002 1139 2002 1180 2003 1100 2003 1172 2003 1179 2004 1141 2004 1140 2004 1180 2005 1107 2005 1100 2005 1181 2006 1085 2006 1135 2006 1179 2007 1139 2007 1170 2007 1182 2008 1116 2008 1152 2008 1181 2009 1111 2009 1085 2009 1182 2010 1131 2010 1116 2010 1183 2011 1117 2011 1118 2011 1183 2012 1118 2012 1171 2012 1184 2013 1141 2013 1179 2013 1185 2014 1163 2014 1117 2014 1185 2015 1117 2015 1183 2015 1186 2016 1111 2016 1181 2016 1187 2017 1176 2017 1178 2017 1188 2018 1142 2018 1141 2018 1186 2019 1124 2019 1111 2019 1188 2020 1141 2020 1184 2020 1189 2021 1135 2021 1158 2021 1189 2022 1181 2022 1135 2022 1190 2023 1099 2023 1191 2023 1190 2024 1156 2024 1113 2024 1189 2025 1186 2025 1181 2025 1190 2026 1160 2026 1156 2026 1190 2027 1113 2027 1099 2027 1192 2028 1145 2028 1131 2028 1193 2029 1107 2029 1180 2029 1193 2030 1122 2030 1107 2030 1192 2031 1131 2031 1182 2031 1194 2032 1186 2032 1189 2032 1195 2033 1190 2033 1191 2033 1195 2034 1160 2034 1190 2034 1196 2035 1150 2035 1142 2035 1196 2036 1162 2036 1150 2036 1197 2037 1169 2037 1119 2037 1197 2038 1119 2038 1157 2038 1196 2039 1142 2039 1188 2039 1198 2040 1151 2040 1144 2040 1199 2041 1192 2041 1182 2041 1199 2042 1152 2042 1166 2042 1200 2043 1171 2043 1169 2043 1199 2044 1182 2044 1152 2044 1200 2045 1183 2045 1171 2045 1200 2046 1169 2046 1197 2046 1201 2047 1130 2047 1160 2047 1201 2048 1174 2048 1130 2048 1201 2049 1178 2049 1174 2049 1202 2050 1124 2050 1186 2050 1203 2051 1192 2051 1199 2051 1202 2052 1136 2052 1124 2052 1202 2053 1186 2053 1194 2053 1204 2054 1151 2054 1198 2054 1205 2055 1178 2055 1201 2055 1204 2056 1078 2056 1146 2056 1204 2057 1146 2057 1151 2057 1206 2058 1149 2058 1136 2058 1207 2059 1199 2059 1166 2059 1206 2060 1136 2060 1202 2060 1207 2061 1166 2061 1176 2061 1208 2062 1162 2062 1196 2062 1209 2063 1115 2063 1163 2063 1079 2064 1078 2064 1204 2064 1210 2065 1145 2065 1192 2065 1211 2066 1183 2066 1200 2066 1210 2067 1164 2067 1145 2067 1212 2068 1178 2068 1205 2068 1212 2069 1187 2069 1178 2069 1213 2070 1144 2070 1161 2070 1213 2071 1198 2071 1144 2071 1214 2072 1203 2072 1199 2072 1214 2073 1199 2073 1207 2073 1215 2074 1115 2074 1209 2074 1216 2075 1170 2075 1164 2075 1217 2076 1183 2076 1211 2076 1216 2077 1164 2077 1210 2077 1217 2078 1185 2078 1183 2078 1218 2079 1214 2079 1207 2079 1218 2080 1207 2080 1176 2080 1219 2081 1054 2081 1122 2081 1218 2082 1176 2082 1187 2082 1220 2083 1214 2083 1218 2083 1219 2084 1132 2084 1054 2084 1221 2085 1147 2085 1109 2085 1222 2086 1216 2086 1210 2086 1222 2087 1192 2087 1203 2087 1221 2088 1109 2088 1177 2088 1222 2089 1210 2089 1192 2089 1223 2090 1175 2090 1114 2090 1223 2091 1114 2091 1115 2091 1223 2092 1115 2092 1215 2092 1224 2093 1170 2093 1216 2093 1224 2094 1179 2094 1170 2094 1225 2095 1202 2095 1194 2095 1225 2096 1206 2096 1202 2096 1226 2097 1179 2097 1224 2097 1227 2098 1158 2098 1153 2098 1226 2099 1184 2099 1179 2099 1227 2100 1153 2100 1147 2100 1227 2101 1147 2101 1221 2101 1228 2102 1216 2102 1222 2102 1229 2103 1165 2103 1149 2103 1228 2104 1224 2104 1216 2104 1230 2105 1184 2105 1226 2105 1229 2106 1149 2106 1206 2106 1231 2107 1206 2107 1225 2107 1230 2108 1188 2108 1184 2108 1232 2109 1160 2109 1195 2109 1231 2110 1229 2110 1206 2110 1233 2111 1165 2111 1229 2111 1232 2112 1201 2112 1160 2112 1233 2113 1167 2113 1165 2113 1234 2114 1205 2114 1201 2114 1234 2115 1212 2115 1205 2115 1234 2116 1201 2116 1232 2116 1235 2117 1222 2117 1203 2117 1236 2118 1163 2118 1185 2118 1236 2119 1209 2119 1163 2119 1235 2120 1203 2120 1214 2120 1237 2121 1158 2121 1227 2121 1238 2122 1188 2122 1230 2122 1238 2123 1196 2123 1188 2123 1239 2124 1167 2124 1233 2124 1240 2125 1228 2125 1222 2125 1239 2126 1172 2126 1167 2126 1240 2127 1222 2127 1235 2127 1241 2128 1132 2128 1219 2128 1241 2129 1161 2129 1132 2129 1242 2130 1226 2130 1224 2130 1242 2131 1224 2131 1228 2131 1243 2132 1233 2132 1229 2132 1243 2133 1229 2133 1231 2133 1244 2134 1212 2134 1234 2134 1245 2135 1172 2135 1239 2135 1246 2136 1230 2136 1226 2136 1245 2137 1180 2137 1172 2137 1246 2138 1226 2138 1242 2138 1245 2139 1193 2139 1180 2139 1247 2140 1233 2140 1243 2140 1248 2141 1187 2141 1212 2141 1247 2142 1239 2142 1233 2142 1248 2143 1218 2143 1187 2143 1249 2144 1245 2144 1239 2144 1249 2145 1239 2145 1247 2145 1250 2146 1245 2146 1249 2146 1251 2147 1214 2147 1220 2147 1251 2148 1240 2148 1235 2148 1251 2149 1235 2149 1214 2149 1252 2150 1245 2150 1250 2150 1252 2151 1193 2151 1245 2151 1253 2152 1230 2152 1246 2152 1254 2153 1198 2153 1213 2153 1254 2154 1204 2154 1198 2154 1255 2155 1220 2155 1218 2155 1254 2156 1079 2156 1204 2156 1256 2157 1236 2157 1185 2157 1255 2158 1218 2158 1248 2158 1256 2159 1185 2159 1217 2159 1257 2160 1240 2160 1251 2160 1258 2161 1259 2161 1138 2161 1258 2162 1138 2162 1155 2162 1260 2163 1158 2163 1237 2163 1258 2164 1155 2164 1162 2164 1261 2165 1242 2165 1228 2165 1261 2166 1228 2166 1240 2166 1260 2167 1189 2167 1158 2167 1077 2168 1079 2168 1254 2168 1261 2169 1240 2169 1257 2169 1262 2170 1252 2170 1250 2170 1263 2171 1246 2171 1242 2171 1263 2172 1242 2172 1261 2172 1264 2173 1238 2173 1230 2173 1265 2174 1194 2174 1189 2174 1265 2175 1189 2175 1260 2175 1264 2176 1230 2176 1253 2176 1266 2177 1208 2177 1196 2177 1267 2178 1254 2178 1213 2178 1268 2179 1215 2179 1209 2179 1266 2180 1196 2180 1238 2180 1266 2181 1238 2181 1264 2181 1269 2182 1162 2182 1208 2182 1268 2183 1209 2183 1236 2183 1269 2184 1258 2184 1162 2184 1270 2185 1075 2185 1077 2185 1271 2186 1246 2186 1263 2186 1270 2187 1077 2187 1254 2187 1270 2188 1254 2188 1267 2188 1272 2189 1175 2189 1223 2189 1271 2190 1253 2190 1246 2190 1273 2191 1263 2191 1261 2191 1273 2192 1261 2192 1257 2192 1272 2193 1177 2193 1175 2193 1274 2194 1177 2194 1272 2194 1275 2195 1263 2195 1273 2195 1274 2196 1221 2196 1177 2196 1275 2197 1271 2197 1263 2197 1276 2198 1120 2198 1277 2198 1278 2199 1253 2199 1271 2199 1276 2200 1277 2200 1279 2200 1278 2201 1264 2201 1253 2201 1276 2202 1133 2202 1120 2202 1280 2203 1258 2203 1269 2203 1280 2204 1259 2204 1258 2204 1281 2205 1223 2205 1215 2205 1282 2206 1271 2206 1275 2206 1281 2207 1215 2207 1268 2207 1282 2208 1278 2208 1271 2208 1283 2209 1266 2209 1264 2209 1283 2210 1264 2210 1278 2210 1284 2211 1223 2211 1281 2211 1284 2212 1272 2212 1223 2212 1285 2213 1213 2213 1161 2213 1285 2214 1161 2214 1241 2214 1286 2215 1220 2215 1255 2215 1286 2216 1251 2216 1220 2216 1287 2217 1219 2217 1122 2217 1287 2218 1193 2218 1252 2218 1287 2219 1122 2219 1193 2219 1288 2220 1248 2220 1212 2220 1288 2221 1212 2221 1244 2221 1289 2222 1225 2222 1194 2222 1289 2223 1194 2223 1265 2223 1289 2224 1231 2224 1225 2224 1290 2225 1280 2225 1269 2225 1291 2226 1251 2226 1286 2226 1291 2227 1273 2227 1257 2227 1291 2228 1257 2228 1251 2228 1292 2229 1157 2229 1133 2229 1293 2230 1278 2230 1282 2230 1292 2231 1133 2231 1276 2231 1294 2232 1243 2232 1231 2232 1295 2233 1232 2233 1195 2233 1294 2234 1231 2234 1289 2234 1295 2235 1195 2235 1191 2235 1296 2236 1234 2236 1232 2236 1296 2237 1232 2237 1295 2237 1296 2238 1244 2238 1234 2238 1297 2239 1241 2239 1219 2239 1297 2240 1219 2240 1287 2240 1298 2241 1248 2241 1288 2241 1298 2242 1255 2242 1248 2242 1299 2243 1283 2243 1278 2243 1300 2244 1243 2244 1294 2244 1299 2245 1278 2245 1293 2245 1301 2246 1243 2246 1300 2246 1302 2247 1244 2247 1296 2247 1301 2248 1247 2248 1243 2248 1301 2249 1249 2249 1247 2249 1303 2250 1281 2250 1268 2250 1303 2251 1236 2251 1256 2251 1304 2252 1275 2252 1273 2252 1303 2253 1268 2253 1236 2253 1304 2254 1273 2254 1291 2254 1305 2255 1275 2255 1304 2255 1305 2256 1282 2256 1275 2256 1306 2257 1249 2257 1301 2257 1307 2258 1281 2258 1303 2258 1308 2259 1299 2259 1293 2259 1309 2260 1282 2260 1305 2260 850 2261 1281 2261 1307 2261 850 2262 1284 2262 1281 2262 1310 2263 1293 2263 1282 2263 1311 2264 1249 2264 1306 2264 1310 2265 1282 2265 1309 2265 1311 2266 1250 2266 1249 2266 1310 2267 1308 2267 1293 2267 1311 2268 1262 2268 1250 2268 1312 2269 1227 2269 1221 2269 1312 2270 1221 2270 1274 2270 1313 2271 1286 2271 1255 2271 1313 2272 1255 2272 1298 2272 1314 2273 1208 2273 1266 2273 1314 2274 1269 2274 1208 2274 1315 2275 1227 2275 1312 2275 1315 2276 1237 2276 1227 2276 1316 2277 1304 2277 1291 2277 1316 2278 1291 2278 1286 2278 1316 2279 1286 2279 1313 2279 1317 2280 1308 2280 1310 2280 1318 2281 1260 2281 1237 2281 1318 2282 1237 2282 1315 2282 1319 2283 1288 2283 1244 2283 1319 2284 1244 2284 1302 2284 1320 2285 1191 2285 1321 2285 1322 2286 1262 2286 1311 2286 1320 2287 1296 2287 1295 2287 1320 2288 1295 2288 1191 2288 1320 2289 1302 2289 1296 2289 1323 2290 1157 2290 1292 2290 1324 2291 1304 2291 1316 2291 1323 2292 1197 2292 1157 2292 1325 2293 1269 2293 1314 2293 1325 2294 1290 2294 1269 2294 1326 2295 1309 2295 1305 2295 1326 2296 1304 2296 1324 2296 806 2297 1197 2297 1323 2297 1326 2298 1305 2298 1304 2298 806 2299 1200 2299 1197 2299 1327 2300 1274 2300 1272 2300 1327 2301 1272 2301 1284 2301 1328 2302 1329 2302 1259 2302 1328 2303 1259 2303 1280 2303 1327 2304 1284 2304 850 2304 1330 2305 1274 2305 1327 2305 1331 2306 1298 2306 1288 2306 1330 2307 1312 2307 1274 2307 1331 2308 1288 2308 1319 2308 1332 2309 1320 2309 1321 2309 1333 2310 1267 2310 1213 2310 1332 2311 1302 2311 1320 2311 1333 2312 1213 2312 1285 2312 808 2313 1200 2313 806 2313 808 2314 1211 2314 1200 2314 1334 2315 1309 2315 1326 2315 1335 2316 1328 2316 1280 2316 1335 2317 1280 2317 1290 2317 1336 2318 800 2318 1075 2318 1336 2319 1267 2319 1333 2319 1337 2320 1309 2320 1334 2320 1336 2321 1075 2321 1270 2321 1336 2322 1270 2322 1267 2322 1337 2323 1310 2323 1309 2323 1338 2324 1287 2324 1252 2324 1337 2325 1317 2325 1310 2325 1338 2326 1252 2326 1262 2326 1338 2327 1297 2327 1287 2327 807 2328 1211 2328 808 2328 807 2329 1217 2329 1211 2329 1339 2330 1313 2330 1298 2330 1339 2331 1298 2331 1331 2331 1340 2332 1317 2332 1337 2332 1341 2333 1241 2333 1297 2333 1341 2334 1285 2334 1241 2334 1342 2335 1324 2335 1316 2335 1342 2336 1313 2336 1339 2336 1343 2337 1262 2337 1322 2337 1343 2338 1338 2338 1262 2338 1342 2339 1316 2339 1313 2339 1344 2340 1266 2340 1283 2340 1344 2341 1314 2341 1266 2341 1345 2342 1260 2342 1318 2342 1345 2343 1265 2343 1260 2343 1346 2344 1297 2344 1338 2344 1347 2345 1302 2345 1332 2345 1346 2346 1338 2346 1343 2346 1347 2347 1319 2347 1302 2347 1348 2348 1331 2348 1319 2348 1348 2349 1319 2349 1347 2349 1349 2350 1289 2350 1265 2350 1350 2351 1324 2351 1342 2351 1349 2352 1265 2352 1345 2352 1351 2353 1334 2353 1326 2353 849 2354 1330 2354 1327 2354 849 2355 1327 2355 850 2355 855 2356 1330 2356 849 2356 1351 2357 1326 2357 1324 2357 1351 2358 1324 2358 1350 2358 1352 2359 1346 2359 1343 2359 1353 2360 1283 2360 1299 2360 1353 2361 1344 2361 1283 2361 1354 2362 1312 2362 1330 2362 1354 2363 1315 2363 1312 2363 1355 2364 1332 2364 1321 2364 1355 2365 1321 2365 1356 2365 1355 2366 1347 2366 1332 2366 1357 2367 1344 2367 1353 2367 1358 2368 1315 2368 1354 2368 1357 2369 1314 2369 1344 2369 1357 2370 1325 2370 1314 2370 1358 2371 1318 2371 1315 2371 1359 2372 1294 2372 1289 2372 1360 2373 1334 2373 1351 2373 1359 2374 1289 2374 1349 2374 1361 2375 1348 2375 1347 2375 1361 2376 1347 2376 1355 2376 1361 2377 1355 2377 1356 2377 1362 2378 1318 2378 1358 2378 1363 2379 1290 2379 1325 2379 1363 2380 1335 2380 1290 2380 1362 2381 1345 2381 1318 2381 1364 2382 1329 2382 1328 2382 1364 2383 1328 2383 1335 2383 1365 2384 1337 2384 1334 2384 1365 2385 1334 2385 1360 2385 865 2386 1217 2386 807 2386 865 2387 1256 2387 1217 2387 1365 2388 1340 2388 1337 2388 1366 2389 1353 2389 1299 2389 1367 2390 1294 2390 1359 2390 1366 2391 1299 2391 1308 2391 1367 2392 1300 2392 1294 2392 1368 2393 1301 2393 1300 2393 1369 2394 1370 2394 1329 2394 1368 2395 1300 2395 1367 2395 1369 2396 1329 2396 1364 2396 1371 2397 1335 2397 1363 2397 1371 2398 1364 2398 1335 2398 1371 2399 1369 2399 1364 2399 787 2400 1301 2400 1368 2400 789 2401 1357 2401 1353 2401 787 2402 1306 2402 1301 2402 1372 2403 1339 2403 1331 2403 1372 2404 1331 2404 1348 2404 1373 2405 1333 2405 1285 2405 1373 2406 1285 2406 1341 2406 786 2407 1306 2407 787 2407 786 2408 1311 2408 1306 2408 1374 2409 1366 2409 1308 2409 1375 2410 1297 2410 1346 2410 1374 2411 1308 2411 1317 2411 1375 2412 1373 2412 1341 2412 1375 2413 1341 2413 1297 2413 1376 2414 1369 2414 1371 2414 1375 2415 1346 2415 1352 2415 1376 2416 1370 2416 1369 2416 1377 2417 1339 2417 1372 2417 796 2418 800 2418 1336 2418 796 2419 1333 2419 1373 2419 796 2420 1336 2420 1333 2420 878 2421 1354 2421 1330 2421 878 2422 1330 2422 855 2422 1377 2423 1342 2423 1339 2423 878 2424 1358 2424 1354 2424 842 2425 1340 2425 1365 2425 794 2426 1311 2426 786 2426 790 2427 1353 2427 1366 2427 794 2428 1322 2428 1311 2428 790 2429 789 2429 1353 2429 790 2430 1366 2430 1374 2430 782 2431 1348 2431 1361 2431 883 2432 1358 2432 878 2432 1378 2433 1292 2433 1276 2433 782 2434 1372 2434 1348 2434 1378 2435 1323 2435 1292 2435 784 2436 1372 2436 782 2436 1378 2437 1279 2437 1379 2437 1378 2438 1276 2438 1279 2438 784 2439 1377 2439 1372 2439 1380 2440 1349 2440 1345 2440 1380 2441 1345 2441 1362 2441 1381 2442 1350 2442 1342 2442 1381 2443 1342 2443 1377 2443 1381 2444 1351 2444 1350 2444 892 2445 1362 2445 1358 2445 1382 2446 1351 2446 1381 2446 892 2447 1358 2447 883 2447 1382 2448 1360 2448 1351 2448 870 2449 1352 2449 1343 2449 793 2450 790 2450 1374 2450 870 2451 1343 2451 1322 2451 820 2452 1359 2452 1349 2452 1383 2453 1360 2453 1382 2453 820 2454 1349 2454 1380 2454 805 2455 1377 2455 784 2455 805 2456 1382 2456 1381 2456 815 2457 1375 2457 1352 2457 805 2458 1381 2458 1377 2458 1384 2459 1317 2459 1340 2459 810 2460 870 2460 1322 2460 810 2461 1322 2461 794 2461 1384 2462 1374 2462 1317 2462 817 2463 1382 2463 805 2463 894 2464 1256 2464 865 2464 894 2465 1303 2465 1256 2465 1385 2466 1360 2466 1383 2466 839 2467 1352 2467 870 2467 1385 2468 1365 2468 1360 2468 1385 2469 842 2469 1365 2469 839 2470 815 2470 1352 2470 823 2471 1382 2471 817 2471 823 2472 1383 2472 1382 2472 896 2473 1303 2473 894 2473 830 2474 1363 2474 1325 2474 896 2475 1307 2475 1303 2475 830 2476 1357 2476 789 2476 830 2477 1325 2477 1357 2477 853 2478 1307 2478 896 2478 853 2479 850 2479 1307 2479 826 2480 1385 2480 1383 2480 826 2481 1383 2481 823 2481 829 2482 1363 2482 830 2482 829 2483 1371 2483 1363 2483 824 2484 1359 2484 820 2484 829 2485 1376 2485 1371 2485 824 2486 1367 2486 1359 2486 832 2487 1368 2487 1367 2487 844 2488 1385 2488 826 2488 844 2489 842 2489 1385 2489 799 2490 1374 2490 1384 2490 832 2491 1367 2491 824 2491 799 2492 793 2492 1374 2492 904 2493 1380 2493 1362 2493 836 2494 835 2494 1370 2494 836 2495 1376 2495 829 2495 904 2496 1362 2496 892 2496 836 2497 1370 2497 1376 2497 792 2498 830 2498 789 2498 821 2499 820 2499 1380 2499 821 2500 1380 2500 904 2500 1386 2501 1323 2501 1378 2501 847 2502 844 2502 826 2502 1386 2503 1379 2503 803 2503 1386 2504 1378 2504 1379 2504 783 2505 1356 2505 811 2505 783 2506 1361 2506 1356 2506 843 2507 787 2507 1368 2507 783 2508 782 2508 1361 2508 843 2509 1368 2509 832 2509 802 2510 1386 2510 803 2510 802 2511 1323 2511 1386 2511 802 2512 806 2512 1323 2512 813 2513 799 2513 1384 2513 813 2514 1384 2514 1340 2514 797 2515 1373 2515 1375 2515 813 2516 1340 2516 842 2516 797 2517 796 2517 1373 2517 797 2518 1375 2518 815 2518 781 2519 783 2519 811 2519 785 2520 787 2520 843 2520 923 2521 922 2521 1387 2521 922 2522 1388 2522 1387 2522 1388 2523 1389 2523 1387 2523 1387 2524 1389 2524 1390 2524 1388 2525 1391 2525 1392 2525 1390 2526 1389 2526 1392 2526 1389 2527 1388 2527 1392 2527 1390 2528 1392 2528 1393 2528 1392 2529 1391 2529 1394 2529 1392 2530 1394 2530 1395 2530 1393 2531 1392 2531 1395 2531 1391 2532 1396 2532 1397 2532 1395 2533 1394 2533 1397 2533 1394 2534 1391 2534 1397 2534 928 2535 923 2535 1398 2535 923 2536 1387 2536 1398 2536 1395 2537 1397 2537 1399 2537 1387 2538 1390 2538 1400 2538 1398 2539 1387 2539 1400 2539 928 2540 1398 2540 1401 2540 928 2541 1401 2541 1402 2541 928 2542 1402 2542 1403 2542 1398 2543 1400 2543 1404 2543 1401 2544 1398 2544 1404 2544 1402 2545 1401 2545 1405 2545 1403 2546 1402 2546 1405 2546 1401 2547 1404 2547 1405 2547 928 2548 1403 2548 1406 2548 928 2549 1406 2549 1407 2549 1403 2550 1405 2550 1408 2550 1397 2551 1396 2551 1409 2551 1406 2552 1403 2552 1410 2552 1403 2553 1408 2553 1410 2553 1406 2554 1410 2554 1411 2554 1407 2555 1406 2555 1411 2555 1396 2556 1412 2556 1413 2556 1409 2557 1396 2557 1413 2557 946 2558 928 2558 1414 2558 1407 2559 1411 2559 1414 2559 928 2560 1407 2560 1414 2560 1415 2561 946 2561 1416 2561 946 2562 1414 2562 1416 2562 1390 2563 1393 2563 1417 2563 1400 2564 1390 2564 1417 2564 1397 2565 1409 2565 1418 2565 1399 2566 1397 2566 1418 2566 1409 2567 1413 2567 1419 2567 1418 2568 1409 2568 1419 2568 1411 2569 1420 2569 1421 2569 1414 2570 1411 2570 1421 2570 1421 2571 1420 2571 1422 2571 1420 2572 1415 2572 1422 2572 1415 2573 1416 2573 1422 2573 1416 2574 1414 2574 1422 2574 1414 2575 1421 2575 1422 2575 1417 2576 1393 2576 1423 2576 1393 2577 1395 2577 1423 2577 1400 2578 1417 2578 1424 2578 1404 2579 1400 2579 1424 2579 1404 2580 1424 2580 1425 2580 1405 2581 1404 2581 1425 2581 1408 2582 1405 2582 1425 2582 1408 2583 1425 2583 1426 2583 1410 2584 1408 2584 1427 2584 1408 2585 1426 2585 1427 2585 1420 2586 1411 2586 1428 2586 1410 2587 1427 2587 1428 2587 1411 2588 1410 2588 1428 2588 1417 2589 1423 2589 1429 2589 1424 2590 1417 2590 1429 2590 1423 2591 1395 2591 1430 2591 1395 2592 1399 2592 1430 2592 1424 2593 1429 2593 1431 2593 1425 2594 1424 2594 1431 2594 1432 2595 1420 2595 1433 2595 1425 2596 1431 2596 1433 2596 1426 2597 1425 2597 1433 2597 1420 2598 1428 2598 1433 2598 1427 2599 1426 2599 1433 2599 1428 2600 1427 2600 1433 2600 1429 2601 1423 2601 1434 2601 1431 2602 1429 2602 1434 2602 1423 2603 1430 2603 1434 2603 1431 2604 1434 2604 1435 2604 1436 2605 1432 2605 1437 2605 1435 2606 1436 2606 1437 2606 1432 2607 1433 2607 1437 2607 1433 2608 1431 2608 1437 2608 1431 2609 1435 2609 1437 2609 1413 2610 1412 2610 1438 2610 1419 2611 1413 2611 1438 2611 1438 2612 1412 2612 1439 2612 1430 2613 1399 2613 1440 2613 1399 2614 1418 2614 1440 2614 1418 2615 1419 2615 1441 2615 1440 2616 1418 2616 1441 2616 1434 2617 1430 2617 1442 2617 1430 2618 1440 2618 1442 2618 1436 2619 1435 2619 1443 2619 1435 2620 1434 2620 1443 2620 1434 2621 1442 2621 1443 2621 1440 2622 1441 2622 1444 2622 1442 2623 1440 2623 1444 2623 1436 2624 1443 2624 1445 2624 1443 2625 1442 2625 1445 2625 1442 2626 1444 2626 1445 2626 1412 2627 1446 2627 1447 2627 1439 2628 1412 2628 1447 2628 1447 2629 1446 2629 1448 2629 1447 2630 1448 2630 1449 2630 1446 2631 1450 2631 1451 2631 1448 2632 1446 2632 1451 2632 1441 2633 1419 2633 1452 2633 1419 2634 1438 2634 1452 2634 1448 2635 1451 2635 1453 2635 1449 2636 1448 2636 1453 2636 1452 2637 1438 2637 1454 2637 1438 2638 1439 2638 1454 2638 1454 2640 1456 2640 1455 2640 1441 2641 1452 2641 1455 2641 1452 2642 1454 2642 1455 2642 1436 2643 1445 2643 1455 2643 1444 2644 1441 2644 1455 2644 1445 2645 1444 2645 1455 2645 1451 2646 1450 2646 1457 2646 1453 2647 1451 2647 1457 2647 1457 2648 1450 2648 1458 2648 1454 2649 1439 2649 1459 2649 1439 2650 1447 2650 1459 2650 1453 2651 1457 2651 1460 2651 1457 2652 1458 2652 1460 2652 1460 2653 1458 2653 1461 2653 1459 2654 1447 2654 1462 2654 1447 2655 1449 2655 1462 2655 1456 2656 1454 2656 1463 2656 1464 2657 1456 2657 1463 2657 1454 2658 1459 2658 1463 2658 1450 2659 1465 2659 1466 2659 1458 2660 1450 2660 1466 2660 1463 2661 1459 2661 1467 2661 1459 2662 1462 2662 1467 2662 1468 2663 1464 2663 1469 2663 1464 2665 1463 2665 1469 2665 1462 2666 1449 2666 1470 2666 1449 2667 1453 2667 1470 2667 1461 2668 1458 2668 1471 2668 1458 2669 1466 2669 1471 2669 1466 2670 1465 2670 1472 2670 1467 2671 1462 2671 1473 2671 1462 2672 1470 2672 1473 2672 1468 2673 1469 2673 1474 2673 1469 2674 1467 2674 1474 2674 1467 2675 1473 2675 1474 2675 1471 2676 1466 2676 1475 2676 1466 2677 1472 2677 1475 2677 1465 2678 301 2678 1476 2678 1472 2679 1465 2679 1476 2679 1475 2680 1472 2680 1476 2680 1470 2681 1453 2681 1477 2681 1453 2682 1460 2682 1477 2682 1477 2683 1460 2683 1478 2683 1460 2684 1461 2684 1478 2684 1476 2685 301 2685 1479 2685 1475 2686 1476 2686 1479 2686 1470 2687 1477 2687 1480 2687 1473 2688 1470 2688 1480 2688 1468 2689 1474 2689 1481 2689 1474 2690 1473 2690 1481 2690 1473 2691 1480 2691 1481 2691 1477 2692 1478 2692 1482 2692 1480 2693 1477 2693 1482 2693 1481 2694 1480 2694 1482 2694 1481 2695 1482 2695 1483 2695 1468 2696 1481 2696 1484 2696 1481 2697 1483 2697 1484 2697 1484 2698 1483 2698 1485 2698 1486 2699 1468 2699 1487 2699 1485 2700 1486 2700 1487 2700 1468 2701 1484 2701 1487 2701 1484 2702 1485 2702 1487 2702 1461 2703 1471 2703 1488 2703 1478 2704 1461 2704 1488 2704 1482 2705 1478 2705 1489 2705 1478 2706 1488 2706 1489 2706 1482 2707 1489 2707 1490 2707 1483 2708 1482 2708 1490 2708 1483 2709 1490 2709 1491 2709 1485 2710 1483 2710 1491 2710 1471 2711 1475 2711 1492 2711 1488 2712 1471 2712 1492 2712 1475 2713 1479 2713 1492 2713 1485 2714 1491 2714 1493 2714 1485 2715 1493 2715 1494 2715 1486 2716 1485 2716 1494 2716 1495 2717 1486 2717 1496 2717 1486 2718 1494 2718 1496 2718 1492 2719 1479 2719 1497 2719 301 2720 307 2720 1497 2720 1479 2721 301 2721 1497 2721 1489 2722 1488 2722 1498 2722 1488 2723 1492 2723 1498 2723 1492 2724 1497 2724 1498 2724 1490 2725 1489 2725 1499 2725 1489 2726 1498 2726 1499 2726 1491 2727 1490 2727 1500 2727 1490 2728 1499 2728 1500 2728 1491 2729 1500 2729 1501 2729 1493 2730 1491 2730 1501 2730 1494 2731 1493 2731 1502 2731 1493 2732 1501 2732 1502 2732 1498 2733 1497 2733 1503 2733 1499 2734 1498 2734 1503 2734 1497 2735 307 2735 1503 2735 1500 2736 1499 2736 1504 2736 1503 2737 307 2737 1504 2737 1499 2738 1503 2738 1504 2738 1501 2739 1500 2739 1505 2739 1504 2740 307 2740 1505 2740 1500 2741 1504 2741 1505 2741 1496 2742 1494 2742 1506 2742 1494 2743 1502 2743 1506 2743 1507 2744 1495 2744 1508 2744 1495 2745 1496 2745 1508 2745 1496 2746 1506 2746 1508 2746 1505 2747 307 2747 1509 2747 1502 2748 1501 2748 1509 2748 1501 2749 1505 2749 1509 2749 1506 2750 1502 2750 1510 2750 1509 2751 307 2751 1510 2751 1502 2752 1509 2752 1510 2752 1508 2753 1506 2753 1511 2753 1510 2754 307 2754 1511 2754 1506 2755 1510 2755 1511 2755 1511 2756 307 2756 1512 2756 1508 2757 1511 2757 1512 2757 307 2758 1507 2758 1513 2758 1507 2759 1508 2759 1513 2759 1512 2760 307 2760 1513 2760 1508 2761 1512 2761 1513 2761 1514 2762 1515 2762 1516 2762 1514 2763 1516 2763 1517 2763 1518 2764 1519 2764 1520 2764 1521 2765 1522 2765 1523 2765 1521 2766 1523 2766 1524 2766 1525 2767 1524 2767 1526 2767 1525 2768 1521 2768 1524 2768 1527 2769 1528 2769 1515 2769 1527 2770 1520 2770 1528 2770 1529 2771 1530 2771 1531 2771 1529 2772 1531 2772 1532 2772 1529 2773 1533 2773 1530 2773 1534 2774 1517 2774 1522 2774 1534 2775 1514 2775 1517 2775 1535 2776 1533 2776 1529 2776 1536 2777 1520 2777 1527 2777 1536 2778 1518 2778 1520 2778 1537 2779 1532 2779 1538 2779 1537 2780 1535 2780 1529 2780 1537 2781 1529 2781 1532 2781 1539 2782 1535 2782 1537 2782 1540 2783 1541 2783 1542 2783 1540 2784 1543 2784 1544 2784 1540 2785 1542 2785 1545 2785 1540 2786 1545 2786 1543 2786 1546 2787 1539 2787 1537 2787 1546 2788 1538 2788 1547 2788 1546 2789 1537 2789 1538 2789 1548 2790 1539 2790 1546 2790 1549 2791 1527 2791 1515 2791 1549 2792 1536 2792 1527 2792 1549 2793 1515 2793 1514 2793 1550 2794 1541 2794 1540 2794 1550 2795 1540 2795 1544 2795 1550 2796 1526 2796 1541 2796 1551 2797 1536 2797 1549 2797 1552 2798 1546 2798 1547 2798 1553 2799 1554 2799 1370 2799 1555 2800 1548 2800 1546 2800 1553 2801 1370 2801 835 2801 1555 2802 1546 2802 1552 2802 1556 2803 1557 2803 1554 2803 1558 2804 1521 2804 1525 2804 1556 2805 1554 2805 1553 2805 1558 2806 1522 2806 1521 2806 1559 2807 1556 2807 1553 2807 1559 2808 1553 2808 835 2808 1560 2809 1556 2809 1559 2809 1561 2810 1555 2810 1552 2810 1561 2811 1552 2811 1547 2811 1561 2812 1547 2812 1519 2812 1561 2813 1519 2813 1518 2813 1562 2814 835 2814 1015 2814 1562 2815 1559 2815 835 2815 1562 2816 1560 2816 1559 2816 1563 2817 1549 2817 1514 2817 1563 2818 1551 2818 1549 2818 1563 2819 1514 2819 1534 2819 1564 2820 1560 2820 1562 2820 1565 2821 1555 2821 1561 2821 1566 2822 1564 2822 1562 2822 1566 2823 1562 2823 1015 2823 1567 2824 1558 2824 1525 2824 1568 2825 1564 2825 1566 2825 1569 2826 1551 2826 1563 2826 1570 2827 1015 2827 1069 2827 1571 2828 1522 2828 1558 2828 1570 2829 1566 2829 1015 2829 1571 2830 1534 2830 1522 2830 1572 2831 1557 2831 1556 2831 1573 2832 1574 2832 1575 2832 1572 2833 1556 2833 1560 2833 1576 2834 1566 2834 1570 2834 1573 2835 1575 2835 1533 2835 1576 2836 1568 2836 1566 2836 1577 2837 726 2837 1574 2837 1577 2838 1574 2838 1573 2838 1578 2839 1570 2839 1069 2839 1579 2840 1563 2840 1534 2840 1578 2841 1576 2841 1570 2841 1579 2842 1569 2842 1563 2842 1579 2843 1534 2843 1571 2843 1580 2844 1581 2844 1557 2844 1580 2845 1557 2845 1572 2845 1582 2846 1576 2846 1578 2846 1583 2847 1561 2847 1518 2847 1583 2848 1565 2848 1561 2848 1584 2849 1560 2849 1564 2849 1584 2850 1572 2850 1560 2850 1585 2851 1558 2851 1567 2851 1585 2852 1571 2852 1558 2852 1586 2853 1565 2853 1583 2853 1587 2854 1069 2854 1075 2854 1587 2855 1578 2855 1069 2855 1587 2856 1582 2856 1578 2856 1588 2857 1564 2857 1568 2857 1589 2858 1569 2858 1579 2858 1588 2859 1584 2859 1564 2859 1590 2860 1582 2860 1587 2860 1591 2861 1536 2861 1551 2861 1591 2862 1583 2862 1518 2862 1591 2863 1518 2863 1536 2863 1592 2864 1584 2864 1588 2864 1592 2865 1572 2865 1584 2865 1592 2866 1580 2866 1572 2866 1593 2867 1586 2867 1583 2867 1593 2868 1583 2868 1591 2868 1594 2869 1592 2869 1588 2869 1595 2870 1533 2870 1535 2870 1596 2871 1587 2871 1075 2871 1595 2872 1577 2872 1573 2872 1595 2873 1573 2873 1533 2873 1597 2874 1588 2874 1568 2874 1597 2875 1594 2875 1588 2875 1598 2876 178 2876 726 2876 1598 2877 1577 2877 1595 2877 1597 2878 1568 2878 1576 2878 1598 2879 726 2879 1577 2879 1599 2880 1544 2880 1600 2880 1599 2881 1550 2881 1544 2881 1599 2882 1526 2882 1550 2882 1601 2883 1587 2883 1596 2883 1601 2884 1590 2884 1587 2884 1602 2885 1594 2885 1597 2885 1603 2886 1535 2886 1539 2886 1603 2887 1595 2887 1535 2887 1603 2888 1598 2888 1595 2888 1604 2889 1597 2889 1576 2889 1605 2890 178 2890 1598 2890 1605 2891 1598 2891 1603 2891 1604 2892 1576 2892 1582 2892 1606 2893 1526 2893 1599 2893 1607 2894 1580 2894 1592 2894 1606 2895 1599 2895 1600 2895 1606 2896 1525 2896 1526 2896 1607 2897 1581 2897 1580 2897 1608 2898 1601 2898 1596 2898 1608 2899 1596 2899 1075 2899 1608 2900 1075 2900 800 2900 1609 2901 1591 2901 1551 2901 1609 2902 1593 2902 1591 2902 1610 2903 1548 2903 1555 2903 1611 2904 1604 2904 1582 2904 1611 2905 1582 2905 1590 2905 1610 2906 1539 2906 1548 2906 1612 2907 1602 2907 1597 2907 1612 2908 1597 2908 1604 2908 1612 2909 1604 2909 1611 2909 1610 2910 1603 2910 1539 2910 1610 2911 1605 2911 1603 2911 1613 2912 1605 2912 1610 2912 1614 2913 1601 2913 1608 2913 1613 2914 254 2914 178 2914 1613 2915 178 2915 1605 2915 1615 2916 1616 2916 1581 2916 1615 2917 1581 2917 1607 2917 1617 2918 1593 2918 1609 2918 1618 2919 1612 2919 1611 2919 1619 2920 1590 2920 1601 2920 1619 2921 1611 2921 1590 2921 1620 2922 1610 2922 1555 2922 1621 2923 1607 2923 1592 2923 1621 2924 1592 2924 1594 2924 1622 2925 1579 2925 1571 2925 1622 2926 1571 2926 1585 2926 1621 2927 1615 2927 1607 2927 1622 2928 1589 2928 1579 2928 1623 2929 1610 2929 1620 2929 1624 2930 1608 2930 800 2930 1623 2931 254 2931 1613 2931 1624 2932 1614 2932 1608 2932 1623 2933 1613 2933 1610 2933 1625 2934 1589 2934 1622 2934 1626 2935 1621 2935 1594 2935 1627 2936 1622 2936 1585 2936 1627 2937 1625 2937 1622 2937 1626 2938 1594 2938 1602 2938 1628 2939 1551 2939 1569 2939 1629 2940 1614 2940 1624 2940 1628 2941 1569 2941 1589 2941 1630 2942 1618 2942 1611 2942 1628 2943 1609 2943 1551 2943 1630 2944 1611 2944 1619 2944 1631 2945 1615 2945 1621 2945 1631 2946 1621 2946 1626 2946 1632 2947 1609 2947 1628 2947 1633 2948 1619 2948 1601 2948 1632 2949 1617 2949 1609 2949 1633 2950 1601 2950 1614 2950 1634 2951 1623 2951 1620 2951 1634 2952 1620 2952 1555 2952 1635 2953 800 2953 886 2953 1634 2954 1555 2954 1565 2954 1635 2955 1624 2955 800 2955 1634 2956 1565 2956 1586 2956 1635 2957 1629 2957 1624 2957 1636 2958 508 2958 254 2958 1636 2959 254 2959 1623 2959 1636 2960 1623 2960 1634 2960 1637 2961 1631 2961 1626 2961 1638 2962 1625 2962 1627 2962 1639 2963 1628 2963 1589 2963 1640 2964 1629 2964 1635 2964 1639 2965 1589 2965 1625 2965 1641 2966 1626 2966 1602 2966 1639 2967 1632 2967 1628 2967 1641 2968 1637 2968 1626 2968 1642 2969 1632 2969 1639 2969 1643 2970 1619 2970 1633 2970 1643 2971 1630 2971 1619 2971 1644 2972 1634 2972 1586 2972 1644 2973 1636 2973 1634 2973 1645 2974 1637 2974 1641 2974 1646 2975 1602 2975 1612 2975 1647 2976 1636 2976 1644 2976 1646 2977 1612 2977 1618 2977 1647 2978 508 2978 1636 2978 1648 2979 1525 2979 1606 2979 1646 2980 1641 2980 1602 2980 1648 2981 1600 2981 1649 2981 1648 2982 1606 2982 1600 2982 1648 2983 1567 2983 1525 2983 1650 2984 1614 2984 1629 2984 1650 2985 1633 2985 1614 2985 1651 2986 1593 2986 1617 2986 1650 2987 1643 2987 1633 2987 1651 2988 1644 2988 1586 2988 1651 2989 1586 2989 1593 2989 1652 2990 1616 2990 1615 2990 1652 2991 1615 2991 1631 2991 1653 2992 219 2992 508 2992 1653 2993 508 2993 1647 2993 1653 2994 1647 2994 1644 2994 1653 2995 1644 2995 1651 2995 1654 2996 1646 2996 1618 2996 1655 2997 1627 2997 1585 2997 1655 2998 1585 2998 1567 2998 1655 2999 1648 2999 1649 2999 1655 3000 1567 3000 1648 3000 1656 3001 1645 3001 1641 3001 1657 3002 1651 3002 1617 3002 1656 3003 1641 3003 1646 3003 1657 3004 1653 3004 1651 3004 1658 3005 219 3005 1653 3005 1658 3006 1653 3006 1657 3006 1659 3007 1643 3007 1650 3007 1660 3008 1625 3008 1638 3008 1660 3009 1639 3009 1625 3009 1660 3010 1642 3010 1639 3010 1661 3011 1662 3011 1616 3011 1661 3012 1616 3012 1652 3012 1663 3013 1646 3013 1654 3013 1664 3014 1642 3014 1660 3014 1663 3015 1656 3015 1646 3015 1665 3016 1660 3016 1638 3016 1666 3017 1650 3017 1629 3017 1666 3018 1629 3018 1640 3018 1667 3019 1664 3019 1660 3019 1667 3020 1660 3020 1665 3020 1668 3021 1618 3021 1630 3021 1668 3022 1654 3022 1618 3022 1668 3023 1663 3023 1654 3023 1669 3024 1617 3024 1632 3024 1669 3025 1657 3025 1617 3025 1670 3026 1652 3026 1631 3026 1669 3027 1632 3027 1642 3027 1669 3028 1658 3028 1657 3028 1670 3029 1631 3029 1637 3029 1671 3030 220 3030 219 3030 1671 3031 219 3031 1658 3031 1672 3032 1635 3032 886 3032 1671 3033 1658 3033 1669 3033 1673 3034 1671 3034 1669 3034 1673 3035 1669 3035 1642 3035 1672 3036 1640 3036 1635 3036 1673 3037 1642 3037 1664 3037 1674 3038 1670 3038 1637 3038 1675 3039 220 3039 1671 3039 1674 3040 1637 3040 1645 3040 1675 3041 1671 3041 1673 3041 1676 3042 1650 3042 1666 3042 1677 3043 1649 3043 1678 3043 1676 3044 1659 3044 1650 3044 1677 3045 1627 3045 1655 3045 1677 3046 1655 3046 1649 3046 1677 3047 1638 3047 1627 3047 1679 3048 1638 3048 1677 3048 1679 3049 1678 3049 1680 3049 1681 3050 1676 3050 1666 3050 1679 3051 1677 3051 1678 3051 1681 3052 1666 3052 1640 3052 1679 3053 1665 3053 1638 3053 1682 3054 1673 3054 1664 3054 1682 3055 1664 3055 1667 3055 1683 3056 1663 3056 1668 3056 1684 3057 402 3057 220 3057 1684 3058 1675 3058 1673 3058 1684 3059 1673 3059 1682 3059 1685 3060 1652 3060 1670 3060 1684 3061 220 3061 1675 3061 1685 3062 1661 3062 1652 3062 1686 3063 1681 3063 1640 3063 1687 3064 1682 3064 1667 3064 1686 3065 1640 3065 1672 3065 1687 3066 1684 3066 1682 3066 1688 3067 482 3067 402 3067 1688 3068 402 3068 1684 3068 1689 3069 1668 3069 1630 3069 1688 3070 1684 3070 1687 3070 1689 3071 1643 3071 1659 3071 1690 3072 1679 3072 1680 3072 1690 3073 1665 3073 1679 3073 1689 3074 1630 3074 1643 3074 1691 3075 886 3075 1041 3075 1691 3076 1686 3076 1672 3076 1692 3077 1680 3077 1693 3077 1692 3078 1665 3078 1690 3078 1691 3079 1672 3079 886 3079 1692 3080 1690 3080 1680 3080 1692 3081 1667 3081 1665 3081 1694 3082 1687 3082 1667 3082 1695 3083 1686 3083 1691 3083 1694 3084 1688 3084 1687 3084 1694 3085 1667 3085 1692 3085 1694 3086 1692 3086 1693 3086 1696 3087 1676 3087 1681 3087 1697 3088 482 3088 1688 3088 1697 3089 1688 3089 1694 3089 1697 3090 1693 3090 482 3090 1697 3091 1694 3091 1693 3091 1698 3092 1670 3092 1674 3092 1698 3093 1685 3093 1670 3093 1699 3094 1674 3094 1645 3094 1699 3095 1645 3095 1656 3095 1700 3096 1683 3096 1668 3096 1700 3097 1668 3097 1689 3097 1701 3098 1674 3098 1699 3098 1701 3099 1698 3099 1674 3099 1702 3100 1656 3100 1663 3100 1702 3101 1699 3101 1656 3101 1703 3102 1689 3102 1659 3102 1703 3103 1700 3103 1689 3103 1704 3104 1663 3104 1683 3104 1704 3105 1702 3105 1663 3105 1705 3106 1701 3106 1699 3106 1705 3107 1699 3107 1702 3107 1706 3108 1700 3108 1703 3108 1707 3109 1662 3109 1661 3109 1707 3110 1661 3110 1685 3110 1708 3111 1575 3111 1662 3111 1708 3112 1662 3112 1707 3112 1709 3113 1702 3113 1704 3113 1709 3114 1705 3114 1702 3114 1710 3115 1659 3115 1676 3115 1710 3116 1676 3116 1696 3116 1710 3117 1703 3117 1659 3117 1711 3118 1704 3118 1683 3118 1711 3119 1683 3119 1700 3119 1712 3120 1681 3120 1686 3120 1712 3121 1686 3121 1695 3121 1713 3122 1685 3122 1698 3122 1713 3123 1707 3123 1685 3123 1713 3124 1708 3124 1707 3124 1542 3125 1712 3125 1695 3125 1714 3126 1706 3126 1703 3126 1714 3127 1703 3127 1710 3127 1715 3128 1714 3128 1710 3128 1715 3129 1710 3129 1696 3129 1716 3130 1704 3130 1711 3130 1716 3131 1709 3131 1704 3131 1717 3132 1696 3132 1681 3132 1717 3133 1712 3133 1542 3133 1717 3134 1681 3134 1712 3134 1531 3135 1708 3135 1713 3135 1718 3136 1711 3136 1700 3136 1718 3137 1700 3137 1706 3137 1719 3138 1531 3138 1713 3138 1719 3139 1698 3139 1701 3139 1719 3140 1713 3140 1698 3140 1541 3141 1717 3141 1542 3141 1523 3142 1714 3142 1715 3142 1532 3143 1531 3143 1719 3143 1528 3144 1711 3144 1718 3144 1528 3145 1716 3145 1711 3145 1720 3146 1719 3146 1701 3146 1720 3147 1532 3147 1719 3147 1720 3148 1701 3148 1705 3148 1538 3149 1532 3149 1720 3149 1516 3150 1718 3150 1706 3150 1516 3151 1528 3151 1718 3151 1516 3152 1706 3152 1714 3152 1721 3153 1538 3153 1720 3153 1721 3154 1720 3154 1705 3154 1721 3155 1705 3155 1709 3155 1547 3156 1538 3156 1721 3156 1515 3157 1528 3157 1516 3157 1545 3158 1041 3158 1543 3158 1545 3159 1691 3159 1041 3159 1545 3160 1542 3160 1695 3160 1545 3161 1695 3161 1691 3161 1722 3162 1709 3162 1716 3162 1722 3163 1721 3163 1709 3163 1722 3164 1547 3164 1721 3164 1519 3165 1547 3165 1722 3165 1517 3166 1516 3166 1714 3166 1517 3167 1714 3167 1523 3167 1530 3168 1708 3168 1531 3168 1530 3169 1575 3169 1708 3169 1533 3170 1575 3170 1530 3170 1524 3171 1715 3171 1696 3171 1524 3172 1717 3172 1541 3172 1524 3173 1523 3173 1715 3173 1524 3174 1696 3174 1717 3174 1520 3175 1722 3175 1716 3175 1520 3176 1519 3176 1722 3176 1520 3177 1716 3177 1528 3177 1526 3178 1524 3178 1541 3178 1522 3179 1517 3179 1523 3179 1277 3180 1120 3180 1723 3180 1723 3181 1724 3181 1725 3181 1279 3182 1277 3182 1725 3182 1277 3183 1723 3183 1725 3183 1725 3184 1724 3184 1726 3184 1724 3185 1727 3185 1728 3185 1726 3186 1724 3186 1728 3186 1727 3187 1729 3187 1730 3187 1728 3188 1727 3188 1730 3188 1729 3189 1731 3189 1732 3189 1730 3190 1729 3190 1732 3190 1731 3191 1733 3191 1734 3191 1732 3192 1731 3192 1734 3192 1735 3193 1736 3193 457 3193 1736 3194 442 3194 457 3194 1733 3195 1735 3195 1737 3195 1735 3196 457 3196 1737 3196 1734 3197 1733 3197 1737 3197 1737 3198 457 3198 184 3198 1099 3199 120 3199 1191 3199 111 3200 120 3200 1099 3200 1014 3201 111 3201 1099 3201 3 3202 1723 3202 1120 3202 107 3203 111 3203 1014 3203 3 3204 1724 3204 1723 3204 103 3205 1120 3205 1118 3205 1000 3206 107 3206 1014 3206 5 3207 1724 3207 3 3207 100 3208 107 3208 1000 3208 947 3209 100 3209 1000 3209 1727 3210 1724 3210 5 3210 97 3211 1118 3211 1115 3211 97 3212 103 3212 1118 3212 89 3213 100 3213 947 3213 7 3214 1727 3214 5 3214 102 3215 97 3215 1115 3215 946 3216 89 3216 947 3216 1110 3217 102 3217 1115 3217 946 3218 82 3218 89 3218 1729 3219 1727 3219 7 3219 123 3220 102 3220 1110 3220 9 3221 1729 3221 7 3221 1415 3222 139 3222 82 3222 1415 3223 82 3223 946 3223 1086 3224 123 3224 1110 3224 118 3225 123 3225 1086 3225 1059 3226 118 3226 1086 3226 1420 3227 141 3227 139 3227 108 3228 118 3228 1059 3228 1420 3229 139 3229 1415 3229 987 3230 108 3230 1059 3230 1432 3231 141 3231 1420 3231 96 3232 987 3232 962 3232 96 3233 108 3233 987 3233 79 3234 96 3234 962 3234 144 3235 141 3235 1432 3235 901 3236 79 3236 962 3236 1436 3237 144 3237 1432 3237 136 3238 79 3238 901 3238 136 3239 901 3239 889 3239 133 3240 136 3240 889 3240 1456 3241 148 3241 144 3241 1456 3242 144 3242 1436 3242 103 3243 1 3243 1120 3243 1120 3244 1 3244 3 3244 811 3245 133 3245 889 3245 131 3246 133 3246 811 3246 1356 3247 131 3247 811 3247 129 3248 131 3248 1356 3248 1321 3249 129 3249 1356 3249 125 3250 129 3250 1321 3250 1191 3251 125 3251 1321 3251 120 3252 125 3252 1191 3252 1486 3253 152 3253 1468 3253 1731 3254 1729 3254 9 3254 156 3255 152 3255 1486 3255 10 3256 1731 3256 9 3256 613 3257 37 3257 33 3257 613 3258 678 3258 37 3258 1733 3259 1731 3259 10 3259 1495 3260 156 3260 1486 3260 12 3261 1733 3261 10 3261 158 3262 156 3262 1495 3262 1735 3263 1733 3263 12 3263 521 3264 33 3264 43 3264 521 3265 613 3265 33 3265 14 3266 1735 3266 12 3266 1736 3267 1735 3267 14 3267 16 3268 1736 3268 14 3268 442 3269 1736 3269 16 3269 1507 3270 63 3270 158 3270 47 3271 442 3271 16 3271 1507 3272 158 3272 1495 3272 443 3273 442 3273 47 3273 54 3274 443 3274 47 3274 432 3275 54 3275 56 3275 429 3276 43 3276 38 3276 429 3277 521 3277 43 3277 432 3278 443 3278 54 3278 59 3279 432 3279 56 3279 353 3280 38 3280 27 3280 353 3281 429 3281 38 3281 416 3282 432 3282 59 3282 307 3283 63 3283 1507 3283 66 3284 416 3284 59 3284 306 3285 71 3285 63 3285 306 3286 31 3286 71 3286 304 3287 416 3287 66 3287 306 3288 63 3288 307 3288 69 3289 304 3289 66 3289 325 3290 27 3290 31 3290 325 3291 353 3291 27 3291 325 3292 31 3292 306 3292 294 3293 304 3293 69 3293 74 3294 294 3294 69 3294 270 3295 294 3295 74 3295 19 3296 270 3296 74 3296 242 3297 270 3297 19 3297 25 3298 242 3298 19 3298 186 3299 242 3299 25 3299 46 3300 186 3300 25 3300 767 3301 186 3301 46 3301 1464 3302 148 3302 1456 3302 64 3303 767 3303 46 3303 152 3304 148 3304 1464 3304 744 3305 767 3305 64 3305 1468 3306 152 3306 1464 3306 37 3307 744 3307 64 3307 678 3308 744 3308 37 3308 1543 3309 1738 3309 1739 3309 1740 3310 1741 3310 183 3310 1741 3311 184 3311 183 3311 1543 3312 1739 3312 1544 3312 1742 3313 1740 3313 257 3313 1740 3314 183 3314 257 3314 1739 3315 1743 3315 1600 3315 1279 3316 1725 3316 1744 3316 1544 3317 1739 3317 1600 3317 1745 3318 1742 3318 373 3318 803 3319 1379 3319 1746 3319 1742 3320 257 3320 373 3320 1379 3321 1279 3321 1746 3321 1279 3322 1744 3322 1746 3322 1743 3323 1747 3323 1649 3323 1600 3324 1743 3324 1649 3324 1726 3325 1728 3325 1748 3325 1725 3326 1726 3326 1748 3326 1744 3327 1725 3327 1748 3327 1749 3328 1745 3328 426 3328 1745 3329 373 3329 426 3329 866 3330 803 3330 1750 3330 803 3331 1746 3331 1750 3331 1747 3332 1751 3332 1678 3332 1649 3333 1747 3333 1678 3333 1728 3334 1730 3334 1752 3334 1748 3335 1728 3335 1752 3335 1753 3336 1749 3336 462 3336 1749 3337 426 3337 462 3337 994 3338 937 3338 1754 3338 1751 3339 1755 3339 1680 3339 937 3340 866 3340 1754 3340 866 3341 1750 3341 1754 3341 1678 3342 1751 3342 1680 3342 1753 3343 462 3343 475 3343 1730 3344 1732 3344 1756 3344 1755 3345 1757 3345 1693 3345 1752 3346 1730 3346 1756 3346 1680 3347 1755 3347 1693 3347 1031 3348 994 3348 1758 3348 1757 3349 1753 3349 487 3349 1753 3350 475 3350 487 3350 994 3351 1754 3351 1758 3351 1757 3352 487 3352 482 3352 1693 3353 1757 3353 482 3353 1732 3354 1734 3354 1759 3354 1756 3355 1732 3355 1759 3355 1031 3356 1758 3356 1760 3356 1052 3357 1031 3357 1760 3357 1734 3358 1737 3358 1761 3358 1759 3359 1734 3359 1761 3359 1052 3360 1760 3360 1762 3360 1052 3361 1762 3361 1041 3361 1761 3362 1737 3362 1741 3362 1741 3363 1737 3363 184 3363 1041 3364 1762 3364 1738 3364 1041 3365 1738 3365 1543 3365 1763 3366 1764 3366 1765 3366 1766 3367 1763 3367 1767 3367 1765 3368 1768 3368 1769 3368 1763 3369 1765 3369 1769 3369 1767 3370 1763 3370 1769 3370 1770 3371 1767 3371 1771 3371 1769 3372 1772 3372 1773 3372 1774 3373 1771 3373 1775 3373 1767 3374 1769 3374 1775 3374 1771 3375 1767 3375 1775 3375 1776 3376 1777 3376 1778 3376 1779 3377 1776 3377 1778 3377 1773 3378 1779 3378 1778 3378 1780 3379 1775 3379 1778 3379 1769 3380 1773 3380 1778 3380 1775 3381 1769 3381 1778 3381 1781 3382 1780 3382 1782 3382 1780 3383 1778 3383 1782 3383 1782 3384 1778 3384 1783 3384 1778 3385 1784 3385 1785 3385 1786 3386 1783 3386 1787 3386 1778 3387 1785 3387 1787 3387 1783 3388 1778 3388 1787 3388 1755 3389 1751 3389 1783 3389 1755 3390 1783 3390 1786 3390 1757 3391 1755 3391 1786 3391 1757 3392 1786 3392 1787 3392 1753 3393 1757 3393 1787 3393 1745 3394 1778 3394 1777 3394 1742 3395 1745 3395 1777 3395 1740 3396 1742 3396 1777 3396 1753 3397 1787 3397 1785 3397 1741 3398 1740 3398 1776 3398 1740 3399 1777 3399 1776 3399 1749 3400 1753 3400 1784 3400 1753 3401 1785 3401 1784 3401 1745 3402 1749 3402 1778 3402 1761 3403 1741 3403 1779 3403 1749 3404 1784 3404 1778 3404 1741 3405 1776 3405 1779 3405 1761 3406 1779 3406 1773 3406 1759 3407 1761 3407 1772 3407 1761 3408 1773 3408 1772 3408 1756 3409 1759 3409 1769 3409 1759 3410 1772 3410 1769 3410 1752 3411 1756 3411 1768 3411 1756 3412 1769 3412 1768 3412 1748 3413 1752 3413 1765 3413 1744 3414 1748 3414 1765 3414 1752 3415 1768 3415 1765 3415 1746 3416 1744 3416 1764 3416 1744 3417 1765 3417 1764 3417 1746 3418 1764 3418 1763 3418 1750 3419 1746 3419 1766 3419 1746 3420 1763 3420 1766 3420 1750 3421 1766 3421 1767 3421 1754 3422 1750 3422 1767 3422 1754 3423 1767 3423 1770 3423 1758 3424 1754 3424 1770 3424 1760 3425 1758 3425 1770 3425 1760 3426 1770 3426 1771 3426 1762 3427 1760 3427 1771 3427 1762 3428 1771 3428 1774 3428 1762 3429 1774 3429 1775 3429 1738 3430 1762 3430 1775 3430 1739 3431 1738 3431 1775 3431 1739 3432 1775 3432 1780 3432 1743 3433 1739 3433 1780 3433 1743 3434 1780 3434 1781 3434 1747 3435 1743 3435 1781 3435 1747 3436 1781 3436 1782 3436 1751 3437 1747 3437 1782 3437 1751 3438 1782 3438 1783 3438 1557 3439 1788 3439 1789 3439 1557 3440 1789 3440 1554 3440 1581 3441 1788 3441 1557 3441 1581 3442 1790 3442 1788 3442 1791 3443 1388 3443 922 3443 311 3444 1792 3444 1793 3444 311 3445 302 3445 1792 3445 1616 3446 1794 3446 1790 3446 1616 3447 1790 3447 1581 3447 1795 3448 922 3448 921 3448 1795 3449 1791 3449 922 3449 351 3450 311 3450 1793 3450 1796 3451 1391 3451 1388 3451 1796 3452 1388 3452 1791 3452 1662 3453 1794 3453 1616 3453 1797 3454 964 3454 1035 3454 1797 3455 921 3455 964 3455 1797 3456 1795 3456 921 3456 440 3457 1793 3457 1798 3457 440 3458 351 3458 1793 3458 1799 3459 1412 3459 1396 3459 1799 3460 1396 3460 1391 3460 600 3461 1798 3461 1800 3461 1799 3462 1391 3462 1796 3462 600 3463 440 3463 1798 3463 1575 3464 1801 3464 1794 3464 1575 3465 1794 3465 1662 3465 1802 3466 1035 3466 1138 3466 1802 3467 1797 3467 1035 3467 689 3468 1800 3468 1803 3468 689 3469 600 3469 1800 3469 1804 3470 1446 3470 1412 3470 1574 3471 1805 3471 1801 3471 1804 3472 1412 3472 1799 3472 1574 3473 1801 3473 1575 3473 1806 3474 1138 3474 1259 3474 1806 3475 1802 3475 1138 3475 721 3476 689 3476 1803 3476 726 3477 1803 3477 1805 3477 726 3478 721 3478 1803 3478 726 3479 1805 3479 1574 3479 1807 3480 1450 3480 1446 3480 1807 3481 1446 3481 1804 3481 1808 3482 1259 3482 1329 3482 1808 3483 1806 3483 1259 3483 1809 3484 1465 3484 1450 3484 1809 3485 1450 3485 1807 3485 1810 3486 1329 3486 1370 3486 1810 3487 1808 3487 1329 3487 1811 3488 1465 3488 1809 3488 301 3489 1465 3489 1811 3489 1789 3490 1810 3490 1370 3490 1812 3491 301 3491 1811 3491 1554 3492 1789 3492 1370 3492 302 3493 1812 3493 1792 3493 302 3494 301 3494 1812 3494 1813 3495 1814 3495 1815 3495 1816 3496 1813 3496 1817 3496 1818 3497 1819 3497 1820 3497 1818 3498 1820 3498 1821 3498 1818 3499 1821 3499 1822 3499 1818 3500 1822 3500 1814 3500 1818 3501 1816 3501 1823 3501 1818 3502 1814 3502 1813 3502 1818 3503 1813 3503 1816 3503 1824 3504 1819 3504 1818 3504 1825 3505 1826 3505 1827 3505 1828 3506 1819 3506 1824 3506 1829 3507 1828 3507 1830 3507 1829 3508 1827 3508 1831 3508 1829 3509 1831 3509 1832 3509 1829 3510 1832 3510 1819 3510 1829 3511 1819 3511 1828 3511 1833 3512 1834 3512 1835 3512 1833 3513 1835 3513 1825 3513 1836 3514 1829 3514 1837 3514 1836 3515 1825 3515 1827 3515 1836 3516 1827 3516 1829 3516 1836 3517 1833 3517 1825 3517 1826 3518 1825 3518 1792 3518 1826 3519 1792 3519 1812 3519 1826 3520 1812 3520 1811 3520 1827 3521 1826 3521 1811 3521 1819 3522 1804 3522 1799 3522 1827 3523 1811 3523 1809 3523 1831 3524 1827 3524 1809 3524 1820 3525 1799 3525 1796 3525 1820 3526 1819 3526 1799 3526 1832 3527 1809 3527 1807 3527 1832 3528 1831 3528 1809 3528 1821 3529 1796 3529 1791 3529 1821 3530 1820 3530 1796 3530 1819 3531 1807 3531 1804 3531 1819 3532 1832 3532 1807 3532 1822 3533 1791 3533 1795 3533 1822 3534 1821 3534 1791 3534 1814 3535 1795 3535 1797 3535 1814 3536 1822 3536 1795 3536 1815 3537 1797 3537 1802 3537 1815 3538 1814 3538 1797 3538 1813 3539 1802 3539 1806 3539 1813 3540 1815 3540 1802 3540 1817 3541 1806 3541 1808 3541 1817 3542 1813 3542 1806 3542 1816 3543 1808 3543 1810 3543 1816 3544 1817 3544 1808 3544 1823 3545 1810 3545 1789 3545 1823 3546 1816 3546 1810 3546 1818 3547 1789 3547 1788 3547 1818 3548 1823 3548 1789 3548 1824 3549 1788 3549 1790 3549 1824 3550 1818 3550 1788 3550 1828 3551 1824 3551 1790 3551 1828 3552 1790 3552 1794 3552 1830 3553 1828 3553 1794 3553 1830 3554 1794 3554 1801 3554 1829 3555 1830 3555 1801 3555 1829 3556 1801 3556 1805 3556 1837 3557 1829 3557 1805 3557 1836 3558 1837 3558 1805 3558 1836 3559 1805 3559 1803 3559 1836 3560 1803 3560 1800 3560 1833 3561 1836 3561 1800 3561 1833 3562 1800 3562 1798 3562 1834 3563 1833 3563 1798 3563 1835 3564 1834 3564 1798 3564 1835 3565 1798 3565 1793 3565 1835 3566 1793 3566 1792 3566 1825 3567 1835 3567 1792 3567 1838 3568 1839 3568 1840 3568 8 3569 1841 3569 1842 3569 1840 3570 1839 3570 1843 3570 8 3571 1842 3571 11 3571 11 3572 1842 3572 1844 3572 1840 3573 1843 3573 1845 3573 1846 3574 1847 3574 1848 3574 11 3575 1844 3575 13 3575 1848 3576 1847 3576 1849 3576 13 3577 1844 3577 1850 3577 1845 3578 1843 3578 1851 3578 13 3579 1850 3579 15 3579 1845 3580 1851 3580 1852 3580 15 3581 1850 3581 1853 3581 1848 3582 1849 3582 1854 3582 15 3583 1853 3583 17 3583 1854 3584 1849 3584 1855 3584 1852 3585 1851 3585 1856 3585 17 3586 1853 3586 21 3586 21 3587 1853 3587 1857 3587 1852 3588 1856 3588 1858 3588 1854 3589 1855 3589 1859 3589 1860 3590 1857 3590 1861 3590 1857 3591 1853 3591 1861 3591 1860 3592 1861 3592 1862 3592 1859 3593 1855 3593 1863 3593 1862 3594 1861 3594 1864 3594 1862 3595 1864 3595 1865 3595 1865 3596 1864 3596 1866 3596 1866 3597 1864 3597 1867 3597 1866 3598 1867 3598 1868 3598 1869 3599 1858 3599 1870 3599 1858 3600 1856 3600 1870 3600 1868 3601 1867 3601 1871 3601 1868 3602 1871 3602 1872 3602 1872 3603 1871 3603 1873 3603 1872 3604 1873 3604 1874 3604 1875 3605 1869 3605 1876 3605 1874 3606 1873 3606 1877 3606 1869 3607 1870 3607 1876 3607 1874 3608 1877 3608 1878 3608 1879 3609 1880 3609 1881 3609 1882 3610 1879 3610 1881 3610 1863 3611 1882 3611 1881 3611 1878 3612 1877 3612 1883 3612 1880 3613 1884 3613 1881 3613 1859 3614 1863 3614 1881 3614 1878 3615 1883 3615 1885 3615 1884 3616 1886 3616 1887 3616 1881 3617 1884 3617 1887 3617 1885 3618 1883 3618 1888 3618 1886 3619 1875 3619 1889 3619 1887 3620 1886 3620 1889 3620 1885 3621 1888 3621 1890 3621 1875 3622 1876 3622 1889 3622 1890 3623 1888 3623 1891 3623 1890 3624 1891 3624 1892 3624 1892 3625 1891 3625 1893 3625 1894 3626 1895 3626 1896 3626 1892 3627 1893 3627 1838 3627 1896 3628 1895 3628 1847 3628 1838 3629 1893 3629 1839 3629 1896 3630 1847 3630 1846 3630 1897 3631 1898 3631 1899 3631 1900 3632 1901 3632 1902 3632 1903 3633 1895 3633 1894 3633 1899 3634 1898 3634 1904 3634 1905 3635 1903 3635 1894 3635 1900 3636 1902 3636 1906 3636 1901 3637 0 3637 2 3637 1899 3638 1904 3638 1907 3638 113 3639 1901 3639 2 3639 1908 3640 1901 3640 113 3640 1902 3641 1901 3641 1908 3641 1907 3642 1904 3642 1909 3642 1910 3643 1900 3643 1911 3643 1900 3644 1906 3644 1911 3644 1907 3645 1909 3645 1912 3645 1912 3646 1909 3646 1913 3646 0 3647 1901 3647 1914 3647 1912 3648 1913 3648 1915 3648 1910 3649 1911 3649 1916 3649 1915 3650 1913 3650 1917 3650 0 3651 1914 3651 4 3651 1915 3652 1917 3652 1918 3652 1919 3653 1910 3653 1920 3653 1910 3654 1916 3654 1920 3654 1918 3655 1917 3655 1921 3655 4 3656 1914 3656 1922 3656 1919 3657 1920 3657 1923 3657 1921 3658 1924 3658 1925 3658 1918 3659 1921 3659 1925 3659 4 3660 1922 3660 6 3660 1919 3661 1923 3661 1926 3661 1925 3662 1924 3662 1927 3662 6 3663 1922 3663 1841 3663 1926 3664 1923 3664 1928 3664 6 3665 1841 3665 8 3665 1926 3666 1928 3666 1929 3666 1930 3667 1931 3667 1932 3667 1927 3668 1930 3668 1932 3668 1925 3669 1927 3669 1932 3669 1929 3670 1928 3670 1933 3670 1929 3671 1933 3671 1934 3671 1934 3672 1933 3672 1935 3672 1932 3673 1931 3673 1936 3673 1934 3674 1935 3674 1937 3674 1937 3675 1935 3675 1938 3675 1937 3676 1938 3676 1939 3676 1939 3677 1938 3677 1940 3677 1936 3678 1941 3678 1942 3678 1939 3679 1940 3679 1943 3679 1932 3680 1936 3680 1942 3680 1943 3681 1940 3681 1944 3681 1943 3682 1944 3682 1945 3682 1941 3683 1946 3683 1947 3683 1942 3684 1941 3684 1947 3684 1945 3685 1944 3685 1948 3685 1947 3686 1946 3686 1949 3686 1945 3687 1948 3687 1950 3687 1950 3688 1948 3688 1951 3688 1950 3689 1951 3689 1897 3689 1949 3690 1946 3690 1903 3690 1949 3691 1903 3691 1905 3691 1897 3692 1951 3692 1898 3692 1857 3693 23 3693 21 3693 1860 3694 1952 3694 23 3694 1860 3695 23 3695 1857 3695 1953 3696 1954 3696 1955 3696 1953 3697 1955 3697 1956 3697 1957 3698 1958 3698 1959 3698 1957 3699 1959 3699 1953 3699 1957 3700 1953 3700 1960 3700 1961 3701 1962 3701 1958 3701 1961 3702 1957 3702 1960 3702 1961 3703 1958 3703 1957 3703 1963 3704 1960 3704 1964 3704 1963 3705 49 3705 1962 3705 1963 3706 1961 3706 1960 3706 1963 3707 1962 3707 1961 3707 1965 3708 50 3708 49 3708 1965 3709 1964 3709 50 3709 1965 3710 49 3710 1963 3710 1965 3711 1963 3711 1964 3711 1966 3712 50 3712 1964 3712 1967 3713 24 3713 23 3713 1967 3714 22 3714 24 3714 1967 3715 32 3715 22 3715 1967 3716 36 3716 32 3716 1967 3717 40 3717 36 3717 1968 3718 40 3718 1967 3718 1969 3719 42 3719 40 3719 1969 3720 40 3720 1968 3720 1970 3721 1968 3721 1967 3721 1970 3722 1967 3722 23 3722 1971 3723 1969 3723 1968 3723 1971 3724 1968 3724 1970 3724 1972 3725 42 3725 1969 3725 1972 3726 1969 3726 1971 3726 1973 3727 42 3727 1972 3727 1974 3728 45 3728 42 3728 1974 3729 48 3729 45 3729 1974 3730 42 3730 1973 3730 1975 3731 1970 3731 23 3731 1976 3732 1971 3732 1970 3732 1976 3733 1970 3733 1975 3733 1977 3734 1972 3734 1971 3734 1977 3735 1971 3735 1976 3735 1954 3736 1973 3736 1972 3736 1954 3737 1972 3737 1977 3737 1959 3738 1973 3738 1954 3738 1959 3739 48 3739 1974 3739 1959 3740 1974 3740 1973 3740 1958 3741 48 3741 1959 3741 1962 3742 49 3742 48 3742 1962 3743 48 3743 1958 3743 1978 3744 23 3744 1952 3744 1978 3745 1975 3745 23 3745 1978 3746 1976 3746 1975 3746 1979 3747 1952 3747 1956 3747 1979 3748 1978 3748 1952 3748 1979 3749 1976 3749 1978 3749 1979 3750 1977 3750 1976 3750 1955 3751 1977 3751 1979 3751 1955 3752 1954 3752 1977 3752 1955 3753 1979 3753 1956 3753 1953 3754 1956 3754 1960 3754 1953 3755 1959 3755 1954 3755 1983 3757 1984 3757 1985 3757 2067 3839 2068 3839 2069 3839 2069 3863 2067 3863 2080 3863 2086 3879 1881 3879 2087 3879 2086 3883 2087 3883 2090 3883 2094 3894 2086 3894 2095 3894 2086 3896 2090 3896 2094 3896 2164 4036 2138 4036 2165 4036 2169 4043 2165 4043 2170 4043 2165 4046 2164 4046 2170 4046 2169 4097 2170 4097 2193 4097 2201 4117 2169 4117 2202 4117 2169 4118 2193 4118 2201 4118 2069 4121 2080 4121 2204 4121 2204 4123 2069 4123 2205 4123 2211 4134 2202 4134 2212 4134 2202 4136 2201 4136 2212 4136 2211 4180 2212 4180 2235 4180 2211 4187 2235 4187 2239 4187 2239 4188 2211 4188 2240 4188 2240 4226 2239 4226 2259 4226 2282 4276 2240 4276 2283 4276 2240 4278 2259 4278 2282 4278 1990 4280 2205 4280 1983 4280 1983 4321 1990 4321 1984 4321 1985 4422 1983 4422 2113 4422 2358 4456 2359 4456 2360 4456 2360 4457 2361 4457 2359 4457 2491 4694 2434 4694 2492 4694 2502 4715 2491 4715 2503 4715 2502 4719 2492 4719 2491 4719 2525 4774 2502 4774 2503 4774 2527 4776 2503 4776 2528 4776 2528 4779 2525 4779 2503 4779 2539 4797 2528 4797 2527 4797 2557 4836 2527 4836 2558 4836 2558 4837 2539 4837 2527 4837 2566 4852 2558 4852 2557 4852 2575 4869 2557 4869 2576 4869 2575 4870 2566 4870 2557 4870 2596 4910 2576 4910 2597 4910 2597 4911 2575 4911 2576 4911 2598 4912 2504 4912 2325 4912 2326 5008 2325 5008 2598 5008 2359 5015 2633 5015 2337 5015 2361 5047 2337 5047 2359 5047 2394 5082 2598 5082 2392 5082 2392 5083 2326 5083 2598 5083 2169 5104 2202 5104 2652 5104 2652 5122 2202 5122 2686 5122 2598 5134 2504 5134 2700 5134 1881 5139 2086 5139 2707 5139 2707 5152 2086 5152 2719 5152 2686 5179 2202 5179 2737 5179 2202 5180 2211 5180 2737 5180 2737 5199 2211 5199 2752 5199 2789 5272 1942 5272 2794 5272 2789 5275 2794 5275 2795 5275 2211 5291 2240 5291 2806 5291 2752 5296 2211 5296 2806 5296 2806 5308 2240 5308 2814 5308 2394 5370 2598 5370 2845 5370 2598 5373 2700 5373 2845 5373 2814 5407 2240 5407 2864 5407 2240 5408 2283 5408 2864 5408 2086 5495 2095 5495 2905 5495 2719 5496 2086 5496 2905 5496 2359 5501 2633 5501 2907 5501 2359 5521 2907 5521 2916 5521 2068 5676 2069 5676 2996 5676 2358 5818 2359 5818 3064 5818 2359 5821 2916 5821 3064 5821 2996 5844 2069 5844 3074 5844 2069 5846 2205 5846 3077 5846 3074 5850 2069 5850 3077 5850 2491 5961 2434 5961 3132 5961 2205 6009 1983 6009 3154 6009 2503 6040 2491 6040 3172 6040 2491 6043 3132 6043 3172 6043 2503 6105 3172 6105 3202 6105 2527 6125 2503 6125 3211 6125 2503 6127 3202 6127 3211 6127 2138 6153 2165 6153 3226 6153 3154 6176 1983 6176 3235 6176 3235 6178 1983 6178 3237 6178 1983 6180 2113 6180 3237 6180 2527 6242 3211 6242 3264 6242 2557 6251 2527 6251 3269 6251 2527 6254 3264 6254 3269 6254 3226 6318 2165 6318 3297 6318 2557 6378 3269 6378 2661 6378 2576 6379 2557 6379 2667 6379 2557 6382 2661 6382 2667 6382 2165 6408 2169 6408 3331 6408 3297 6409 2165 6409 3331 6409 3331 6475 2169 6475 2654 6475 2576 6548 2667 6548 2749 6548 2576 6575 2749 6575 2730 6575 2596 6577 2576 6577 2730 6577 2654 6583 2169 6583 2652 6583 1868 6584 1872 6584 3367 6584 1868 6585 3367 6585 3368 6585 1884 6586 1880 6586 3369 6586 3370 6587 1884 6587 3369 6587 1866 6588 1868 6588 3368 6588 1866 6589 3368 6589 3371 6589 1886 6590 1884 6590 3370 6590 1862 6591 3372 6591 3373 6591 1865 6592 1866 6592 3371 6592 3374 6593 1886 6593 3370 6593 1865 6594 3372 6594 1862 6594 1865 6595 3371 6595 3372 6595 1875 6596 1886 6596 3374 6596 1869 6597 1875 6597 3374 6597 3375 6598 1869 6598 3374 6598 1858 6599 1869 6599 3375 6599 3376 6600 1858 6600 3375 6600 1852 6601 1858 6601 3376 6601 3377 6602 1852 6602 3376 6602 1845 6603 1852 6603 3377 6603 3378 6604 1845 6604 3377 6604 1840 6605 1845 6605 3378 6605 3379 6606 1840 6606 3378 6606 1838 6607 1840 6607 3379 6607 3380 6608 1838 6608 3379 6608 1892 6609 1838 6609 3380 6609 3381 6610 1892 6610 3380 6610 1890 6611 1892 6611 3381 6611 3382 6612 1890 6612 3381 6612 1885 6613 1890 6613 3382 6613 3383 6614 1885 6614 3382 6614 1878 6615 3383 6615 3384 6615 1878 6616 1885 6616 3383 6616 1874 6617 3384 6617 3385 6617 1874 6618 1878 6618 3384 6618 1872 6619 3385 6619 3367 6619 1872 6620 1874 6620 3385 6620 1911 6621 1906 6621 3386 6621 3387 6622 1911 6622 3386 6622 1898 6623 3388 6623 3389 6623 1898 6624 1951 6624 3388 6624 1916 6625 1911 6625 3387 6625 1913 6626 3390 6626 1917 6626 1913 6627 3391 6627 3390 6627 3392 6628 1916 6628 3387 6628 1904 6629 1898 6629 3389 6629 1920 6630 1916 6630 3392 6630 1904 6631 3389 6631 3391 6631 1909 6632 3391 6632 1913 6632 3393 6633 1920 6633 3392 6633 1909 6634 1904 6634 3391 6634 1923 6635 1920 6635 3393 6635 3394 6636 1923 6636 3393 6636 1928 6637 1923 6637 3394 6637 3395 6638 1928 6638 3394 6638 1933 6639 1928 6639 3395 6639 3396 6640 1933 6640 3395 6640 1935 6641 1933 6641 3396 6641 3397 6642 1935 6642 3396 6642 1938 6643 1935 6643 3397 6643 3398 6644 1938 6644 3397 6644 1940 6645 1938 6645 3398 6645 3399 6646 1940 6646 3398 6646 1944 6647 1940 6647 3399 6647 3400 6648 1944 6648 3399 6648 1948 6649 1944 6649 3400 6649 1924 6650 3401 6650 3402 6650 1924 6651 3402 6651 1927 6651 3403 6652 1948 6652 3400 6652 1921 6653 3401 6653 1924 6653 1951 6654 1948 6654 3403 6654 3404 6655 3401 6655 1921 6655 3388 6656 1951 6656 3403 6656 1917 6657 3404 6657 1921 6657 3390 6658 3404 6658 1917 6658 84 6659 1902 6659 1908 6659 84 6660 3405 6660 1902 6660 113 6661 84 6661 1908 6661 1941 6662 1936 6662 3406 6662 3407 6663 1941 6663 3406 6663 1946 6664 1941 6664 3407 6664 3408 6665 1946 6665 3407 6665 1903 6666 1946 6666 3408 6666 3409 6667 1903 6667 3408 6667 3410 6668 1903 6668 3409 6668 1895 6669 1903 6669 3410 6669 3411 6670 1895 6670 3410 6670 1847 6671 3411 6671 3412 6671 1847 6672 1895 6672 3411 6672 3413 6673 1847 6673 3412 6673 1849 6674 3413 6674 3414 6674 1849 6675 1847 6675 3413 6675 3415 6676 1855 6676 1849 6676 3415 6677 1849 6677 3414 6677 1863 6678 1855 6678 3415 6678 3416 6679 1863 6679 3415 6679 3417 6680 114 6680 3418 6680 3418 6681 114 6681 106 6681 3418 6682 106 6682 3419 6682 3419 6683 106 6683 104 6683 3419 6684 104 6684 3420 6684 3420 6685 104 6685 99 6685 3420 6686 99 6686 98 6686 3420 6687 98 6687 3421 6687 98 6688 128 6688 3421 6688 3421 6689 128 6689 124 6689 124 6690 121 6690 3422 6690 3421 6691 124 6691 3422 6691 3422 6692 121 6692 119 6692 119 6693 116 6693 3423 6693 3423 6694 116 6694 110 6694 3423 6695 110 6695 101 6695 3423 6696 101 6696 3424 6696 3424 6697 101 6697 78 6697 3424 6698 78 6698 80 6698 3424 6699 80 6699 3425 6699 3425 6700 80 6700 137 6700 3425 6701 137 6701 135 6701 3425 6702 135 6702 3426 6702 3426 6703 135 6703 134 6703 3426 6704 134 6704 132 6704 3426 6705 132 6705 3427 6705 3427 6706 132 6706 130 6706 3427 6707 130 6707 127 6707 3427 6708 127 6708 3428 6708 50 6709 1966 6709 3429 6709 3428 6710 127 6710 126 6710 3428 6711 126 6711 122 6711 50 6712 3429 6712 51 6712 3429 6713 3430 6713 51 6713 3431 6714 122 6714 117 6714 53 6715 51 6715 3432 6715 51 6716 3430 6716 3432 6716 3431 6717 117 6717 112 6717 3433 6718 112 6718 109 6718 53 6719 3432 6719 55 6719 3433 6720 109 6720 105 6720 55 6721 3432 6721 3434 6721 55 6722 3434 6722 57 6722 3433 6723 105 6723 3435 6723 3435 6724 105 6724 95 6724 57 6725 3434 6725 58 6725 3435 6726 95 6726 3436 6726 3436 6727 95 6727 81 6727 58 6728 3437 6728 60 6728 3436 6729 81 6729 3438 6729 3438 6730 81 6730 83 6730 3438 6731 83 6731 3439 6731 60 6732 3437 6732 67 6732 3439 6733 83 6733 138 6733 138 6734 140 6734 3440 6734 68 6735 67 6735 3441 6735 3440 6736 140 6736 142 6736 68 6737 3441 6737 73 6737 142 6738 143 6738 3442 6738 3440 6739 142 6739 3442 6739 3442 6740 143 6740 145 6740 73 6741 3443 6741 75 6741 145 6742 146 6742 3444 6742 3442 6743 145 6743 3444 6743 75 6744 3443 6744 20 6744 3444 6745 146 6745 147 6745 20 6746 3445 6746 18 6746 147 6747 149 6747 3446 6747 3444 6748 147 6748 3446 6748 18 6749 3445 6749 26 6749 3446 6750 149 6750 150 6750 26 6751 3447 6751 41 6751 150 6752 151 6752 3448 6752 3446 6753 150 6753 3448 6753 41 6754 3447 6754 52 6754 3448 6755 151 6755 153 6755 52 6756 3449 6756 65 6756 65 6757 3449 6757 70 6757 3448 6758 153 6758 3450 6758 153 6759 154 6759 3450 6759 70 6760 3451 6760 77 6760 3450 6761 154 6761 155 6761 77 6762 3451 6762 34 6762 155 6763 157 6763 3452 6763 3450 6764 155 6764 3452 6764 3452 6765 157 6765 159 6765 3452 6766 159 6766 3453 6766 39 6767 44 6767 3454 6767 39 6768 3454 6768 28 6768 159 6769 62 6769 3455 6769 3453 6770 159 6770 3455 6770 29 6771 28 6771 3456 6771 3455 6772 62 6772 3457 6772 3457 6773 62 6773 61 6773 29 6774 3456 6774 30 6774 3457 6775 61 6775 72 6775 119 6776 3423 6776 3422 6776 122 6777 3431 6777 3428 6777 112 6778 3433 6778 3431 6778 138 6779 3440 6779 3439 6779 72 6780 3458 6780 3457 6780 76 6781 3458 6781 72 6781 30 6782 3458 6782 76 6782 3456 6783 3458 6783 30 6783 28 6784 3454 6784 3456 6784 44 6785 3459 6785 3454 6785 35 6786 3459 6786 44 6786 34 6787 3459 6787 35 6787 3451 6788 3459 6788 34 6788 70 6789 3449 6789 3451 6789 52 6790 3447 6790 3449 6790 26 6791 3445 6791 3447 6791 20 6792 3443 6792 3445 6792 73 6793 3441 6793 3443 6793 67 6794 3437 6794 3441 6794 58 6795 3434 6795 3437 6795 1952 6796 1860 6796 1862 6796 1952 6797 1862 6797 3373 6797 1879 6798 3369 6798 1880 6798 1882 6799 3416 6799 3369 6799 1882 6800 3369 6800 1879 6800 1863 6801 3416 6801 1882 6801 1931 6802 3406 6802 1936 6802 1930 6803 3402 6803 3406 6803 1930 6804 3406 6804 1931 6804 1927 6805 3402 6805 1930 6805 1906 6806 3405 6806 3386 6806 1902 6807 3405 6807 1906 6807 3460 6808 3461 6808 3386 6808 3460 6809 3386 6809 3405 6809 3462 6810 3463 6810 3464 6810 3462 6811 3464 6811 3461 6811 3462 6812 3461 6812 3460 6812 3465 6813 3418 6813 3463 6813 3465 6814 3463 6814 3462 6814 3417 6815 3418 6815 3465 6815 3466 6816 3467 6816 3468 6816 3469 6817 3423 6817 3424 6817 3469 6818 3424 6818 3470 6818 3469 6819 3470 6819 3471 6819 3469 6820 3471 6820 3466 6820 3472 6821 3473 6821 3474 6821 3472 6822 3474 6822 3397 6822 3472 6823 3397 6823 3396 6823 3472 6824 3475 6824 3473 6824 3472 6825 3476 6825 3475 6825 3477 6826 3468 6826 3476 6826 3477 6827 3466 6827 3468 6827 3477 6828 3476 6828 3472 6828 3436 6829 3438 6829 3478 6829 3479 6830 3466 6830 3477 6830 3480 6831 3469 6831 3466 6831 3480 6832 3466 6832 3479 6832 3481 6833 3423 6833 3469 6833 3481 6834 3469 6834 3480 6834 3482 6835 3396 6835 3395 6835 3482 6836 3472 6836 3396 6836 3483 6837 3472 6837 3482 6837 3484 6838 3472 6838 3483 6838 3485 6839 3472 6839 3484 6839 3486 6840 3472 6840 3485 6840 3486 6841 3477 6841 3472 6841 3487 6842 3479 6842 3477 6842 3487 6843 3480 6843 3479 6843 3487 6844 3477 6844 3486 6844 3488 6845 3423 6845 3481 6845 3488 6846 3481 6846 3480 6846 3488 6847 3480 6847 3487 6847 3489 6848 3482 6848 3395 6848 3489 6849 3483 6849 3482 6849 3490 6850 3483 6850 3489 6850 3490 6851 3484 6851 3483 6851 3491 6852 3485 6852 3484 6852 3491 6853 3484 6853 3490 6853 3492 6854 3485 6854 3491 6854 3493 6855 3486 6855 3485 6855 3493 6856 3487 6856 3486 6856 3493 6857 3485 6857 3492 6857 3494 6858 3487 6858 3493 6858 3494 6859 3488 6859 3487 6859 3495 6860 3488 6860 3494 6860 3495 6861 3422 6861 3423 6861 3495 6862 3423 6862 3488 6862 3496 6863 3493 6863 3492 6863 3496 6864 3395 6864 3394 6864 3496 6865 3490 6865 3489 6865 3496 6866 3489 6866 3395 6866 3496 6867 3491 6867 3490 6867 3496 6868 3492 6868 3491 6868 3497 6869 3494 6869 3493 6869 3497 6870 3493 6870 3496 6870 3498 6871 3495 6871 3494 6871 3498 6872 3494 6872 3497 6872 3499 6873 3495 6873 3498 6873 3500 6874 3422 6874 3495 6874 3500 6875 3495 6875 3499 6875 3501 6876 3496 6876 3394 6876 3502 6877 3496 6877 3501 6877 3503 6878 3496 6878 3502 6878 3504 6879 3505 6879 3506 6879 3504 6880 3506 6880 3507 6880 3504 6881 3507 6881 3402 6881 3508 6882 3497 6882 3496 6882 3504 6883 3402 6883 3401 6883 3508 6884 3496 6884 3503 6884 3509 6885 3510 6885 3505 6885 3509 6886 3505 6886 3504 6886 3511 6887 3478 6887 3510 6887 3512 6888 3497 6888 3508 6888 3511 6889 3510 6889 3509 6889 3513 6890 3498 6890 3497 6890 3514 6891 3436 6891 3478 6891 3513 6892 3499 6892 3498 6892 3514 6893 3478 6893 3511 6893 3515 6894 3504 6894 3401 6894 3513 6895 3497 6895 3512 6895 3516 6896 3422 6896 3500 6896 3516 6897 3421 6897 3422 6897 3516 6898 3500 6898 3499 6898 3516 6899 3499 6899 3513 6899 3517 6900 3501 6900 3394 6900 3517 6901 3502 6901 3501 6901 3517 6902 3503 6902 3502 6902 3517 6903 3508 6903 3503 6903 3518 6904 3504 6904 3515 6904 3517 6905 3512 6905 3508 6905 3519 6906 3504 6906 3518 6906 3517 6907 3394 6907 3393 6907 3520 6908 3513 6908 3512 6908 3520 6909 3512 6909 3517 6909 3521 6910 3504 6910 3519 6910 3522 6911 3516 6911 3513 6911 3522 6912 3513 6912 3520 6912 3521 6913 3509 6913 3504 6913 3523 6914 3516 6914 3522 6914 3524 6915 3509 6915 3521 6915 3525 6916 3421 6916 3516 6916 3524 6917 3511 6917 3509 6917 3525 6918 3516 6918 3523 6918 3526 6919 3511 6919 3524 6919 3527 6920 3517 6920 3393 6920 3526 6921 3514 6921 3511 6921 3528 6922 3435 6922 3436 6922 3528 6923 3436 6923 3514 6923 3528 6924 3514 6924 3526 6924 3529 6925 3518 6925 3515 6925 3529 6926 3519 6926 3518 6926 3529 6927 3401 6927 3404 6927 3529 6928 3521 6928 3519 6928 3530 6929 3517 6929 3527 6929 3529 6930 3515 6930 3401 6930 3531 6931 3521 6931 3529 6931 3532 6932 3517 6932 3530 6932 3531 6933 3524 6933 3521 6933 3533 6934 3524 6934 3531 6934 3533 6935 3526 6935 3524 6935 3534 6936 3526 6936 3533 6936 3534 6937 3528 6937 3526 6937 3535 6938 3517 6938 3532 6938 3536 6939 3528 6939 3534 6939 3536 6940 3435 6940 3528 6940 3537 6941 3520 6941 3517 6941 3537 6942 3522 6942 3520 6942 3538 6943 3529 6943 3404 6943 3537 6944 3517 6944 3535 6944 3539 6945 3522 6945 3537 6945 3540 6946 3420 6946 3421 6946 3541 6947 3529 6947 3538 6947 3540 6948 3523 6948 3522 6948 3540 6949 3421 6949 3525 6949 3540 6950 3525 6950 3523 6950 3540 6951 3522 6951 3539 6951 3542 6952 3529 6952 3541 6952 3543 6953 3393 6953 3392 6953 3543 6954 3527 6954 3393 6954 3544 6955 3529 6955 3542 6955 3544 6956 3531 6956 3529 6956 3545 6957 3530 6957 3527 6957 3545 6958 3527 6958 3543 6958 3546 6959 3531 6959 3544 6959 3546 6960 3533 6960 3531 6960 3547 6961 3532 6961 3530 6961 3548 6962 3534 6962 3533 6962 3548 6963 3533 6963 3546 6963 3549 6964 3433 6964 3435 6964 3547 6965 3530 6965 3545 6965 3549 6966 3435 6966 3536 6966 3550 6967 3535 6967 3532 6967 3549 6968 3534 6968 3548 6968 3549 6969 3536 6969 3534 6969 3551 6970 3404 6970 3390 6970 3551 6971 3542 6971 3541 6971 3550 6972 3532 6972 3547 6972 3551 6973 3541 6973 3538 6973 3551 6974 3544 6974 3542 6974 3552 6975 3537 6975 3535 6975 3551 6976 3538 6976 3404 6976 3552 6977 3535 6977 3550 6977 3553 6978 3546 6978 3544 6978 3554 6979 3539 6979 3537 6979 3553 6980 3544 6980 3551 6980 3554 6981 3537 6981 3552 6981 3555 6982 3420 6982 3540 6982 3555 6983 3540 6983 3539 6983 3556 6984 3548 6984 3546 6984 3555 6985 3539 6985 3554 6985 3557 6986 3545 6986 3543 6986 3556 6987 3546 6987 3553 6987 3557 6988 3392 6988 3387 6988 3557 6989 3543 6989 3392 6989 3557 6990 3547 6990 3545 6990 3558 6991 3549 6991 3548 6991 3558 6992 3548 6992 3556 6992 3557 6993 3550 6993 3547 6993 3557 6994 3552 6994 3550 6994 3559 6995 3433 6995 3549 6995 3560 6996 3552 6996 3557 6996 3559 6997 3549 6997 3558 6997 3560 6998 3554 6998 3552 6998 3561 6999 3554 6999 3560 6999 3562 7000 3551 7000 3390 7000 3563 7001 3554 7001 3561 7001 3564 7002 3551 7002 3562 7002 3563 7003 3555 7003 3554 7003 3565 7004 3555 7004 3563 7004 3565 7005 3420 7005 3555 7005 3566 7006 3551 7006 3564 7006 3567 7007 3557 7007 3387 7007 3568 7008 3553 7008 3551 7008 3569 7009 3557 7009 3567 7009 3568 7010 3551 7010 3566 7010 3570 7011 3556 7011 3553 7011 3571 7012 3557 7012 3569 7012 3570 7013 3553 7013 3568 7013 3572 7014 3558 7014 3556 7014 3572 7015 3556 7015 3570 7015 3573 7016 3431 7016 3433 7016 3573 7017 3433 7017 3559 7017 3574 7018 3557 7018 3571 7018 3573 7019 3559 7019 3558 7019 3574 7020 3560 7020 3557 7020 3575 7021 3561 7021 3560 7021 3573 7022 3558 7022 3572 7022 3576 7023 3390 7023 3391 7023 3576 7024 3562 7024 3390 7024 3576 7025 3564 7025 3562 7025 3576 7026 3566 7026 3564 7026 3575 7027 3560 7027 3574 7027 3577 7028 3563 7028 3561 7028 3577 7029 3561 7029 3575 7029 3578 7030 3568 7030 3566 7030 3579 7031 3419 7031 3420 7031 3579 7032 3565 7032 3563 7032 3578 7033 3566 7033 3576 7033 3579 7034 3420 7034 3565 7034 3580 7035 3391 7035 3389 7035 3579 7036 3563 7036 3577 7036 3580 7037 3576 7037 3391 7037 3581 7038 3461 7038 3464 7038 3581 7039 3386 7039 3461 7039 3581 7040 3567 7040 3387 7040 3581 7041 3569 7041 3567 7041 3582 7042 3570 7042 3568 7042 3581 7043 3571 7043 3569 7043 3581 7044 3574 7044 3571 7044 3582 7045 3568 7045 3578 7045 3581 7046 3387 7046 3386 7046 3583 7047 3581 7047 3464 7047 3584 7048 3576 7048 3580 7048 3583 7049 3574 7049 3581 7049 3585 7050 3464 7050 3463 7050 3586 7051 3572 7051 3570 7051 3585 7052 3583 7052 3464 7052 3586 7053 3570 7053 3582 7053 3585 7054 3575 7054 3574 7054 3587 7055 3578 7055 3576 7055 3585 7056 3577 7056 3575 7056 3585 7057 3574 7057 3583 7057 3588 7058 3585 7058 3463 7058 3587 7059 3576 7059 3584 7059 3588 7060 3579 7060 3577 7060 3589 7061 3572 7061 3586 7061 3588 7062 3577 7062 3585 7062 3590 7063 3463 7063 3418 7063 3589 7064 3573 7064 3572 7064 3590 7065 3588 7065 3463 7065 3590 7066 3579 7066 3588 7066 3591 7067 3418 7067 3419 7067 3591 7068 3419 7068 3579 7068 3591 7069 3590 7069 3418 7069 3591 7070 3579 7070 3590 7070 3592 7071 3582 7071 3578 7071 3592 7072 3578 7072 3587 7072 3593 7073 3573 7073 3589 7073 3593 7074 3431 7074 3573 7074 3594 7075 3582 7075 3592 7075 3595 7076 3582 7076 3594 7076 3595 7077 3586 7077 3582 7077 3596 7078 3589 7078 3586 7078 3596 7079 3593 7079 3589 7079 3596 7080 3431 7080 3593 7080 3596 7081 3586 7081 3595 7081 3597 7082 3584 7082 3580 7082 3597 7083 3580 7083 3389 7083 3598 7084 3587 7084 3584 7084 3598 7085 3584 7085 3597 7085 3599 7086 3587 7086 3598 7086 3599 7087 3592 7087 3587 7087 3600 7088 3594 7088 3592 7088 3600 7089 3592 7089 3599 7089 3601 7090 3595 7090 3594 7090 3601 7091 3594 7091 3600 7091 3602 7092 3595 7092 3601 7092 3602 7093 3596 7093 3595 7093 3603 7094 3428 7094 3431 7094 3603 7095 3431 7095 3596 7095 3603 7096 3596 7096 3602 7096 3604 7097 3597 7097 3389 7097 3604 7098 3598 7098 3597 7098 3604 7099 3599 7099 3598 7099 3604 7100 3389 7100 3388 7100 3604 7101 3600 7101 3599 7101 3605 7102 3601 7102 3600 7102 3605 7103 3602 7103 3601 7103 3605 7104 3600 7104 3604 7104 3606 7105 3602 7105 3605 7105 3607 7106 3603 7106 3602 7106 3607 7107 3602 7107 3606 7107 3608 7108 3428 7108 3603 7108 3608 7109 3603 7109 3607 7109 3609 7110 3604 7110 3388 7110 3610 7111 3604 7111 3609 7111 3611 7112 3604 7112 3610 7112 3612 7113 3604 7113 3611 7113 3613 7114 3605 7114 3604 7114 3613 7115 3606 7115 3605 7115 3613 7116 3604 7116 3612 7116 3614 7117 3607 7117 3606 7117 3614 7118 3606 7118 3613 7118 3615 7119 3427 7119 3428 7119 3615 7120 3428 7120 3608 7120 3615 7121 3608 7121 3607 7121 3615 7122 3607 7122 3614 7122 3616 7123 3388 7123 3403 7123 3616 7124 3609 7124 3388 7124 3616 7125 3610 7125 3609 7125 3616 7126 3611 7126 3610 7126 3616 7127 3613 7127 3612 7127 3616 7128 3612 7128 3611 7128 3617 7129 3614 7129 3613 7129 3617 7130 3613 7130 3616 7130 3618 7131 3615 7131 3614 7131 3618 7132 3614 7132 3617 7132 3619 7133 3615 7133 3618 7133 3620 7134 3427 7134 3615 7134 3620 7135 3615 7135 3619 7135 3621 7136 3616 7136 3403 7136 3622 7137 3616 7137 3621 7137 3623 7138 3616 7138 3622 7138 3624 7139 3616 7139 3623 7139 3625 7140 3616 7140 3624 7140 3625 7141 3617 7141 3616 7141 3626 7142 3617 7142 3625 7142 3626 7143 3618 7143 3617 7143 3627 7144 3618 7144 3626 7144 3627 7145 3426 7145 3427 7145 3627 7146 3427 7146 3620 7146 3627 7147 3619 7147 3618 7147 3627 7148 3620 7148 3619 7148 3628 7149 3622 7149 3621 7149 3628 7150 3623 7150 3622 7150 3628 7151 3403 7151 3400 7151 3628 7152 3621 7152 3403 7152 3628 7153 3624 7153 3623 7153 3629 7154 3625 7154 3624 7154 3629 7155 3626 7155 3625 7155 3629 7156 3624 7156 3628 7156 3630 7157 3626 7157 3629 7157 3631 7158 3627 7158 3626 7158 3631 7159 3626 7159 3630 7159 3632 7160 3426 7160 3627 7160 3632 7161 3627 7161 3631 7161 3633 7162 3628 7162 3400 7162 3634 7163 3628 7163 3633 7163 3635 7164 3628 7164 3634 7164 3636 7165 3628 7165 3635 7165 3637 7166 3629 7166 3628 7166 3637 7167 3628 7167 3636 7167 3638 7168 3630 7168 3629 7168 3638 7169 3631 7169 3630 7169 3638 7170 3629 7170 3637 7170 3639 7171 3425 7171 3426 7171 3639 7172 3426 7172 3632 7172 3639 7173 3632 7173 3631 7173 3639 7174 3631 7174 3638 7174 3640 7175 3633 7175 3400 7175 3640 7176 3400 7176 3399 7176 3640 7177 3634 7177 3633 7177 3641 7178 3635 7178 3634 7178 3641 7179 3634 7179 3640 7179 3642 7180 3635 7180 3641 7180 3642 7181 3636 7181 3635 7181 3642 7182 3637 7182 3636 7182 3643 7183 3640 7183 3399 7183 3644 7184 3641 7184 3640 7184 3644 7185 3640 7185 3643 7185 3645 7186 3637 7186 3642 7186 3646 7187 3641 7187 3644 7187 3647 7188 3638 7188 3637 7188 3647 7189 3637 7189 3645 7189 3648 7190 3638 7190 3647 7190 3648 7191 3639 7191 3638 7191 3649 7192 3642 7192 3641 7192 3649 7193 3645 7193 3642 7193 3649 7194 3641 7194 3646 7194 3650 7195 3425 7195 3639 7195 3650 7196 3639 7196 3648 7196 3651 7197 3645 7197 3649 7197 3651 7198 3647 7198 3645 7198 3652 7199 3647 7199 3651 7199 3653 7200 3648 7200 3647 7200 3653 7201 3425 7201 3650 7201 3653 7202 3650 7202 3648 7202 3653 7203 3647 7203 3652 7203 3654 7204 3399 7204 3398 7204 3654 7205 3643 7205 3399 7205 3655 7206 3644 7206 3643 7206 3655 7207 3643 7207 3654 7207 3656 7208 3646 7208 3644 7208 3656 7209 3644 7209 3655 7209 3657 7210 3649 7210 3646 7210 3657 7211 3646 7211 3656 7211 3658 7212 3649 7212 3657 7212 3658 7213 3651 7213 3649 7213 3659 7214 3651 7214 3658 7214 3659 7215 3652 7215 3651 7215 3660 7216 3424 7216 3425 7216 3660 7217 3652 7217 3659 7217 3660 7218 3425 7218 3653 7218 3660 7219 3653 7219 3652 7219 3661 7220 3656 7220 3655 7220 3661 7221 3658 7221 3657 7221 3661 7222 3657 7222 3656 7222 3661 7223 3398 7223 3397 7223 3661 7224 3654 7224 3398 7224 3661 7225 3655 7225 3654 7225 3467 7226 3658 7226 3661 7226 3662 7227 3659 7227 3658 7227 3662 7228 3660 7228 3659 7228 3662 7229 3658 7229 3467 7229 3471 7230 3660 7230 3662 7230 3470 7231 3424 7231 3660 7231 3470 7232 3660 7232 3471 7232 3474 7233 3661 7233 3397 7233 3473 7234 3661 7234 3474 7234 3475 7235 3661 7235 3473 7235 3476 7236 3661 7236 3475 7236 3468 7237 3661 7237 3476 7237 3468 7238 3467 7238 3661 7238 3466 7239 3662 7239 3467 7239 3466 7240 3471 7240 3662 7240 114 7241 3417 7241 3465 7241 3663 7242 3460 7242 3405 7242 3663 7243 3462 7243 3460 7243 3664 7244 3462 7244 3663 7244 3665 7245 3462 7245 3664 7245 3666 7246 3465 7246 3462 7246 3666 7247 3462 7247 3665 7247 3667 7248 115 7248 114 7248 3667 7249 114 7249 3465 7249 3667 7250 3666 7250 115 7250 3667 7251 3465 7251 3666 7251 3668 7252 3405 7252 84 7252 3668 7253 3663 7253 3405 7253 3669 7254 3663 7254 3668 7254 3670 7255 3663 7255 3669 7255 3671 7256 3663 7256 3670 7256 3672 7257 3664 7257 3663 7257 3672 7258 3663 7258 3671 7258 3673 7259 85 7259 115 7259 3673 7260 3665 7260 3664 7260 3673 7261 115 7261 3666 7261 3673 7262 3666 7262 3665 7262 3673 7263 3672 7263 85 7263 3673 7264 3664 7264 3672 7264 3674 7265 87 7265 86 7265 3674 7266 3668 7266 84 7266 3675 7267 3674 7267 86 7267 3675 7268 3669 7268 3668 7268 3675 7269 3668 7269 3674 7269 3676 7270 3670 7270 3669 7270 3676 7271 3675 7271 86 7271 3676 7272 3669 7272 3675 7272 3677 7273 86 7273 85 7273 3677 7274 3676 7274 86 7274 3677 7275 85 7275 3672 7275 3677 7276 3671 7276 3670 7276 3677 7277 3672 7277 3671 7277 3677 7278 3670 7278 3676 7278 3678 7279 88 7279 87 7279 3678 7280 90 7280 88 7280 3678 7281 91 7281 90 7281 3678 7282 92 7282 91 7282 3678 7283 93 7283 92 7283 3678 7284 94 7284 93 7284 3678 7285 84 7285 94 7285 3678 7286 87 7286 3674 7286 3678 7287 3674 7287 84 7287 3402 7288 3679 7288 3406 7288 3507 7289 3680 7289 3679 7289 3507 7290 3679 7290 3402 7290 3506 7291 3681 7291 3680 7291 3506 7292 3680 7292 3507 7292 3505 7293 3681 7293 3506 7293 3510 7294 3682 7294 3681 7294 3510 7295 3681 7295 3505 7295 3478 7296 3683 7296 3682 7296 3478 7297 3682 7297 3510 7297 3438 7298 3439 7298 3683 7298 3438 7299 3683 7299 3478 7299 3373 7300 1956 7300 1952 7300 3684 7301 1960 7301 1956 7301 3684 7302 1956 7302 3373 7302 3685 7303 1960 7303 3684 7303 3686 7304 1964 7304 1960 7304 3686 7305 1960 7305 3685 7305 3429 7306 1966 7306 1964 7306 3429 7307 1964 7307 3686 7307 3687 7308 3688 7308 3409 7308 3689 7309 3690 7309 3691 7309 3689 7310 3692 7310 3690 7310 3693 7311 3694 7311 3695 7311 3689 7312 3691 7312 3696 7312 3693 7313 3695 7313 3697 7313 3698 7314 3699 7314 3692 7314 3698 7315 3692 7315 3689 7315 3700 7316 3688 7316 3687 7316 3701 7317 3699 7317 3698 7317 3702 7318 3703 7318 3688 7318 3701 7319 3448 7319 3450 7319 3704 7320 3452 7320 3453 7320 3701 7321 3450 7321 3699 7321 3704 7322 3694 7322 3693 7322 3705 7323 3706 7323 3412 7323 3704 7324 3707 7324 3694 7324 3702 7325 3688 7325 3700 7325 3705 7326 3412 7326 3411 7326 3704 7327 3453 7327 3708 7327 3705 7328 3696 7328 3706 7328 3704 7329 3708 7329 3707 7329 3709 7330 3415 7330 3414 7330 3705 7331 3689 7331 3696 7331 3705 7332 3698 7332 3689 7332 3709 7333 3710 7333 3711 7333 3712 7334 3703 7334 3702 7334 3712 7335 3713 7335 3703 7335 3709 7336 3697 7336 3710 7336 3714 7337 3442 7337 3444 7337 3715 7338 3701 7338 3698 7338 3709 7339 3711 7339 3415 7339 3714 7340 3444 7340 3716 7340 3715 7341 3698 7341 3705 7341 3714 7342 3716 7342 3713 7342 3714 7343 3713 7343 3712 7343 3717 7344 3687 7344 3409 7344 3717 7345 3702 7345 3700 7345 3718 7346 3701 7346 3715 7346 3719 7347 3693 7347 3697 7347 3717 7348 3700 7348 3687 7348 3717 7349 3409 7349 3408 7349 3719 7350 3697 7350 3709 7350 3717 7351 3712 7351 3702 7351 3720 7352 3448 7352 3701 7352 3720 7353 3701 7353 3718 7353 3721 7354 3693 7354 3719 7354 3722 7355 3714 7355 3712 7355 3723 7356 3705 7356 3411 7356 3721 7357 3704 7357 3693 7357 3722 7358 3712 7358 3717 7358 3724 7359 3704 7359 3721 7359 3724 7360 3452 7360 3704 7360 3725 7361 3717 7361 3408 7361 3726 7362 3709 7362 3414 7362 3727 7363 3705 7363 3723 7363 3728 7364 3714 7364 3722 7364 3729 7365 3715 7365 3705 7365 3730 7366 3709 7366 3726 7366 3729 7367 3705 7367 3727 7367 3731 7368 3717 7368 3725 7368 3732 7369 3442 7369 3714 7369 3733 7370 3718 7370 3715 7370 3732 7371 3714 7371 3728 7371 3734 7372 3719 7372 3709 7372 3733 7373 3715 7373 3729 7373 3734 7374 3709 7374 3730 7374 3735 7375 3722 7375 3717 7375 3736 7376 3719 7376 3734 7376 3737 7377 3448 7377 3720 7377 3737 7378 3720 7378 3718 7378 3736 7379 3721 7379 3719 7379 3735 7380 3717 7380 3731 7380 3737 7381 3718 7381 3733 7381 3737 7382 3446 7382 3448 7382 3738 7383 3411 7383 3410 7383 3738 7384 3723 7384 3411 7384 3739 7385 3721 7385 3736 7385 3740 7386 3722 7386 3735 7386 3738 7387 3727 7387 3723 7387 3739 7388 3724 7388 3721 7388 3739 7389 3452 7389 3724 7389 3740 7390 3728 7390 3722 7390 3738 7391 3729 7391 3727 7391 3739 7392 3450 7392 3452 7392 3741 7393 3440 7393 3442 7393 3742 7394 3734 7394 3730 7394 3741 7395 3442 7395 3732 7395 3741 7396 3728 7396 3740 7396 3741 7397 3732 7397 3728 7397 3743 7398 3408 7398 3407 7398 3742 7399 3730 7399 3726 7399 3743 7400 3725 7400 3408 7400 3742 7401 3414 7401 3413 7401 3743 7402 3731 7402 3725 7402 3742 7403 3726 7403 3414 7403 3744 7404 3733 7404 3729 7404 3743 7405 3735 7405 3731 7405 3744 7406 3729 7406 3738 7406 3745 7407 3734 7407 3742 7407 3746 7408 3737 7408 3733 7408 3747 7409 3406 7409 3679 7409 3746 7410 3733 7410 3744 7410 3748 7411 3742 7411 3413 7411 3747 7412 3407 7412 3406 7412 3749 7413 3446 7413 3737 7413 3747 7414 3743 7414 3407 7414 3749 7415 3737 7415 3746 7415 3750 7416 3739 7416 3736 7416 3751 7417 3740 7417 3735 7417 3751 7418 3735 7418 3743 7418 3750 7419 3736 7419 3734 7419 3752 7420 3738 7420 3410 7420 3750 7421 3734 7421 3745 7421 3753 7422 3679 7422 3680 7422 3753 7423 3751 7423 3743 7423 3691 7424 3742 7424 3748 7424 3753 7425 3747 7425 3679 7425 3753 7426 3743 7426 3747 7426 3754 7427 3740 7427 3751 7427 3754 7428 3741 7428 3740 7428 3755 7429 3739 7429 3750 7429 3756 7430 3738 7430 3752 7430 3757 7431 3681 7431 3682 7431 3758 7432 3738 7432 3756 7432 3757 7433 3680 7433 3681 7433 3690 7434 3745 7434 3742 7434 3757 7435 3751 7435 3753 7435 3690 7436 3742 7436 3691 7436 3757 7437 3753 7437 3680 7437 3759 7438 3440 7438 3741 7438 3759 7439 3741 7439 3754 7439 3760 7440 3450 7440 3739 7440 3760 7441 3739 7441 3755 7441 3695 7442 3761 7442 3762 7442 3695 7443 3762 7443 3763 7443 3695 7444 3763 7444 3416 7444 3764 7445 3682 7445 3683 7445 3695 7446 3416 7446 3415 7446 3765 7447 3744 7447 3738 7447 3765 7448 3738 7448 3758 7448 3764 7449 3757 7449 3682 7449 3692 7450 3745 7450 3690 7450 3764 7451 3754 7451 3751 7451 3692 7452 3750 7452 3745 7452 3764 7453 3751 7453 3757 7453 3694 7454 3766 7454 3761 7454 3767 7455 3683 7455 3439 7455 3768 7456 3744 7456 3765 7456 3767 7457 3764 7457 3683 7457 3768 7458 3444 7458 3446 7458 3694 7459 3761 7459 3695 7459 3768 7460 3746 7460 3744 7460 3707 7461 3769 7461 3766 7461 3767 7462 3754 7462 3764 7462 3768 7463 3446 7463 3749 7463 3767 7464 3439 7464 3440 7464 3768 7465 3749 7465 3746 7465 3767 7466 3440 7466 3759 7466 3767 7467 3759 7467 3754 7467 3699 7468 3755 7468 3750 7468 3707 7469 3766 7469 3694 7469 3688 7470 3410 7470 3409 7470 3699 7471 3450 7471 3760 7471 3708 7472 3453 7472 3455 7472 3699 7473 3750 7473 3692 7473 3708 7474 3455 7474 3769 7474 3688 7475 3752 7475 3410 7475 3699 7476 3760 7476 3755 7476 3708 7477 3769 7477 3707 7477 3688 7478 3758 7478 3756 7478 3688 7479 3756 7479 3752 7479 3711 7480 3695 7480 3415 7480 3703 7481 3758 7481 3688 7481 3706 7482 3413 7482 3412 7482 3703 7483 3765 7483 3758 7483 3706 7484 3748 7484 3413 7484 3710 7485 3695 7485 3711 7485 3713 7486 3768 7486 3765 7486 3713 7487 3765 7487 3703 7487 3697 7488 3695 7488 3710 7488 3716 7489 3444 7489 3768 7489 3716 7490 3768 7490 3713 7490 3696 7491 3691 7491 3748 7491 3696 7492 3748 7492 3706 7492 3770 7493 3771 7493 3772 7493 3773 7494 3774 7494 3775 7494 3773 7495 3775 7495 3770 7495 3776 7496 3449 7496 3777 7496 3776 7497 3778 7497 3774 7497 3776 7498 3777 7498 3778 7498 3776 7499 3774 7499 3773 7499 3776 7500 3451 7500 3449 7500 3779 7501 3379 7501 3378 7501 3779 7502 3780 7502 3379 7502 3779 7503 3781 7503 3782 7503 3779 7504 3782 7504 3780 7504 3779 7505 3772 7505 3781 7505 3783 7506 3770 7506 3772 7506 3783 7507 3772 7507 3779 7507 3784 7508 3770 7508 3783 7508 3784 7509 3773 7509 3770 7509 3784 7510 3776 7510 3773 7510 3785 7511 3776 7511 3784 7511 3786 7512 3451 7512 3776 7512 3786 7513 3776 7513 3785 7513 3787 7514 3779 7514 3378 7514 3788 7515 3779 7515 3787 7515 3789 7516 3779 7516 3788 7516 3790 7517 3779 7517 3789 7517 3791 7518 3783 7518 3779 7518 3791 7519 3779 7519 3790 7519 3792 7520 3784 7520 3783 7520 3792 7521 3785 7521 3784 7521 3792 7522 3783 7522 3791 7522 3793 7523 3459 7523 3451 7523 3793 7524 3451 7524 3786 7524 3793 7525 3786 7525 3785 7525 3793 7526 3785 7526 3792 7526 3794 7527 3378 7527 3377 7527 3794 7528 3788 7528 3787 7528 3794 7529 3787 7529 3378 7529 3794 7530 3789 7530 3788 7530 3794 7531 3790 7531 3789 7531 3795 7532 3791 7532 3790 7532 3795 7533 3790 7533 3794 7533 3796 7534 3791 7534 3795 7534 3796 7535 3792 7535 3791 7535 3796 7536 3793 7536 3792 7536 3797 7537 3793 7537 3796 7537 3798 7538 3459 7538 3793 7538 3798 7539 3793 7539 3797 7539 3799 7540 3377 7540 3376 7540 3799 7541 3794 7541 3377 7541 3800 7542 3794 7542 3799 7542 3801 7543 3794 7543 3800 7543 3802 7544 3794 7544 3801 7544 3802 7545 3795 7545 3794 7545 3803 7546 3795 7546 3802 7546 3803 7547 3796 7547 3795 7547 3804 7548 3796 7548 3803 7548 3804 7549 3797 7549 3796 7549 3805 7550 3797 7550 3804 7550 3805 7551 3459 7551 3798 7551 3805 7552 3798 7552 3797 7552 3806 7553 3799 7553 3376 7553 3807 7554 3684 7554 3373 7554 3807 7555 3685 7555 3684 7555 3808 7556 3800 7556 3799 7556 3807 7557 3373 7557 3372 7557 3808 7558 3801 7558 3800 7558 3808 7559 3799 7559 3806 7559 3809 7560 3686 7560 3685 7560 3809 7561 3685 7561 3807 7561 3810 7562 3802 7562 3801 7562 3811 7563 3686 7563 3809 7563 3812 7564 3429 7564 3686 7564 3810 7565 3801 7565 3808 7565 3812 7566 3686 7566 3811 7566 3813 7567 3803 7567 3802 7567 3814 7568 3429 7568 3812 7568 3813 7569 3802 7569 3810 7569 3814 7570 3430 7570 3429 7570 3815 7571 3804 7571 3803 7571 3815 7572 3803 7572 3813 7572 3816 7573 3807 7573 3372 7573 3817 7574 3805 7574 3804 7574 3817 7575 3804 7575 3815 7575 3818 7576 3459 7576 3805 7576 3818 7577 3454 7577 3459 7577 3818 7578 3805 7578 3817 7578 3819 7579 3376 7579 3375 7579 3820 7580 3807 7580 3816 7580 3819 7581 3810 7581 3808 7581 3819 7582 3813 7582 3810 7582 3819 7583 3815 7583 3813 7583 3819 7584 3806 7584 3376 7584 3819 7585 3808 7585 3806 7585 3821 7586 3807 7586 3820 7586 3822 7587 3817 7587 3815 7587 3822 7588 3815 7588 3819 7588 3823 7589 3818 7589 3817 7589 3824 7590 3807 7590 3821 7590 3823 7591 3817 7591 3822 7591 3825 7592 3811 7592 3809 7592 3826 7593 3454 7593 3818 7593 3826 7594 3818 7594 3823 7594 3827 7595 3819 7595 3375 7595 3825 7596 3809 7596 3807 7596 3825 7597 3807 7597 3824 7597 3828 7598 3812 7598 3811 7598 3829 7599 3819 7599 3827 7599 3828 7600 3811 7600 3825 7600 3830 7601 3812 7601 3828 7601 3830 7602 3814 7602 3812 7602 3830 7603 3430 7603 3814 7603 3830 7604 3432 7604 3430 7604 3831 7605 3819 7605 3829 7605 3832 7606 3372 7606 3371 7606 3832 7607 3820 7607 3816 7607 3832 7608 3824 7608 3821 7608 3832 7609 3821 7609 3820 7609 3832 7610 3816 7610 3372 7610 3833 7611 3824 7611 3832 7611 3834 7612 3819 7612 3831 7612 3833 7613 3825 7613 3824 7613 3835 7614 3822 7614 3819 7614 3836 7615 3825 7615 3833 7615 3835 7616 3819 7616 3834 7616 3836 7617 3828 7617 3825 7617 3837 7618 3823 7618 3822 7618 3838 7619 3828 7619 3836 7619 3837 7620 3822 7620 3835 7620 3838 7621 3830 7621 3828 7621 3839 7622 3456 7622 3454 7622 3840 7623 3830 7623 3838 7623 3839 7624 3454 7624 3826 7624 3840 7625 3432 7625 3830 7625 3839 7626 3826 7626 3823 7626 3839 7627 3823 7627 3837 7627 3841 7628 3832 7628 3371 7628 3842 7629 3375 7629 3374 7629 3842 7630 3827 7630 3375 7630 3842 7631 3829 7631 3827 7631 3842 7632 3831 7632 3829 7632 3842 7633 3834 7633 3831 7633 3843 7634 3832 7634 3841 7634 3844 7635 3835 7635 3834 7635 3844 7636 3837 7636 3835 7636 3844 7637 3834 7637 3842 7637 3845 7638 3839 7638 3837 7638 3846 7639 3832 7639 3843 7639 3845 7640 3837 7640 3844 7640 3847 7641 3833 7641 3832 7641 3848 7642 3839 7642 3845 7642 3847 7643 3832 7643 3846 7643 3849 7644 3456 7644 3839 7644 3849 7645 3839 7645 3848 7645 3850 7646 3842 7646 3374 7646 3851 7647 3833 7647 3847 7647 3851 7648 3836 7648 3833 7648 3852 7649 3842 7649 3850 7649 3853 7650 3836 7650 3851 7650 3853 7651 3838 7651 3836 7651 3854 7652 3432 7652 3840 7652 3854 7653 3434 7653 3432 7653 3855 7654 3842 7654 3852 7654 3854 7655 3838 7655 3853 7655 3854 7656 3840 7656 3838 7656 3856 7657 3371 7657 3368 7657 3856 7658 3847 7658 3846 7658 3856 7659 3851 7659 3847 7659 3856 7660 3841 7660 3371 7660 3856 7661 3846 7661 3843 7661 3856 7662 3843 7662 3841 7662 3857 7663 3851 7663 3856 7663 3858 7664 3842 7664 3855 7664 3857 7665 3853 7665 3851 7665 3859 7666 3844 7666 3842 7666 3860 7667 3853 7667 3857 7667 3859 7668 3842 7668 3858 7668 3861 7669 3845 7669 3844 7669 3862 7670 3854 7670 3853 7670 3861 7671 3848 7671 3845 7671 3862 7672 3853 7672 3860 7672 3863 7673 3434 7673 3854 7673 3861 7674 3844 7674 3859 7674 3863 7675 3854 7675 3862 7675 3864 7676 3848 7676 3861 7676 3864 7677 3458 7677 3456 7677 3864 7678 3456 7678 3849 7678 3865 7679 3856 7679 3368 7679 3864 7680 3849 7680 3848 7680 3866 7681 3374 7681 3370 7681 3866 7682 3850 7682 3374 7682 3866 7683 3852 7683 3850 7683 3866 7684 3855 7684 3852 7684 3866 7685 3858 7685 3855 7685 3866 7686 3859 7686 3858 7686 3867 7687 3861 7687 3859 7687 3868 7688 3856 7688 3865 7688 3867 7689 3859 7689 3866 7689 3869 7690 3861 7690 3867 7690 3870 7691 3864 7691 3861 7691 3871 7692 3856 7692 3868 7692 3870 7693 3861 7693 3869 7693 3872 7694 3458 7694 3864 7694 3872 7695 3864 7695 3870 7695 3873 7696 3856 7696 3871 7696 3874 7697 3857 7697 3856 7697 3875 7698 3370 7698 3369 7698 3875 7699 3369 7699 3876 7699 3874 7700 3856 7700 3873 7700 3877 7701 3860 7701 3857 7701 3875 7702 3866 7702 3370 7702 3877 7703 3857 7703 3874 7703 3878 7704 3437 7704 3434 7704 3878 7705 3434 7705 3863 7705 3878 7706 3862 7706 3860 7706 3878 7707 3863 7707 3862 7707 3879 7708 3866 7708 3875 7708 3879 7709 3876 7709 3880 7709 3878 7710 3860 7710 3877 7710 3879 7711 3875 7711 3876 7711 3881 7712 3368 7712 3367 7712 3881 7713 3865 7713 3368 7713 3881 7714 3868 7714 3865 7714 3881 7715 3871 7715 3868 7715 3881 7716 3873 7716 3871 7716 3882 7717 3879 7717 3880 7717 3883 7718 3874 7718 3873 7718 3882 7719 3866 7719 3879 7719 3883 7720 3873 7720 3881 7720 3884 7721 3874 7721 3883 7721 3885 7722 3867 7722 3866 7722 3884 7723 3877 7723 3874 7723 3885 7724 3882 7724 3880 7724 3885 7725 3866 7725 3882 7725 3886 7726 3878 7726 3877 7726 3885 7727 3880 7727 3887 7727 3885 7728 3887 7728 3888 7728 3886 7729 3877 7729 3884 7729 3889 7730 3437 7730 3878 7730 3890 7731 3869 7731 3867 7731 3889 7732 3878 7732 3886 7732 3890 7733 3867 7733 3885 7733 3891 7734 3881 7734 3367 7734 3890 7735 3885 7735 3888 7735 3892 7736 3888 7736 3893 7736 3892 7737 3890 7737 3888 7737 3894 7738 3881 7738 3891 7738 3892 7739 3869 7739 3890 7739 3895 7740 3458 7740 3872 7740 3895 7741 3870 7741 3869 7741 3895 7742 3869 7742 3892 7742 3895 7743 3872 7743 3870 7743 3895 7744 3893 7744 3457 7744 3896 7745 3881 7745 3894 7745 3895 7746 3457 7746 3458 7746 3895 7747 3892 7747 3893 7747 3897 7748 3881 7748 3896 7748 3898 7749 3881 7749 3897 7749 3898 7750 3883 7750 3881 7750 3899 7751 3883 7751 3898 7751 3899 7752 3884 7752 3883 7752 3900 7753 3886 7753 3884 7753 3900 7754 3437 7754 3889 7754 3900 7755 3889 7755 3886 7755 3900 7756 3884 7756 3899 7756 3901 7757 3367 7757 3385 7757 3901 7758 3891 7758 3367 7758 3902 7759 3894 7759 3891 7759 3902 7760 3891 7760 3901 7760 3903 7761 3896 7761 3894 7761 3903 7762 3894 7762 3902 7762 3904 7763 3896 7763 3903 7763 3904 7764 3897 7764 3896 7764 3905 7765 3897 7765 3904 7765 3905 7766 3898 7766 3897 7766 3906 7767 3898 7767 3905 7767 3906 7768 3899 7768 3898 7768 3907 7769 3437 7769 3900 7769 3907 7770 3900 7770 3899 7770 3907 7771 3899 7771 3906 7771 3907 7772 3441 7772 3437 7772 3908 7773 3385 7773 3384 7773 3908 7774 3901 7774 3385 7774 3908 7775 3902 7775 3901 7775 3908 7776 3904 7776 3903 7776 3908 7777 3903 7777 3902 7777 3908 7778 3905 7778 3904 7778 3909 7779 3906 7779 3905 7779 3909 7780 3905 7780 3908 7780 3910 7781 3906 7781 3909 7781 3911 7782 3907 7782 3906 7782 3911 7783 3906 7783 3910 7783 3912 7784 3441 7784 3907 7784 3912 7785 3907 7785 3911 7785 3913 7786 3908 7786 3384 7786 3914 7787 3908 7787 3913 7787 3915 7788 3908 7788 3914 7788 3916 7789 3909 7789 3908 7789 3916 7790 3908 7790 3915 7790 3917 7791 3910 7791 3909 7791 3917 7792 3909 7792 3916 7792 3918 7793 3911 7793 3910 7793 3918 7794 3910 7794 3917 7794 3919 7795 3443 7795 3441 7795 3919 7796 3441 7796 3912 7796 3919 7797 3912 7797 3911 7797 3919 7798 3911 7798 3918 7798 3920 7799 3384 7799 3383 7799 3920 7800 3913 7800 3384 7800 3920 7801 3916 7801 3915 7801 3920 7802 3914 7802 3913 7802 3920 7803 3915 7803 3914 7803 3920 7804 3917 7804 3916 7804 3921 7805 3918 7805 3917 7805 3921 7806 3917 7806 3920 7806 3922 7807 3919 7807 3918 7807 3922 7808 3918 7808 3921 7808 3923 7809 3919 7809 3922 7809 3924 7810 3443 7810 3919 7810 3924 7811 3919 7811 3923 7811 3925 7812 3920 7812 3383 7812 3926 7813 3920 7813 3925 7813 3927 7814 3920 7814 3926 7814 3928 7815 3920 7815 3927 7815 3929 7816 3920 7816 3928 7816 3929 7817 3921 7817 3920 7817 3929 7818 3922 7818 3921 7818 3930 7819 3922 7819 3929 7819 3930 7820 3923 7820 3922 7820 3931 7821 3923 7821 3930 7821 3931 7822 3445 7822 3443 7822 3931 7823 3443 7823 3924 7823 3931 7824 3924 7824 3923 7824 3932 7825 3926 7825 3925 7825 3932 7826 3929 7826 3928 7826 3932 7827 3927 7827 3926 7827 3932 7828 3928 7828 3927 7828 3932 7829 3383 7829 3382 7829 3932 7830 3925 7830 3383 7830 3933 7831 3930 7831 3929 7831 3933 7832 3929 7832 3932 7832 3934 7833 3931 7833 3930 7833 3934 7834 3930 7834 3933 7834 3935 7835 3931 7835 3934 7835 3936 7836 3445 7836 3931 7836 3936 7837 3931 7837 3935 7837 3937 7838 3932 7838 3382 7838 3938 7839 3932 7839 3937 7839 3939 7840 3932 7840 3938 7840 3940 7841 3933 7841 3932 7841 3940 7842 3932 7842 3939 7842 3941 7843 3934 7843 3933 7843 3941 7844 3933 7844 3940 7844 3942 7845 3935 7845 3934 7845 3942 7846 3934 7846 3941 7846 3943 7847 3445 7847 3936 7847 3943 7848 3936 7848 3935 7848 3943 7849 3935 7849 3942 7849 3943 7850 3447 7850 3445 7850 3944 7851 3382 7851 3381 7851 3944 7852 3937 7852 3382 7852 3945 7853 3938 7853 3937 7853 3945 7854 3937 7854 3944 7854 3946 7855 3939 7855 3938 7855 3946 7856 3938 7856 3945 7856 3947 7857 3940 7857 3939 7857 3947 7858 3941 7858 3940 7858 3947 7859 3939 7859 3946 7859 3948 7860 3941 7860 3947 7860 3948 7861 3942 7861 3941 7861 3949 7862 3942 7862 3948 7862 3950 7863 3943 7863 3942 7863 3950 7864 3447 7864 3943 7864 3950 7865 3942 7865 3949 7865 3951 7866 3381 7866 3380 7866 3951 7867 3945 7867 3944 7867 3951 7868 3944 7868 3381 7868 3951 7869 3946 7869 3945 7869 3951 7870 3947 7870 3946 7870 3952 7871 3948 7871 3947 7871 3952 7872 3947 7872 3951 7872 3953 7873 3949 7873 3948 7873 3953 7874 3948 7874 3952 7874 3954 7875 3950 7875 3949 7875 3954 7876 3949 7876 3953 7876 3955 7877 3447 7877 3950 7877 3955 7878 3950 7878 3954 7878 3956 7879 3951 7879 3380 7879 3957 7880 3951 7880 3956 7880 3958 7881 3951 7881 3957 7881 3959 7882 3952 7882 3951 7882 3959 7883 3951 7883 3958 7883 3960 7884 3952 7884 3959 7884 3961 7885 3953 7885 3952 7885 3961 7886 3954 7886 3953 7886 3961 7887 3952 7887 3960 7887 3962 7888 3954 7888 3961 7888 3962 7889 3449 7889 3447 7889 3962 7890 3447 7890 3955 7890 3962 7891 3955 7891 3954 7891 3771 7892 3380 7892 3379 7892 3771 7893 3956 7893 3380 7893 3771 7894 3959 7894 3958 7894 3771 7895 3957 7895 3956 7895 3771 7896 3958 7896 3957 7896 3775 7897 3960 7897 3959 7897 3775 7898 3961 7898 3960 7898 3775 7899 3959 7899 3771 7899 3774 7900 3961 7900 3775 7900 3778 7901 3962 7901 3961 7901 3778 7902 3961 7902 3774 7902 3777 7903 3449 7903 3962 7903 3777 7904 3962 7904 3778 7904 3780 7905 3771 7905 3379 7905 3782 7906 3771 7906 3780 7906 3781 7907 3771 7907 3782 7907 3772 7908 3771 7908 3781 7908 3770 7909 3775 7909 3771 7909 3763 7910 3876 7910 3369 7910 3763 7911 3369 7911 3416 7911 3762 7912 3880 7912 3876 7912 3762 7913 3876 7913 3763 7913 3761 7914 3887 7914 3880 7914 3761 7915 3888 7915 3887 7915 3761 7916 3880 7916 3762 7916 3766 7917 3893 7917 3888 7917 3766 7918 3888 7918 3761 7918 3769 7919 3457 7919 3893 7919 3769 7920 3893 7920 3766 7920 3455 7921 3457 7921 3769 7921</p>
        </triangles>
        <triangles material="Material_002-material" count="2731">
          <input semantic="VERTEX" source="#link_6-mesh-vertices" offset="0"/>
          <input semantic="NORMAL" source="#link_6-mesh-normals" offset="1"/>
          <p>987 1653 962 1653 988 1653 1455 2639 1436 2639 1456 2639 1463 2664 1467 2664 1469 2664 1980 3756 1981 3756 1982 3756 1985 3758 1984 3758 1986 3758 1987 3759 1988 3759 1989 3759 1984 3760 1990 3760 1986 3760 1988 3761 1991 3761 1989 3761 1990 3762 1992 3762 1986 3762 1993 3763 1994 3763 1995 3763 1991 3764 1996 3764 1997 3764 1994 3765 1998 3765 1995 3765 1996 3766 1999 3766 2000 3766 1999 3767 1982 3767 2000 3767 2001 3768 1993 3768 2002 3768 2003 3769 2001 3769 2002 3769 2004 3770 2005 3770 2006 3770 2007 3771 2004 3771 2006 3771 2008 3772 2009 3772 2010 3772 2011 3773 2008 3773 2010 3773 2012 3774 1987 3774 2013 3774 1995 3775 1998 3775 2014 3775 2015 3776 2012 3776 2013 3776 1998 3777 1891 3777 2014 3777 2016 3778 2017 3778 2018 3778 2017 3779 2019 3779 2018 3779 2019 3780 2020 3780 2018 3780 1989 3781 1991 3781 2021 3781 1991 3782 1997 3782 2021 3782 2022 3783 2023 3783 2024 3783 2023 3784 2025 3784 2024 3784 2015 3785 2013 3785 2026 3785 2027 3786 2015 3786 2026 3786 2002 3787 1993 3787 2028 3787 2029 3788 2027 3788 2026 3788 2030 3789 2031 3789 2032 3789 2028 3790 1993 3790 2033 3790 1891 3791 1888 3791 2033 3791 2014 3792 1891 3792 2033 3792 2034 3793 2035 3793 2032 3793 1995 3794 2014 3794 2033 3794 2031 3795 2034 3795 2032 3795 1993 3796 1995 3796 2033 3796 2024 3797 2025 3797 2036 3797 2025 3798 2037 3798 2036 3798 1982 3799 2011 3799 2038 3799 2037 3800 2003 3800 2036 3800 2011 3801 2010 3801 2038 3801 2032 3802 2035 3802 2039 3802 2040 3803 2022 3803 2041 3803 2022 3804 2024 3804 2041 3804 2035 3805 2029 3805 2039 3805 2016 3806 2018 3806 2042 3806 2043 3807 2016 3807 2042 3807 1987 3808 1989 3808 2044 3808 2045 3809 2007 3809 2046 3809 2007 3810 2006 3810 2046 3810 2047 3811 2030 3811 2048 3811 2018 3812 2020 3812 2049 3812 1982 3813 2038 3813 2050 3813 2051 3814 2045 3814 2052 3814 1992 3815 2051 3815 2052 3815 2000 3816 1982 3816 2050 3816 2024 3817 2036 3817 2053 3817 2041 3818 2024 3818 2053 3818 2048 3819 2030 3819 2054 3819 2045 3820 2046 3820 2055 3820 2032 3821 2039 3821 2054 3821 2030 3822 2032 3822 2054 3822 2052 3823 2045 3823 2055 3823 1989 3824 2021 3824 2056 3824 2036 3825 2003 3825 2057 3825 2044 3826 1989 3826 2056 3826 2018 3827 2049 3827 2058 3827 2047 3828 2048 3828 2059 3828 2042 3829 2018 3829 2058 3829 2060 3830 2047 3830 2059 3830 2006 3831 2005 3831 2061 3831 2005 3832 2062 3832 2061 3832 2054 3833 2039 3833 2063 3833 2038 3834 2010 3834 2064 3834 1985 3835 1986 3835 2065 3835 1851 3836 1843 3836 2066 3836 2010 3837 2009 3837 2066 3837 2009 3838 1851 3838 2066 3838 2049 3840 2020 3840 2070 3840 2020 3841 2040 3841 2070 3841 2068 3842 2060 3842 2067 3842 2002 3843 2028 3843 2071 3843 2003 3844 2002 3844 2071 3844 2000 3845 2050 3845 2072 3845 1996 3846 2000 3846 2072 3846 2057 3847 2003 3847 2071 3847 1997 3848 1996 3848 2072 3848 2029 3849 2026 3849 2073 3849 2053 3850 2036 3850 2074 3850 2036 3851 2057 3851 2074 3851 1986 3852 1992 3852 2075 3852 1992 3853 2052 3853 2075 3853 2021 3854 1997 3854 2076 3854 2065 3855 1986 3855 2075 3855 2052 3856 2055 3856 2077 3856 1997 3857 2072 3857 2076 3857 2075 3858 2052 3858 2077 3858 2038 3859 2064 3859 2078 3859 2050 3860 2038 3860 2078 3860 2061 3861 2062 3861 2079 3861 2062 3862 2043 3862 2079 3862 2028 3864 2033 3864 2081 3864 2033 3865 1888 3865 2081 3865 2071 3866 2028 3866 2081 3866 1987 3867 2044 3867 2082 3867 1888 3868 1883 3868 2083 3868 2026 3869 2013 3869 2082 3869 2081 3870 1888 3870 2083 3870 2013 3871 1987 3871 2082 3871 1883 3872 2074 3872 2083 3872 2057 3873 2071 3873 2083 3873 2074 3874 2057 3874 2083 3874 2071 3875 2081 3875 2083 3875 2073 3876 2026 3876 2084 3876 2058 3877 2049 3877 2085 3877 2026 3878 2082 3878 2084 3878 2049 3880 2070 3880 2085 3880 2046 3881 2006 3881 2088 3881 2072 3882 2050 3882 2089 3882 1881 3884 1887 3884 2091 3884 2076 3885 2072 3885 2089 3885 1887 3886 1889 3886 2091 3886 2006 3887 2061 3887 2088 3887 2050 3888 2078 3888 2089 3888 2087 3889 1881 3889 2091 3889 2041 3890 2053 3890 2092 3890 2064 3891 2010 3891 2093 3891 2070 3892 2040 3892 2092 3892 2010 3893 2066 3893 2093 3893 2040 3895 2041 3895 2092 3895 2082 3897 2044 3897 2096 3897 2061 3898 2079 3898 2097 3898 2088 3899 2061 3899 2097 3899 2090 3900 2087 3900 2098 3900 2044 3901 2056 3901 2096 3901 2091 3902 1889 3902 2098 3902 2087 3903 2091 3903 2098 3903 2092 3904 2053 3904 2099 3904 2090 3905 2098 3905 2100 3905 2053 3906 2074 3906 2099 3906 2055 3907 2046 3907 2101 3907 2094 3908 2090 3908 2100 3908 2084 3909 2082 3909 2102 3909 2082 3910 2096 3910 2102 3910 2046 3911 2088 3911 2101 3911 2095 3912 2094 3912 2103 3912 2104 3913 2095 3913 2105 3913 2095 3914 2103 3914 2104 3914 2076 3915 2089 3915 2106 3915 2085 3916 2070 3916 2107 3916 2070 3917 2092 3917 2107 3917 2029 3918 2073 3918 2108 3918 2094 3919 2100 3919 2109 3919 2039 3920 2029 3920 2108 3920 2079 3921 2043 3921 2110 3921 2103 3922 2094 3922 2109 3922 2043 3923 2042 3923 2110 3923 2100 3924 2098 3924 2111 3924 1985 3925 2065 3925 2112 3925 2113 3926 1985 3926 2112 3926 2056 3927 2021 3927 2114 3927 2021 3928 2076 3928 2114 3928 2098 3929 1889 3929 2111 3929 2109 3930 2100 3930 2115 3930 2092 3931 2099 3931 2116 3931 1883 3932 1877 3932 2116 3932 2100 3933 2111 3933 2115 3933 2107 3934 2092 3934 2116 3934 1889 3935 1876 3935 2117 3935 2066 3936 1843 3936 2118 3936 2093 3937 2066 3937 2118 3937 2111 3938 1889 3938 2117 3938 2065 3939 2075 3939 2119 3939 2078 3940 2064 3940 2120 3940 2064 3941 2093 3941 2120 3941 2111 3942 2117 3942 2121 3942 2099 3943 2074 3943 2122 3943 2116 3944 2099 3944 2122 3944 2115 3945 2111 3945 2121 3945 1883 3946 2116 3946 2122 3946 2117 3947 1876 3947 2121 3947 2074 3948 1883 3948 2122 3948 2104 3949 2103 3949 2123 3949 2119 3950 2075 3950 2124 3950 2048 3951 2054 3951 2125 3951 2075 3952 2077 3952 2124 3952 2103 3953 2109 3953 2123 3953 2097 3954 2079 3954 2126 3954 2079 3955 2110 3955 2126 3955 2078 3956 2120 3956 2127 3956 2124 3957 2077 3957 2128 3957 2089 3958 2078 3958 2127 3958 2105 3959 2104 3959 2129 3959 2106 3960 2089 3960 2127 3960 2055 3961 2101 3961 2128 3961 2104 3962 2123 3962 2130 3962 2077 3963 2055 3963 2128 3963 2129 3964 2104 3964 2130 3964 2110 3965 2042 3965 2131 3965 2125 3966 2054 3966 2132 3966 2054 3967 2063 3967 2132 3967 2042 3968 2058 3968 2131 3968 2109 3969 2115 3969 2133 3969 2123 3970 2109 3970 2133 3970 2115 3971 2121 3971 2133 3971 2105 3972 2129 3972 2134 3972 2113 3973 2112 3973 2135 3973 2073 3974 2084 3974 2136 3974 2088 3975 2097 3975 2137 3975 2134 3976 2105 3976 2138 3976 2101 3977 2088 3977 2137 3977 2133 3978 2121 3978 2139 3978 2039 3979 2108 3979 2140 3979 2063 3980 2039 3980 2140 3980 2121 3981 1876 3981 2139 3981 2132 3982 2063 3982 2140 3982 2138 3983 2134 3983 2141 3983 2126 3984 2110 3984 2142 3984 2110 3985 2131 3985 2142 3985 2118 3986 1843 3986 2143 3986 2120 3987 2093 3987 2143 3987 2131 3988 2058 3988 2144 3988 2093 3989 2118 3989 2143 3989 2123 3990 2133 3990 2145 3990 2133 3991 2139 3991 2145 3991 2058 3992 2085 3992 2144 3992 2130 3993 2123 3993 2145 3993 2106 3994 2127 3994 2146 3994 2129 3995 2130 3995 2147 3995 2137 3996 2097 3996 2148 3996 2060 3997 2059 3997 2149 3997 1877 3998 1873 3998 2150 3998 2067 3999 2060 3999 2149 3999 1873 4000 2142 4000 2150 4000 2131 4001 2144 4001 2150 4001 2142 4002 2131 4002 2150 4002 2128 4003 2101 4003 2151 4003 2106 4004 2146 4004 2152 4004 2101 4005 2137 4005 2151 4005 2114 4006 2076 4006 2152 4006 2145 4007 2139 4007 2153 4007 2076 4008 2106 4008 2152 4008 2135 4009 2112 4009 2154 4009 2065 4010 2119 4010 2154 4010 2147 4011 2130 4011 2155 4011 2130 4012 2145 4012 2155 4012 2145 4013 2153 4013 2155 4013 2112 4014 2065 4014 2154 4014 2059 4015 2048 4015 2156 4015 2048 4016 2125 4016 2156 4016 2129 4017 2147 4017 2157 4017 2149 4018 2059 4018 2156 4018 2119 4019 2124 4019 2158 4019 2154 4020 2119 4020 2158 4020 2128 4021 2151 4021 2159 4021 2134 4022 2129 4022 2157 4022 2124 4023 2128 4023 2159 4023 2156 4024 2125 4024 2160 4024 2085 4025 2107 4025 2161 4025 2144 4026 2085 4026 2161 4026 2125 4027 2132 4027 2160 4027 2116 4028 1877 4028 2161 4028 2136 4029 2084 4029 2162 4029 2155 4030 2153 4030 2163 4030 2107 4031 2116 4031 2161 4031 1877 4032 2150 4032 2161 4032 2150 4033 2144 4033 2161 4033 2138 4034 2141 4034 2164 4034 2084 4035 2102 4035 2162 4035 2137 4037 2148 4037 2166 4037 2151 4038 2137 4038 2166 4038 2153 4039 2139 4039 2167 4039 2135 4040 2154 4040 2168 4040 2139 4041 1876 4041 2167 4041 2154 4042 2158 4042 2168 4042 2056 4044 2114 4044 2171 4044 2096 4045 2056 4045 2171 4045 2168 4047 2158 4047 2172 4047 2164 4048 2141 4048 2173 4048 2097 4049 2126 4049 2174 4049 2141 4050 2134 4050 2173 4050 2096 4051 2171 4051 2175 4051 2126 4052 2142 4052 2174 4052 2148 4053 2097 4053 2174 4053 2102 4054 2096 4054 2175 4054 2134 4055 2157 4055 2173 4055 2142 4056 1873 4056 2176 4056 2067 4057 2149 4057 2177 4057 2174 4058 2142 4058 2176 4058 2080 4059 2067 4059 2177 4059 1873 4060 1871 4060 2178 4060 1871 4061 2166 4061 2178 4061 2166 4062 2148 4062 2178 4062 2148 4063 2174 4063 2178 4063 2176 4064 1873 4064 2178 4064 2120 4065 2143 4065 2179 4065 2153 4066 2167 4066 2180 4066 2174 4067 2176 4067 2178 4067 2159 4068 2151 4068 2181 4068 2127 4069 2120 4069 2179 4069 2157 4070 2147 4070 2182 4070 2147 4071 2155 4071 2182 4071 2158 4072 2124 4072 2183 4072 2140 4073 2108 4073 2184 4073 2124 4074 2159 4074 2183 4074 2108 4075 2073 4075 2184 4075 2073 4076 2136 4076 2184 4076 2172 4077 2158 4077 2183 4077 2152 4078 2146 4078 2185 4078 2166 4079 1871 4079 2186 4079 2151 4080 2166 4080 2186 4080 2155 4081 2163 4081 2187 4081 2181 4082 2151 4082 2186 4082 1867 4083 1864 4083 2188 4083 2183 4084 1867 4084 2188 4084 2182 4085 2155 4085 2187 4085 1864 4086 2172 4086 2188 4086 2172 4087 2183 4087 2188 4087 2146 4088 2127 4088 2189 4088 1876 4089 1870 4089 2190 4089 2135 4090 2168 4090 2191 4090 2167 4091 1876 4091 2190 4091 2127 4092 2179 4092 2189 4092 1861 4093 2113 4093 2191 4093 2180 4094 2167 4094 2190 4094 2113 4095 2135 4095 2191 4095 2186 4096 1871 4096 2192 4096 1871 4098 1867 4098 2192 4098 1867 4099 2183 4099 2192 4099 2179 4100 2143 4100 2194 4100 2159 4101 2181 4101 2192 4101 2183 4102 2159 4102 2192 4102 2181 4103 2186 4103 2192 4103 1861 4104 2191 4104 2195 4104 2114 4105 2152 4105 2196 4105 2164 4106 2173 4106 2197 4106 2191 4107 2168 4107 2195 4107 1864 4108 1861 4108 2195 4108 2172 4109 1864 4109 2195 4109 2168 4110 2172 4110 2195 4110 2171 4111 2114 4111 2196 4111 2175 4112 2171 4112 2198 4112 2163 4113 2153 4113 2199 4113 2171 4114 2196 4114 2198 4114 2153 4115 2180 4115 2199 4115 2136 4116 2162 4116 2200 4116 2184 4119 2136 4119 2200 4119 2157 4120 2182 4120 2203 4120 2173 4122 2157 4122 2203 4122 2179 4124 2194 4124 2206 4124 2189 4125 2179 4125 2206 4125 2203 4126 2182 4126 2207 4126 2182 4127 2187 4127 2207 4127 2140 4128 2184 4128 2208 4128 2132 4129 2140 4129 2209 4129 2170 4130 2164 4130 2210 4130 2193 4131 2170 4131 2210 4131 2164 4132 2197 4132 2210 4132 2140 4133 2208 4133 2209 4133 2102 4135 2175 4135 2213 4135 2162 4137 2102 4137 2213 4137 2190 4138 1870 4138 2214 4138 2180 4139 2190 4139 2214 4139 2146 4140 2189 4140 2215 4140 2199 4141 2180 4141 2214 4141 2189 4142 2206 4142 2215 4142 2185 4143 2146 4143 2215 4143 2197 4144 2173 4144 2216 4144 2206 4145 2194 4145 2217 4145 2173 4146 2203 4146 2216 4146 2194 4147 2143 4147 2217 4147 2143 4148 1843 4148 2217 4148 2205 4149 2204 4149 2218 4149 2203 4150 2207 4150 2219 4150 2184 4151 2200 4151 2220 4151 2208 4152 2184 4152 2220 4152 2216 4153 2203 4153 2219 4153 2196 4154 2152 4154 2221 4154 2152 4155 2185 4155 2221 4155 2214 4156 1870 4156 2222 4156 2196 4157 2221 4157 2223 4157 2198 4158 2196 4158 2223 4158 2199 4159 2214 4159 2224 4159 2187 4160 2163 4160 2225 4160 2149 4161 2156 4161 2226 4161 2199 4162 2224 4162 2225 4162 2163 4163 2199 4163 2225 4163 2206 4164 2217 4164 2227 4164 2193 4165 2210 4165 2228 4165 2132 4166 2209 4166 2229 4166 2160 4167 2132 4167 2229 4167 2160 4168 2229 4168 2230 4168 2156 4169 2160 4169 2230 4169 2201 4170 2193 4170 2231 4170 2226 4171 2156 4171 2230 4171 2193 4172 2228 4172 2231 4172 1843 4173 1839 4173 2232 4173 2217 4174 1843 4174 2232 4174 2227 4175 2217 4175 2232 4175 2224 4176 2214 4176 2233 4176 2215 4177 2206 4177 2234 4177 2214 4178 2222 4178 2233 4178 2206 4179 2227 4179 2234 4179 2175 4181 2198 4181 2236 4181 2213 4182 2175 4182 2236 4182 2227 4183 2232 4183 2237 4183 2197 4184 2216 4184 2238 4184 2232 4185 1839 4185 2237 4185 2216 4186 2219 4186 2238 4186 2200 4189 2162 4189 2241 4189 2162 4190 2213 4190 2241 4190 2177 4191 2149 4191 2242 4191 2238 4192 2219 4192 2243 4192 2149 4193 2226 4193 2242 4193 2187 4194 2225 4194 2244 4194 2219 4195 2207 4195 2244 4195 2226 4196 2230 4196 2004 4196 2207 4197 2187 4197 2244 4197 2228 4198 2210 4198 2245 4198 2242 4199 2226 4199 2004 4199 2197 4200 2238 4200 2245 4200 2221 4201 2185 4201 2246 4201 2210 4202 2197 4202 2245 4202 2185 4203 2215 4203 2246 4203 2234 4204 2227 4204 2247 4204 2238 4205 2243 4205 2248 4205 2221 4206 2246 4206 2249 4206 2245 4207 2238 4207 2248 4207 2223 4208 2221 4208 2249 4208 2209 4209 2208 4209 2250 4209 2201 4210 2231 4210 2251 4210 2212 4211 2201 4211 2251 4211 2225 4212 2224 4212 2252 4212 2080 4213 2177 4213 2253 4213 2244 4214 2225 4214 2252 4214 2204 4215 2080 4215 2253 4215 2219 4216 2244 4216 2254 4216 2236 4217 2198 4217 2255 4217 2198 4218 2223 4218 2255 4218 2243 4219 2219 4219 2254 4219 1870 4220 1856 4220 2256 4220 2220 4221 2200 4221 2257 4221 2233 4222 2222 4222 2256 4222 2200 4223 2241 4223 2257 4223 2222 4224 1870 4224 2256 4224 2213 4225 2236 4225 2258 4225 2241 4227 2213 4227 2258 4227 1839 4228 1893 4228 2260 4228 2237 4229 1839 4229 2260 4229 2247 4230 2227 4230 2260 4230 2227 4231 2237 4231 2260 4231 2252 4232 2224 4232 2261 4232 2224 4233 2233 4233 2261 4233 2215 4234 2234 4234 2262 4234 2244 4235 2252 4235 2263 4235 2254 4236 2244 4236 2263 4236 2246 4237 2215 4237 2262 4237 2245 4238 2248 4238 2264 4238 2231 4239 2228 4239 2264 4239 2249 4240 2246 4240 2265 4240 2228 4241 2245 4241 2264 4241 2246 4242 2262 4242 2265 4242 2208 4243 2220 4243 2266 4243 2250 4244 2208 4244 2266 4244 2264 4245 2248 4245 2267 4245 2209 4246 2250 4246 2268 4246 2229 4247 2209 4247 2268 4247 2235 4248 2212 4248 2269 4248 2212 4249 2251 4249 2269 4249 2204 4250 2253 4250 2270 4250 2218 4251 2204 4251 2270 4251 2239 4252 2235 4252 2271 4252 2241 4253 2258 4253 2272 4253 2235 4254 2269 4254 2271 4254 2259 4255 2239 4255 2271 4255 2257 4256 2241 4256 2272 4256 2234 4257 2247 4257 2273 4257 2231 4258 2264 4258 2274 4258 2265 4259 2262 4259 2273 4259 2262 4260 2234 4260 2273 4260 2236 4261 2255 4261 2275 4261 2258 4262 2236 4262 2275 4262 2251 4263 2231 4263 2274 4263 2272 4264 2258 4264 2275 4264 2243 4265 2254 4265 2276 4265 2250 4266 2266 4266 2017 4266 2268 4267 2250 4267 2017 4267 2265 4268 2273 4268 2277 4268 2264 4269 2267 4269 2278 4269 2230 4270 2229 4270 2279 4270 2274 4271 2264 4271 2278 4271 2229 4272 2268 4272 2279 4272 2252 4273 2261 4273 2280 4273 2223 4274 2249 4274 2281 4274 2263 4275 2252 4275 2280 4275 2249 4277 2265 4277 2281 4277 2255 4279 2223 4279 2281 4279 2218 4281 2270 4281 1990 4281 2205 4282 2218 4282 1990 4282 2248 4283 2243 4283 2284 4283 2243 4284 2276 4284 2284 4284 2267 4285 2248 4285 2284 4285 2247 4286 2260 4286 2285 4286 2273 4287 2247 4287 2285 4287 2277 4288 2273 4288 2286 4288 2254 4289 2263 4289 2287 4289 2273 4290 2285 4290 2286 4290 2276 4291 2254 4291 2287 4291 2265 4292 2277 4292 2288 4292 2281 4293 2265 4293 2288 4293 2004 4294 2230 4294 2005 4294 2230 4295 2279 4295 2005 4295 2251 4296 2274 4296 2289 4296 2283 4297 2282 4297 2290 4297 2272 4298 2275 4298 2023 4298 2233 4299 2256 4299 2291 4299 2261 4300 2233 4300 2291 4300 2285 4301 2260 4301 2292 4301 2286 4302 2285 4302 2292 4302 2286 4303 2292 4303 2293 4303 2274 4304 2278 4304 2012 4304 2289 4305 2274 4305 2012 4305 2266 4306 2220 4306 2294 4306 2287 4307 2263 4307 1980 4307 2220 4308 2257 4308 2294 4308 2263 4309 2280 4309 1980 4309 2292 4310 2260 4310 2295 4310 2260 4311 1893 4311 2295 4311 2259 4312 2271 4312 2034 4312 2275 4313 2255 4313 2296 4313 2255 4314 2281 4314 2296 4314 2280 4315 2261 4315 2297 4315 2261 4316 2291 4316 2297 4316 2292 4317 2295 4317 2298 4317 2295 4318 1893 4318 2298 4318 2293 4319 2292 4319 2298 4319 2256 4320 1856 4320 2299 4320 2297 4322 2291 4322 2299 4322 2291 4323 2256 4323 2299 4323 2287 4324 1980 4324 2300 4324 2253 4325 2177 4325 2301 4325 2284 4326 2276 4326 2300 4326 2177 4327 2242 4327 2301 4327 2276 4328 2287 4328 2300 4328 2288 4329 2277 4329 2302 4329 2277 4330 2286 4330 2302 4330 2267 4331 2284 4331 2303 4331 2301 4332 2242 4332 2007 4332 2242 4333 2004 4333 2007 4333 2271 4334 2269 4334 2304 4334 2269 4335 2251 4335 2304 4335 2251 4336 2289 4336 2304 4336 2266 4337 2294 4337 2019 4337 2017 4338 2266 4338 2019 4338 2271 4339 2304 4339 2305 4339 2296 4340 2281 4340 2306 4340 2034 4341 2271 4341 2305 4341 2281 4342 2288 4342 2306 4342 2282 4343 2259 4343 2031 4343 2259 4344 2034 4344 2031 4344 2279 4345 2268 4345 2307 4345 2294 4346 2257 4346 2308 4346 2257 4347 2272 4347 2308 4347 2300 4348 1980 4348 1999 4348 2289 4349 2012 4349 2015 4349 2302 4350 2286 4350 2309 4350 2286 4351 2293 4351 2309 4351 2304 4352 2289 4352 2015 4352 2023 4353 2275 4353 2025 4353 2267 4354 2303 4354 1988 4354 2275 4355 2296 4355 2025 4355 2012 4356 2278 4356 1988 4356 2278 4357 2267 4357 1988 4357 2253 4358 2301 4358 2051 4358 2304 4359 2015 4359 2027 4359 2270 4360 2253 4360 2051 4360 2305 4361 2304 4361 2027 4361 2051 4362 2301 4362 2045 4362 2297 4363 2299 4363 2008 4363 2301 4364 2007 4364 2045 4364 2284 4365 2300 4365 2310 4365 2303 4366 2284 4366 2310 4366 2307 4367 2268 4367 2016 4367 1856 4368 1851 4368 2311 4368 2268 4369 2017 4369 2016 4369 2008 4370 2299 4370 2311 4370 2299 4371 1856 4371 2311 4371 2309 4372 2293 4372 1994 4372 1980 4373 2280 4373 1981 4373 2280 4374 2297 4374 1981 4374 2294 4375 2308 4375 2020 4375 2047 4376 2283 4376 2068 4376 2019 4377 2294 4377 2020 4377 2283 4378 2290 4378 2047 4378 2288 4379 2302 4379 2312 4379 2306 4380 2288 4380 2312 4380 2300 4381 1999 4381 1996 4381 2296 4382 2306 4382 2037 4382 2310 4383 2300 4383 1996 4383 2025 4384 2296 4384 2037 4384 2282 4385 2031 4385 2030 4385 2306 4386 2312 4386 2037 4386 2047 4387 2290 4387 2030 4387 2279 4388 2307 4388 2062 4388 2290 4389 2282 4389 2030 4389 2005 4390 2279 4390 2062 4390 2012 4391 1988 4391 1987 4391 2270 4392 2051 4392 1992 4392 1990 4393 2270 4393 1992 4393 2311 4394 1851 4394 2009 4394 1893 4395 1891 4395 1998 4395 2008 4396 2311 4396 2009 4396 2298 4397 1893 4397 1998 4397 2293 4398 2298 4398 1998 4398 1994 4399 2293 4399 1998 4399 2272 4400 2023 4400 2022 4400 2068 4401 2047 4401 2060 4401 2308 4402 2272 4402 2022 4402 2034 4403 2305 4403 2035 4403 2302 4404 2309 4404 2001 4404 2312 4405 2302 4405 2001 4405 2297 4406 2008 4406 2011 4406 1981 4407 2297 4407 2011 4407 2062 4408 2307 4408 2043 4408 2307 4409 2016 4409 2043 4409 2303 4410 2310 4410 1991 4410 2310 4411 1996 4411 1991 4411 1988 4412 2303 4412 1991 4412 2037 4413 2312 4413 2003 4413 2312 4414 2001 4414 2003 4414 2020 4415 2308 4415 2040 4415 2308 4416 2022 4416 2040 4416 2305 4417 2027 4417 2029 4417 2001 4418 2309 4418 1993 4418 2035 4419 2305 4419 2029 4419 2309 4420 1994 4420 1993 4420 1999 4421 1980 4421 1982 4421 1981 4423 2011 4423 1982 4423 2313 4424 2314 4424 2315 4424 2316 4425 2317 4425 2318 4425 2316 4426 2318 4426 2319 4426 2320 4427 2321 4427 2322 4427 2323 4428 2324 4428 2325 4428 2323 4429 2325 4429 2326 4429 2320 4430 2327 4430 2321 4430 2328 4431 2329 4431 2330 4431 2331 4432 2332 4432 2333 4432 2331 4433 2334 4433 2332 4433 2335 4434 2336 4434 2337 4434 2335 4435 2338 4435 2336 4435 2339 4436 2317 4436 2316 4436 2340 4437 2330 4437 2341 4437 2339 4438 2342 4438 2317 4438 2340 4439 2341 4439 2338 4439 2340 4440 2328 4440 2330 4440 2343 4441 2334 4441 2331 4441 2343 4442 2344 4442 2334 4442 2345 4443 2346 4443 2347 4443 2348 4444 2349 4444 2350 4444 2348 4445 2351 4445 2349 4445 2345 4446 2344 4446 2343 4446 2348 4447 2350 4447 2327 4447 2352 4448 2328 4448 2340 4448 2345 4449 2347 4449 2344 4449 2353 4450 2324 4450 2323 4450 2353 4451 2354 4451 2324 4451 2353 4452 2355 4452 2354 4452 2356 4453 2351 4453 2348 4453 2357 4454 2319 4454 2346 4454 2357 4455 2316 4455 2319 4455 2362 4458 2346 4458 2345 4458 2363 4459 2364 4459 2314 4459 2363 4460 2365 4460 2364 4460 2366 4461 2367 4461 2355 4461 2363 4462 2314 4462 2313 4462 2366 4463 2368 4463 2367 4463 2369 4464 2322 4464 2329 4464 2370 4465 2355 4465 2353 4465 2369 4466 2320 4466 2322 4466 2370 4467 2366 4467 2355 4467 2371 4468 2339 4468 2316 4468 2371 4469 2316 4469 2357 4469 2372 4470 2361 4470 2360 4470 2373 4471 2374 4471 2342 4471 2372 4472 2337 4472 2361 4472 2373 4473 2375 4473 2374 4473 2372 4474 2335 4474 2337 4474 2373 4475 2342 4475 2339 4475 2376 4476 2365 4476 2363 4476 2377 4477 1943 4477 2375 4477 2377 4478 1939 4478 1943 4478 2377 4479 2375 4479 2373 4479 2378 4480 2331 4480 2333 4480 2379 4481 2380 4481 2381 4481 2378 4482 2343 4482 2331 4482 2379 4483 2381 4483 2382 4483 2378 4484 2333 4484 2383 4484 2379 4485 2313 4485 2380 4485 2384 4486 2385 4486 2368 4486 2386 4487 2363 4487 2313 4487 2386 4488 2376 4488 2363 4488 2384 4489 2383 4489 2385 4489 2387 4490 2379 4490 2382 4490 2388 4491 2383 4491 2384 4491 2387 4492 2382 4492 2351 4492 2389 4493 2348 4493 2327 4493 2390 4494 2343 4494 2378 4494 2391 4495 2323 4495 2326 4495 2391 4496 2326 4496 2392 4496 2393 4497 2356 4497 2348 4497 2393 4498 2348 4498 2389 4498 2391 4499 2392 4499 2394 4499 2395 4500 2339 4500 2371 4500 2395 4501 2373 4501 2339 4501 2396 4502 2379 4502 2387 4502 2397 4503 2357 4503 2346 4503 2396 4504 2386 4504 2313 4504 2397 4505 2346 4505 2362 4505 2396 4506 2313 4506 2379 4506 2398 4507 2340 4507 2338 4507 2399 4508 1939 4508 2377 4508 2399 4509 2377 4509 2373 4509 2398 4510 2352 4510 2340 4510 2399 4511 2373 4511 2395 4511 2398 4512 2338 4512 2335 4512 2400 4513 2345 4513 2343 4513 2401 4514 2369 4514 2329 4514 2400 4515 2362 4515 2345 4515 2400 4516 2343 4516 2390 4516 2402 4517 1937 4517 1939 4517 2401 4518 2329 4518 2328 4518 2403 4519 2396 4519 2387 4519 2402 4520 2371 4520 2357 4520 2402 4521 2357 4521 2397 4521 2402 4522 1939 4522 2399 4522 2402 4523 2395 4523 2371 4523 2402 4524 2399 4524 2395 4524 2404 4525 2323 4525 2391 4525 2405 4526 2376 4526 2386 4526 2404 4527 2370 4527 2353 4527 2404 4528 2353 4528 2323 4528 2406 4529 2320 4529 2369 4529 2407 4530 2362 4530 2400 4530 2406 4531 2389 4531 2327 4531 2408 4532 2370 4532 2404 4532 2406 4533 2327 4533 2320 4533 2409 4534 2393 4534 2389 4534 2410 4535 2366 4535 2370 4535 2410 4536 2370 4536 2408 4536 2409 4537 2389 4537 2406 4537 2411 4538 2366 4538 2410 4538 2412 4539 2352 4539 2398 4539 2411 4540 2384 4540 2368 4540 2411 4541 2368 4541 2366 4541 2413 4542 2360 4542 2358 4542 2414 4543 2384 4543 2411 4543 2415 4544 2335 4544 2372 4544 2414 4545 2388 4545 2384 4545 2415 4546 2398 4546 2335 4546 2415 4547 2412 4547 2398 4547 2416 4548 1932 4548 2417 4548 2418 4549 2400 4549 2390 4549 2418 4550 2407 4550 2400 4550 2419 4551 2407 4551 2418 4551 2420 4552 1918 4552 1925 4552 2420 4553 1925 4553 1932 4553 2421 4554 2401 4554 2328 4554 2420 4555 1932 4555 2416 4555 2422 4556 2417 4556 2423 4556 2424 4557 2397 4557 2362 4557 2421 4558 2328 4558 2352 4558 2423 4559 2416 4559 2417 4559 2424 4560 2362 4560 2407 4560 2425 4561 1897 4561 2365 4561 2425 4562 2365 4562 2376 4562 2426 4563 1918 4563 2420 4563 2427 4564 2378 4564 2383 4564 2426 4565 2420 4565 2416 4565 2427 4566 2383 4566 2388 4566 2428 4567 2412 4567 2415 4567 2429 4568 2397 4568 2424 4568 2430 4569 2426 4569 2416 4569 2429 4570 1937 4570 2402 4570 2429 4571 2402 4571 2397 4571 2431 4572 2387 4572 2351 4572 2432 4573 2418 4573 2390 4573 2432 4574 2378 4574 2427 4574 2433 4575 2423 4575 2422 4575 2431 4576 2403 4576 2387 4576 2432 4577 2390 4577 2378 4577 2431 4578 2351 4578 2356 4578 2434 4579 2422 4579 2435 4579 2436 4580 2372 4580 2360 4580 2435 4581 2433 4581 2422 4581 2437 4582 2404 4582 2391 4582 2437 4583 2408 4583 2404 4583 2436 4584 2360 4584 2413 4584 2438 4585 1897 4585 2425 4585 2439 4586 2437 4586 2391 4586 2439 4587 2391 4587 2394 4587 2438 4588 2376 4588 2405 4588 2440 4589 2430 4589 2416 4589 2440 4590 2416 4590 2423 4590 2438 4591 2425 4591 2376 4591 2441 4592 2408 4592 2437 4592 2442 4593 2426 4593 2430 4593 2443 4594 2410 4594 2408 4594 2442 4595 1918 4595 2426 4595 2444 4596 2403 4596 2431 4596 2445 4597 2430 4597 2440 4597 2443 4598 2408 4598 2441 4598 2445 4599 2442 4599 2430 4599 2446 4600 2406 4600 2369 4600 2447 4601 1915 4601 1918 4601 2448 4602 2424 4602 2407 4602 2446 4603 2409 4603 2406 4603 2447 4604 1918 4604 2442 4604 2448 4605 2429 4605 2424 4605 2449 4606 2447 4606 2442 4606 2448 4607 2407 4607 2419 4607 2450 4608 2414 4608 2411 4608 2449 4609 2442 4609 2445 4609 2451 4610 2423 4610 2433 4610 2450 4611 2411 4611 2410 4611 2452 4612 2409 4612 2446 4612 2451 4613 2433 4613 2435 4613 2453 4614 2396 4614 2403 4614 2454 4615 2414 4615 2450 4615 2453 4616 2386 4616 2396 4616 2453 4617 2405 4617 2386 4617 2451 4618 2440 4618 2423 4618 2455 4619 2439 4619 2394 4619 2456 4620 1937 4620 2429 4620 2457 4621 2453 4621 2403 4621 2458 4622 2451 4622 2435 4622 2456 4623 1934 4623 1937 4623 2456 4624 2429 4624 2448 4624 2456 4625 2448 4625 1934 4625 2457 4626 2403 4626 2444 4626 2459 4627 2388 4627 2414 4627 2459 4628 2427 4628 2388 4628 2460 4629 2445 4629 2440 4629 2460 4630 2440 4630 2451 4630 2461 4631 2415 4631 2372 4631 2461 4632 2372 4632 2436 4632 2459 4633 2414 4633 2454 4633 2461 4634 2428 4634 2415 4634 2460 4635 2449 4635 2445 4635 2434 4636 2435 4636 2462 4636 2463 4637 2432 4637 2427 4637 2464 4638 2453 4638 2457 4638 2463 4639 2427 4639 2459 4639 2465 4640 2449 4640 2460 4640 2466 4641 2419 4641 2418 4641 2464 4642 2438 4642 2405 4642 2464 4643 2405 4643 2453 4643 2466 4644 2418 4644 2432 4644 2467 4645 2462 4645 2434 4645 2468 4646 2464 4646 2457 4646 2469 4647 1934 4647 2448 4647 2469 4648 2419 4648 2466 4648 2469 4649 2448 4649 2419 4649 2470 4650 1915 4650 2447 4650 2471 4651 2431 4651 2356 4651 2471 4652 2356 4652 2393 4652 2470 4653 2447 4653 2449 4653 2472 4654 2443 4654 2441 4654 2473 4655 2451 4655 2458 4655 2471 4656 2444 4656 2431 4656 2473 4657 2460 4657 2451 4657 2474 4658 2437 4658 2439 4658 2475 4659 2369 4659 2401 4659 2474 4660 2441 4660 2437 4660 2474 4661 2439 4661 2455 4661 2475 4662 2446 4662 2369 4662 2476 4663 2410 4663 2443 4663 2475 4664 2401 4664 2421 4664 2476 4665 2450 4665 2410 4665 2476 4666 2454 4666 2450 4666 2477 4667 2352 4667 2412 4667 2476 4668 2443 4668 2472 4668 2477 4669 2421 4669 2352 4669 2478 4670 2473 4670 2458 4670 2479 4671 2454 4671 2476 4671 2477 4672 2412 4672 2428 4672 2480 4673 2435 4673 2462 4673 2481 4674 2446 4674 2475 4674 2482 4675 2472 4675 2441 4675 2482 4676 2441 4676 2474 4676 2481 4677 2452 4677 2446 4677 2480 4678 2458 4678 2435 4678 2483 4679 2463 4679 1929 4679 2484 4680 2470 4680 2449 4680 2483 4681 2432 4681 2463 4681 2483 4682 2466 4682 2432 4682 2484 4683 2449 4683 2465 4683 2485 4684 2428 4684 2461 4684 2486 4685 2463 4685 2459 4685 2487 4686 2473 4686 2478 4686 2486 4687 2459 4687 2454 4687 2487 4688 2460 4688 2473 4688 2488 4689 2474 4689 2455 4689 2489 4690 2444 4690 2471 4690 2487 4691 2465 4691 2460 4691 2488 4692 2482 4692 2474 4692 2490 4693 2471 4693 2393 4693 2493 4695 1929 4695 2463 4695 2493 4696 2463 4696 2486 4696 2492 4697 2467 4697 2434 4697 2494 4698 1934 4698 2469 4698 2490 4699 2393 4699 2409 4699 2495 4700 2487 4700 2478 4700 2494 4701 1929 4701 1934 4701 2494 4702 2483 4702 1929 4702 2494 4703 2469 4703 2466 4703 2494 4704 2466 4704 2483 4704 2496 4705 2482 4705 2488 4705 2497 4706 2436 4706 2413 4706 2498 4707 2480 4707 2462 4707 2498 4708 2462 4708 2467 4708 2499 4709 2476 4709 2472 4709 2499 4710 2479 4710 2476 4710 2500 4711 1926 4711 2479 4711 2501 4712 2471 4712 2490 4712 2501 4713 2489 4713 2471 4713 2500 4714 2479 4714 2499 4714 2504 4716 2358 4716 2505 4716 2506 4717 2472 4717 2482 4717 2505 4718 2497 4718 2413 4718 2506 4720 2482 4720 2496 4720 2505 4721 2413 4721 2358 4721 2506 4722 2499 4722 2472 4722 2507 4723 2477 4723 2428 4723 2508 4724 2479 4724 1926 4724 2508 4725 2454 4725 2479 4725 2509 4726 2487 4726 2495 4726 2508 4727 2486 4727 2454 4727 2509 4728 2484 4728 2465 4728 2507 4729 2428 4729 2485 4729 2509 4730 2465 4730 2487 4730 2508 4731 2493 4731 2486 4731 2510 4732 2493 4732 2508 4732 2510 4733 1926 4733 1929 4733 2511 4734 2475 4734 2421 4734 2510 4735 2508 4735 1926 4735 2510 4736 1929 4736 2493 4736 2512 4737 2506 4737 2496 4737 2512 4738 1910 4738 1919 4738 2513 4739 2509 4739 2495 4739 2512 4740 1919 4740 2506 4740 2514 4741 1915 4741 2470 4741 2512 4742 2496 4742 1910 4742 2514 4743 1912 4743 1915 4743 2515 4744 2394 4744 1900 4744 2515 4745 2488 4745 2455 4745 2514 4746 2470 4746 2484 4746 2515 4747 2455 4747 2394 4747 2516 4748 2475 4748 2511 4748 2517 4749 2500 4749 2499 4749 2516 4750 2481 4750 2475 4750 2518 4751 2478 4751 2458 4751 2518 4752 2480 4752 2498 4752 2517 4753 2506 4753 1919 4753 2519 4754 2457 4754 2444 4754 2517 4755 2499 4755 2506 4755 2520 4756 1926 4756 2500 4756 2520 4757 1919 4757 1926 4757 2520 4758 2517 4758 1919 4758 2520 4759 2500 4759 2517 4759 2521 4760 1900 4760 1910 4760 2519 4761 2468 4761 2457 4761 2518 4762 2458 4762 2480 4762 2521 4763 2488 4763 2515 4763 2519 4764 2444 4764 2489 4764 2521 4765 2515 4765 1900 4765 2522 4766 2438 4766 2464 4766 2521 4767 1910 4767 2496 4767 2521 4768 2496 4768 2488 4768 2523 4769 2498 4769 2467 4769 2523 4770 2467 4770 2492 4770 2524 4771 2522 4771 2464 4771 2524 4772 2464 4772 2468 4772 2523 4773 2492 4773 2502 4773 2526 4775 2468 4775 2519 4775 2526 4777 2524 4777 2468 4777 2529 4778 2438 4778 2522 4778 2529 4780 2522 4780 2524 4780 2530 4781 2495 4781 2478 4781 2531 4782 2461 4782 2436 4782 2530 4783 2478 4783 2518 4783 2531 4784 2485 4784 2461 4784 2531 4785 2436 4785 2497 4785 2532 4786 2498 4786 2523 4786 2532 4787 2518 4787 2498 4787 2533 4788 2529 4788 2524 4788 2534 4789 2490 4789 2409 4789 2535 4790 2523 4790 2502 4790 2535 4791 2502 4791 2525 4791 2534 4792 2409 4792 2452 4792 2536 4793 2485 4793 2531 4793 2537 4794 2530 4794 2518 4794 2537 4795 2518 4795 2532 4795 2538 4796 2490 4796 2534 4796 2540 4798 2484 4798 2509 4798 2538 4799 2501 4799 2490 4799 2540 4800 2509 4800 2513 4800 2540 4801 2514 4801 2484 4801 2541 4802 2507 4802 2485 4802 2542 4803 1912 4803 2514 4803 2543 4804 2489 4804 2501 4804 2542 4805 2514 4805 2540 4805 2543 4806 2519 4806 2489 4806 2543 4807 2526 4807 2519 4807 2544 4808 2540 4808 2513 4808 2544 4809 2542 4809 2540 4809 2545 4810 2505 4810 2504 4810 2546 4811 1950 4811 1897 4811 2547 4812 2542 4812 2544 4812 2546 4813 2438 4813 2529 4813 2546 4814 2529 4814 2533 4814 2546 4815 1897 4815 2438 4815 2548 4816 2513 4816 2495 4816 2548 4817 2495 4817 2530 4817 2549 4818 2526 4818 2543 4818 2550 4819 2421 4819 2477 4819 2550 4820 2477 4820 2507 4820 2550 4821 2511 4821 2421 4821 2551 4822 2532 4822 2523 4822 2551 4823 2523 4823 2535 4823 2551 4824 2537 4824 2532 4824 2552 4825 2516 4825 2511 4825 2552 4826 2511 4826 2550 4826 2553 4827 2525 4827 2528 4827 2553 4828 2535 4828 2525 4828 2554 4829 2538 4829 2534 4829 2555 4830 2553 4830 2528 4830 2554 4831 2452 4831 2481 4831 2554 4832 2534 4832 2452 4832 2556 4833 2543 4833 2501 4833 2555 4834 2528 4834 2539 4834 2556 4835 2501 4835 2538 4835 2559 4838 1950 4838 2546 4838 2559 4839 2546 4839 2533 4839 2560 4840 2537 4840 2551 4840 2561 4841 2524 4841 2526 4841 2561 4842 2533 4842 2524 4842 2562 4843 2535 4843 2553 4843 2563 4844 2538 4844 2554 4844 2562 4845 2560 4845 2551 4845 2562 4846 2551 4846 2535 4846 2564 4847 2543 4847 2556 4847 2564 4848 2549 4848 2543 4848 2565 4849 2530 4849 2537 4849 2565 4850 2548 4850 2530 4850 2565 4851 2537 4851 2560 4851 2567 4853 2531 4853 2497 4853 2567 4854 2536 4854 2531 4854 2568 4855 2560 4855 2562 4855 2569 4856 2567 4856 2497 4856 2569 4857 2497 4857 2505 4857 2570 4858 2555 4858 2539 4858 2571 4859 2559 4859 2533 4859 2571 4860 2533 4860 2561 4860 2570 4861 2539 4861 2558 4861 2572 4862 2552 4862 2550 4862 2572 4863 2550 4863 2507 4863 2573 4864 1907 4864 1912 4864 2573 4865 1912 4865 2542 4865 2572 4866 2507 4866 2541 4866 2574 4867 2552 4867 2572 4867 2573 4868 2542 4868 2547 4868 2577 4871 2536 4871 2567 4871 2578 4872 2513 4872 2548 4872 2579 4873 2554 4873 2481 4873 2578 4874 2544 4874 2513 4874 2579 4875 2481 4875 2516 4875 2580 4876 2544 4876 2578 4876 2581 4877 2563 4877 2554 4877 2580 4878 2547 4878 2544 4878 2581 4879 2554 4879 2579 4879 2582 4880 2560 4880 2568 4880 2582 4881 2565 4881 2560 4881 2583 4882 2561 4882 2526 4882 2583 4883 2571 4883 2561 4883 2583 4884 2526 4884 2549 4884 2584 4885 2568 4885 2562 4885 2585 4886 1950 4886 2559 4886 2585 4887 2559 4887 2571 4887 2584 4888 2562 4888 2553 4888 2584 4889 2553 4889 2555 4889 2586 4890 2538 4890 2563 4890 2586 4891 2564 4891 2556 4891 2587 4892 2555 4892 2570 4892 2586 4893 2556 4893 2538 4893 2587 4894 2584 4894 2555 4894 2588 4895 2541 4895 2485 4895 2588 4896 2485 4896 2536 4896 2589 4897 2570 4897 2558 4897 2590 4898 2571 4898 2583 4898 2590 4899 2585 4899 2571 4899 2591 4900 2548 4900 2565 4900 2592 4901 1945 4901 1950 4901 2591 4902 2565 4902 2582 4902 2592 4903 1950 4903 2585 4903 2593 4904 2549 4904 2564 4904 2591 4905 2578 4905 2548 4905 2594 4906 2580 4906 2578 4906 2593 4907 2583 4907 2549 4907 2595 4908 2564 4908 2586 4908 2594 4909 2578 4909 2591 4909 2599 4913 2584 4913 2587 4913 2325 4914 2545 4914 2504 4914 2600 4915 2590 4915 2583 4915 2599 4916 2568 4916 2584 4916 2600 4917 2583 4917 2593 4917 2601 4918 2568 4918 2599 4918 2601 4919 2582 4919 2568 4919 2602 4920 2572 4920 2541 4920 2602 4921 2574 4921 2572 4921 2332 4922 2574 4922 2602 4922 2603 4923 2599 4923 2587 4923 2604 4924 2569 4924 2505 4924 2604 4925 2545 4925 2325 4925 2604 4926 2505 4926 2545 4926 2605 4927 2563 4927 2581 4927 2606 4928 2589 4928 2558 4928 2606 4929 2558 4929 2566 4929 2605 4930 2595 4930 2586 4930 2605 4931 2586 4931 2563 4931 2607 4932 2597 4932 2596 4932 2608 4933 2579 4933 2516 4933 2608 4934 2581 4934 2579 4934 2609 4935 2570 4935 2589 4935 2608 4936 2516 4936 2552 4936 2609 4937 2587 4937 2570 4937 2609 4938 2603 4938 2587 4938 2610 4939 2595 4939 2605 4939 2611 4940 2585 4940 2590 4940 2612 4941 2603 4941 2609 4941 2613 4942 2581 4942 2608 4942 2614 4943 2566 4943 2575 4943 2614 4944 2575 4944 2597 4944 2615 4945 2585 4945 2611 4945 2614 4946 2606 4946 2566 4946 2615 4947 2592 4947 2585 4947 2616 4948 2588 4948 2536 4948 2617 4949 2573 4949 2547 4949 2617 4950 2547 4950 2580 4950 2616 4951 2536 4951 2577 4951 2618 4952 2582 4952 2601 4952 2619 4953 2590 4953 2600 4953 2619 4954 2611 4954 2590 4954 2618 4955 2594 4955 2591 4955 2618 4956 2591 4956 2582 4956 2620 4957 2577 4957 2567 4957 2620 4958 2567 4958 2569 4958 2621 4959 2605 4959 2581 4959 2621 4960 2581 4960 2613 4960 2622 4961 2594 4961 2618 4961 2621 4962 2610 4962 2605 4962 2623 4963 2611 4963 2619 4963 2624 4964 2601 4964 2599 4964 2623 4965 2615 4965 2611 4965 2624 4966 2599 4966 2603 4966 2625 4967 2552 4967 2574 4967 2626 4968 1907 4968 2573 4968 2625 4969 2608 4969 2552 4969 2626 4970 2573 4970 2617 4970 2627 4971 2593 4971 2564 4971 2627 4972 2564 4972 2595 4972 2628 4973 2603 4973 2612 4973 2628 4974 2624 4974 2603 4974 2629 4975 2592 4975 2615 4975 2629 4976 2623 4976 1945 4976 2629 4977 2615 4977 2623 4977 2630 4978 2609 4978 2589 4978 2629 4979 1945 4979 2592 4979 2630 4980 2589 4980 2606 4980 2630 4981 2612 4981 2609 4981 2631 4982 2608 4982 2625 4982 2632 4983 2614 4983 2597 4983 2631 4984 2613 4984 2608 4984 2336 4985 2607 4985 2596 4985 2318 4986 2610 4986 2621 4986 2336 4987 2596 4987 2633 4987 2367 4988 2577 4988 2620 4988 2634 4989 2580 4989 2594 4989 2634 4990 2617 4990 2580 4990 2635 4991 2600 4991 2593 4991 2635 4992 2593 4992 2627 4992 2636 4993 2627 4993 2595 4993 2637 4994 2601 4994 2624 4994 2637 4995 2618 4995 2601 4995 2636 4996 2635 4996 2627 4996 2637 4997 2622 4997 2618 4997 2636 4998 2595 4998 2610 4998 2381 4999 2622 4999 2637 4999 2638 5000 2617 5000 2634 5000 2639 5001 2602 5001 2541 5001 2639 5002 2541 5002 2588 5002 2639 5003 2332 5003 2602 5003 2333 5004 2332 5004 2639 5004 2638 5005 2626 5005 2617 5005 2640 5006 2606 5006 2614 5006 2640 5007 2630 5007 2606 5007 2321 5009 2612 5009 2630 5009 2641 5010 2635 5010 2636 5010 2322 5011 2630 5011 2640 5011 2322 5012 2321 5012 2630 5012 2324 5013 2604 5013 2325 5013 2337 5014 2336 5014 2633 5014 2642 5016 2619 5016 2600 5016 2642 5017 2635 5017 2641 5017 2341 5018 2632 5018 2597 5018 2642 5019 2600 5019 2635 5019 2334 5020 2625 5020 2574 5020 2334 5021 2574 5021 2332 5021 2341 5022 2597 5022 2607 5022 2350 5023 2628 5023 2612 5023 2354 5024 2569 5024 2604 5024 2354 5025 2620 5025 2569 5025 2354 5026 2604 5026 2324 5026 2643 5027 2621 5027 2613 5027 2644 5028 2626 5028 2638 5028 2643 5029 2318 5029 2621 5029 2644 5030 1899 5030 1907 5030 2644 5031 1907 5031 2626 5031 2643 5032 2613 5032 2631 5032 2645 5033 1945 5033 2623 5033 2645 5034 1943 5034 1945 5034 2646 5035 2640 5035 2614 5035 2646 5036 2322 5036 2640 5036 2645 5037 2619 5037 2642 5037 2645 5038 2623 5038 2619 5038 2317 5039 2610 5039 2318 5039 2646 5040 2614 5040 2632 5040 2315 5041 2634 5041 2594 5041 2317 5042 2636 5042 2610 5042 2344 5043 2625 5043 2334 5043 2315 5044 2594 5044 2622 5044 2344 5045 2631 5045 2625 5045 2315 5046 2638 5046 2634 5046 2647 5048 2624 5048 2628 5048 2319 5049 2318 5049 2643 5049 2647 5050 2381 5050 2637 5050 2355 5051 2620 5051 2354 5051 2647 5052 2637 5052 2624 5052 2355 5053 2367 5053 2620 5053 2382 5054 2381 5054 2647 5054 2342 5055 2641 5055 2636 5055 2342 5056 2636 5056 2317 5056 2648 5057 2642 5057 2641 5057 2329 5058 2322 5058 2646 5058 2648 5059 2645 5059 2642 5059 2648 5060 2641 5060 2342 5060 2364 5061 2644 5061 2638 5061 2649 5062 2645 5062 2648 5062 2385 5063 2588 5063 2616 5063 2349 5064 2647 5064 2628 5064 2349 5065 2628 5065 2350 5065 2385 5066 2639 5066 2588 5066 2349 5067 2382 5067 2647 5067 2383 5068 2333 5068 2639 5068 2383 5069 2639 5069 2385 5069 2347 5070 2319 5070 2643 5070 2351 5071 2382 5071 2349 5071 2314 5072 2364 5072 2638 5072 2347 5073 2643 5073 2631 5073 2347 5074 2631 5074 2344 5074 2368 5075 2577 5075 2367 5075 2314 5076 2638 5076 2315 5076 2368 5077 2616 5077 2577 5077 2338 5078 2341 5078 2607 5078 2368 5079 2385 5079 2616 5079 2346 5080 2319 5080 2347 5080 2338 5081 2607 5081 2336 5081 2327 5084 2612 5084 2321 5084 2327 5085 2350 5085 2612 5085 2650 5086 2645 5086 2649 5086 2651 5087 2645 5087 2650 5087 2330 5088 2632 5088 2341 5088 2330 5089 2646 5089 2632 5089 2330 5090 2329 5090 2646 5090 2651 5091 1943 5091 2645 5091 2365 5092 2644 5092 2364 5092 2365 5093 1897 5093 1899 5093 2365 5094 1899 5094 2644 5094 2374 5095 2648 5095 2342 5095 2375 5096 2650 5096 2649 5096 2380 5097 2315 5097 2622 5097 2375 5098 2651 5098 2650 5098 2375 5099 1943 5099 2651 5099 2380 5100 2622 5100 2381 5100 2375 5101 2648 5101 2374 5101 2375 5102 2649 5102 2648 5102 2313 5103 2315 5103 2380 5103 2653 5105 2654 5105 2652 5105 2655 5106 2656 5106 2657 5106 2658 5107 2659 5107 2660 5107 2661 5108 2662 5108 2663 5108 2664 5109 2665 5109 2666 5109 2667 5110 2661 5110 2663 5110 2665 5111 2668 5111 2666 5111 2669 5112 2670 5112 2671 5112 2672 5113 2673 5113 2674 5113 2673 5114 2675 5114 2674 5114 2676 5115 2672 5115 2677 5115 2678 5116 2676 5116 2677 5116 2679 5117 2680 5117 2681 5117 2664 5118 2666 5118 2682 5118 2678 5119 2677 5119 2681 5119 2683 5120 2684 5120 2685 5120 2680 5121 2678 5121 2681 5121 2687 5123 2653 5123 2686 5123 2653 5124 2652 5124 2686 5124 2688 5125 2679 5125 2689 5125 2681 5126 2677 5126 2690 5126 2659 5127 2691 5127 2692 5127 2660 5128 2659 5128 2692 5128 2655 5129 2657 5129 2693 5129 2694 5130 2695 5130 2696 5130 2695 5131 2697 5131 2696 5131 2698 5132 2699 5132 2696 5132 2699 5133 2694 5133 2696 5133 2701 5135 2655 5135 2693 5135 2656 5136 2702 5136 2703 5136 2704 5137 2705 5137 2706 5137 2657 5138 2656 5138 2703 5138 2708 5140 2704 5140 2706 5140 2709 5141 2710 5141 2707 5141 2710 5142 1881 5142 2707 5142 2711 5143 2709 5143 2707 5143 2712 5144 2708 5144 2713 5144 2674 5145 2675 5145 2714 5145 2708 5146 2706 5146 2713 5146 2696 5147 2697 5147 2715 5147 2688 5148 2689 5148 2716 5148 2662 5149 2688 5149 2716 5149 2705 5150 2717 5150 2718 5150 2711 5151 2707 5151 2719 5151 2706 5153 2705 5153 2718 5153 2720 5154 2711 5154 2719 5154 2696 5155 2715 5155 2721 5155 2698 5156 2696 5156 2721 5156 2722 5157 2723 5157 2724 5157 2713 5158 2706 5158 2725 5158 2723 5159 2701 5159 2724 5159 2675 5160 2722 5160 2724 5160 2706 5161 2718 5161 2725 5161 2715 5162 2697 5162 2726 5162 2662 5163 2716 5163 2727 5163 2663 5164 2662 5164 2727 5164 2697 5165 2658 5165 2726 5165 2658 5166 2660 5166 2726 5166 2721 5167 2715 5167 2728 5167 2693 5168 2657 5168 2729 5168 2657 5169 2703 5169 2729 5169 2596 5170 2730 5170 2731 5170 2691 5171 2732 5171 2733 5171 2732 5172 2683 5172 2733 5172 2677 5173 2672 5173 2734 5173 2660 5174 2692 5174 2735 5174 2726 5175 2660 5175 2735 5175 2672 5176 2674 5176 2734 5176 2733 5177 2683 5177 2736 5177 2683 5178 2685 5178 2736 5178 2738 5181 2739 5181 2740 5181 2684 5182 2687 5182 2737 5182 2741 5183 2738 5183 2740 5183 2687 5184 2686 5184 2737 5184 2741 5185 2740 5185 2742 5185 2703 5186 2702 5186 2743 5186 2668 5187 2744 5187 2745 5187 2666 5188 2668 5188 2745 5188 2702 5189 2746 5189 2743 5189 2667 5190 2663 5190 2747 5190 2666 5191 2745 5191 2748 5191 2749 5192 2667 5192 2747 5192 2682 5193 2666 5193 2748 5193 2681 5194 2690 5194 2750 5194 2691 5195 2733 5195 2751 5195 2692 5196 2691 5196 2751 5196 2679 5197 2681 5197 2750 5197 2684 5198 2737 5198 2752 5198 2685 5200 2684 5200 2752 5200 2716 5201 2689 5201 2753 5201 2718 5202 2717 5202 2754 5202 2739 5203 2755 5203 2756 5203 2717 5204 2698 5204 2754 5204 2733 5205 2736 5205 2757 5205 2751 5206 2733 5206 2757 5206 2740 5207 2739 5207 2756 5207 2690 5208 2677 5208 2758 5208 2745 5209 2744 5209 2759 5209 2677 5210 2734 5210 2758 5210 2744 5211 2760 5211 2759 5211 2742 5212 2740 5212 2761 5212 2748 5213 2745 5213 2762 5213 2740 5214 2756 5214 2761 5214 2745 5215 2759 5215 2762 5215 2727 5216 2716 5216 2763 5216 2716 5217 2753 5217 2763 5217 2725 5218 2718 5218 2764 5218 2689 5219 2679 5219 2765 5219 2718 5220 2754 5220 2764 5220 2679 5221 2750 5221 2765 5221 2504 5222 2766 5222 2767 5222 2700 5223 2504 5223 2767 5223 2730 5224 2749 5224 2768 5224 2749 5225 2747 5225 2768 5225 2712 5226 2713 5226 2769 5226 2765 5227 2750 5227 2770 5227 2750 5228 2690 5228 2770 5228 2690 5229 2758 5229 2770 5229 2670 5230 2712 5230 2769 5230 2671 5231 2670 5231 2769 5231 2700 5232 2767 5232 2771 5232 2765 5233 2770 5233 2772 5233 2714 5234 2675 5234 2773 5234 2715 5235 2726 5235 2774 5235 2728 5236 2715 5236 2774 5236 2675 5237 2724 5237 2773 5237 2633 5238 2596 5238 2775 5238 2596 5239 2731 5239 2775 5239 2729 5240 2703 5240 2776 5240 2671 5241 2769 5241 2777 5241 2703 5242 2743 5242 2776 5242 2774 5243 2726 5243 2778 5243 2726 5244 2735 5244 2778 5244 2734 5245 2674 5245 2779 5245 2674 5246 2714 5246 2779 5246 2728 5247 2774 5247 2780 5247 2758 5248 2734 5248 2779 5248 2774 5249 2778 5249 2780 5249 2773 5250 2724 5250 2781 5250 2701 5251 2693 5251 2781 5251 2692 5252 2751 5252 2782 5252 2735 5253 2692 5253 2782 5253 2724 5254 2701 5254 2781 5254 2767 5255 2766 5255 2783 5255 2758 5256 2779 5256 2784 5256 2766 5257 2664 5257 2783 5257 2747 5258 2663 5258 2785 5258 2663 5259 2727 5259 2785 5259 2767 5260 2783 5260 2786 5260 2771 5261 2767 5261 2786 5261 2747 5262 2785 5262 2787 5262 2698 5263 2721 5263 2788 5263 1932 5264 1942 5264 2789 5264 2754 5265 2698 5265 2788 5265 2768 5266 2747 5266 2787 5266 2746 5267 2790 5267 2791 5267 2759 5268 2760 5268 2792 5268 1932 5269 2789 5269 2793 5269 1942 5270 1947 5270 2794 5270 2760 5271 2669 5271 2792 5271 2743 5273 2746 5273 2791 5273 2790 5274 2741 5274 2791 5274 2633 5276 2775 5276 2796 5276 2793 5277 2789 5277 2795 5277 2794 5278 1947 5278 2797 5278 2780 5279 2778 5279 2798 5279 2714 5280 2773 5280 2799 5280 2762 5281 2759 5281 2800 5281 2794 5282 2797 5282 2801 5282 2791 5283 2741 5283 2802 5283 2759 5284 2792 5284 2800 5284 2794 5285 2801 5285 2803 5285 2795 5286 2794 5286 2803 5286 2741 5287 2742 5287 2802 5287 2751 5288 2757 5288 2804 5288 2781 5289 2693 5289 2805 5289 2782 5290 2751 5290 2804 5290 2793 5292 2795 5292 2807 5292 2685 5293 2752 5293 2806 5293 2736 5294 2685 5294 2806 5294 2693 5295 2729 5295 2805 5295 2754 5297 2788 5297 2808 5297 1947 5298 1949 5298 2809 5298 2764 5299 2754 5299 2808 5299 2770 5300 2758 5300 2810 5300 2758 5301 2784 5301 2810 5301 2788 5302 2721 5302 2811 5302 2756 5303 2755 5303 2812 5303 2721 5304 2728 5304 2811 5304 2755 5305 2813 5305 2812 5305 2813 5306 2720 5306 2812 5306 2757 5307 2736 5307 2814 5307 2807 5309 2795 5309 2815 5309 2730 5310 2768 5310 2816 5310 2795 5311 2803 5311 2815 5311 2736 5312 2806 5312 2814 5312 1949 5313 1905 5313 2817 5313 2788 5314 2811 5314 2818 5314 2809 5315 1949 5315 2817 5315 2731 5316 2730 5316 2816 5316 2808 5317 2788 5317 2818 5317 2809 5318 2817 5318 2819 5318 2713 5319 2725 5319 2820 5319 1947 5320 2809 5320 2819 5320 2761 5321 2756 5321 2821 5321 2756 5322 2812 5322 2821 5322 2765 5323 2772 5323 2822 5323 2753 5324 2689 5324 2822 5324 2769 5325 2713 5325 2820 5325 2797 5326 1947 5326 2823 5326 2689 5327 2765 5327 2822 5327 2777 5328 2769 5328 2820 5328 1947 5329 2819 5329 2823 5329 2819 5330 2817 5330 2824 5330 2727 5331 2763 5331 2825 5331 2777 5332 2820 5332 2826 5332 2823 5333 2819 5333 2824 5333 2823 5334 2824 5334 2827 5334 2785 5335 2727 5335 2825 5335 2801 5336 2797 5336 2828 5336 2797 5337 2823 5337 2828 5337 2770 5338 2810 5338 2829 5338 2664 5339 2682 5339 2830 5339 2772 5340 2770 5340 2829 5340 2783 5341 2664 5341 2830 5341 2823 5342 2827 5342 2828 5342 2720 5343 2719 5343 2831 5343 2803 5344 2801 5344 2832 5344 2812 5345 2720 5345 2831 5345 2821 5346 2812 5346 2831 5346 2783 5347 2830 5347 2833 5347 2801 5348 2828 5348 2832 5348 2417 5349 1932 5349 2834 5349 2763 5350 2753 5350 2835 5350 2786 5351 2783 5351 2833 5351 2753 5352 2822 5352 2835 5352 2798 5353 2778 5353 2836 5353 2831 5354 2095 5354 2837 5354 2821 5355 2831 5355 2837 5355 2778 5356 2735 5356 2836 5356 2743 5357 2791 5357 2838 5357 2782 5358 2804 5358 2836 5358 2828 5359 2827 5359 2839 5359 2776 5360 2743 5360 2838 5360 2735 5361 2782 5361 2836 5361 2800 5362 2792 5362 2840 5362 2832 5363 2828 5363 2839 5363 2817 5364 1905 5364 2841 5364 2822 5365 2772 5365 2842 5365 2792 5366 2669 5366 2840 5366 2669 5367 2671 5367 2840 5367 2836 5368 2804 5368 2843 5368 2832 5369 2839 5369 2844 5369 2785 5371 2825 5371 2846 5371 2787 5372 2785 5372 2846 5372 2773 5374 2781 5374 2847 5374 2781 5375 2805 5375 2847 5375 2817 5376 2841 5376 2848 5376 2800 5377 2840 5377 2849 5377 2799 5378 2773 5378 2847 5378 1900 5379 2394 5379 2850 5379 2803 5380 2832 5380 2851 5380 2394 5381 2845 5381 2850 5381 2832 5382 2844 5382 2851 5382 2835 5383 2822 5383 2852 5383 2822 5384 2842 5384 2852 5384 2791 5385 2802 5385 2853 5385 2815 5386 2803 5386 2851 5386 2826 5387 2820 5387 2854 5387 2824 5388 2817 5388 2855 5388 2725 5389 2764 5389 2854 5389 2817 5390 2848 5390 2855 5390 2838 5391 2791 5391 2853 5391 2820 5392 2725 5392 2854 5392 2805 5393 2729 5393 2856 5393 2729 5394 2776 5394 2856 5394 2824 5395 2855 5395 2857 5395 2826 5396 2854 5396 2858 5396 2798 5397 2836 5397 2859 5397 2827 5398 2824 5398 2857 5398 2810 5399 2784 5399 2860 5399 2829 5400 2810 5400 2860 5400 2851 5401 2844 5401 2861 5401 2836 5402 2843 5402 2859 5402 2775 5403 2731 5403 2862 5403 2859 5404 2843 5404 2863 5404 2804 5405 2757 5405 2864 5405 2796 5406 2775 5406 2862 5406 2841 5409 1905 5409 2865 5409 1905 5410 1894 5410 2865 5410 2731 5411 2816 5411 2862 5411 2757 5412 2814 5412 2864 5412 2848 5413 2841 5413 2865 5413 2818 5414 2811 5414 2866 5414 2811 5415 2728 5415 2866 5415 2855 5416 2848 5416 2867 5416 2829 5417 2860 5417 2868 5417 2848 5418 2865 5418 2867 5418 2816 5419 2768 5419 2869 5419 2728 5420 2780 5420 2866 5420 2768 5421 2787 5421 2869 5421 2764 5422 2808 5422 2870 5422 2827 5423 2857 5423 2871 5423 2862 5424 2816 5424 2869 5424 2854 5425 2764 5425 2870 5425 2839 5426 2827 5426 2871 5426 2847 5427 2805 5427 2872 5427 2818 5428 2866 5428 2873 5428 2805 5429 2856 5429 2872 5429 2844 5430 2839 5430 2874 5430 2780 5431 2798 5431 2875 5431 2839 5432 2871 5432 2874 5432 2784 5433 2779 5433 2876 5433 2866 5434 2780 5434 2875 5434 2714 5435 2799 5435 2876 5435 2857 5436 2855 5436 2877 5436 2855 5437 2867 5437 2877 5437 2779 5438 2714 5438 2876 5438 2858 5439 2854 5439 2878 5439 2847 5440 2872 5440 2879 5440 2854 5441 2870 5441 2878 5441 2799 5442 2847 5442 2879 5442 2871 5443 2857 5443 2880 5443 2857 5444 2877 5444 2880 5444 2873 5445 2866 5445 2881 5445 2860 5446 2784 5446 2882 5446 2866 5447 2875 5447 2881 5447 1932 5448 2793 5448 2883 5448 2784 5449 2876 5449 2882 5449 2834 5450 1932 5450 2883 5450 2802 5451 2742 5451 2884 5451 2853 5452 2802 5452 2884 5452 2682 5453 2748 5453 2885 5453 2834 5454 2883 5454 2886 5454 2830 5455 2682 5455 2885 5455 2861 5456 2844 5456 2887 5456 2844 5457 2874 5457 2887 5457 2842 5458 2772 5458 2888 5458 2772 5459 2829 5459 2888 5459 2830 5460 2885 5460 2889 5460 2829 5461 2868 5461 2888 5461 2833 5462 2830 5462 2889 5462 2796 5463 2862 5463 2890 5463 2874 5464 2871 5464 2891 5464 2871 5465 2880 5465 2891 5465 2887 5466 2874 5466 2892 5466 2825 5467 2763 5467 2893 5467 2763 5468 2835 5468 2893 5468 2874 5469 2891 5469 2892 5469 2748 5470 2762 5470 2894 5470 2886 5471 2883 5471 2895 5471 2885 5472 2748 5472 2894 5472 2842 5473 2888 5473 2896 5473 2804 5474 2864 5474 2897 5474 2883 5475 2793 5475 2895 5475 2843 5476 2804 5476 2897 5476 2793 5477 2807 5477 2895 5477 2863 5478 2843 5478 2897 5478 2852 5479 2842 5479 2896 5479 2864 5480 2283 5480 2897 5480 2869 5481 2787 5481 2898 5481 2787 5482 2846 5482 2898 5482 2889 5483 2885 5483 2899 5483 2886 5484 2895 5484 2900 5484 2885 5485 2894 5485 2899 5485 2761 5486 2821 5486 2901 5486 2884 5487 2742 5487 2901 5487 2742 5488 2761 5488 2901 5488 2700 5489 2771 5489 2902 5489 2862 5490 2869 5490 2903 5490 2887 5491 2892 5491 2904 5491 2869 5492 2898 5492 2903 5492 2890 5493 2862 5493 2903 5493 2845 5494 2700 5494 2902 5494 2095 5497 2831 5497 2905 5497 2771 5498 2786 5498 2902 5498 2831 5499 2719 5499 2905 5499 1894 5500 1896 5500 2906 5500 2845 5502 2902 5502 2908 5502 2865 5503 1894 5503 2906 5503 2633 5504 2796 5504 2907 5504 2850 5505 2845 5505 2908 5505 2895 5506 2807 5506 2909 5506 2872 5507 2856 5507 2910 5507 2815 5508 2851 5508 2909 5508 2893 5509 2835 5509 2911 5509 2777 5510 2826 5510 2912 5510 2840 5511 2671 5511 2912 5511 2807 5512 2815 5512 2909 5512 2835 5513 2852 5513 2911 5513 2671 5514 2777 5514 2912 5514 2825 5515 2893 5515 2913 5515 2865 5516 2906 5516 2914 5516 2846 5517 2825 5517 2913 5517 2867 5518 2865 5518 2914 5518 2840 5519 2912 5519 2915 5519 2877 5520 2867 5520 2914 5520 2849 5522 2840 5522 2915 5522 2900 5523 2895 5523 2917 5523 2808 5524 2818 5524 2918 5524 2870 5525 2808 5525 2918 5525 2895 5526 2909 5526 2917 5526 2872 5527 2910 5527 2919 5527 2879 5528 2872 5528 2919 5528 2878 5529 2870 5529 2918 5529 2856 5530 2776 5530 2920 5530 2877 5531 2914 5531 2921 5531 2897 5532 2283 5532 2922 5532 2776 5533 2838 5533 2920 5533 2863 5534 2897 5534 2922 5534 2283 5535 2068 5535 2922 5535 2910 5536 2856 5536 2920 5536 2891 5537 2880 5537 2923 5537 2853 5538 2884 5538 2924 5538 2878 5539 2918 5539 2925 5539 2925 5540 2918 5540 2926 5540 2877 5541 2921 5541 2923 5541 2818 5542 2873 5542 2926 5542 2893 5543 2911 5543 2927 5543 2918 5544 2818 5544 2926 5544 2880 5545 2877 5545 2923 5545 2834 5546 2886 5546 2928 5546 2422 5547 2417 5547 2928 5547 2798 5548 2859 5548 2929 5548 2913 5549 2893 5549 2927 5549 2875 5550 2798 5550 2929 5550 2417 5551 2834 5551 2928 5551 2422 5552 2928 5552 2930 5552 2920 5553 2838 5553 2931 5553 2892 5554 2891 5554 2932 5554 2925 5555 2926 5555 2933 5555 2838 5556 2853 5556 2931 5556 2902 5557 2786 5557 2934 5557 2891 5558 2923 5558 2932 5558 2884 5559 2901 5559 2935 5559 2924 5560 2884 5560 2935 5560 2904 5561 2892 5561 2936 5561 2908 5562 2902 5562 2934 5562 2892 5563 2932 5563 2936 5563 2888 5564 2868 5564 2937 5564 2896 5565 2888 5565 2937 5565 2914 5566 2906 5566 2938 5566 2875 5567 2929 5567 2939 5567 2881 5568 2875 5568 2939 5568 2903 5569 2898 5569 2940 5569 2906 5570 1896 5570 2938 5570 2908 5571 2934 5571 2941 5571 2896 5572 2937 5572 2942 5572 2914 5573 2938 5573 2943 5573 2859 5574 2863 5574 2944 5574 2890 5575 2903 5575 2945 5575 2929 5576 2859 5576 2944 5576 2903 5577 2940 5577 2945 5577 2762 5578 2800 5578 2946 5578 2876 5579 2799 5579 2947 5579 2799 5580 2879 5580 2947 5580 2909 5581 2851 5581 2948 5581 2882 5582 2876 5582 2947 5582 2894 5583 2762 5583 2946 5583 2917 5584 2909 5584 2949 5584 2909 5585 2948 5585 2949 5585 2919 5586 2910 5586 2950 5586 2899 5587 2894 5587 2951 5587 2894 5588 2946 5588 2951 5588 2860 5589 2882 5589 2952 5589 2939 5590 2929 5590 2953 5590 2929 5591 2944 5591 2953 5591 2904 5592 2936 5592 2954 5592 2934 5593 2786 5593 2955 5593 2882 5594 2947 5594 2956 5594 2952 5595 2882 5595 2956 5595 2948 5596 2851 5596 2957 5596 2851 5597 2861 5597 2957 5597 2786 5598 2833 5598 2955 5598 2941 5599 2934 5599 2955 5599 1896 5600 1846 5600 2958 5600 2938 5601 1896 5601 2958 5601 2860 5602 2952 5602 2959 5602 2868 5603 2860 5603 2959 5603 2950 5604 2910 5604 2960 5604 2923 5605 2921 5605 2961 5605 2920 5606 2931 5606 2960 5606 2910 5607 2920 5607 2960 5607 2914 5608 2943 5608 2961 5608 2901 5609 2821 5609 2962 5609 2941 5610 2955 5610 2963 5610 2921 5611 2914 5611 2961 5611 2932 5612 2923 5612 2964 5612 2821 5613 2837 5613 2962 5613 2852 5614 2896 5614 2965 5614 2912 5615 2826 5615 2966 5615 2923 5616 2961 5616 2964 5616 2911 5617 2852 5617 2965 5617 2949 5618 2948 5618 2967 5618 2912 5619 2966 5619 2968 5619 2915 5620 2912 5620 2968 5620 2948 5621 2957 5621 2967 5621 2846 5622 2913 5622 2969 5622 2946 5623 2800 5623 2970 5623 2943 5624 2938 5624 2971 5624 2898 5625 2846 5625 2969 5625 2938 5626 2958 5626 2971 5626 2961 5627 2943 5627 2971 5627 2932 5628 2964 5628 2972 5628 2945 5629 2940 5629 2973 5629 2800 5630 2849 5630 2970 5630 2936 5631 2932 5631 2972 5631 2951 5632 2946 5632 2970 5632 2947 5633 2879 5633 2974 5633 2954 5634 2936 5634 2975 5634 2879 5635 2919 5635 2974 5635 2936 5636 2972 5636 2975 5636 2956 5637 2947 5637 2974 5637 2951 5638 2970 5638 2976 5638 2962 5639 2837 5639 2977 5639 2926 5640 2873 5640 2978 5640 2928 5641 2886 5641 2979 5641 2933 5642 2926 5642 2978 5642 2960 5643 2931 5643 2980 5643 2873 5644 2881 5644 2978 5644 2966 5645 2826 5645 2981 5645 2911 5646 2965 5646 2982 5646 2826 5647 2858 5647 2981 5647 2961 5648 2971 5648 2983 5648 2927 5649 2911 5649 2982 5649 2972 5650 2964 5650 2984 5650 2968 5651 2966 5651 2985 5651 2964 5652 2961 5652 2984 5652 2969 5653 2913 5653 2986 5653 2966 5654 2981 5654 2985 5654 2961 5655 2983 5655 2984 5655 2913 5656 2927 5656 2986 5656 2928 5657 2979 5657 2987 5657 2933 5658 2978 5658 2988 5658 2930 5659 2928 5659 2987 5659 2796 5660 2890 5660 2989 5660 2881 5661 2939 5661 2990 5661 2907 5662 2796 5662 2989 5662 2978 5663 2881 5663 2990 5663 2958 5664 1846 5664 2991 5664 2971 5665 2958 5665 2991 5665 2988 5666 2978 5666 2990 5666 2863 5667 2922 5667 2992 5667 2922 5668 2068 5668 2992 5668 2956 5669 2974 5669 2993 5669 2944 5670 2863 5670 2992 5670 2957 5671 2861 5671 2994 5671 2887 5672 2904 5672 2994 5672 2988 5673 2990 5673 2995 5673 2992 5674 2068 5674 2996 5674 2861 5675 2887 5675 2994 5675 2953 5677 2944 5677 2996 5677 2907 5678 2989 5678 2997 5678 2944 5679 2992 5679 2996 5679 2916 5680 2907 5680 2997 5680 2889 5681 2899 5681 2998 5681 2972 5682 2984 5682 2999 5682 2975 5683 2972 5683 2999 5683 2901 5684 2962 5684 3000 5684 2975 5685 2999 5685 3001 5685 2935 5686 2901 5686 3000 5686 2980 5687 2931 5687 3002 5687 2955 5688 2833 5688 2998 5688 2853 5689 2924 5689 3002 5689 2833 5690 2889 5690 2998 5690 2931 5691 2853 5691 3002 5691 2955 5692 2998 5692 3003 5692 2954 5693 2975 5693 3004 5693 3000 5694 2962 5694 3005 5694 2962 5695 2977 5695 3005 5695 2957 5696 2994 5696 3006 5696 2896 5697 2942 5697 3007 5697 2963 5698 2955 5698 3003 5698 2965 5699 2896 5699 3007 5699 2967 5700 2957 5700 3006 5700 2971 5701 2991 5701 3008 5701 2898 5702 2969 5702 3009 5702 2973 5703 2940 5703 3009 5703 2981 5704 2858 5704 3010 5704 2983 5705 2971 5705 3008 5705 2858 5706 2878 5706 3010 5706 2940 5707 2898 5707 3009 5707 2981 5708 3010 5708 3011 5708 2983 5709 3008 5709 3012 5709 2985 5710 2981 5710 3011 5710 2984 5711 2983 5711 3012 5711 3002 5712 2924 5712 3013 5712 2924 5713 2935 5713 3013 5713 2900 5714 2917 5714 3014 5714 2886 5715 2900 5715 3014 5715 2960 5716 2980 5716 3015 5716 2979 5717 2886 5717 3014 5717 2950 5718 2960 5718 3015 5718 2998 5719 2899 5719 3016 5719 2987 5720 2979 5720 3014 5720 2974 5721 2919 5721 3017 5721 2998 5722 3016 5722 3018 5722 2919 5723 2950 5723 3017 5723 2987 5724 3014 5724 3019 5724 3003 5725 2998 5725 3018 5725 2904 5726 2954 5726 3020 5726 2965 5727 3007 5727 3021 5727 2982 5728 2965 5728 3021 5728 3006 5729 2994 5729 3020 5729 2849 5730 2915 5730 3022 5730 2994 5731 2904 5731 3020 5731 2434 5732 2422 5732 3023 5732 3009 5733 2969 5733 3024 5733 2970 5734 2849 5734 3022 5734 2422 5735 2930 5735 3023 5735 2969 5736 2986 5736 3024 5736 3015 5737 2980 5737 3025 5737 2970 5738 3022 5738 3026 5738 3004 5739 2975 5739 3027 5739 2976 5740 2970 5740 3026 5740 2975 5741 3001 5741 3027 5741 2984 5742 3012 5742 3028 5742 2952 5743 2956 5743 3029 5743 2939 5744 2953 5744 3030 5744 2956 5745 2993 5745 3029 5745 2990 5746 2939 5746 3030 5746 2999 5747 2984 5747 3028 5747 2995 5748 2990 5748 3030 5748 2995 5749 3030 5749 3031 5749 2999 5750 3028 5750 3032 5750 2974 5751 3017 5751 3033 5751 3030 5752 2953 5752 3034 5752 3001 5753 2999 5753 3032 5753 3031 5754 3030 5754 3034 5754 2953 5755 2996 5755 3034 5755 3006 5756 3020 5756 3035 5756 2993 5757 2974 5757 3033 5757 2937 5758 2868 5758 3036 5758 3031 5759 3034 5759 3037 5759 2878 5760 2925 5760 3038 5760 2925 5761 2933 5761 3038 5761 2917 5762 2949 5762 3039 5762 2868 5763 2959 5763 3036 5763 2959 5764 2952 5764 3040 5764 3010 5765 2878 5765 3038 5765 3014 5766 2917 5766 3039 5766 3036 5767 2959 5767 3040 5767 3008 5768 2991 5768 3041 5768 2952 5769 3029 5769 3040 5769 3010 5770 3038 5770 3042 5770 3011 5771 3010 5771 3042 5771 1846 5772 1848 5772 3041 5772 2991 5773 1846 5773 3041 5773 2890 5774 2945 5774 3043 5774 2989 5775 2890 5775 3043 5775 2899 5776 2951 5776 3044 5776 3014 5777 3039 5777 3045 5777 3016 5778 2899 5778 3044 5778 3019 5779 3014 5779 3045 5779 2937 5780 3036 5780 3046 5780 2942 5781 2937 5781 3046 5781 3016 5782 3044 5782 3047 5782 3041 5783 1848 5783 3048 5783 2997 5784 2989 5784 3049 5784 3008 5785 3041 5785 3048 5785 2989 5786 3043 5786 3049 5786 3012 5787 3008 5787 3050 5787 3018 5788 3016 5788 3047 5788 2927 5789 2982 5789 3051 5789 3008 5790 3048 5790 3050 5790 3027 5791 3001 5791 3052 5791 2986 5792 2927 5792 3051 5792 3001 5793 3032 5793 3052 5793 3038 5794 2933 5794 3053 5794 3042 5795 3038 5795 3053 5795 2933 5796 2988 5796 3053 5796 2973 5797 3009 5797 3054 5797 3042 5798 3053 5798 3055 5798 1848 5799 1854 5799 3056 5799 3048 5800 1848 5800 3056 5800 3009 5801 3024 5801 3054 5801 3050 5802 3048 5802 3056 5802 3056 5803 1854 5803 3057 5803 3002 5804 3013 5804 3058 5804 2980 5805 3002 5805 3058 5805 3025 5806 2980 5806 3058 5806 3050 5807 3056 5807 3057 5807 3028 5808 3012 5808 3059 5808 3012 5809 3050 5809 3059 5809 2915 5810 2968 5810 3060 5810 2977 5811 2837 5811 3061 5811 3022 5812 2915 5812 3060 5812 2095 5813 2105 5813 3061 5813 3050 5814 3057 5814 3059 5814 3026 5815 3022 5815 3062 5815 2837 5816 2095 5816 3061 5816 3052 5817 3032 5817 3063 5817 3032 5819 3028 5819 3063 5819 3022 5820 3060 5820 3062 5820 3028 5822 3059 5822 3063 5822 2916 5823 2997 5823 3064 5823 3047 5824 3044 5824 3065 5824 3029 5825 2993 5825 3066 5825 2993 5826 3033 5826 3066 5826 3057 5827 1854 5827 3067 5827 3059 5828 3057 5828 3067 5828 3044 5829 2951 5829 3065 5829 3063 5830 3059 5830 3067 5830 2951 5831 2976 5831 3065 5831 2976 5832 3026 5832 3065 5832 3054 5833 3024 5833 3068 5833 3063 5834 3067 5834 3069 5834 2358 5835 3064 5835 3070 5835 2987 5836 3019 5836 3071 5836 3023 5837 2930 5837 3071 5837 3047 5838 3065 5838 3072 5838 3058 5839 3013 5839 3073 5839 3034 5840 2996 5840 3074 5840 3029 5841 3066 5841 3075 5841 3037 5842 3034 5842 3074 5842 2930 5843 2987 5843 3071 5843 2949 5845 2967 5845 3076 5845 3037 5847 3074 5847 3077 5847 3039 5848 2949 5848 3076 5848 3040 5849 3029 5849 3075 5849 2945 5851 2973 5851 3078 5851 3043 5852 2945 5852 3078 5852 3060 5853 2968 5853 3079 5853 2968 5854 2985 5854 3079 5854 3045 5855 3039 5855 3080 5855 3062 5856 3060 5856 3081 5856 3039 5857 3076 5857 3080 5857 3043 5858 3078 5858 3082 5858 3060 5859 3079 5859 3081 5859 3049 5860 3043 5860 3082 5860 3033 5861 3017 5861 3083 5861 3053 5862 2988 5862 3084 5862 3076 5863 2967 5863 3085 5863 3055 5864 3053 5864 3084 5864 2950 5865 3015 5865 3083 5865 3017 5866 2950 5866 3083 5866 3055 5867 3084 5867 3086 5867 3052 5868 3063 5868 3087 5868 3084 5869 2988 5869 3088 5869 3073 5870 3013 5870 3089 5870 2935 5871 3000 5871 3089 5871 3063 5872 3069 5872 3087 5872 3013 5873 2935 5873 3089 5873 2988 5874 2995 5874 3088 5874 3035 5875 3020 5875 3090 5875 3068 5876 3024 5876 3091 5876 2986 5877 3051 5877 3091 5877 3086 5878 3084 5878 3092 5878 3020 5879 2954 5879 3090 5879 3084 5880 3088 5880 3092 5880 3024 5881 2986 5881 3091 5881 2985 5882 3011 5882 3093 5882 3079 5883 2985 5883 3093 5883 3061 5884 2105 5884 3094 5884 2977 5885 3061 5885 3094 5885 2105 5886 2138 5886 3094 5886 3005 5887 2977 5887 3094 5887 3080 5888 3076 5888 3095 5888 3076 5889 3085 5889 3095 5889 3051 5890 2982 5890 3096 5890 3091 5891 3051 5891 3096 5891 3079 5892 3093 5892 3097 5892 2982 5893 3021 5893 3096 5893 3081 5894 3079 5894 3097 5894 3035 5895 3090 5895 3098 5895 2850 5896 2908 5896 3099 5896 3083 5897 3015 5897 3100 5897 1901 5898 1900 5898 3099 5898 3015 5899 3025 5899 3100 5899 3087 5900 3069 5900 3101 5900 1900 5901 2850 5901 3099 5901 2908 5902 2941 5902 3099 5902 3089 5903 3000 5903 3102 5903 3000 5904 3005 5904 3102 5904 3072 5905 3065 5905 3103 5905 2434 5906 3023 5906 3104 5906 3083 5907 3100 5907 3105 5907 3023 5908 3071 5908 3104 5908 3065 5909 3026 5909 3103 5909 3033 5910 3083 5910 3105 5910 3066 5911 3033 5911 3106 5911 3071 5912 3019 5912 3107 5912 3019 5913 3045 5913 3107 5913 3033 5914 3105 5914 3106 5914 3072 5915 3103 5915 3108 5915 3058 5916 3073 5916 3109 5916 3025 5917 3058 5917 3109 5917 3088 5918 2995 5918 3110 5918 2995 5919 3031 5919 3110 5919 3067 5920 1854 5920 3111 5920 3031 5921 3037 5921 3110 5921 3069 5922 3067 5922 3111 5922 3105 5923 3100 5923 3112 5923 3101 5924 3069 5924 3113 5924 3092 5925 3088 5925 3110 5925 3069 5926 3111 5926 3113 5926 3092 5927 3110 5927 3114 5927 3040 5928 3075 5928 3115 5928 3085 5929 2967 5929 3116 5929 3110 5930 3037 5930 3117 5930 3114 5931 3110 5931 3117 5931 2967 5932 3006 5932 3116 5932 3006 5933 3035 5933 3116 5933 3037 5934 3077 5934 3117 5934 3036 5935 3040 5935 3115 5935 3075 5936 3066 5936 3118 5936 3011 5937 3042 5937 3119 5937 3111 5938 1854 5938 3120 5938 1854 5939 1859 5939 3120 5939 3066 5940 3106 5940 3118 5940 3093 5941 3011 5941 3119 5941 3113 5942 3111 5942 3121 5942 3111 5943 3120 5943 3121 5943 3120 5944 1859 5944 3121 5944 3036 5945 3115 5945 3122 5945 3114 5946 3117 5946 3123 5946 3046 5947 3036 5947 3122 5947 3093 5948 3119 5948 3124 5948 3071 5949 3107 5949 3125 5949 3007 5950 2942 5950 3126 5950 3097 5951 3093 5951 3124 5951 3104 5952 3071 5952 3125 5952 2942 5953 3046 5953 3126 5953 2941 5954 2963 5954 3127 5954 3109 5955 3073 5955 3128 5955 3099 5956 2941 5956 3127 5956 3091 5957 3096 5957 3129 5957 3085 5958 3116 5958 3130 5958 3124 5959 3119 5959 3131 5959 3095 5960 3085 5960 3130 5960 3042 5962 3055 5962 3131 5962 3119 5963 3042 5963 3131 5963 3107 5964 3045 5964 3133 5964 3091 5965 3129 5965 3134 5965 3124 5966 3131 5966 3135 5966 3068 5967 3091 5967 3134 5967 2963 5968 3003 5968 3136 5968 3127 5969 2963 5969 3136 5969 3090 5970 2954 5970 3137 5970 3021 5971 3007 5971 3138 5971 3007 5972 3126 5972 3138 5972 2954 5973 3004 5973 3137 5973 3098 5974 3090 5974 3137 5974 3073 5975 3089 5975 3139 5975 3089 5976 3102 5976 3139 5976 3026 5977 3062 5977 3140 5977 3128 5978 3073 5978 3139 5978 3004 5979 3027 5979 3137 5979 3108 5980 3103 5980 3140 5980 3098 5981 3137 5981 3141 5981 3062 5982 3081 5982 3140 5982 3115 5983 3075 5983 3142 5983 3103 5984 3026 5984 3140 5984 3122 5985 3115 5985 3143 5985 3115 5986 3142 5986 3143 5986 3101 5987 3113 5987 3144 5987 3108 5988 3140 5988 3145 5988 3139 5989 3102 5989 3146 5989 3099 5990 3127 5990 3147 5990 3064 5991 2997 5991 3148 5991 3070 5992 3064 5992 3148 5992 1901 5993 3099 5993 3147 5993 3117 5994 3077 5994 3149 5994 3107 5995 3133 5995 3150 5995 3077 5996 2205 5996 3149 5996 3125 5997 3107 5997 3150 5997 2997 5998 3049 5998 3148 5998 3121 5999 1859 5999 3151 5999 3078 6000 2973 6000 3152 6000 3140 6001 3081 6001 3153 6001 3144 6002 3113 6002 3151 6002 2973 6003 3054 6003 3152 6003 3145 6004 3140 6004 3153 6004 3113 6005 3121 6005 3151 6005 3117 6006 3149 6006 3154 6006 2434 6007 3104 6007 3155 6007 3123 6008 3117 6008 3154 6008 3149 6010 2205 6010 3154 6010 3132 6011 2434 6011 3155 6011 3070 6012 3148 6012 3156 6012 3116 6013 3035 6013 3157 6013 3130 6014 3116 6014 3157 6014 3078 6015 3152 6015 3158 6015 3145 6016 3153 6016 3159 6016 3082 6017 3078 6017 3158 6017 3035 6018 3098 6018 3157 6018 3131 6019 3055 6019 3160 6019 3054 6020 3068 6020 3161 6020 3135 6021 3131 6021 3160 6021 3152 6022 3054 6022 3161 6022 3055 6023 3086 6023 3160 6023 3130 6024 3157 6024 3162 6024 3106 6025 3105 6025 3163 6025 3135 6026 3160 6026 3164 6026 3105 6027 3112 6027 3163 6027 3137 6028 3027 6028 3165 6028 3118 6029 3106 6029 3163 6029 1901 6030 3147 6030 3166 6030 3147 6031 3127 6031 3166 6031 3127 6032 3136 6032 3166 6032 3134 6033 3129 6033 3167 6033 3160 6034 3086 6034 3168 6034 3158 6035 3152 6035 3169 6035 3141 6036 3137 6036 3170 6036 3086 6037 3092 6037 3168 6037 3137 6038 3165 6038 3170 6038 3164 6039 3160 6039 3171 6039 3152 6041 3161 6041 3169 6041 3160 6042 3168 6042 3171 6042 3100 6044 3025 6044 3173 6044 3080 6045 3095 6045 3174 6045 3003 6046 3018 6046 3175 6046 3133 6047 3045 6047 3174 6047 3112 6048 3100 6048 3173 6048 3025 6049 3109 6049 3173 6049 3118 6050 3163 6050 3176 6050 3136 6051 3003 6051 3175 6051 3045 6052 3080 6052 3174 6052 3165 6053 3027 6053 3177 6053 3094 6054 2138 6054 3178 6054 3027 6055 3052 6055 3177 6055 3005 6056 3094 6056 3178 6056 3102 6057 3005 6057 3178 6057 3153 6058 3081 6058 3179 6058 3146 6059 3102 6059 3178 6059 3097 6060 3124 6060 3179 6060 3176 6061 3163 6061 3180 6061 3081 6062 3097 6062 3179 6062 3163 6063 3112 6063 3180 6063 3104 6064 3125 6064 3181 6064 3173 6065 3109 6065 3182 6065 3153 6066 3179 6066 3183 6066 3159 6067 3153 6067 3183 6067 3155 6068 3104 6068 3181 6068 3109 6069 3128 6069 3182 6069 3118 6070 3176 6070 3184 6070 3175 6071 3018 6071 3185 6071 3132 6072 3155 6072 3186 6072 3018 6073 3047 6073 3185 6073 3075 6074 3118 6074 3184 6074 3142 6075 3075 6075 3184 6075 3172 6076 3132 6076 3186 6076 3155 6077 3181 6077 3186 6077 3092 6078 3114 6078 3187 6078 3112 6079 3173 6079 3188 6079 3165 6080 3177 6080 3189 6080 3180 6081 3112 6081 3188 6081 3168 6082 3092 6082 3187 6082 3170 6083 3165 6083 3189 6083 3173 6084 3182 6084 3188 6084 3171 6085 3168 6085 3190 6085 3168 6086 3187 6086 3190 6086 3176 6087 3180 6087 3191 6087 3174 6088 3095 6088 3192 6088 3166 6089 3136 6089 3193 6089 3136 6090 3175 6090 3193 6090 3142 6091 3184 6091 3194 6091 3143 6092 3142 6092 3194 6092 3114 6093 3123 6093 3195 6093 3151 6094 1859 6094 3196 6094 3187 6095 3114 6095 3195 6095 3190 6096 3187 6096 3195 6096 3046 6097 3122 6097 3197 6097 3190 6098 3195 6098 3198 6098 3126 6099 3046 6099 3197 6099 3179 6100 3124 6100 3199 6100 3150 6101 3133 6101 3200 6101 3133 6102 3174 6102 3200 6102 3124 6103 3135 6103 3199 6103 3128 6104 3139 6104 3201 6104 3139 6106 3146 6106 3201 6106 3183 6107 3179 6107 3199 6107 3129 6108 3096 6108 3203 6108 3196 6109 1859 6109 2709 6109 3096 6110 3021 6110 3203 6110 3021 6111 3138 6111 3203 6111 3181 6112 3125 6112 3204 6112 3183 6113 3199 6113 3205 6113 3175 6114 3185 6114 3206 6114 3125 6115 3150 6115 3204 6115 3193 6116 3175 6116 3206 6116 3188 6117 3182 6117 3207 6117 3047 6118 3072 6118 3208 6118 3174 6119 3192 6119 3209 6119 3049 6120 3082 6120 3210 6120 3185 6121 3047 6121 3208 6121 3200 6122 3174 6122 3209 6122 3156 6123 3148 6123 3210 6123 3148 6124 3049 6124 3210 6124 3201 6126 3146 6126 3212 6126 3205 6128 3199 6128 3213 6128 3199 6129 3135 6129 3213 6129 3126 6130 3197 6130 3214 6130 3135 6131 3164 6131 3213 6131 3181 6132 3204 6132 3215 6132 3138 6133 3126 6133 3214 6133 3186 6134 3181 6134 3215 6134 3205 6135 3213 6135 3216 6135 3156 6136 3210 6136 3217 6136 3186 6137 3215 6137 3218 6137 3172 6138 3186 6138 3218 6138 3166 6139 3193 6139 3219 6139 3193 6140 3206 6140 3219 6140 3098 6141 3141 6141 3220 6141 3122 6142 3143 6142 3221 6142 3157 6143 3098 6143 3220 6143 3197 6144 3122 6144 3221 6144 3219 6145 3206 6145 3222 6145 3166 6146 3219 6146 3223 6146 1901 6147 3166 6147 3223 6147 3068 6148 3134 6148 3224 6148 3161 6149 3068 6149 3224 6149 3219 6150 3222 6150 3225 6150 3146 6151 3178 6151 3226 6151 3223 6152 3219 6152 3225 6152 3072 6154 3108 6154 3227 6154 3177 6155 3052 6155 3228 6155 3178 6156 2138 6156 3226 6156 3052 6157 3087 6157 3228 6157 3212 6158 3146 6158 3226 6158 3189 6159 3177 6159 3228 6159 3210 6160 3082 6160 3229 6160 3217 6161 3210 6161 3229 6161 3162 6162 3157 6162 3230 6162 3082 6163 3158 6163 3229 6163 3208 6164 3072 6164 3227 6164 3157 6165 3220 6165 3230 6165 3167 6166 3129 6166 3231 6166 3206 6167 3185 6167 3232 6167 3129 6168 3203 6168 3231 6168 3189 6169 3228 6169 3233 6169 3185 6170 3208 6170 3232 6170 3161 6171 3224 6171 3234 6171 3208 6172 3227 6172 3232 6172 3169 6173 3161 6173 3234 6173 3123 6174 3154 6174 3235 6174 3095 6175 3130 6175 3236 6175 3195 6177 3123 6177 3235 6177 3130 6179 3162 6179 3236 6179 3195 6181 3235 6181 3237 6181 3192 6182 3095 6182 3236 6182 3198 6183 3195 6183 3237 6183 3228 6184 3087 6184 3238 6184 3197 6185 3221 6185 3239 6185 3213 6186 3164 6186 3240 6186 3216 6187 3213 6187 3240 6187 3233 6188 3228 6188 3238 6188 3214 6189 3197 6189 3239 6189 3101 6190 3144 6190 3238 6190 3164 6191 3171 6191 3240 6191 3217 6192 3229 6192 2668 6192 3087 6193 3101 6193 3238 6193 3233 6194 3238 6194 3241 6194 3216 6195 3240 6195 3242 6195 3176 6196 3191 6196 3243 6196 3223 6197 3225 6197 3244 6197 1914 6198 1901 6198 3244 6198 3184 6199 3176 6199 3243 6199 3215 6200 3204 6200 3245 6200 1901 6201 3223 6201 3244 6201 3206 6202 3232 6202 3246 6202 3222 6203 3206 6203 3246 6203 3194 6204 3184 6204 3247 6204 3209 6205 3192 6205 3248 6205 3184 6206 3243 6206 3247 6206 3182 6207 3128 6207 3249 6207 3128 6208 3201 6208 3249 6208 3240 6209 3171 6209 3250 6209 3192 6210 3236 6210 3248 6210 3218 6211 3215 6211 3251 6211 3207 6212 3182 6212 3249 6212 3215 6213 3245 6213 3251 6213 3242 6214 3240 6214 3252 6214 3240 6215 3250 6215 3252 6215 3191 6216 3180 6216 3253 6216 3246 6217 3232 6217 3254 6217 3162 6218 3230 6218 3255 6218 3188 6219 3207 6219 3253 6219 3180 6220 3188 6220 3253 6220 3232 6221 3227 6221 3254 6221 3244 6222 3225 6222 3256 6222 2504 6223 2358 6223 3257 6223 3222 6224 3246 6224 3256 6224 3236 6225 3162 6225 3255 6225 2358 6226 3070 6226 3257 6226 2709 6227 1859 6227 2710 6227 3225 6228 3222 6228 3256 6228 1859 6229 1881 6229 2710 6229 1914 6230 3244 6230 3256 6230 3204 6231 3150 6231 3258 6231 3256 6232 3246 6232 3259 6232 3246 6233 3254 6233 3259 6233 3247 6234 3243 6234 3260 6234 3243 6235 3191 6235 3260 6235 3256 6236 3259 6236 3261 6236 3245 6237 3204 6237 3258 6237 3150 6238 3200 6238 3258 6238 3201 6239 3212 6239 3262 6239 3227 6240 3108 6240 3263 6240 3249 6241 3201 6241 3262 6241 3202 6243 3172 6243 3265 6243 3108 6244 3145 6244 3263 6244 3172 6245 3218 6245 3265 6245 3143 6246 3194 6246 3266 6246 3221 6247 3143 6247 3266 6247 3211 6248 3202 6248 3265 6248 3247 6249 3260 6249 3267 6249 3252 6250 3250 6250 3268 6250 3171 6252 3190 6252 3268 6252 3250 6253 3171 6253 3268 6253 3190 6255 3198 6255 3268 6255 3260 6256 3191 6256 3270 6256 3200 6257 3209 6257 3271 6257 3252 6258 3268 6258 3272 6258 3191 6259 3253 6259 3270 6259 3258 6260 3200 6260 3271 6260 3198 6261 3237 6261 3273 6261 3268 6262 3198 6262 3273 6262 3224 6263 3134 6263 3274 6263 3272 6264 3268 6264 3273 6264 3134 6265 3167 6265 3274 6265 3272 6266 3273 6266 3275 6266 3141 6267 3170 6267 3276 6267 3253 6268 3207 6268 3277 6268 3256 6269 3261 6269 3278 6269 1922 6270 1914 6270 3279 6270 3220 6271 3141 6271 3276 6271 3277 6272 3207 6272 3280 6272 1914 6273 3256 6273 3279 6273 3249 6274 3262 6274 3280 6274 3207 6275 3249 6275 3280 6275 3256 6276 3278 6276 3279 6276 3264 6277 3211 6277 3281 6277 3227 6278 3263 6278 3282 6278 3254 6279 3227 6279 3282 6279 3259 6280 3254 6280 3282 6280 3203 6281 3138 6281 3283 6281 3211 6282 3265 6282 3281 6282 3138 6283 3214 6283 3283 6283 3230 6284 3220 6284 2656 6284 3231 6285 3203 6285 3283 6285 3220 6286 3276 6286 2656 6286 3224 6287 3274 6287 3284 6287 3145 6288 3159 6288 3285 6288 3263 6289 3145 6289 3285 6289 3234 6290 3224 6290 3284 6290 3251 6291 3245 6291 3286 6291 3167 6292 3231 6292 2704 6292 3259 6293 3282 6293 3287 6293 3261 6294 3259 6294 3288 6294 3270 6295 3253 6295 3289 6295 3259 6296 3287 6296 3288 6296 3248 6297 3236 6297 2723 6297 3236 6298 3255 6298 2723 6298 3278 6299 3261 6299 3288 6299 3253 6300 3277 6300 3289 6300 3237 6301 2113 6301 3290 6301 3238 6302 3144 6302 3291 6302 3241 6303 3238 6303 3291 6303 3221 6304 3266 6304 3292 6304 3273 6305 3237 6305 3290 6305 3144 6306 3151 6306 3291 6306 3273 6307 3290 6307 3293 6307 2113 6308 1861 6308 3293 6308 3290 6309 2113 6309 3293 6309 3241 6310 3291 6310 2739 6310 3239 6311 3221 6311 3292 6311 3275 6312 3273 6312 3293 6312 3280 6313 3262 6313 3294 6313 3291 6314 3151 6314 3295 6314 3159 6315 3183 6315 3296 6315 3151 6316 3196 6316 3295 6316 3212 6317 3226 6317 3297 6317 3285 6319 3159 6319 3296 6319 3283 6320 3214 6320 3298 6320 3285 6321 3296 6321 3299 6321 3282 6322 3263 6322 3299 6322 3276 6323 3170 6323 3300 6323 3214 6324 3239 6324 3298 6324 3263 6325 3285 6325 3299 6325 3231 6326 3283 6326 3301 6326 2704 6327 3231 6327 3301 6327 3287 6328 3282 6328 3299 6328 3286 6329 3245 6329 3302 6329 3158 6330 3169 6330 3303 6330 3278 6331 3288 6331 3304 6331 3245 6332 3258 6332 3302 6332 3278 6333 3304 6333 3305 6333 3258 6334 3271 6334 3302 6334 3229 6335 3158 6335 3303 6335 2668 6336 3229 6336 3303 6336 3279 6337 3278 6337 3305 6337 3218 6338 3251 6338 3306 6338 3183 6339 3205 6339 3307 6339 3265 6340 3218 6340 3306 6340 3281 6341 3265 6341 3306 6341 2668 6342 3303 6342 2744 6342 3169 6343 3234 6343 3308 6343 3296 6344 3183 6344 3307 6344 3303 6345 3169 6345 3308 6345 2656 6346 3276 6346 2702 6346 2744 6347 3303 6347 3308 6347 3276 6348 3300 6348 2702 6348 3299 6349 3296 6349 3309 6349 3291 6350 3295 6350 2755 6350 3287 6351 3299 6351 3310 6351 2739 6352 3291 6352 2755 6352 3194 6353 3247 6353 3311 6353 3266 6354 3194 6354 3311 6354 3279 6355 3305 6355 3312 6355 3302 6356 3271 6356 3313 6356 1841 6357 1922 6357 3312 6357 1922 6358 3279 6358 3312 6358 3304 6359 3288 6359 3314 6359 2744 6360 3308 6360 2760 6360 3267 6361 3260 6361 3315 6361 3287 6362 3310 6362 3314 6362 3288 6363 3287 6363 3314 6363 3260 6364 3270 6364 3315 6364 3281 6365 3306 6365 3316 6365 3299 6366 3309 6366 3317 6366 3314 6367 3310 6367 3317 6367 3313 6368 3271 6368 3318 6368 3247 6369 3267 6369 3319 6369 3310 6370 3299 6370 3317 6370 3209 6371 3248 6371 3318 6371 3296 6372 3307 6372 3320 6372 3271 6373 3209 6373 3318 6373 3311 6374 3247 6374 3319 6374 3309 6375 3296 6375 3320 6375 3314 6376 3317 6376 3321 6376 3266 6377 3311 6377 3322 6377 3292 6380 3266 6380 3322 6380 3205 6381 3216 6381 3323 6381 3301 6383 3283 6383 3324 6383 3283 6384 3298 6384 3324 6384 3307 6385 3205 6385 3323 6385 3316 6386 3306 6386 3325 6386 3277 6387 3280 6387 3326 6387 3280 6388 3294 6388 3326 6388 3251 6389 3286 6389 3325 6389 3306 6390 3251 6390 3325 6390 3239 6391 3292 6391 2694 6391 3304 6392 3314 6392 3327 6392 3298 6393 3239 6393 2694 6393 3264 6394 3281 6394 3328 6394 3314 6395 3321 6395 3327 6395 3305 6396 3304 6396 3327 6396 3269 6397 3264 6397 3328 6397 3312 6398 3305 6398 3329 6398 1842 6399 1841 6399 3329 6399 3281 6400 3316 6400 3328 6400 3267 6401 3315 6401 3330 6401 1841 6402 3312 6402 3329 6402 3305 6403 3327 6403 3329 6403 3262 6404 3212 6404 3331 6404 3294 6405 3262 6405 3331 6405 3323 6406 3216 6406 3332 6406 3212 6407 3297 6407 3331 6407 3216 6410 3242 6410 3332 6410 3170 6411 3189 6411 3333 6411 3277 6412 3326 6412 3334 6412 3300 6413 3170 6413 3333 6413 2702 6414 3300 6414 2746 6414 3289 6415 3277 6415 3334 6415 3270 6416 3289 6416 3335 6416 3317 6417 3309 6417 3336 6417 3300 6418 3333 6418 2746 6418 3309 6419 3320 6419 3336 6419 3315 6420 3270 6420 3335 6420 2661 6421 3269 6421 3337 6421 3289 6422 3334 6422 3335 6422 3321 6423 3317 6423 3338 6423 3317 6424 3336 6424 3338 6424 3269 6425 3328 6425 3337 6425 2704 6426 3301 6426 2705 6426 3301 6427 3324 6427 2705 6427 3327 6428 3321 6428 3339 6428 3329 6429 3327 6429 3339 6429 3070 6430 3156 6430 3340 6430 3321 6431 3338 6431 3339 6431 3302 6432 3313 6432 2676 6432 2504 6433 3257 6433 3340 6433 3257 6434 3070 6434 3340 6434 3329 6435 3339 6435 3341 6435 3320 6436 3307 6436 3342 6436 3286 6437 3302 6437 2676 6437 3156 6438 3217 6438 3340 6438 3307 6439 3323 6439 3342 6439 3323 6440 3332 6440 3342 6440 3326 6441 3294 6441 2653 6441 3316 6442 3325 6442 2680 6442 3334 6443 3326 6443 2653 6443 3342 6444 3332 6444 3343 6444 2504 6445 3340 6445 2766 6445 3230 6446 2656 6446 2655 6446 1842 6447 3329 6447 3344 6447 3329 6448 3341 6448 3344 6448 3255 6449 3230 6449 2655 6449 3339 6450 3338 6450 3345 6450 3311 6451 3319 6451 2658 6451 1844 6452 1842 6452 3346 6452 3322 6453 3311 6453 2658 6453 3345 6454 1844 6454 3346 6454 3341 6455 3339 6455 3346 6455 3315 6456 3335 6456 2732 6456 3344 6457 3341 6457 3346 6457 1842 6458 3344 6458 3346 6458 3339 6459 3345 6459 3346 6459 3342 6460 3343 6460 3347 6460 3318 6461 3248 6461 2722 6461 3330 6462 3315 6462 2732 6462 3248 6463 2723 6463 2722 6463 3336 6464 3320 6464 3347 6464 3320 6465 3342 6465 3347 6465 2676 6466 3313 6466 2672 6466 3338 6467 3336 6467 3347 6467 3334 6468 2653 6468 2687 6468 3294 6469 3331 6469 2654 6469 3242 6470 3252 6470 3348 6470 2755 6471 3295 6471 3349 6471 3332 6472 3242 6472 3348 6472 2653 6473 3294 6473 2654 6473 3295 6474 3196 6474 3349 6474 3343 6476 3332 6476 3348 6476 3313 6477 3318 6477 2673 6477 3167 6478 2704 6478 2708 6478 3318 6479 2722 6479 2673 6479 3347 6480 3343 6480 3350 6480 3274 6481 3167 6481 2708 6481 1844 6482 3345 6482 3351 6482 2672 6483 3313 6483 2673 6483 3196 6484 2709 6484 2711 6484 3345 6485 3338 6485 3351 6485 3338 6486 3347 6486 3351 6486 3347 6487 3350 6487 3351 6487 3349 6488 3196 6488 2711 6488 3252 6489 3272 6489 3352 6489 3324 6490 3298 6490 2699 6490 3348 6491 3252 6491 3352 6491 2755 6492 3349 6492 2813 6492 3298 6493 2694 6493 2699 6493 3349 6494 2711 6494 2813 6494 3284 6495 3274 6495 2712 6495 1844 6496 3351 6496 3353 6496 3274 6497 2708 6497 2712 6497 3351 6498 3350 6498 3353 6498 3255 6499 2655 6499 2701 6499 2705 6500 3324 6500 2717 6500 3343 6501 3348 6501 3354 6501 2723 6502 3255 6502 2701 6502 3350 6503 3343 6503 3354 6503 2813 6504 2711 6504 2720 6504 3324 6505 2699 6505 2717 6505 3348 6506 3352 6506 3355 6506 3354 6507 3348 6507 3355 6507 3328 6508 3316 6508 3356 6508 3234 6509 3284 6509 3357 6509 3337 6510 3328 6510 3356 6510 3355 6511 3352 6511 3358 6511 3316 6512 2680 6512 3356 6512 3308 6513 3234 6513 3357 6513 3352 6514 3272 6514 3358 6514 3272 6515 3275 6515 3358 6515 3350 6516 3354 6516 3359 6516 3308 6517 3357 6517 2669 6517 2760 6518 3308 6518 2669 6518 3353 6519 3350 6519 3359 6519 3337 6520 3356 6520 2688 6520 3340 6521 3217 6521 2665 6521 3275 6522 3293 6522 3360 6522 3358 6523 3275 6523 3360 6523 3189 6524 3233 6524 3361 6524 1853 6525 3358 6525 3360 6525 3354 6526 3355 6526 3362 6526 3233 6527 3241 6527 3361 6527 3217 6528 2668 6528 2665 6528 2766 6529 3340 6529 2665 6529 3333 6530 3189 6530 3361 6530 3359 6531 3354 6531 3362 6531 3353 6532 3359 6532 3363 6532 3359 6533 3362 6533 3363 6533 3362 6534 1850 6534 3363 6534 1850 6535 1844 6535 3363 6535 1844 6536 3353 6536 3363 6536 2766 6537 2665 6537 2664 6537 3355 6538 3358 6538 3364 6538 2746 6539 3333 6539 2790 6539 3362 6540 3355 6540 3364 6540 3333 6541 3361 6541 2790 6541 1850 6542 3362 6542 3364 6542 1853 6543 1850 6543 3364 6543 2694 6544 3292 6544 2695 6544 3358 6545 1853 6545 3364 6545 3292 6546 3322 6546 2695 6546 3293 6547 1861 6547 3365 6547 1861 6549 1853 6549 3365 6549 2658 6550 3319 6550 2659 6550 3360 6551 3293 6551 3365 6551 1853 6552 3360 6552 3365 6552 2680 6553 3325 6553 2678 6553 3325 6554 3286 6554 2678 6554 3319 6555 3267 6555 2659 6555 3267 6556 3330 6556 2659 6556 3286 6557 2676 6557 2678 6557 3322 6558 2658 6558 2697 6558 3361 6559 3241 6559 2738 6559 3241 6560 2739 6560 2738 6560 2695 6561 3322 6561 2697 6561 3335 6562 3334 6562 3366 6562 2790 6563 3361 6563 2738 6563 3334 6564 2687 6564 3366 6564 2673 6565 2722 6565 2675 6565 2717 6566 2699 6566 2698 6566 2732 6567 3335 6567 2683 6567 3335 6568 3366 6568 2683 6568 2790 6569 2738 6569 2741 6569 3337 6570 2688 6570 2662 6570 2669 6571 3357 6571 2670 6571 3357 6572 3284 6572 2670 6572 2661 6573 3337 6573 2662 6573 3284 6574 2712 6574 2670 6574 3330 6576 2732 6576 2691 6576 2659 6578 3330 6578 2691 6578 3356 6579 2680 6579 2679 6579 2688 6580 3356 6580 2679 6580 3366 6581 2687 6581 2684 6581 2683 6582 3366 6582 2684 6582</p>
        </triangles>
      </mesh>
    </geometry>
  </library_geometries>
  <library_visual_scenes>
    <visual_scene id="Scene" name="Scene">
      <node id="link_6" name="link_6" type="NODE">
        <matrix sid="transform">1 0 0 0 0 1 0 0 0 0 1 0 0 0 0 1</matrix>
        <instance_geometry url="#link_6-mesh" name="link_6">
          <bind_material>
            <technique_common>
              <instance_material symbol="Material_001-material" target="#Material_001-material"/>
              <instance_material symbol="Material_002-material" target="#Material_002-material"/>
            </technique_common>
          </bind_material>
        </instance_geometry>
      </node>
      <node id="Light" name="Light" type="NODE">
        <matrix sid="transform">-0.2908646 -0.7711008 0.5663932 4.076245 0.9551712 -0.1998834 0.2183912 1.005454 -0.05518906 0.6045247 0.7946723 5.903862 0 0 0 1</matrix>
        <instance_light url="#Light-light"/>
      </node>
    </visual_scene>
  </library_visual_scenes>
  <scene>
    <instance_visual_scene url="#Scene"/>
  </scene>
</COLLADA>